caller	callee
00401000	004c5b64
00401060	00402090
00401060	00401f60
00401060	00402b70
00401060	00401b20
00401060	00402170
00401060	00401710
00401060	00401180
00401180	00401420
00401180	00401580
00401180	00402f60
00401180	004727f0
00401180	00401180
00401420	00423b10
00401420	00402f60
00401420	00423530
00401580	004037c0
00401580	004016a0
004016a0	EXTERNAL:0000011b
00401710	00401ab0
00401710	00472670
00401710	00402250
00401710	00402080
00401710	00401f60
00401710	00402170
00401710	00402f60
00401710	00401970
00401710	00401180
00401710	00401a40
00401a40	004026d0
00401a40	0042bab0
00401a40	00401420
00401ab0	004028c0
00401ab0	0042bab0
00401ab0	00401420
00401b20	00472670
00401b20	00401d50
00401b20	00401c60
00401b20	00401c00
00401c00	00401c60
00401c60	00402f60
00401d50	00443c60
00401d50	004481b0
00401d50	00444e90
00401d50	00443c50
00401e50	00443c60
00401e50	004481b0
00401e50	00444e90
00401e50	0044a250
00401e50	00443c50
00401f60	00472670
00401f60	00403620
00401f60	EXTERNAL:0000011c
00402090	00402f60
00402170	00402f60
00402250	004a5bf0
00402250	00401d50
00402250	004138d0
00402250	004024a0
00402250	004aee40
004024a0	EXTERNAL:0000011b
004026d0	00402f60
004028c0	00402f60
00402b70	00402d60
00402b70	00402be0
00402b70	00401180
00402be0	00402f60
00402d60	00402f60
00402f10	00402080
00402fd0	00403040
00402ff0	EXTERNAL:0000011c
00403040	00404e80
00403040	EXTERNAL:00000116
00403040	0048cdc0
00403040	0048ce40
00403040	EXTERNAL:00000117
00403040	EXTERNAL:00000118
00403040	00403550
00403040	00402ff0
00403040	0048cf70
00403040	EXTERNAL:0000011c
00403550	00403620
00403550	00403530
00403550	EXTERNAL:0000011c
00403620	00474f40
00403620	004727f0
00403620	004745c0
004036f0	00472670
004037c0	EXTERNAL:00000112
00403800	EXTERNAL:00000112
00403800	004037c0
00403830	004037c0
00403870	00403800
00403930	004b8450
00403930	004ba350
00403930	EXTERNAL:00000116
00403930	004a56d0
00403930	00404070
00403930	004b9850
00403930	004a68d0
00403930	0049f620
00403930	004ba0c0
00403930	004ba0e0
00403930	004ba740
00403930	004b9540
00403930	004c6000
00403930	004a6900
00403930	004bb790
00403930	004a6840
00403930	004b3d00
00403930	004b98d0
00403930	004c5b76
00403930	004b4180
00403c10	00404d20
00403c10	004bc480
00403c10	004a6cf0
00403cb0	004b41e0
00403cb0	004c60a6
00403d70	0040d5f0
00403d70	004c5b6a
00403d90	00403ed0
00403d90	004c5b6a
00403db0	004c5b6a
00403e20	004bab40
00403e20	004c5b6a
00403eb0	0040cf50
00403eb0	004c5b6a
00403ed0	004bab40
00403ed0	004b9850
00403ed0	004b3d50
00403ed0	004b84d0
00403ed0	004b9760
00403ed0	004c5b6a
00403ed0	004c5ec0
00404070	004bc570
00404140	0046fa10
00404140	EXTERNAL:0000011f
00404180	00403930
00404180	004a0860
00404180	00404e80
00404180	EXTERNAL:0000010e
00404180	EXTERNAL:0000010f
00404180	EXTERNAL:0000011f
00404180	EXTERNAL:00000116
00404180	004c5b76
00404400	00404780
00404400	00417800
00404400	004a5b60
00404400	004048a0
00404400	EXTERNAL:00000116
00404400	00404640
00404400	004049d0
00404400	004186f0
00404400	00404b40
00404400	004046d0
00404400	00408260
00404400	004045b0
004045b0	004c5b76
00404640	004c5b76
004046d0	004c5b76
00404780	EXTERNAL:0000010d
00404780	004c5b76
004048a0	004c5b76
00404960	004b3e70
004049d0	EXTERNAL:0000010d
004049d0	004c5b76
00404aa0	004a1240
00404aa0	0049f960
00404aa0	004a0990
00404aa0	0049fd50
00404aa0	0049fda0
00404b40	004c5b76
00404bd0	00404140
00404bd0	EXTERNAL:0000011f
00404c50	EXTERNAL:0000011f
00404c80	00404400
00404e90	004059a0
00404e90	00405650
00404e90	004063f0
00404e90	004057d0
00404e90	00405040
00404e90	0044a250
00404e90	00406470
00404e90	004726d0
00404e90	004076f0
00404e90	00405870
00404e90	00406610
00405040	00407eb0
00405040	004703a0
00405040	00474d10
00405040	0044a0f0
00405040	004c60a6
00405040	00407e80
00405040	004067a0
00405040	00449ea0
00405040	004729f0
00405040	00406110
00405650	00474d10
00405650	0044a0f0
00405650	00449ea0
00405650	0044e300
00405650	004727f0
004057d0	0044a0f0
004057d0	00449ea0
00405870	00474d10
00405870	00449ea0
00405870	004727f0
004059a0	00407eb0
004059a0	004703a0
004059a0	0044a0f0
004059a0	004c60a6
004059a0	00449ea0
00405c90	00405650
00405c90	00407e60
00405c90	0044a0f0
00405c90	00407e80
00405c90	0044dd90
00405c90	004a7b20
00405c90	00407ec0
00405c90	00405c90
00405c90	00476320
00405c90	0044de80
00405c90	00448570
00405c90	00449ea0
00405c90	004483f0
00405ee0	00443c60
00405ee0	0042b6e0
00405ee0	00445d40
00405ee0	004481b0
00405ee0	004727f0
00405ee0	004745c0
00405ee0	00406730
00406110	00443c60
00406110	0042b6e0
00406110	004290f0
00406110	00405ee0
00406110	00443d20
00406110	00476320
00406110	00445d40
00406110	004481b0
00406110	00406510
00406110	00406730
00406110	00448100
004063f0	004497b0
00406430	00408260
00406470	004290f0
00406470	00443d20
00406470	00406510
00406470	00448100
00406510	0044d260
00406510	00458b20
00406610	00443c60
00406610	00408380
00406610	004481b0
00406610	00444e90
00406610	0044a250
00406610	00443c50
00406730	00425060
004067a0	00443c60
004067a0	0042b6e0
004067a0	00445d40
004067a0	004481b0
004067a0	00406730
00406a00	EXTERNAL:0000010b
00406a00	EXTERNAL:0000010c
00406af0	004a5bf0
00406af0	00439990
00406af0	00407e60
00406af0	0042ac90
00406af0	00406a00
00406af0	0045c040
00406af0	0045d6b0
00406af0	00405c90
00406af0	0041d220
00406af0	0042b2a0
00406af0	00426330
00406af0	004c5b94
00406af0	004717c0
00406af0	0042b0f0
00406af0	0042aeb0
00406d20	004ba0c0
00406d20	004ba350
00406d20	004b49e0
00406d20	004b9540
00406d20	004b4e60
00406d20	004b4c50
00406d20	004b98d0
00406d20	004b4ee0
00406d20	004b4ba0
00406d20	004b4390
00406e10	004c5b6a
00406e10	00406e30
00406e30	004b50c0
00406e30	004b4ac0
00406e30	004b9760
00406ea0	00406ed0
00406eb0	004c60e0
00406ee0	00406f00
00406ee0	004c5b6a
00406f60	004a71c0
00406f60	0049fff0
00406f60	004a0500
00406f60	004a0860
00406f60	00406d20
00406f60	004bc760
00406f60	004c5b76
00407010	004a0590
00407010	00406af0
00407010	004a68d0
00407010	004b4ed0
00407010	004a71c0
00407010	004ba380
00407010	00413630
00407010	004c5b88
00407010	004bc760
00407010	004c5b9a
00407010	004c5ba0
00407010	004a6840
00407010	004a0870
004070e0	004b5900
004070e0	004434b0
00407110	00443310
004071f0	004c60a6
004071f0	00407190
00407470	004071f0
00407470	00407220
00407680	00407470
00407680	004071f0
00407680	0048cf70
00407700	00407680
00407700	004082d0
00407700	004083a0
00407700	00408280
00407700	00408050
00407700	00407e20
00407700	00408250
00407700	00408a10
00407700	004b3090
00407700	0042a550
00407700	004083b0
00407700	00408240
00407700	00407f10
00407700	004080c0
00407700	004b2960
00407700	EXTERNAL:00000193
00407700	00407f30
00407700	004080e0
00407700	004081a0
00407700	00408290
00407700	00408390
00407700	00408230
00407700	00408310
00407700	00408120
00407700	00407fa0
00407700	00408070
00407700	0048cdc0
00407700	004b2e80
00407700	004080a0
00407700	00408210
00407700	004716b0
00407700	0048ce40
00407700	004082b0
00407700	004082a0
00407700	00408720
00407700	004080b0
00407e00	00429f80
00407e00	00408240
00407e00	00408230
00407e00	004b2bf0
00407ec0	00405c90
00407f30	0045e0f0
00407fa0	004084e0
00407fa0	0044a870
00408050	004a0670
00408070	004a1090
004080a0	004a1290
00408120	EXTERNAL:0000010d
004081a0	00447c60
004081a0	0044ecf0
004082d0	004136b0
00408480	0044a610
00408480	00407fa0
00408480	0044a760
00408480	00408030
00408500	00408400
00408500	0044f8b0
00408530	0044f8b0
00408530	0044f9c0
00408530	004083d0
00408570	0044f8b0
00408570	0044f9c0
004085b0	0044fe90
004085b0	0044ff10
004085e0	0044fe90
004085e0	0044ff10
004085e0	004083d0
00408620	00408400
00408620	0044fe90
004086e0	00408400
00408700	004083d0
00408720	00408300
00408720	00408700
00408720	004085e0
00408720	004086e0
00408720	00408530
00408720	00408680
00408720	00408500
00408720	00408620
004089c0	00408380
004089c0	00408430
00408a30	004ba0c0
00408a30	004ba350
00408a30	00407eb0
00408a30	004b8cf0
00408a30	004b8b10
00408a30	004b9540
00408a30	00407e80
00408a30	00407ef0
00408a30	004b98d0
00408a30	004083c0
00408a30	00407e50
00408a30	004b4ee0
00408c20	0040bda0
00408c20	004b5900
00408c40	00408c70
00408c40	004c5b6a
00408c60	004b8b60
00408c70	004b50c0
00408c70	004b8b60
00408c70	004b9760
00408d30	00408d60
00408d40	004c60e0
00408d70	00408d90
00408d70	004c5b6a
00408df0	00407eb0
00408df0	004b8cf0
00408df0	00408a30
00408df0	00407e80
00408df0	00407ef0
00408df0	004083c0
00408df0	00407e50
00408df0	004c5b76
00408ec0	004ba380
00408ec0	00407e30
00408ec0	00426330
00408ec0	00407e60
00408ec0	0042e170
00408ec0	00408390
00408ec0	00407ec0
00408ec0	00407e90
00408f50	004ba380
00408f50	004a6900
00408f50	004a6840
00408f50	004a68d0
00408f50	004086c0
00408fa0	004a6900
00408fa0	004a6840
00408fa0	004a68d0
00408fa0	004086c0
00408fa0	004ba3a0
00408ff0	00443310
00409040	004ba0c0
00409040	004ba350
00409040	004b9540
00409040	004b98d0
00409040	004b4ee0
00409160	004b5900
00409160	004434b0
00409180	00443160
00409180	004b5900
00409180	004434b0
004091c0	004c5b6a
004091c0	004092a0
004091e0	004b50c0
004091e0	00409ef0
004091e0	004c5b6a
004092a0	004b50c0
004092a0	00409b20
004092a0	004b9760
004092a0	004c5b6a
00409360	004091e0
00409360	004c5b6a
00409380	00443160
00409380	00409470
00409380	004bc570
00409380	004434b0
00409410	004b41e0
00409470	004bb710
00409470	004c60a6
00409570	004bb710
00409570	0040a170
00409570	004bb540
00409570	004a5b40
00409570	004babb0
00409570	00409f00
00409570	0048cf70
00409570	004c5b6a
00409570	004b59f0
00409570	004ba740
00409570	004bab40
00409570	00409b90
00409570	00409b60
00409910	004bab40
00409910	004c5b6a
00409960	00409990
00409970	004c60e0
004099d0	004099f0
004099d0	004c5b6a
00409a60	00409040
00409a60	004c5b76
00409ad0	004ba380
00409b00	00443310
00409b20	0040bef0
00409b20	004c5b6a
00409b60	0040bef0
00409b90	0040a210
00409b90	0040a1e0
00409b90	0040bef0
00409b90	004c5b76
00409b90	004c5b6a
00409ef0	0040bef0
00409f00	0040a240
00409f00	0040a300
00409f00	00409910
00409f00	004c5b76
00409f00	004c5b6a
0040a170	004ba9e0
0040a1e0	004ba9e0
0040a210	004ba850
0040a240	004ba850
0040a240	004c5b76
0040a300	0040a210
0040a300	004ba9e0
0040a300	0040a1e0
0040a300	0040a590
0040a300	0040bef0
0040a300	004c5b6a
0040a300	004c5b76
0040a590	0040bef0
0040a590	004c5b6a
0040a5b0	004ba350
0040a5b0	00471c50
0040a5b0	004b8100
0040a5b0	0042a4a0
0040a5b0	004b7d60
0040a5b0	004ba0c0
0040a5b0	004bc8d0
0040a5b0	004ba0e0
0040a5b0	00404d20
0040a5b0	004ba740
0040a5b0	004b9540
0040a5b0	004b8d30
0040a5b0	004b98d0
0040a5b0	004bc980
0040a5b0	0040b680
0040a5b0	004b7fd0
0040a5b0	004b4ee0
0040a5b0	0042a480
0040a920	0040adf0
0040a920	004c5b6a
0040a940	004b7020
0040a940	004bab40
0040a940	0040bf00
0040a940	0040be60
0040a940	004c5b6a
0040a940	0040bdf0
0040aa30	004b7020
0040aa30	004bab40
0040aa30	0040bf00
0040aa30	0040be60
0040aa30	004c5b6a
0040aa30	0040bdf0
0040ab20	004b7020
0040ab20	004bab40
0040ab20	0040bf00
0040ab20	0040be60
0040ab20	004c5b6a
0040ab20	0040bdf0
0040ac10	004b7020
0040ac10	004bab40
0040ac10	0040bf00
0040ac10	0040be60
0040ac10	004c5b6a
0040ac10	0040bdf0
0040ad00	004b7020
0040ad00	004bab40
0040ad00	0040bf00
0040ad00	0040be60
0040ad00	004c5b6a
0040ad00	0040bdf0
0040adf0	0040c1d0
0040adf0	0040be00
0040adf0	004b50c0
0040adf0	0040bdc0
0040adf0	004b7020
0040adf0	004bab40
0040adf0	004b9760
0040adf0	004b7de0
0040adf0	004ba470
0040b0a0	0040a940
0040b0a0	004c5b6a
0040b0c0	0040aa30
0040b0c0	004c5b6a
0040b0e0	0040ab20
0040b0e0	004c5b6a
0040b100	004c5b6a
0040b100	0040ac10
0040b120	0040ad00
0040b120	004c5b6a
0040b3e0	0042a4d0
0040b3e0	0040b980
0040b3e0	00471c50
0040b3e0	00471710
0040b3e0	00471750
0040b3e0	00471720
0040b3e0	0040b680
0040b3e0	00471760
0040b460	0042a4d0
0040b460	0040b980
0040b460	00471c50
0040b460	00471710
0040b460	00471750
0040b460	00471720
0040b460	0040b680
0040b460	00471760
0040b4e0	0042a4d0
0040b4e0	0040b980
0040b4e0	00471c50
0040b4e0	00471730
0040b4e0	00471770
0040b4e0	0040b680
0040b560	0042a4d0
0040b560	0040b980
0040b560	00471c50
0040b560	00471780
0040b560	00471740
0040b560	0040b680
0040b5e0	004b7f20
0040b5e0	0040b680
0040b630	004b9330
0040b630	0040b980
0040b680	004716d0
0040b680	00471840
0040b680	004ba4d0
0040b680	004716e0
0040b680	00471700
0040b680	0040bf50
0040b680	004717e0
0040b680	0042a4d0
0040b680	0042a4e0
0040b680	0040b980
0040b680	00471820
0040b680	0040bf80
0040b680	004716f0
0040b680	0040bf20
0040b680	00471800
0040b680	0042a4b0
0040b930	004716b0
0040b930	004b5900
0040b930	0040b680
0040b930	0042a550
0040b960	004b7ee0
0040b960	0040b680
0040b980	004b9330
0040b980	00471c50
0040b980	0042a4f0
0040ba30	00471c50
0040ba30	004b7290
0040ba60	004b9330
0040ba60	0040b3e0
0040bab0	00471c50
0040bab0	004b7290
0040bb00	00471c50
0040bb00	004b7290
0040bba0	0040b5e0
0040bba0	004b5900
0040bbc0	0040b5e0
0040bbc0	004b5900
0040bbe0	0040b630
0040bbe0	004b5900
0040bc00	0040b630
0040bc00	004b5900
0040bc30	0040bc60
0040bc40	004c60e0
0040bc70	0040bc90
0040bc70	004c5b6a
0040bcf0	0040a5b0
0040bcf0	00471d10
0040bcf0	004c5b76
0040bd60	004ba380
0040bd60	00471cd0
0040bd60	004716b0
0040bda0	00443310
0040be00	EXTERNAL:00000112
0040be00	004c5b6a
0040bf00	EXTERNAL:00000112
0040bf20	EXTERNAL:00000112
0040bf20	004c5b6a
0040bf50	EXTERNAL:00000112
0040bf50	004c5b6a
0040bf80	0048bf10
0040bf80	0040c190
0040bf80	0040c1c0
0040bf80	0042a9d0
0040bf80	004c5b76
0040bf80	EXTERNAL:0000011e
0040bf80	0040bdf0
0040bf80	004c5b6a
0040c1d0	EXTERNAL:00000112
0040c1d0	004c5b6a
0040c260	0040c280
0040c260	004c5b6a
0040c280	004b7020
0040c280	004bab40
0040c280	0040bf00
0040c280	004c5b6a
0040c280	0040bdf0
0040c370	EXTERNAL:00000121
0040c370	EXTERNAL:00000120
0040c370	EXTERNAL:00000122
0040c370	EXTERNAL:0000014e
0040c370	EXTERNAL:00000123
0040c6e0	004082d0
0040c6e0	004b5900
0040c6e0	004434b0
0040c720	004b7d60
0040c720	004b8450
0040c720	004ba0c0
0040c720	004ba350
0040c720	004b9540
0040c720	004b6fc0
0040c720	004b98d0
0040c720	004b4ee0
0040c9c0	004081f0
0040c9c0	004b72c0
0040c9e0	004081f0
0040c9e0	004b7290
0040c9e0	004081a0
0040ca20	004081f0
0040ca20	004b72c0
0040ca40	0048ff80
0040ca40	004081f0
0040ca40	004b7290
0040ca40	004081a0
0040ca80	00408360
0040ca80	004b72c0
0040cab0	004b7f20
0040cab0	00408030
0040cad0	004b7ee0
0040cad0	00407fa0
0040caf0	00408100
0040caf0	004b7f20
0040cb10	004b7ee0
0040cb10	004080e0
0040cb30	004b7f20
0040cb30	00407f80
0040cb30	00408310
0040cb30	004b7f80
0040cb70	004b7ee0
0040cb70	00407f30
0040cb90	00408060
0040cb90	004b72c0
0040cbb0	00408050
0040cbb0	004b7290
0040cbd0	004080d0
0040cbd0	004b7f20
0040cbf0	004b7ee0
0040cbf0	004080c0
0040cc10	00408090
0040cc30	00408070
0040cc30	004b8650
0040cc30	00408090
0040cc60	00408220
0040cc60	004b72c0
0040cc80	004a26f0
0040cc80	004a25e0
0040cc80	00408210
0040cc80	004b7290
0040cd00	004c60a6
0040cd00	004a2880
0040cd00	004b8650
0040cd30	004b7f20
0040cd30	00408310
0040cd30	004086b0
0040cd30	004b7f80
0040ce80	004b7ee0
0040ce80	00415670
0040cf00	0040cf60
0040cf00	004c5b6a
0040cf20	004b50c0
0040cf30	004b7020
0040cf40	004b7de0
0040cf50	004b84d0
0040cf60	004b50c0
0040cf60	004b7020
0040cf60	004b84d0
0040cf60	004b9760
0040cf60	004b7de0
0040d080	0040d0b0
0040d090	004c60e0
0040d0c0	0040d0e0
0040d0c0	004c5b6a
0040d150	004c5b76
0040d150	0040c720
0040d1c0	00443310
0040d1f0	004c5ba0
0040d200	004c60e0
0040d270	00412b60
0040d280	004c60e0
0040d300	00412ea0
0040d310	004c60e0
0040d330	004bc7b0
0040d330	004b3d50
0040d3b0	004bc7b0
0040d3b0	004b3d50
0040d410	0040d7e0
0040d420	004c60e0
0040d440	004bab40
0040d440	004bc7b0
0040d440	004b3d50
0040d440	004b4370
0040d440	004c5ec0
0040d590	004bab40
0040d590	004b3d50
0040d5f0	004b3d50
0040d600	004b3d50
0040d610	004c5ec0
0040d660	004b3d50
0040d660	004b4370
0040d6e0	004b3d50
0040d740	004c5ec0
0040d760	004c5ec0
0040d780	004b3d50
0040d7e0	0040d9e0
0040d7e0	004ba740
0040d7e0	004c6000
0040d7e0	0040f200
0040d7e0	004b42f0
0040d7e0	004b3d00
0040d7e0	004bcf20
0040d7e0	004bc780
0040d9e0	004bcf20
0040da00	004ba740
0040da00	004b3d00
0040daa0	0040d590
0040daa0	004c5b6a
0040dac0	004b3d00
0040db00	004c5ec0
0040db20	004b4070
0040db20	004b3d00
0040dbd0	0040d780
0040dbd0	004c5b6a
0040dbf0	00404d20
0040dbf0	004ba740
0040dbf0	004bb540
0040dbf0	004babb0
0040dbf0	004bb2a0
0040dbf0	004bc7c0
0040dcd0	0040e040
0040dcd0	00404d20
0040dcd0	004ba740
0040dcd0	004bb540
0040dcd0	0040e010
0040dcd0	004babb0
0040dcd0	0040d9d0
0040dcd0	004bc780
0040dcd0	004c5b76
0040dcd0	004bc7c0
0040e070	004bc7b0
0040e070	004c5b6a
0040e140	004a5bf0
0040e140	00414930
0040e140	00414980
0040e140	00414710
0040e590	004146a0
0040e590	00414670
0040e590	EXTERNAL:0000010d
0040e590	0040e140
0040e590	004146e0
0040e590	004c5b76
0040e590	0040bdf0
0040e590	004c5b6a
0040e800	0040e140
0040e880	0040e140
0040e910	004c60a6
0040ea60	00489f70
0040eab0	0040e910
0040eab0	0040e140
0040eb00	00413990
0040eb00	00413c10
0040eb00	004bc7c0
0040eb00	00413d30
0040ec90	00413eb0
0040ece0	0040ee60
0040ece0	004c60a6
0040ed80	0040ef00
0040ed80	00404d20
0040ed80	004ba740
0040ed80	004babb0
0040ed80	004bc7c0
0040ee60	0040ef00
0040ee60	EXTERNAL:000000e6
0040ee60	004c60a6
0040ef60	00404d20
0040ef60	004ba740
0040ef60	004babb0
0040f040	004bb460
0040f070	004b3e70
0040f070	0040f130
0040f070	004bc7c0
0040f070	0046d900
0040f0f0	0046d5a0
0040f1a0	004b3e70
0040f200	004b4070
0040f200	004c6000
0040f200	004bc7c0
0040f2b0	004c5b6a
0040f2b0	0040d610
0040f2e0	00413a10
0040f2e0	00413d30
0040f3e0	00413eb0
0040f4c0	0040ff50
0040f4c0	0040f9e0
0040f4c0	004bd020
0040f4c0	0040dcd0
0040f4c0	004b4070
0040f4c0	0040e010
0040f4c0	004babb0
0040f4c0	0040ed80
0040f4c0	0040d9d0
0040f4c0	0040fb70
0040f4c0	004c5ba6
0040f4c0	004bd2d0
0040f4c0	004bffe0
0040f4c0	0040e040
0040f4c0	0040dbf0
0040f4c0	00404d20
0040f4c0	004ba740
0040f4c0	0040ef60
0040f4c0	004c5b9a
0040f4c0	004c6000
0040f4c0	004b3d00
0040f4c0	004c5b76
0040f4c0	004bc780
0040f4c0	004bc7c0
0040fa20	0040fa40
0040fa20	004c5b6a
0040fa40	0040e070
0040fa40	004c5b6a
0040fac0	004ba740
0040fac0	004babb0
0040fb70	004bcf20
0040fb90	004c0010
0040fbd0	00413eb0
0040fbd0	0040ec90
0040fbd0	0040fe90
0040fbd0	0040f3e0
0040fbd0	0040fe30
0040fbd0	004076f0
0040fbd0	004c5b6a
0040fbd0	0040fef0
0040fbd0	0040f0f0
0040fbd0	00413080
0040fbd0	0040fdd0
0040fbd0	0046d5a0
0040fbd0	00413ff0
0040fdd0	004bc7b0
0040fdd0	004c5ec0
0040fe30	004bab40
0040fe30	004b3d50
0040fe90	004bc7b0
0040fe90	004c5ec0
0040fef0	004bc7b0
0040fef0	004c5ec0
0040ff50	0040ff80
0040ff80	004a6800
0040ff80	00410d10
0040ff80	00411eb0
0040ff80	004bd410
0040ff80	004a6810
0040ff80	004bd440
0040ff80	004bd3d0
00410160	0040f2e0
00410160	00413c10
00410160	004137a0
00410160	00413b10
00410160	EXTERNAL:000000e5
00410160	0046ebd0
00410160	004b3e70
00410160	0040eb00
00410160	004bd110
00410160	0040e910
00410160	00413ec0
00410160	0046d900
00410160	00410d10
00410160	004a5bf0
00410160	00413aa0
00410160	004118b0
00410160	00413660
00410160	00413770
00410160	00412c10
00410160	0048cf70
00410160	004a6cf0
00410160	0040f070
00410160	00404e80
00410160	0048cdc0
00410160	0040f1a0
00410160	00412f70
00410160	004c60a6
00410160	0048ce40
00410160	00413ad0
00410160	0040e140
00410160	004bc7c0
00410160	00413d30
00410d10	00408380
00410d10	00476120
00410e90	00411eb0
00410e90	00476120
00410ed0	00408360
00410ed0	00490600
00410ed0	00408310
00410ed0	00413730
00410fe0	00411ac0
00410fe0	004bd660
00410fe0	004bc900
00410fe0	004117f0
00410fe0	00417130
00411170	00408380
00411170	00476480
00411270	00408380
00411270	EXTERNAL:00000169
00411270	004c60e0
00411270	00444de0
00411270	004481b0
00411270	00474c20
00411270	00443c60
00411270	004b3e70
00411270	00408650
00411270	004c60a6
00411270	00479f90
00411270	004089c0
00411270	004085a0
00411270	0044a380
00411750	0040f460
00411760	EXTERNAL:000000e5
00411760	004c60a6
004117f0	EXTERNAL:000000e5
004117f0	004c60a6
00411900	004b3e70
00411ac0	00408360
00411ac0	004132b0
00411ac0	00411a20
00411ac0	004c60a6
00411ac0	004118b0
00411ac0	0048d910
00411f10	EXTERNAL:000000e5
00411f10	004c60a6
00411f10	004a6cf0
00412070	00408380
00412070	004b3e70
00412070	004c60a6
00412070	00476480
004122c0	004b3e70
004124b0	00408380
004124b0	EXTERNAL:000000e5
004124b0	004c60a6
004124b0	004766a0
00412650	EXTERNAL:000000e5
00412650	004c60a6
004126e0	004b3e70
00412790	004b3e70
004127d0	004b3e70
00412820	EXTERNAL:000000e5
00412820	004b3e70
00412820	004c60a6
00412b60	004b3d00
00412b60	004bc780
00412b60	004bc7c0
00412c10	00413a10
00412c10	0048cf70
00412db0	00408380
00412db0	0044a610
00412db0	0044a760
00412db0	00408650
00412db0	0040ff80
00412db0	004085e0
00412db0	004085a0
00412db0	00408530
00412db0	00408500
00412db0	00408620
00412ea0	004b3d00
00412ea0	004bc780
00412ea0	004bc7c0
00412f70	00413a10
00412f70	0048cf70
00412f70	00413d30
00412f70	0046d900
00413080	0046d5a0
004132b0	0040f400
004132b0	004b3e90
004132b0	004b4180
004134e0	004b3fb0
00413540	004bc8d0
00413660	00410e90
00413660	00410ed0
004136b0	00408360
004136b0	00413660
00413700	004c5bac
00413710	004c60e0
00413730	00462360
00413730	004624f0
00413730	004c5b6a
00413730	004c5aec
00413770	00413630
004137c0	004137f0
004138d0	004bd160
004138f0	004bd160
00413910	004bd2a0
00413950	004bd2a0
00413b10	004bcf80
00413c10	004bcf80
00413d30	004b3e70
00413d30	004b3e30
00413ec0	00414070
00413ec0	004bc7c0
00413ec0	0046d900
00413ff0	0046d5a0
00414180	00404e80
00414180	EXTERNAL:000000e2
00414180	00404c50
00414180	EXTERNAL:000000e4
00414180	004076f0
00414330	004a5bf0
00414330	EXTERNAL:00000116
00414330	004138d0
00414390	0040e590
004143a0	0040ea60
004143b0	0040e800
004143c0	0040e880
00414710	00414710
00414710	0040d220
00414930	0040d220
00414980	0040d220
00414a70	00414ab0
00414a80	004c60e0
00414ab0	004c0d20
00414bc0	004ba0c0
00414bc0	004ba350
00414bc0	00414b90
00414bc0	004b9540
00414bc0	00414b60
00414bc0	004b98d0
00414bc0	00408260
00414bc0	004b4ee0
00414bc0	004b5740
00414f40	00409b00
00414f40	004b5900
00414f60	00435f50
00414f60	004b5900
00414f80	0041c6c0
00414f80	004b5900
00414fa0	00413630
00414fa0	004b5900
00414fa0	004434b0
00414fc0	004b5900
00414fc0	0040d1c0
00414fe0	004b5900
00414fe0	004159b0
00415000	00408ff0
00415000	004b5900
00415020	004c5b6a
00415020	00415040
00415040	004b50c0
00415040	004b9760
00415110	00415170
00415120	004c60e0
00415190	004151b0
00415190	004c5b6a
00415220	004a71c0
00415220	00463850
00415220	0049fff0
00415220	004a0500
00415220	004a0860
00415220	004a25e0
00415220	004bc760
00415220	00408220
00415220	00414bc0
00415220	004c5b76
00415370	004a6900
00415370	004a6840
00415370	004a68d0
00415370	004086c0
00415370	004ba3a0
00415630	004a05f0
00415650	00443310
00415680	004ba0c0
00415680	004ba350
00415680	004b9540
00415680	004b98d0
00415680	004b4ee0
00415740	00443160
00415740	004b5900
00415740	004434b0
00415790	004157b0
00415790	004c5b6a
004157b0	004b50c0
004157b0	004b9760
00415820	00415850
00415830	004c60e0
00415860	00415880
00415860	004c5b6a
004158f0	00415680
004158f0	004c5b76
00415960	004ba380
00415960	EXTERNAL:0000011f
00415960	004a6840
00415960	004a68d0
004159b0	00443310
004159e0	004a59d0
00415ab0	00415b40
00415ac0	EXTERNAL:00000112
00415ae0	00415b70
00415ae0	00415b10
00415b70	004a6cf0
00415bd0	00415b70
00415bd0	EXTERNAL:000000dd
00415bd0	EXTERNAL:0000011c
00415bd0	00415c90
00415d30	004bd6f0
00415d30	00415f40
00415d30	00416c90
00415d30	004c60a6
00415d30	004c6100
00415d30	00415fb0
00415d30	004bd840
00415d30	00498bd0
00415d30	00416480
00415f40	00498c00
00415fb0	00416240
00415fb0	00416290
00415fb0	004162b0
00415fb0	004bdb30
00415fb0	004bd9c0
004162b0	00416390
00416480	004c60a6
00416480	00472f60
00416480	00474b20
00416480	00498c00
00416480	00472f90
00416480	00472f30
00416480	004bd720
00416650	00416660
00416660	00417220
00416660	004166e0
00416660	00416ef0
004167a0	00416ad0
004167a0	EXTERNAL:00000112
004167a0	004167e0
004167a0	00416660
004167e0	004c5b6a
004167e0	00415ac0
00416840	00415c90
004168d0	00404e80
004168d0	00416840
004168d0	00415ab0
004168d0	EXTERNAL:000000dd
004168d0	00415bd0
004168d0	004c5b76
004168d0	004c5b6a
004168d0	00415ac0
004169d0	EXTERNAL:00000113
004169d0	EXTERNAL:00000115
004169d0	004168d0
004169d0	EXTERNAL:0000011e
00416a30	0049f960
00416ad0	0049f960
00416b30	00416ad0
00416b30	00416a30
00416d50	00416c90
00416d50	004c60a6
00416d50	004a6ca0
00416d50	00408260
00416d50	004a6cf0
00416d50	00416dd0
00416dd0	00498c00
00416f10	00416e50
00416f10	00498f90
00416f10	00416c90
00416f10	004c60a6
00416f10	004a6ca0
00416f10	00408260
00416f10	00416dd0
00416f10	004a6cf0
00417130	00416d50
00417130	00416be0
00417130	00408260
00417130	00415d30
00417130	00416f10
00417260	EXTERNAL:00000116
00417260	004169d0
00417260	004a0990
004172c0	00415ae0
004172c0	00415b70
00417300	00415b70
00417360	00417390
00417370	004c60e0
00417390	004c5ba0
00417390	00416650
00417390	004176f0
00417430	004c0010
00417430	00407f20
004174f0	0048d2c0
004174f0	00449dc0
004174f0	004172c0
004174f0	00417a00
004174f0	0042ecb0
004174f0	00449db0
004174f0	00417d40
004174f0	00408310
004174f0	00417f90
004174f0	00415630
004174f0	00417810
004174f0	00407f10
004174f0	00417770
004174f0	00417300
004174f0	004c0070
00417640	004bffe0
004176b0	004c0010
004176f0	004bc860
004176f0	004c5bc4
00417770	004c5bc4
004177a0	004c5bc4
004177d0	004c5b9a
004177d0	004c5bc4
00417810	00475e70
00417810	004a0860
00417810	0046de50
00417810	004085b0
00417810	0044ec80
00417810	004a5bf0
00417810	EXTERNAL:00000116
00417810	00408480
00417810	0044e920
00417810	004c1500
00417810	0044ecf0
00417810	004193c0
00417810	004c5b88
00417810	004c5ba0
00417810	00451900
00417810	0046eba0
00417810	00408570
00417810	004c5bca
00417810	00414180
00417a00	0040ff50
00417a00	00438a90
00417a00	00416b30
00417a00	00460070
00417a00	00419050
00417a00	00433730
00417a00	00437ac0
00417a00	00480fd0
00417a00	004717c0
00417a00	0041f1d0
00417a00	0041fe90
00417a00	0045fb30
00417a00	00449d20
00417a00	00408260
00417a00	00431dd0
00417a00	0045e200
00417a00	0045e270
00417a00	004a5bf0
00417a00	0046f450
00417a00	00417260
00417a00	0041de70
00417a00	00418230
00417a00	004231b0
00417a00	004558f0
00417a00	0041ccf0
00417a00	004b1190
00417a00	00408650
00417a00	004086c0
00417a00	00431c50
00417a00	00414180
00417d40	004085b0
00417d40	00408480
00417d40	EXTERNAL:00000116
00417d40	004167a0
00417d40	0041ccd0
00417d40	00411270
00417d40	0041fb80
00417d40	004176f0
00417d40	0049fff0
00417d40	004a0500
00417d40	00438b10
00417d40	00410ed0
00417d40	00460330
00417d40	00475fa0
00417d40	00449d20
00417d40	00451a00
00417d40	004137c0
00417d40	00417ee0
00417d40	00455e40
00417d40	00438180
00417d40	00437dc0
00417d40	0045fe50
00417d40	004b1d90
00417d40	00408570
00417d40	0046ebb0
00417d40	004a0870
00417d40	00414180
00417d40	004321b0
00417ee0	0048ce40
00417ee0	00408260
00417ee0	00417f60
00417f60	0046d5a0
00417f90	00404e80
00417f90	0048cdc0
00417f90	EXTERNAL:00000116
00417f90	0046ebd0
00417f90	004a5b40
00417f90	EXTERNAL:0000010d
00417f90	00408260
00417f90	0048cf70
00417f90	0046d900
00418230	00404e80
00418230	EXTERNAL:00000116
00418230	004a1240
00418230	00418c30
00418230	004a0990
00418230	0044ecf0
00418230	00408260
00418230	0048cf70
00418230	00447bc0
004184e0	00418620
004184e0	0049fec0
004184e0	00411760
004184e0	0042bf40
004184e0	00418760
004184e0	004a10d0
004184e0	0049f960
004184e0	0049fd50
004184e0	004a10b0
00418620	004a5bf0
00418620	00411a20
00418620	004a10d0
00418620	00411900
00418620	004a1090
00418730	00418760
00418730	0049f960
00418760	004a5b60
00418760	EXTERNAL:00000116
00418760	00411a20
00418760	004c60a6
00418760	00411900
004188f0	00418940
004188f0	0049f960
00418940	EXTERNAL:00000116
00418940	00411a20
00418940	004c60a6
00418940	00411900
00418940	0041ea00
00418c30	004172c0
00418c70	00410e90
00418c70	0040eca0
00418c70	00411760
00418c70	00408340
00418c70	00479cb0
00418c70	004138d0
00418c70	00411270
00418c70	00413630
00418c70	00408360
00418c70	00410ed0
00418c70	0040ecc0
00418c70	00408260
00418c70	004136b0
00418d40	00411760
00418d40	004172c0
00418d40	00418c30
00418d40	0049f960
00418d40	00402f10
00418d40	00415650
00418d40	00418940
00418d40	00418760
00418d40	00437d40
00418d40	004184e0
00418d40	00408260
00418d40	0040ed10
00418d40	00417300
00418fb0	00419010
00418fb0	0041f010
00419010	00443160
00419010	0042ee40
00419050	00404e80
00419050	004be810
00419050	0048cdc0
00419050	EXTERNAL:00000116
00419050	0048ce40
00419050	004be280
00419050	0048cf70
00419050	004c5b76
00419050	004a6cf0
00419050	004bc7c0
004192d0	00404e80
004192d0	0048cdc0
004192d0	0045dde0
004192d0	0048ce40
004192d0	0045ff10
004192d0	0045d7a0
004192d0	00408260
004192d0	0048cf70
004193c0	0048cdc0
004193c0	004c5b88
004193c0	004c5ba0
004193c0	0048ce40
004193c0	0048cf70
004193c0	004c5bca
00419490	004c5b88
00419490	00416790
00419500	004ba350
00419500	004a6800
00419500	004a5bf0
00419500	004bd410
00419500	004138d0
00419500	004a6e80
00419500	004ba0c0
00419500	004bc8d0
00419500	004143a0
00419500	00408270
00419500	0048d420
00419500	00413910
00419500	004b98d0
00419500	0048ea00
00419500	0040eab0
00419650	0046d5a0
00419650	0040eab0
00419650	004bd2a0
00419740	004b9540
00419740	00408310
00419740	00419500
00419740	004c5b76
00419740	004b4ee0
00419800	00443160
00419800	0041ad80
00419800	004b5900
00419850	004c5b6a
00419850	00419870
00419870	004b50c0
00419870	004b9760
00419aa0	004ba350
00419aa0	EXTERNAL:00000116
00419aa0	004b7f20
00419aa0	0041a200
00419aa0	00408190
00419aa0	004b4e40
00419aa0	004b7d60
00419aa0	004ba0c0
00419aa0	004bc8d0
00419aa0	004ba0e0
00419aa0	00408270
00419aa0	004b9540
00419aa0	004b4e60
00419aa0	0041a190
00419aa0	004b6fc0
00419aa0	004b3d00
00419aa0	004b98d0
00419aa0	004b72c0
00419aa0	004b4ee0
00419aa0	004b5740
0041a160	00443160
0041a160	004b5900
0041a160	004434b0
0041a190	004b49e0
0041a190	004b4e60
0041a190	004b4ba0
0041a190	004b4390
0041a200	004b49e0
0041a200	004b4e60
0041a200	004b4ba0
0041a200	004b4390
0041a3d0	0041a400
0041a3d0	004c5b6a
0041a3f0	004b4ac0
0041a400	004b50c0
0041a400	004b7020
0041a400	004b4ac0
0041a400	004b3d50
0041a400	004b9760
0041a400	004b7de0
0041a570	0040cf40
0041a570	004c5b6a
0041a590	0040cf30
0041a590	004c5b6a
0041a7b0	004b4c90
0041a7b0	004b4e60
0041a7b0	004b4c50
0041a7b0	004b4ed0
0041a7b0	004b4420
0041ab70	0041aba0
0041ab80	004c60e0
0041abc0	0041abe0
0041abc0	004c5b6a
0041ac50	004a71c0
0041ac50	004a0860
0041ac50	004a25e0
0041ac50	004bc760
0041ac50	00408690
0041ac50	00419aa0
0041ac50	00408220
0041ac50	00490340
0041ac50	004a67f0
0041ac50	004086c0
0041ac50	004c5b76
0041ac50	004a6820
0041ad20	004ba380
0041ad20	EXTERNAL:0000011f
0041ad20	004a6840
0041ad20	004a68d0
0041ad20	004a0870
0041ad80	00443310
0041ada0	004c5b9a
0041ada0	004c5ba0
0041ada0	004c5b64
0041ada0	004c5bac
0041ae90	0041aeb0
0041ae90	004c5b6a
0041aeb0	004c5b88
0041aeb0	004c5c5a
0041aeb0	004c5c60
0041aeb0	004c5c66
0041aeb0	004c5c6c
0041aeb0	004c5b70
0041af50	004c5c72
0041af50	004c5c78
0041af50	004c5c7e
0041b150	0048a220
0041b150	004a5b60
0041b150	0048a2c0
0041b150	004c5b88
0041b150	00408270
0041b150	004c5ba0
0041b150	004c5c90
0041b150	004c5c8a
0041b150	EXTERNAL:00000163
0041b150	0048a2e0
0041b510	00408240
0041b510	004c5a5c
0041b510	0041b6a0
0041b510	EXTERNAL:00000161
0041b510	EXTERNAL:00000163
0041b510	0041b150
0041b660	004c5b82
0041b660	0041b150
0041b680	004c5c96
0041b680	EXTERNAL:00000161
0041b6a0	004c5c9c
0041b6a0	004a5bf0
0041b6a0	004c5cae
0041b6a0	004c5b7c
0041b6a0	004c5ca8
0041b6a0	004c5ca2
0041b8d0	004c5c66
0041b8d0	004c5b6a
0041b8f0	004c5c60
0041b8f0	004c5b6a
0041b910	004c5c5a
0041b910	004c5b6a
0041b930	004c5c6c
0041b930	004c5b6a
0041b950	00472960
0041b950	0043a600
0041b950	00421830
0041b950	0043c010
0041b950	0044e030
0041b950	00439ba0
0041b950	004399c0
0041b950	0044e300
0041b950	0041bab0
0041b950	00432d60
0041bb30	00438020
0041bb30	00439990
0041bb30	0044de80
0041bb30	0044e030
0041bb30	0044dd90
0041bb30	0044e300
0041bb30	0045d6b0
0041bb30	00447bc0
0041bbf0	0043c800
0041bbf0	00413630
0041bbf0	00439990
0041bbf0	00438020
0041bbf0	0044de80
0041bbf0	0042ac90
0041bbf0	00438ba0
0041bbf0	00433840
0041bbf0	0044dd90
0041bbf0	0045d6b0
0041bbf0	004231b0
0041bd20	00426330
0041bd20	00439990
0041bd20	00407e60
0041bd20	00405c90
0041bd20	0041d220
0041bd80	004ba0c0
0041bd80	004ba350
0041bd80	004bc8d0
0041bd80	004b9540
0041bd80	004bc550
0041bd80	004b98d0
0041bd80	004083c0
0041bd80	004b9850
0041bd80	004bc560
0041bd80	004b4ee0
0041be90	0041beb0
0041be90	004c5b6a
0041beb0	004b50c0
0041beb0	004b9760
0041bf10	00413630
0041bf10	004b5900
0041bf40	004bc550
0041bf40	00471860
0041bf40	00471780
0041bf40	004083c0
0041bf40	00411270
0041bf40	004b5630
0041bfa0	004bc550
0041bfa0	004083c0
0041bfa0	004bc560
0041bfa0	004b5860
0041bfa0	00471950
0041bfa0	00411270
0041c000	004c5b76
0041c000	0041bd80
0041c0c0	EXTERNAL:0000016a
0041c0c0	004c5c96
0041c0c0	EXTERNAL:00000163
0041c130	0041c170
0041c130	EXTERNAL:00000163
0041c170	004c5cba
0041c170	004c5b88
0041c170	004c5b9a
0041c170	004c5ba0
0041c290	004ba0c0
0041c290	004ba350
0041c290	004b49e0
0041c290	004b8b10
0041c290	004b9540
0041c290	004b4e60
0041c290	004b98d0
0041c290	004b4ee0
0041c290	00408190
0041c3b0	004b4c90
0041c3b0	004b4e60
0041c3b0	004b4c50
0041c3b0	00408190
0041c3b0	004b4390
0041c3e0	0041c400
0041c3e0	004c5b6a
0041c400	004b50c0
0041c400	004b8b60
0041c400	004b4ac0
0041c400	004b9760
0041c480	0040cf20
0041c480	004c5b6a
0041c4a0	0041a3f0
0041c4a0	004c5b6a
0041c4c0	00408c60
0041c4c0	004c5b6a
0041c4e0	004b8cf0
0041c4e0	00407f20
0041c500	00408120
0041c500	00443160
0041c500	0042ee40
0041c500	00406cf0
0041c500	00407f10
0041c500	004b4ed0
0041c500	004434b0
0041c560	0041c290
0041c560	004c5b76
0041c560	0041c4e0
0041c610	0041c630
0041c610	004c5b6a
0041c6a0	004c60e0
0041c6c0	00443310
0041c6e0	004c5b9a
0041c6e0	004c5ba0
0041c6e0	004c5b64
0041c6e0	004c5bac
0041c7d0	0041c7f0
0041c7d0	004c5b6a
0041c7f0	004c5b88
0041c7f0	004c5c5a
0041c7f0	004c5cc6
0041c7f0	004c5b70
0041c990	004c5b8e
0041ca00	004c60e0
0041ca30	004c5cba
0041ca30	004a5bf0
0041ca30	004c5a68
0041ca30	00408270
0041ca30	004c5b7c
0041ca30	004c5bca
0041ca30	EXTERNAL:00000163
0041cb50	004c5c96
0041cb50	EXTERNAL:00000163
0041cb90	004c5cba
0041cb90	004a5bf0
0041cb90	EXTERNAL:00000163
0041cbf0	004c5cc6
0041cbf0	004c5b6a
0041cca0	0046d5a0
0041ccd0	0041e240
0041ccd0	0041e270
0041ccf0	00404e80
0041ccf0	EXTERNAL:00000116
0041ccf0	0048cdc0
0041ccf0	0041dd60
0041ccf0	0048ce40
0041ccf0	004a0990
0041ccf0	0044ecf0
0041ccf0	0048cf70
0041ccf0	004bffe0
0041ccf0	0046d900
0041ceb0	0041ceb0
0041cef0	0041cef0
0041cf50	EXTERNAL:00000112
0041cf50	00433e70
0041cf50	00433e40
0041cf50	00447c60
0041cf50	00448570
0041cf50	00408260
0041cf50	004c5b76
0041d0c0	0041ceb0
0041d0c0	EXTERNAL:00000116
0041d0c0	0041cf50
0041d0c0	0049f960
0041d0c0	0045e0b0
0041d0c0	004481b0
0041d0c0	0045ff10
0041d0c0	00447dc0
0041d0c0	0041e950
0041d0c0	0041d220
0041d0c0	00448230
0041d0c0	00418940
0041d0c0	0045e0d0
0041d0c0	0041e2f0
0041d0c0	004497b0
0041d0c0	00408260
0041d0c0	0041cf30
0041d220	004a5b60
0041d220	004a5bf0
0041d220	EXTERNAL:00000116
0041d220	004126e0
0041d220	00411750
0041d220	00412650
0041d220	0041d650
0041d220	004138d0
0041d220	00412790
0041d220	00404e80
0041d220	0040f1a0
0041d220	004c60a6
0041d220	004127d0
0041d220	00412820
0041d220	0043b660
0041d650	00412790
0041d650	004a5bf0
0041d650	004a5b60
0041d650	004126e0
0041d650	00439460
0041d650	00412650
0041d650	00439260
0041d8a0	00451240
0041d8a0	EXTERNAL:00000112
0041d8a0	00451a60
0041d920	004483f0
0041d920	EXTERNAL:0000011c
0041d920	00437e60
0041da20	0041d920
0041da20	0044e030
0041da20	0041dab0
0041da20	0044e300
0041da20	0041e330
0041dab0	00452500
0041dab0	EXTERNAL:00000116
0041dab0	0041db60
0041dab0	0041db40
0041dab0	00447dc0
0041dab0	00451a60
0041db60	00404e80
0041db60	00437ea0
0041db60	00452770
0041db60	00447c60
0041db60	0041db40
0041db60	EXTERNAL:000000db
0041dc30	0041da20
0041dc60	0045dc70
0041dc60	0045e0d0
0041dc60	00460010
0041dc60	00452770
0041dc60	00447c60
0041dc60	0045ff10
0041dc60	0041dab0
0041dc60	004483f0
0041dc60	0041e330
0041ddf0	0048cd40
0041ddf0	00407f20
0041de70	0041d920
0041de70	0041de30
0041de70	0041ddf0
0041de70	0041db60
0041de70	0044f6f0
0041de70	0041dc30
0041de70	EXTERNAL:0000011c
0041de70	EXTERNAL:000000da
0041de70	0048cdc0
0041de70	0041e240
0041de70	004ae3c0
0041de70	0048ce40
0041de70	0041e1a0
0041de70	00408260
0041e1a0	0041e1e0
0041e240	0041d8a0
0041e270	004c5b6a
0041e2f0	0041d8a0
0041e330	00476340
0041e330	004290f0
0041e330	00443d20
0041e330	00476320
0041e330	00449af0
0041e330	00448330
0041e480	0041e540
0041e480	00408260
0041e5d0	0041e6c0
0041e5d0	004c5b6a
0041e6c0	00438020
0041e6c0	00448230
0041e6c0	0044df00
0041e6c0	0044de80
0041e6c0	0044e030
0041e6c0	00447c60
0041e6c0	0044dd90
0041e6c0	004481b0
0041e6c0	0044e300
0041e6c0	00447dc0
0041e6c0	0041cef0
0041e780	004c0010
0041e840	0041e240
0041e840	0041da20
0041e890	00433e40
0041e890	0041e900
0041e890	00433ea0
0041ea30	0044e110
0041ea30	0044ecf0
0041ea30	004497b0
0041ea30	0041da20
0041eb00	0041eb30
0041eb10	004c60e0
0041eb30	004b4070
0041eb60	0041eb90
0041eb70	004c60e0
0041eb90	004b4070
0041ebb0	004c5b6a
0041ebb0	004b47a0
0041ec40	004ba740
0041ec60	004c60e0
0041ec90	004ba740
0041ecb0	004c60e0
0041ecd0	004233b0
0041ecd0	004481f0
0041ecd0	00423400
0041ecd0	00448270
0041ecd0	00448140
0041ecd0	004c5b76
0041ecd0	0040bdf0
0041ecd0	004c5b6a
0041ef60	004c60e0
0041efa0	00448230
0041efa0	004481b0
0041efa0	00448100
0041f010	0044a060
0041f010	0044a250
0041f1d0	004ae450
0041f1d0	004126e0
0041f1d0	0044a0f0
0041f1d0	00411750
0041f1d0	00439540
0041f1d0	00412650
0041f1d0	00439600
0041f1d0	004b22d0
0041f1d0	00412050
0041f1d0	00404e80
0041f1d0	004127d0
0041f1d0	004b2210
0041f1d0	00449ea0
0041f1d0	00412820
0041f1d0	00411f10
0041f1d0	0042b520
0041f5b0	004bffe0
0041f5f0	0041f010
0041f5f0	004c0010
0041f6a0	004c0010
0041fb80	00438430
0041fb80	0041fd20
0041fb80	00403870
0041fb80	004bc860
0041fb80	004c5b6a
0041fd20	00438430
0041fd20	EXTERNAL:00000112
0041fd20	00438b60
0041fd20	004b2630
0041fd20	004c5b6a
0041fe50	0048cd40
0041fe50	00407f20
0041fe90	004a6b90
0041fe90	0044a0f0
0041fe90	0041fe50
0041fe90	004226d0
0041fe90	004384e0
0041fe90	00421ab0
0041fe90	00448100
0041fe90	00421d60
0041fe90	00421e20
0041fe90	004383e0
0041fe90	00420d10
0041fe90	0045e0d0
0041fe90	00458af0
0041fe90	00449ea0
0041fe90	00408260
0041fe90	00420c60
0041fe90	0045ffa0
0041fe90	0045ff10
0041fe90	004481b0
0041fe90	00447dc0
0041fe90	0048cf70
0041fe90	00402fd0
0041fe90	00423150
0041fe90	0041fe40
0041fe90	00476320
0041fe90	0048ce40
0041fe90	00452770
0041fe90	0044e030
0041fe90	00403750
0041fe90	004c5b76
0041fe90	004bc7c0
0041fe90	00421470
0041fe90	00421790
0041fe90	0044a760
0041fe90	004bb540
0041fe90	00448090
0041fe90	00423380
0041fe90	00420be0
0041fe90	004717c0
0041fe90	004ae3c0
0041fe90	004a5bf0
0041fe90	00417800
0041fe90	0044daa0
0041fe90	00407ef0
0041fe90	00447f30
0041fe90	00404e80
0041fe90	0048cdc0
0041fe90	004a0990
0041fe90	0044e300
0041fe90	00425920
0041fe90	00422170
00420be0	0048cdc0
00420be0	0048ce40
00420be0	0044ecf0
00420be0	00421da0
00420be0	00437e60
00420c60	004c5b88
00420c60	00421de0
00420c60	004c5ba0
00420c60	0044ecf0
00420c60	004c5bca
00420c60	00421da0
00420c60	00437e60
00420d10	00474260
00420d10	EXTERNAL:00000116
00420d10	00438ba0
00420d10	0044e110
00420d10	0044e270
00420d10	00407ef0
00420d10	0042aa40
00420d10	0045ff10
00420d10	004727f0
00420d10	00448100
00420d10	00437e60
00420d10	00404e80
00420d10	004036f0
00420d10	0045dde0
00420d10	004390d0
00420d10	00452770
00420d10	00447c60
00420d10	00438920
00420d10	EXTERNAL:0000010c
00420d10	00403510
00421470	00404e80
00421470	EXTERNAL:00000116
00421470	00421ed0
00421470	004220f0
00421470	00452770
00421470	0042aa40
00421790	00421830
00421790	0042aa40
00421830	00474f40
00421830	004290f0
00421830	00443d20
00421830	00476320
00421830	004c6130
00421830	0044e030
00421830	0042b8c0
00421830	00449af0
00421830	00448330
00421830	00448100
00421a40	004510e0
00421a40	00452500
00421a40	00447c60
00421a40	0044ecf0
00421a40	00447dc0
00421a40	00408260
00421ab0	00452860
00421ab0	00421790
00421ab0	00479c80
00421ab0	004384e0
00421ab0	0045ff10
00421ab0	0044ecf0
00421ab0	00447dc0
00421ab0	004383e0
00421ab0	00452500
00421ab0	00421a40
00421ab0	00420d10
00421ab0	00449da0
00421ab0	0044e030
00421ab0	004b25a0
00421ab0	00417220
00421ab0	0044e300
00421ab0	EXTERNAL:0000010c
00421ab0	00408260
00421ab0	004c5b76
00421ab0	004483f0
00421ab0	00421470
00421d60	00421d60
00421da0	00421da0
00421de0	00421de0
00421e20	0048cd40
00421e20	EXTERNAL:00000109
00421e20	EXTERNAL:00000116
00421e20	EXTERNAL:000000d8
00421ea0	00421ab0
00421ed0	EXTERNAL:00000116
00421ed0	00452770
00421ed0	0044e270
00421ed0	00447c60
004220f0	EXTERNAL:00000116
004220f0	00452770
004220f0	0044e270
004220f0	00447c60
00422170	0041dd60
00422170	004a0990
00422170	00408260
00422170	0048cf70
00422170	004c5b76
004226d0	004a0990
004226d0	EXTERNAL:00000118
004226d0	0045ff10
004226d0	0048cf70
00423150	EXTERNAL:000000da
004231b0	00412790
004231b0	004126e0
004231b0	0040f1a0
004231b0	00411750
004231b0	004127d0
004231b0	00412650
004231b0	00411f10
004231b0	00412820
00423460	004236b0
00423460	00423fc0
00423460	00425150
00423460	00424210
00423460	00423530
00423460	00424110
00423460	00424ac0
00423460	00424d00
00423530	004c5b6a
004236b0	00423b10
004236b0	00424c90
00423b10	00445d40
00423b10	00423c20
00423b10	004c6100
00423b10	004481b0
00423c20	00425060
00423c20	004c5b76
00423c20	0041cf30
00423fc0	00424270
00423fc0	00424010
00424110	004248e0
00424110	00424270
00424110	004385f0
00424150	00443c60
00424150	004481b0
00424150	00444e90
00424150	00443c50
00424210	00424150
00424210	0041d0c0
00424270	00474f40
00424270	00424ed0
00424270	00472860
00424270	004385f0
00424270	0042fa80
00424270	0042fb50
00424270	004727f0
00424270	00424bf0
00424270	00448100
004248e0	00474260
00424ac0	00474f40
00424ac0	00424270
00424ac0	0043b870
00424c90	00424bf0
00424d00	004b2880
00424d00	0041ecd0
00424d00	004481b0
00424d00	00448100
00424ed0	00425770
00424ed0	00423b10
00424ed0	00423530
00425060	004c5b88
00425060	004c5b8e
00425060	004c5cd8
00425060	EXTERNAL:000000db
00425150	004330f0
004251f0	00423b10
004251f0	00423530
00425770	00474260
00425920	004717c0
00425920	00408310
00425920	004c5b76
00425920	0042f9f0
00425a20	0042ac90
00425a20	00407e80
00425a20	004705f0
00425a20	00405c90
00425a20	00411270
00425a20	0042b2a0
00425a20	00407eb0
00425a20	00426330
00425a20	004c60a6
00425a20	004717d0
00425a20	0042bab0
00425a20	004083c0
00425a20	0042b0f0
00425a20	0042aeb0
00425a20	00407e50
00425a20	00408260
00425a20	0044a250
00425a20	00472390
00426330	00470150
00426390	0043a600
00426390	0041b950
00426390	0042aa50
00426390	004386c0
00426390	004399c0
00426390	00476370
00426390	00401060
00426390	00432300
00426390	00472730
00426390	004266b0
00426390	00447c60
00426390	00439ba0
00426390	00408260
00426390	00425a20
00426390	00404e90
00426390	004080b0
00426390	004aefb0
004266b0	004279f0
004266b0	00428520
004266b0	00428120
004266b0	00427140
004266b0	0042fdc0
004266b0	0042fa80
004266b0	00458af0
004266b0	00426770
00426770	004251f0
00426770	004732f0
00426770	00447f00
00426770	00449480
00426770	0044e5b0
00426770	00474f40
00426770	0044df00
00426770	00429750
00426770	004842b0
00426770	00448cc0
00426770	00447c60
00426770	00429ef0
00426770	0042bf90
00426770	00474260
00426770	00429560
00426770	004294d0
00426770	00425770
00426770	00472f30
00426770	004760d0
00426770	00429870
00426770	004c60a6
00426770	0044e030
00426770	00472f60
00426770	00423460
00426770	00428350
00426770	0044e300
00426770	00478fc0
00427140	00474260
00427140	004251f0
00427140	00429560
00427140	004294d0
00427140	00425770
00427140	0044e5b0
00427140	00427440
00427140	00429870
00427140	00429750
00427140	0044e030
00427140	00448cc0
00427140	00423460
00427140	0044e300
00427140	00429ef0
00427440	00474f40
00427440	0042b970
00427440	004c6130
00427440	004c60a6
00427440	0042b8c0
00427440	00447c60
00427440	004729f0
00427440	00475070
00427440	00428d60
004279f0	00474260
004279f0	004251f0
004279f0	00429560
004279f0	004294d0
004279f0	00427ec0
004279f0	00425770
004279f0	004732f0
004279f0	00449480
004279f0	00472f30
004279f0	0044e5b0
004279f0	00474f40
004279f0	00429870
004279f0	0044df00
004279f0	00429750
004279f0	0044e030
004279f0	00448cc0
004279f0	00472f60
004279f0	00423460
004279f0	0044e300
00427ec0	00474f40
00427ec0	00429240
00427ec0	0042b970
00427ec0	004c6130
00427ec0	0042ac90
00427ec0	004c60a6
00427ec0	004729f0
00427ec0	00402f60
00427ec0	00428d60
00428120	004283f0
00428120	00474260
00428120	004294d0
00428120	00429870
00428120	0044e030
00428120	00448cc0
00428120	00428350
00428120	0044e300
00428120	00428490
00428120	0044e5b0
00428350	00428d60
00428490	00429750
00428520	00428c20
00428520	00474260
00428520	004251f0
00428520	00429560
00428520	004294d0
00428520	00425770
00428520	00447f00
00428520	004289f0
00428520	0044e5b0
00428520	00484310
00428520	0042b630
00428520	00429870
00428520	00429750
00428520	004c60a6
00428520	0044e030
00428520	00448cc0
00428520	00423460
00428520	0044e300
004289f0	004c60a6
004289f0	00447f00
004289f0	0042aeb0
004289f0	00428d60
004289f0	00484310
00428c20	004c60a6
00428d60	004290f0
00428d60	004444b0
00428d60	004c6100
00428d60	00449af0
00428d60	00448330
00428d60	00448100
00429430	00474670
00429430	00472f60
00429430	00473280
00429430	00472f30
00429430	0044e5b0
004294d0	004727f0
00429560	00472960
00429560	00411170
00429560	00470180
00429560	004c60a6
00429560	004700a0
00429560	004727f0
00429560	00405c90
00429750	004c60a6
00429870	00429d30
00429870	004c60a6
00429870	00429b40
00429b40	00429ed0
00429b40	00426350
00429d30	00429b40
00429d30	00429ef0
00429ed0	004385f0
00429ef0	00438690
00429f40	004c60e0
00429f80	004c5b6a
00429f80	0042a000
0042a000	004c5b88
0042a000	004c5bc4
0042a000	004c5b6a
0042a070	0048bf10
0042a070	004c5b9a
0042a070	004c5ba0
0042a070	0040c190
0042a070	0042a9d0
0042a070	004c5b76
0042a070	0040bdf0
0042a070	004c5b6a
0042a2c0	0048bf10
0042a2c0	0040c190
0042a2c0	0040c1c0
0042a2c0	004c5b76
0042a2c0	0040bdf0
0042a2c0	004c5b6a
0042a4e0	004a5bf0
0042a4f0	004a5bf0
0042a500	004a5bf0
0042a500	00471790
0042a500	0042a2c0
0042a550	004a5bf0
0042a550	00429f80
0042a550	0042a500
0042a550	0042a070
0042a550	00471790
0042a9f0	004c60a6
0042aa50	00411740
0042aa50	EXTERNAL:00000116
0042aa50	004c60a6
0042aa50	00412650
0042aa50	004137f0
0042aa50	00412050
0042ac90	004a5bf0
0042ac90	0042b5a0
0042ac90	00438660
0042ac90	00447f00
0042ac90	0045c040
0042ac90	0045d6b0
0042ac90	004138d0
0042ac90	00484310
0042ac90	00438540
0042ac90	0045dde0
0042ac90	0040f1a0
0042ac90	00447c60
0042ac90	0044e300
0042aeb0	004a5bf0
0042aeb0	0042b5a0
0042aeb0	00438660
0042aeb0	00447f00
0042aeb0	0045c040
0042aeb0	0045d6b0
0042aeb0	004138d0
0042aeb0	00484310
0042aeb0	00438540
0042aeb0	0045dde0
0042aeb0	0040f1a0
0042aeb0	0042b4a0
0042aeb0	0044e030
0042aeb0	00447c60
0042b0f0	00438540
0042b0f0	004a5bf0
0042b0f0	0045dde0
0042b0f0	0040f1a0
0042b0f0	0042b5a0
0042b0f0	0044e030
0042b0f0	00447c60
0042b0f0	00438660
0042b0f0	00447f00
0042b0f0	004138d0
0042b0f0	00484310
0042b2a0	00438630
0042b2a0	0043c630
0042b2a0	004a5bf0
0042b2a0	0043a980
0042b2a0	00438660
0042b2a0	0045c040
0042b2a0	0045d6b0
0042b2a0	004138d0
0042b2a0	00438540
0042b2a0	0042b630
0042b2a0	0043c660
0042b2a0	0045dde0
0042b2a0	0040f1a0
0042b2a0	0044e030
0042b4a0	0045c040
0042b4c0	00438540
0042b520	0042ac90
0042b520	0042b0f0
0042b520	0042aeb0
0042b520	0042b4c0
0042b520	0042b2a0
0042b5a0	00447c60
0042b5a0	004a0490
0042b630	0049fec0
0042b630	00452770
0042b630	00447c60
0042b630	0044ecf0
0042b6e0	00472670
0042b810	00474260
0042b810	0044e110
0042b810	0044e270
0042b8c0	00402f60
0042ba50	004290f0
0042ba50	00443d20
0042bab0	004727f0
0042bb30	0040eca0
0042bb30	00410e90
0042bb30	00406430
0042bb30	0042b810
0042bb30	004138d0
0042bb30	00411270
0042bb30	0042be70
0042bb30	00408360
0042bb30	00410ed0
0042bb30	00437d40
0042bb30	0042bed0
0042bb30	00438b30
0042bb30	00408260
0042bb30	0043bcc0
0042bb30	00417800
0042bb30	0041ea30
0042bb30	0042bf40
0042bb30	00411750
0042bb30	004386c0
0042bb30	00406450
0042bb30	00408340
0042bb30	00413950
0042bb30	00437d50
0042bb30	00413630
0042bb30	00413910
0042bb30	00418fb0
0042bb30	004136b0
0042be00	00476320
0042be70	0044e110
0042be70	0044e270
0042be70	0042be00
0042bf40	0049fec0
0042bf40	0049f960
0042bf40	004a0990
0042bf90	00474260
0042bf90	004294d0
0042bf90	0042d320
0042bf90	0042c2e0
0042bf90	004c6100
0042bf90	0042da40
0042bf90	0042cf90
0042bf90	0042c0d0
0042bf90	0042d5c0
0042c0d0	0042c640
0042c0d0	0042cbd0
0042c0d0	0042c520
0042c0d0	004c60a6
0042c0d0	0042ca40
0042c0d0	0042cc00
0042c2e0	004c60a6
0042c2e0	0042c420
0042c520	0042cde0
0042c520	0042c8d0
0042c640	0042cde0
0042c640	0042c8d0
0042c640	0042ce50
0042c640	00402f60
0042c8d0	0042cb50
0042c8d0	00474f40
0042ca40	0042cde0
0042ca40	0042cb50
0042ca40	0042ce50
0042cb50	004385f0
0042cc00	0042cbd0
0042cc00	0042cf60
0042ce50	00402f60
0042cf90	00448100
0042cf90	0042d560
0042cf90	004444b0
0042cf90	004290f0
0042cf90	00449af0
0042cf90	00448330
0042d320	0042da40
0042d320	0042cbd0
0042d320	0042cde0
0042d320	0042ce50
0042d5c0	0043bcc0
0042d5c0	004a5bf0
0042d5c0	0045dc70
0042d5c0	0042aeb0
0042d5c0	0042b0f0
0042d5c0	00439b20
0042d5c0	004138d0
0042d5c0	0043b870
0042da40	00474260
0042da40	004c6130
0042da40	00474f40
0042da40	00402f60
0042dda0	EXTERNAL:0000012d
0042de30	0042dfa0
0042de40	004c60e0
0042de60	00462630
0042de60	004428b0
0042df10	00462630
0042df50	00462630
0042dfa0	0042eb70
0042dfa0	004625e0
0042dfa0	0042ed30
0042dfa0	0042eea0
0042dfa0	00442c70
0042e070	00462630
0042e0b0	0042de60
0042e0b0	004c5b6a
0042e0d0	0042df50
0042e0d0	004c5b6a
0042e0f0	004c5b6a
0042e0f0	0042df90
0042e110	00430250
0042e110	004c5b76
0042e170	004722b0
0042e170	00471d50
0042e170	00471d80
0042e170	00471dd0
0042e170	00471fd0
0042e220	00408660
0042e220	004083c0
0042e220	004080a0
0042e220	0042e170
0042e220	EXTERNAL:0000015e
0042e220	004086c0
0042e220	00408650
0042e220	0042e330
0042e220	EXTERNAL:000000dc
0042e220	00471b50
0042e220	00437aa0
0042e220	004a12b0
0042e220	004a5bf0
0042e220	00442a50
0042e220	00408670
0042e220	004701a0
0042e220	0040f4c0
0042e220	004a1420
0042e330	004a6900
0042e330	00408330
0042e330	004a7b20
0042e330	004a6820
0042e330	00490520
0042e330	004a6830
0042e330	00408320
0042e330	00408650
0042e330	004086b0
0042e330	004a67f0
0042e330	00490340
0042e330	EXTERNAL:000000dc
0042e330	004086d0
0042e330	0048ff70
0042e330	004086a0
0042e330	004a75f0
0042e330	004903e0
0042e330	004a6760
0042e330	00408310
0042e330	EXTERNAL:000000e4
0042e330	00408690
0042e430	00490780
0042e430	004a26f0
0042e430	0041cca0
0042e430	00455e40
0042e430	004a75e0
0042e430	00408260
0042e430	00489e10
0042e430	00442bc0
0042e430	00408220
0042e430	004a7740
0042e430	00437ab0
0042e430	0040fbd0
0042e430	00408310
0042e490	00442c10
0042e490	0048d210
0042e490	00417640
0042e4d0	00417770
0042e4d0	0042e490
0042e4d0	004177d0
0042e5da	00442c00
0042e5da	004429d0
0042e5da	004a5b60
0042e5da	EXTERNAL:00000116
0042e5da	00431730
0042e5da	EXTERNAL:00000130
0042e5da	EXTERNAL:00000164
0042e5da	EXTERNAL:00000165
0042e5da	004a5ad0
0042e5da	EXTERNAL:00000120
0042e5da	004a5bf0
0042e5da	0048cc70
0042e5da	004308c0
0042e5da	EXTERNAL:00000132
0042e5da	EXTERNAL:0000012a
0042e5da	004a59e0
0042e5da	004b3260
0042e5da	004076f0
0042e5da	004a7d70
0042e5da	004086b0
0042e5da	EXTERNAL:0000010d
0042e5da	004a5ce0
0042e5da	EXTERNAL:0000012e
0042e5da	00407700
0042e5da	004710a0
0042e5da	004c0100
0042e5da	00408720
0042e5da	0048c7d0
0042e5da	0048d210
0042e5da	0040c370
0042e5da	00438980
0042e990	EXTERNAL:00000158
0042e990	EXTERNAL:00000159
0042e990	EXTERNAL:00000156
0042e990	004c5d5c
0042e990	004c5bb8
0042e990	EXTERNAL:00000157
0042ea20	004a6810
0042ea20	004a6800
0042ea20	004a6820
0042ea20	004086c0
0042ea20	0048d420
0042ea20	004a67f0
0042ea20	00490340
0042ea20	004a59a0
0042ea20	004086a0
0042ea20	004626b0
0042ea20	004630a0
0042ea20	004903e0
0042ea20	00408690
0042eb20	004a6810
0042eb20	004a6800
0042eb20	004a67f0
0042eb20	004a6820
0042eb20	0048d420
0042eb70	004625e0
0042ebd0	0042df10
0042ebd0	004c5b6a
0042ebf0	004a6810
0042ebf0	004a6800
0042ebf0	004a67f0
0042ebf0	004626b0
0042ebf0	004630a0
0042ebf0	004a6820
0042ebf0	0048d420
0042ebf0	EXTERNAL:00000168
0042ecb0	0048cca0
0042ecb0	004a5ce0
0042ecb0	004a5e10
0042ecb0	0046ebd0
0042ecb0	EXTERNAL:00000116
0042ecb0	0048d210
0042ed30	004625e0
0042ed90	004c5b6a
0042ed90	0042e070
0042eed0	00404180
0042eed0	0042f280
0042eed0	004a25e0
0042eed0	004081f0
0042eed0	004a5b60
0042eed0	00407e50
0042eed0	004086c0
0042eed0	00414210
0042eed0	00408260
0042eed0	00470190
0042eed0	00408220
0042eed0	EXTERNAL:00000155
0042eed0	004a71c0
0042eed0	00471c50
0042eed0	004a0860
0042eed0	00449db0
0042eed0	00414180
0042eed0	004a2930
0042eed0	00417810
0042eed0	00407e80
0042eed0	00418c70
0042eed0	004085a0
0042eed0	00413910
0042eed0	00408650
0042eed0	004136b0
0042eed0	0041c000
0042eed0	00417800
0042eed0	00404bd0
0042eed0	004c0050
0042eed0	00407e60
0042eed0	00407f30
0042eed0	EXTERNAL:00000112
0042eed0	0046f450
0042eed0	004192d0
0042eed0	00489f80
0042eed0	00407f80
0042eed0	0041f5b0
0042eed0	00407eb0
0042eed0	00404c80
0042eed0	00408050
0042eed0	00408390
0042eed0	004a7410
0042eed0	004a5bf0
0042eed0	00470310
0042eed0	00449dc0
0042eed0	00470150
0042eed0	004a9940
0042eed0	004083c0
0042eed0	004a5670
0042eed0	0042e170
0042eed0	004081a0
0042eed0	00407ec0
0042eed0	00407e30
0042eed0	00407e90
0042eed0	00407ef0
0042eed0	00417f90
0042eed0	00410160
0042eed0	00408310
0042eed0	00417a00
0042eed0	00438980
0042f280	00418d40
0042f280	0041c080
0042f280	004a6900
0042f280	00471de0
0042f280	004bef40
0042f280	0049a910
0042f280	004a6710
0042f280	0044ea70
0042f280	004a7b30
0042f280	00410fe0
0042f280	004a56d0
0042f280	004903c0
0042f280	004086c0
0042f280	004a6820
0042f280	004a6830
0042f280	00408260
0042f280	004a67f0
0042f280	0044e300
0042f280	00439690
0042f280	0049f620
0042f280	004a6840
0042f280	004bef70
0042f280	004a6770
0042f280	0049a8c0
0042f280	0044f630
0042f280	004a68d0
0042f280	004a7b20
0042f280	004a6740
0042f280	004085a0
0042f280	0045d6b0
0042f280	00414300
0042f280	004a67d0
0042f280	004497b0
0042f280	00408650
0042f280	0046f980
0042f280	00410140
0042f280	0046fa10
0042f280	00490340
0042f280	00408380
0042f280	004a6760
0042f280	00408310
0042f280	00408690
0042f5e0	0042f280
0042f5e0	004a6900
0042f5e0	004a26f0
0042f5e0	004a7b20
0042f5e0	00463850
0042f5e0	004bc760
0042f5e0	0041c070
0042f5e0	004903c0
0042f5e0	004a6830
0042f5e0	00408260
0042f5e0	00409b00
0042f5e0	00408050
0042f5e0	0048d6d0
0042f5e0	00462f50
0042f5e0	004a71c0
0042f5e0	00413630
0042f5e0	004625e0
0042f5e0	0049fff0
0042f5e0	00462630
0042f5e0	004a6760
0042f5e0	00415650
0042f5e0	00408310
0042f5e0	004a0500
0042f890	004c5b6a
0042f9f0	0042ffa0
0042f9f0	00430100
0042f9f0	00430070
0042fa80	004083c0
0042fa80	00472480
0042fac0	004c60a6
0042fb50	004c60a6
0042fc90	004c60a6
0042fdc0	004c60a6
0042ffa0	004c60a6
0042ffa0	00472450
00430070	00472450
00430100	004c60a6
00430100	00472450
004301e0	00430250
004301e0	004c5b76
00430250	004437d0
00430250	004c5b88
00430250	EXTERNAL:00000112
00430250	004c5bca
00430250	EXTERNAL:00000151
00430250	EXTERNAL:00000131
00430250	00462310
00430250	004c5d4a
00430250	EXTERNAL:00000196
00430250	EXTERNAL:00000153
00430250	EXTERNAL:00000152
00430250	004306f0
00430250	004c5bbe
00430250	004c5e0a
00430250	EXTERNAL:00000154
00430250	004c5e04
00430250	EXTERNAL:00000194
00430250	EXTERNAL:0000015d
00430250	EXTERNAL:0000014f
00430250	EXTERNAL:000000d5
00430250	EXTERNAL:0000011e
00430250	004a7470
00430250	004c5c84
00430250	EXTERNAL:00000118
00430250	004c5dfe
00430250	004a07f0
00430250	EXTERNAL:0000015c
00430250	0046d5c0
00430250	004c5ba0
00430250	EXTERNAL:00000150
004305f0	004c5b6a
004305f0	00430610
00430610	004c5e16
00430610	00443830
00430680	EXTERNAL:00000173
00430680	EXTERNAL:00000150
00430680	EXTERNAL:00000167
004306f0	004c5b8e
004308c0	004086b0
004308c0	00408310
004309b0	004308c0
004309b0	00408720
004309d0	004308c0
004309d0	00408720
004309f0	004308c0
004309f0	00408720
00430a10	004308c0
00430a10	00408720
00430a30	004308c0
00430a30	00408720
00430a50	004308c0
00430a50	00408720
00430c30	004c5b70
00430c30	004c5a6e
00430c30	00401000
00431330	004a07f0
00431330	EXTERNAL:00000153
00431380	0046d5b0
00431380	0046d5c0
00431380	EXTERNAL:00000153
00431610	00408280
00431610	004086b0
00431610	00408290
00431610	004a7490
00431610	00408330
00431610	004082a0
00431610	00430a10
00431680	00408280
00431680	004308c0
00431680	00408290
00431680	004a7490
00431680	004082a0
00431680	00408720
00431730	00431610
00431730	00408330
00431730	004a7480
00431730	00431680
00431730	00408320
00431b80	00431ba0
00431b80	004c5b6a
00431ba0	004c5e16
00431c50	00461eb0
00431c50	0048c0a0
00431dd0	004a5980
00431dd0	00433a50
00431dd0	004a13d0
00431dd0	00489f80
00431dd0	EXTERNAL:0000011f
00431dd0	0048b9a0
00431dd0	00489e10
00431dd0	00489f70
00431dd0	EXTERNAL:00000164
00431dd0	EXTERNAL:00000165
00431dd0	004a7740
00431dd0	004a5bf0
00431dd0	0040ece0
00431dd0	004320b0
00431dd0	004322a0
00431dd0	0048cdc0
00431dd0	00433840
00431dd0	00448570
00431dd0	00437d40
00431dd0	0048afa0
00431dd0	004a7d70
00431dd0	004c5b76
00431dd0	EXTERNAL:000000dc
00431dd0	00404bd0
00431dd0	00414390
00431dd0	0048ce40
00431dd0	004345a0
004320b0	0048b980
004320b0	EXTERNAL:0000011f
004320b0	0048ae70
004320f0	004bc860
004320f0	004c5b6a
004320f0	004143c0
004320f0	00434650
004321b0	0048c120
004322a0	0040ece0
00432300	0045dde0
00432300	00489f80
00432300	0040ed10
00432300	00408260
00432300	004336f0
00432300	00489f70
00432300	0045ff10
00432300	00433310
00432300	004c60a6
00432300	0040ece0
00432300	004a5bf0
00432300	00433390
00432300	0048c060
00432300	004138d0
00432860	00432e70
00432860	00447c60
00432860	0041e890
00432860	00432ae0
00432860	0048a310
00432860	00489f80
00432860	EXTERNAL:00000116
00432860	00434430
00432860	00452770
00432860	004a5bf0
00432860	00433390
00432860	004138d0
00432860	004bc7c0
00432860	004334f0
00432860	00421ea0
00432860	00452500
00432860	00433a40
00432860	0048afa0
00432860	0044ecf0
00432860	00433310
00432860	00457c50
00432860	00447dc0
00432860	004483f0
00432860	00414390
00432860	004345a0
00432ae0	00433a50
00432ae0	00439600
00432ae0	004143b0
00432ae0	00439540
00432ae0	0042b520
00432d60	00401d50
00432d60	004c60a6
00432d60	004bb710
00432d60	00476480
00432d60	00408380
00432d60	00433740
00432e70	00433a50
00432e70	004143b0
00432e70	0048b9a0
00433000	0048c080
00433000	00489f70
00433000	00433060
00433060	00432830
00433060	004334f0
00433060	00489f80
00433060	004ae450
00433060	00414330
004330f0	00489f80
004330f0	0048c080
004330f0	00489f70
004330f0	00433170
00433170	00432830
00433170	00433310
00433170	004334f0
00433170	00489f80
00433170	00433200
00433250	0045dde0
00433250	00443160
00433250	0040ece0
00433250	0045ff10
00433310	00489f80
00433310	00433250
00433310	0040ed10
00433310	0048c080
00433310	00489f70
00433390	00489f80
00433390	0040ed10
00433390	0048c080
00433390	00489f70
00433390	00433410
00433410	00443160
00433410	00434550
00433410	0040ece0
00433410	004a5bf0
00433410	00489f80
00433410	004138d0
004334f0	EXTERNAL:00000112
004334f0	004335b0
004334f0	EXTERNAL:0000011c
004334f0	00489f80
004334f0	0048c080
004334f0	00489f70
004335b0	00432830
004335b0	00434550
004335b0	004143b0
004335b0	004a5b60
004335b0	00489f80
004335b0	00433390
004335b0	004138d0
00433750	EXTERNAL:00000112
00433750	EXTERNAL:0000011c
00433750	0048c080
00433750	00489f70
00433840	004339d0
00433840	0042ac90
00433840	00417800
00433840	0041e980
00433840	00433ea0
00433840	0042be00
00433840	0041dc30
00433840	00426330
00433840	0042bed0
00433840	004336f0
00433840	00423380
004339d0	00472670
00433a50	0044dc30
00433a50	0044dbb0
00433ad0	00489f80
00433ad0	004805b0
00433ad0	0048c080
00433ad0	00433b70
00433ad0	00489f70
00433b70	00456c50
00433b70	00489f80
00433b70	00456b00
00433b70	0048c080
00433b70	00489f70
00433b70	004805e0
00433c30	00489f80
00433c30	004805b0
00433c30	0048c080
00433c30	00489f70
00433ca0	00433d40
00433ca0	00489f80
00433ca0	0048c080
00433ca0	00489f70
00433d40	00455ef0
00433d40	00489f80
00433d40	0048c080
00433d40	00489f70
00433d40	00455ed0
00433de0	00489f80
00433de0	0048c080
00433de0	00489f70
00433e40	0048c080
00433e40	00489f70
00433e70	0048c080
00433e70	00489f70
00433ea0	EXTERNAL:00000112
00433ea0	EXTERNAL:0000011c
00433ea0	0048c080
00433ea0	0041e1e0
00433ea0	00489f70
00434050	0048c080
00434050	00489f70
004340c0	00434130
004340c0	004a75e0
00434130	0048c080
00434130	00489f70
00434370	EXTERNAL:00000112
00434370	00461800
00434370	EXTERNAL:0000011c
00434370	0048c080
00434370	00489f70
00434430	00434370
00434430	00489f80
00434430	00460470
00434430	00460480
00434460	0048c080
00434460	00489f70
00434550	00489f80
00434550	0048bb20
00434550	0048bab0
004345a0	004c5b76
004345a0	004ba740
00434650	004bab40
00434660	EXTERNAL:00000135
00434680	004b49e0
00434680	004353f0
00434680	004b9540
00434680	EXTERNAL:00000116
00434680	004ba350
00434680	004b4c50
00434680	004b4ee0
00434680	004b4e60
00434680	004b98d0
00434680	004b4390
00434680	004c6000
00434680	004ba0e0
00434680	004ba0c0
00434680	00434ee0
00434680	004b4ba0
004348b0	004b4c90
004348b0	004b4e60
004348b0	004b4ed0
004348b0	004b4420
00434950	004bb460
00434980	00434a80
00434980	004c5b6a
004349a0	004b50c0
004349a0	004b9760
004349a0	004c5b6a
004349a0	004b4ac0
004349a0	004c5ec0
00434a80	004b50c0
00434a80	004b9760
00434a80	004c5b6a
00434a80	004b4ac0
00434a80	004c5ec0
00434b70	004349a0
00434b70	004c5b6a
00434b90	004b49e0
00434b90	004353f0
00434b90	004b9540
00434b90	EXTERNAL:00000116
00434b90	004ba350
00434b90	004b4c50
00434b90	004b4ee0
00434b90	004b4e60
00434b90	004b98d0
00434b90	004b4390
00434b90	004c6000
00434b90	004ba0e0
00434b90	004ba0c0
00434b90	00434ee0
00434b90	004b4ba0
00434dd0	00434df0
00434dd0	004c5b6a
00434df0	004b50c0
00434df0	004b9760
00434df0	004c5b6a
00434df0	004b4ac0
00434df0	004c5ec0
00434ee0	004355e0
00434fb0	004b4e60
00434fb0	004353f0
00434fb0	EXTERNAL:000000d4
00434fb0	004a5bf0
00434fb0	EXTERNAL:00000116
00434fb0	004b4ed0
00434fb0	00438350
00434fb0	EXTERNAL:000000d3
00434fb0	004355e0
00434fb0	004a5c20
00435200	004b5900
00435200	00435240
00435220	004b5900
00435220	00435a70
00435240	004434b0
00435240	004a5bf0
00435240	EXTERNAL:00000116
00435240	00434fb0
00435240	004b4ed0
00435240	00438350
00435240	004c0030
00435240	EXTERNAL:000000d3
00435240	004a5c20
004353f0	004b4e60
004355e0	00436580
004355e0	0040bdf0
004355e0	004362f0
004355e0	EXTERNAL:00000134
004355e0	00435fd0
004355e0	EXTERNAL:00000133
004355e0	00434660
004355e0	00436530
00435a40	00435c80
00435a50	004c60e0
00435a70	004434b0
00435a70	004a05f0
00435a70	004083c0
00435a70	00407e80
00435a70	0042e170
00435a70	00407e50
00435a70	EXTERNAL:00000116
00435a70	004b4ed0
00435a70	00407eb0
00435a70	004a5c20
00435a70	00407ec0
00435a70	00408050
00435a70	00407e30
00435a70	00407e90
00435a70	00407ef0
00435a70	EXTERNAL:0000011e
00435a70	00408390
00435a70	00443160
00435a70	004c0050
00435a70	00407e60
00435a70	00415630
00435ca0	00435cc0
00435ca0	004c5b6a
00435d20	004a71c0
00435d20	0049fff0
00435d20	004c5b76
00435d20	00434b90
00435d20	00463850
00435d20	004bc760
00435d20	004a0860
00435d20	004a0500
00435d20	00434680
00435d20	004a0670
00435e80	004a6900
00435e80	00471de0
00435e80	004a68d0
00435e80	004a56d0
00435e80	004a6840
00435e80	004086c0
00435ed0	004a71c0
00435ed0	00413630
00435ed0	004a68d0
00435ed0	004bc760
00435ed0	004a6840
00435ed0	004ba380
00435ed0	004a0870
00435ed0	004a0670
00435ed0	004a0590
00435f50	00414b90
00435f50	00443310
00435f80	00443310
00435f80	00414b60
00435fd0	004c5b76
00435fd0	004c5b6a
004362f0	004362f0
004362f0	00434660
00436530	00434660
00436580	00434660
004367a0	00448570
004367a0	00447c60
004367a0	00447bc0
004367a0	00448230
004367a0	004a0990
004367a0	00402f60
004367a0	004760d0
004367a0	0044e110
004367a0	0045d6b0
004367a0	004497b0
004367a0	0045ff10
004367a0	0044ecf0
004367a0	0044e270
004367a0	00451a60
004367a0	00448100
004367a0	EXTERNAL:00000118
004367a0	004ae3c0
004367a0	004b25a0
004367a0	0048cf70
004367a0	004481b0
004367a0	004b1ec0
004367a0	00438920
004367a0	0044e5b0
00436e00	004b2630
00436e00	004b1f90
00436e40	0045dde0
00436e40	00447c60
00436e40	00437990
00436e40	00437430
00436e40	00476400
00436e40	004497b0
00436e40	0045e0d0
00436e40	00437820
00436e40	004aebf0
00436e40	004374a0
00436e40	00401d50
00436e40	004aefb0
00436e40	00437730
00436e40	00478fc0
00436e40	0044e5b0
004374a0	00449480
004374a0	004c60a6
004374a0	00472f30
004374a0	00472f60
004374a0	004732f0
004374a0	00402f60
004374a0	004747d0
004374a0	00474670
004374a0	0044e4f0
00437730	00449480
00437730	00472f30
00437730	00472f60
00437730	004732f0
00437730	00402f60
00437730	004747d0
00437820	004ae660
00437820	00437990
00437820	004aee40
00437820	004b0530
00437820	004ae4a0
00437820	004481b0
00437820	0043b500
004379f0	0045dde0
004379f0	004aefb0
00437ab0	00437dc0
00437ac0	00436630
00437ac0	00408260
00437ac0	004a6070
00437ac0	00404e80
00437ac0	0045ff10
00437ac0	0044ecf0
00437ac0	004c5b76
00437ac0	00447f30
00437ac0	004a5f90
00437ac0	0048cf70
00437ac0	0044daa0
00437ac0	004367a0
00437ac0	0048cdc0
00437d40	00447f30
00437d50	00447f30
00437d60	0042a9f0
00437d60	004b28e0
00437d60	004b2900
00437d60	004379f0
00437dc0	0048ce40
00437dc0	00447f30
00437dc0	0044db00
00437dc0	004c5b6a
00437dc0	00436e00
00437e60	00437e60
00437ea0	00447f00
00437ea0	00437ea0
00437ea0	004826d0
00438020	004c5b76
00438020	0044de80
00438180	004c5b6a
004381d0	0044de80
004381d0	004c5b6a
004381d0	0044dd90
00438350	004bf630
00438350	004bf560
00438350	004bf060
00438350	004c6100
004383e0	EXTERNAL:0000011c
00438430	EXTERNAL:00000112
00438430	00403830
004384e0	EXTERNAL:0000011c
00438540	00438690
004385a0	0049fcf0
004385f0	0049fcf0
00438630	004385a0
00438660	0049fda0
00438690	0049fda0
004386c0	004385f0
004386c0	004a11d0
004386c0	004c60a6
004386c0	00438690
004386c0	00438660
004386c0	004a10e0
004386c0	004a2a30
00438920	EXTERNAL:0000011c
00438990	00452770
00438990	0044ecf0
004389c0	0041e970
004389c0	00489f80
004389c0	00434050
004389c0	00408260
004389c0	0041dc60
00438a20	00438a70
00438a20	0041e430
00438a70	004497b0
00438a90	004c5b76
00438a90	004c5b6a
00438a90	00438990
00438b10	004c5b6a
00438b30	004389c0
00438b30	00438a20
00438b30	00408260
00438b30	0041e480
00438b60	004b1f90
00438ba0	00447f00
00438ba0	00439600
00438ba0	00447c60
00438ba0	00447bc0
00438ba0	004bffe0
00438ba0	EXTERNAL:00000116
00438ba0	0043ca90
00438ba0	004760d0
00438ba0	00408260
00438ba0	0044e270
00438ba0	00438b60
00438ba0	004b21c0
00438ba0	004ae3c0
00438ba0	00439540
00438ba0	004b1ec0
00438ba0	EXTERNAL:0000010c
004390d0	00447f00
004390d0	00447bc0
004390d0	00452770
004390d0	00447e60
004390d0	004820f0
004390d0	00482700
004390d0	0044e5b0
004390d0	0044e270
00439260	004b0640
00439260	004a5b60
00439260	004a5bf0
00439260	00439540
00439260	00412820
00439260	004138d0
00439460	00439600
00439460	004a5bf0
00439460	004385a0
00439460	00412820
00439460	004138d0
00439540	004aefb0
00439540	004385a0
00439600	00447c60
00439690	00476370
00439690	004124b0
00439690	00401e50
00439690	004122c0
00439690	00411720
00439690	00476400
00439690	00436e20
00439690	00412070
00439990	004b22d0
00439990	004528a0
004399c0	0043bcc0
004399c0	0043bc40
004399c0	0045c040
004399c0	0049f960
004399c0	00439b20
004399c0	004b2300
004399c0	0043b870
00439b20	0049f960
00439b20	0049fec0
00439b70	0049fec0
00439ba0	0044df00
00439ba0	00448570
00439ba0	00447c60
00439ba0	004a5b60
00439ba0	004ae4a0
00439ba0	00410e90
00439ba0	0043a400
00439ba0	004ae530
00439ba0	00405c90
00439ba0	004aebf0
00439ba0	004aefb0
00439ba0	004483f0
00439ba0	0044e300
00439ba0	0043c660
00439ba0	004385a0
00439ba0	004b0620
00439ba0	0043a900
00439ba0	0044e030
00439ba0	00410ed0
00439ba0	00412650
00439ba0	004ae590
00439ba0	004138d0
00439ba0	0043c190
0043a400	00439460
0043a400	0043c330
0043a400	0043acf0
0043a400	00478fc0
0043a4f0	0044e5b0
0043a4f0	0044e4f0
0043a600	0043b3e0
0043a600	0043b1b0
0043a600	004c60a6
0043a600	004729f0
0043a600	00472670
0043a600	004b0530
0043a600	0043a4f0
0043a600	0043b500
0043a900	004c60a6
0043a900	0044e5b0
0043a900	0044e4f0
0043a980	0043a900
0043aa30	0043afd0
0043acf0	0043afd0
0043acf0	004390d0
0043afd0	0044e5b0
0043b1b0	0044e5b0
0043b3e0	0044e5b0
0043b5d0	00411f10
0043b660	0045dde0
0043b660	004c60a6
0043b660	004a5b60
0043b660	0043b5d0
0043b660	004a5bf0
0043b660	00439990
0043b660	004138d0
0043b730	0045c040
0043b730	004b2920
0043b730	0045df70
0043b790	004b2210
0043b810	0043b730
0043b810	0043b790
0043b870	00401c60
0043b870	00403830
0043b870	004b2920
0043b870	00429430
0043b870	004b2900
0043b870	0043c0c0
0043b870	004b2910
0043b870	00401c00
0043b870	0043c850
0043b870	0042a9f0
0043b870	0041da20
0043b870	004080b0
0043b870	0043b730
0043b870	004386c0
0043b870	004b28e0
0043b870	0042ba50
0043b870	0043b790
0043bc40	0045dde0
0043bc40	0042b4a0
0043bc40	00408260
0043bc40	0045e0d0
0043bcc0	00411750
0043bcc0	0042fa80
0043bcc0	00407e80
0043bcc0	0043b5d0
0043bcc0	0043bc40
0043bcc0	00433000
0043bcc0	0043b660
0043bcc0	004b2920
0043bcc0	00429430
0043bcc0	00408260
0043bcc0	00405c90
0043bcc0	004b2910
0043bcc0	0043c850
0043bcc0	00479660
0043bcc0	0043b730
0043bcc0	00407e60
0043bcc0	004a5bf0
0043bcc0	004386c0
0043bcc0	004b28e0
0043bcc0	00439b70
0043bcc0	0043b790
0043bcc0	0042fc90
0043bcc0	004138d0
0043c010	0045dde0
0043c010	0043c850
0043c010	00412620
0043c010	004b28e0
0043c010	0045d6b0
0043c010	004b2900
0043c010	0045e0d0
0043c0c0	0045dde0
0043c0c0	00412620
0043c0c0	0045d6b0
0043c0c0	0045e0d0
0043c190	004b0600
0043c190	0043c430
0043c190	0043c550
0043c190	0043c330
0043c190	0042fa80
0043c190	0043c2d0
0043c190	0043aa30
0043c190	0042fac0
0043c2d0	004aee40
0043c330	004ae660
0043c330	0042fa80
0043c330	0042faa0
0043c430	004aebf0
0043c430	004ae660
0043c430	00448570
0043c430	004483f0
0043c430	004ae530
0043c550	004ae660
0043c660	0043c630
0043c660	00439260
0043c800	0044df00
0043c850	004b22d0
0043c850	004aefb0
0043c850	00448570
0043c850	00447c60
0043c850	0044df00
0043c850	0044e300
0043c850	0043c800
0043c850	004ae590
0043c950	004aebf0
0043c9c0	004ae450
0043ca20	004a5b40
0043ca20	EXTERNAL:0000010d
0043ca20	004a5bf0
0043ca20	0048cf70
0043ca20	EXTERNAL:000000d0
0043ca90	00417800
0043ca90	00408260
0043cc70	004b2940
0043cc70	EXTERNAL:0000010d
0043cc70	0044dfd0
0043cc70	004b2930
0043cc70	EXTERNAL:00000116
0043cc70	00447e30
0043cc70	004c0010
0043cf40	EXTERNAL:00000116
0043cf90	004c5b88
0043cf90	004c5bc4
0043cf90	004c5bca
0043cf90	004c5ba0
0043cf90	004c5b7c
0043cf90	EXTERNAL:00000163
0043d060	EXTERNAL:000000cf
0043d060	EXTERNAL:00000163
0043d130	EXTERNAL:00000001
0043d130	0042dc30
0043d130	00441cb0
0043d130	004c5e22
0043d130	0043f610
0043d130	004a5bf0
0043d130	0043d280
0043d130	EXTERNAL:00000002
0043d130	0042dda0
0043d130	004c5ca2
0043d130	EXTERNAL:00000164
0043d280	0042dcf0
0043d280	EXTERNAL:0000012c
0043d2e0	004c5b88
0043d2e0	004c5cba
0043d2e0	EXTERNAL:00000136
0043d2e0	004076f0
0043d2e0	004c5e28
0043d2e0	EXTERNAL:0000011f
0043d2e0	004416f0
0043d2e0	00441720
0043d2e0	004a5bf0
0043d2e0	EXTERNAL:00000138
0043d2e0	EXTERNAL:0000013b
0043d2e0	0043d130
0043d2e0	EXTERNAL:00000137
0043d2e0	004c5ca2
0043d650	004a5b60
0043d650	0043d060
0043d650	0043e3b0
0043d6a0	004c5a56
0043d6b0	004c5c8a
0043d720	004c5c8a
0043d740	004c5bac
0043d740	004c5b64
0043d740	004c5ba0
0043d980	0043d9a0
0043d980	004c5b6a
0043d9a0	004c5b88
0043d9a0	004c5c6c
0043d9a0	004c5c66
0043d9a0	004c5b70
0043d9a0	004c5c60
0043d9a0	004c5c5a
0043db20	004c5c7e
0043db20	004c5cb4
0043db20	004c5e2e
0043dcd0	004c5b88
0043dcd0	004c5bca
0043dcd0	004c5cba
0043dcd0	0043d6a0
0043dcd0	0043e160
0043dcd0	004c5a68
0043dcd0	004a5bf0
0043dcd0	0043d2e0
0043dcd0	0043d6b0
0043dcd0	EXTERNAL:00000163
0043dcd0	004c5b7c
0043dcd0	004c5b8e
0043dcd0	EXTERNAL:00000162
0043dfe0	004c5b82
0043dfe0	004a56d0
0043e040	004c5c84
0043e040	004c5b9a
0043e040	004a5bf0
0043e040	004c5e34
0043e040	0043d060
0043e040	EXTERNAL:00000163
0043e040	0043e3b0
0043e040	004c5b7c
0043e040	0043ebd0
0043e160	0043e450
0043e160	EXTERNAL:00000161
0043e160	0043d280
0043e160	EXTERNAL:0000011f
0043e3b0	0043d6b0
0043e3b0	004c5c8a
0043e3b0	EXTERNAL:00000163
0043e3b0	0043d720
0043e450	004c5cba
0043e450	004a5bf0
0043e450	004c5e28
0043e900	004c5b88
0043e900	004c5cae
0043e900	004c5e34
0043e900	004c5c84
0043e900	EXTERNAL:0000010d
0043e900	004c5e3a
0043e900	004c5e40
0043e900	004a5bf0
0043e900	004c5ca8
0043e900	004c5ba0
0043e900	004c5c8a
0043e900	004c5ca2
0043e900	004c5b7c
0043e900	0043ebd0
0043e900	EXTERNAL:0000010c
0043ebd0	EXTERNAL:00000163
0043ee80	004c5cba
0043ee80	004a5bf0
0043ee80	004c5c8a
0043ee80	0043cf90
0043ee80	EXTERNAL:00000163
0043efe0	00442c00
0043efe0	004c5b88
0043efe0	004c5c6c
0043efe0	004c5c66
0043efe0	004c5b70
0043efe0	004c5c60
0043efe0	004c5c5a
0043efe0	0043d740
0043efe0	00430680
0043efe0	00442220
0043f440	004c5b70
0043f610	EXTERNAL:00000129
0043f610	0043f68e
0043f610	004c5b76
0043f610	00441600
004404c0	004c5b88
004404c0	00489d00
004404c0	0048a9c0
004404c0	0048bbe0
004404c0	00408120
004404c0	004416f0
004404c0	EXTERNAL:00000164
004404c0	0048a520
004404c0	00419470
004404c0	00408230
004404c0	004a5bf0
004404c0	0048a410
004404c0	00433710
004404c0	004c5ca2
004404c0	004c5b7c
004404c0	0043cf40
004404c0	EXTERNAL:00000163
004407e0	004c5b88
004407e0	004c5e40
004407e0	004c5ba0
004407e0	004c5e46
004407e0	EXTERNAL:0000011a
004407e0	EXTERNAL:00000163
004407e0	004c5b7c
004407e0	004c5b8e
00440a30	004c5b88
00440a30	004c5e40
00440a30	004c5ba0
00440a30	004c5e46
00440a30	EXTERNAL:0000011a
00440a30	EXTERNAL:00000163
00440a30	004c5b7c
00440a30	004c5b8e
00441600	EXTERNAL:0000012d
00441620	EXTERNAL:00000126
00441620	00441680
00441620	004c5b6a
00441680	EXTERNAL:00000126
00441680	EXTERNAL:0000012f
004416f0	004c5e4c
00441720	004c5e4c
00441750	004c6000
00441750	004c5bac
00441750	004c5b9a
00441750	004c5b64
00441750	004c5ba0
00441750	00408a20
00441890	004418b0
00441890	004c5b6a
004418b0	004c5b88
004418b0	004c5c6c
004418b0	004c5b70
004418b0	004c5c5a
004418b0	004c5ec0
004419a0	004c5c7e
004419a0	004c5cb4
004419a0	004c5c78
00441c60	004c5b94
00441cb0	004c5b88
00441cb0	004421d0
00441cb0	004c5c6c
00441cb0	00442180
00441cb0	00441c60
00441cb0	004c5b70
00441cb0	004c5a6e
00441cb0	004c5c5a
00441cb0	00441750
00441cb0	004c5ec0
00441cb0	004c5b8e
00441f40	004c5a5c
00441f40	00408a10
00442010	004c5e3a
00442010	EXTERNAL:00000163
00442080	004c5c84
00442080	EXTERNAL:00000163
00442100	004c5e3a
00442180	004c5b88
00442180	004c5e40
004421d0	004c5b88
004421d0	004c5e40
00442220	004c5b64
00442240	0043f440
00442240	004c5b6a
00442270	EXTERNAL:00000170
00442270	EXTERNAL:000000cf
004422a0	EXTERNAL:00000001
004422a0	0042dc30
004422a0	004425c0
004422f0	0042dcf0
00442530	004a5b60
00442530	EXTERNAL:00000176
004425c0	EXTERNAL:00000129
004425c0	004c5b76
004425c0	00441600
004425c0	0044263e
004426b0	EXTERNAL:00000177
004426b0	00442270
00442790	EXTERNAL:00000126
00442790	004427f0
00442790	004c5b6a
004427f0	EXTERNAL:00000126
004427f0	EXTERNAL:0000012f
00442860	EXTERNAL:0000012f
004428b0	004c5e58
004428b0	004c5b6a
004429b0	004428b0
004429b0	004c5b6a
004429d0	00442c00
004429d0	EXTERNAL:00000178
004429d0	004c5e5e
004429d0	004c5bb8
00442a50	0048cc70
00442a50	00460020
00442a50	00470670
00442a50	004a5670
00442a50	004a75e0
00442a50	00475c40
00442a50	004a59a0
00442a50	0046eb20
00442a50	EXTERNAL:000000dc
00442a50	00471b50
00442a50	004b1090
00442a50	0048fd80
00442a50	0048c7d0
00442a50	004a12c0
00442bc0	004a6100
00442bc0	0048c890
00442bc0	00460060
00442bc0	0046eb90
00442bc0	00475e60
00442bc0	004a13d0
00442bc0	00471c10
00442bc0	004518e0
00442bc0	004b1180
00442bc0	0048ff60
00442bc0	0048cd10
00442c10	00442c00
00442c10	00443160
00442c70	004c5e64
00442d00	EXTERNAL:0000017a
00442d00	00443140
00442d00	EXTERNAL:0000015f
00442d00	004c5b6a
00442d00	0048ae70
00442d00	EXTERNAL:0000013d
00442d00	EXTERNAL:00000179
0044300b	EXTERNAL:000000d1
0044300b	EXTERNAL:0000015e
00443032	EXTERNAL:000000d1
00443032	EXTERNAL:0000015e
004430cc	EXTERNAL:000000d1
004430cc	EXTERNAL:0000015e
00443160	00443690
00443160	004c5b76
00443160	00443140
00443160	00443700
00443310	00443690
00443310	004c5b76
00443310	00443140
00443310	00443700
004434b0	00443690
004434b0	004c5b76
004434b0	00443140
004434b0	00443700
00443650	004a26b0
00443650	00443140
00443690	004c5b76
00443690	004c5b6a
00443730	004437d0
00443730	004c5b76
004437d0	004c5e70
004437d0	004a5780
004437d0	004a7530
00443810	004c5b6a
00443810	00443830
00443830	004c5e82
00443830	004a75e0
00443830	004c5e7c
00443900	004c5e8e
00443900	004c5e94
00443900	004a59b0
00443900	EXTERNAL:00000190
00443900	EXTERNAL:00000182
00443900	EXTERNAL:0000018a
00443900	EXTERNAL:00000191
00443900	EXTERNAL:00000180
00443ab0	004a26f0
00443ab0	004c5eac
00443ab0	004c5e82
00443ab0	004a7740
00443ab0	0048a980
00443b70	00443b90
00443b70	004c5b6a
00443b90	004c5e82
00443be0	00443c00
00443be0	004c5b6a
00443c00	004c5e82
00443c70	00443d20
00443c70	00476320
00443d20	004c60a6
00443d20	00472f30
00443d20	00472f60
00443d20	004732f0
00443d20	00443f80
00443d20	00476400
00443d20	EXTERNAL:000000e6
00443d20	0044eba0
00443f80	00474010
00443f80	00472f30
00443f80	00472ef0
00443f80	00472f60
00443f80	00443f80
00443f80	00476400
00443f80	004472c0
00443f80	004443e0
00443f80	00484960
00443f80	00404e80
00443f80	00473370
00443f80	00444310
00444310	00472ef0
00444310	00472f60
00444310	00443f80
00444310	004472c0
00444310	00484960
00444310	00473370
004443e0	004737e0
004443e0	00473970
004443e0	00472ef0
004443e0	00472f60
004443e0	00443f80
004443e0	004472c0
004443e0	00484960
004443e0	00473b10
004443e0	00473cc0
004444b0	004c60a6
004444b0	00444890
004444b0	00472f30
004444b0	00472f60
004444b0	004732f0
004444b0	00476400
004444b0	EXTERNAL:000000e6
004444b0	0044eba0
004444b0	00404e80
00444890	004473e0
00444890	00474010
00444890	00444890
00444890	00472f30
00444890	00472ef0
00444890	00472f60
00444890	00444d10
00444890	00444c50
00444890	00476400
00444890	00404e80
00444890	00473370
00444890	00484e00
00444c50	004473e0
00444c50	00444890
00444c50	00472ef0
00444c50	00472f60
00444c50	00473370
00444c50	00484e00
00444d10	004473e0
00444d10	004737e0
00444d10	00444890
00444d10	00473970
00444d10	00472ef0
00444d10	00472f60
00444d10	00473b10
00444d10	00473cc0
00444d10	00484e00
00444de0	00444e90
00444de0	00472670
00444e90	004c60a6
00444e90	00445650
00444e90	00472f30
00444e90	00472f60
00444e90	004732f0
00444e90	EXTERNAL:000000e6
00444e90	0044eba0
00444e90	004455f0
00444e90	00404e80
004455f0	00445650
004455f0	00476400
00445650	00445c20
00445650	00445650
00445650	00445a00
00445650	00472f30
00445650	00484fc0
00445650	00472ef0
00445650	00445b20
00445650	00472f60
00445650	00476400
00445650	00447540
00445650	00404e80
00445650	00473370
00445a00	00445650
00445a00	00484fc0
00445a00	00472ef0
00445a00	00472f60
00445a00	00447540
00445a00	00473370
00445b20	00474010
00445b20	00445650
00445b20	00484fc0
00445b20	00472ef0
00445b20	00472f60
00445c20	004737e0
00445c20	00473970
00445c20	00445650
00445c20	00484fc0
00445c20	00472ef0
00445c20	00472f60
00445c20	00447540
00445c20	00473b10
00445c20	00473cc0
00445d40	00445f60
00445d40	00472f30
00445d40	00446440
00445d40	00472f60
00445d40	004732f0
00445d40	00476400
00445d40	0044eba0
00445d40	00404e80
00445f60	004c60a6
00445f60	00446440
00445f60	EXTERNAL:000000e6
00446440	00474010
00446440	00472f30
00446440	00446970
00446440	00472ef0
00446440	00446880
00446440	00446440
00446440	00472f60
00446440	00476400
00446440	004476f0
00446440	00404e80
00446440	00473370
00446440	00487350
00446880	00472ef0
00446880	00446440
00446880	00472f60
00446880	004476f0
00446880	00473370
00446880	00487350
00446970	004737e0
00446970	00473970
00446970	00472ef0
00446970	00446440
00446970	00472f60
00446970	004476f0
00446970	00473b10
00446970	00473cc0
00446970	00487350
00446a80	00449480
00446a80	00448760
00446a80	00452650
00446a80	00472f30
00446a80	004726d0
00446a80	00450790
00446a80	00446f60
00446a80	00472f60
00446a80	00443c50
00446a80	004732f0
00446a80	00476400
00446a80	00443c60
00446a80	004747d0
00446a80	00404e80
00446a80	EXTERNAL:00000118
00446a80	00444e90
00446a80	00446ed0
00446a80	0044eba0
00446a80	004481b0
00446f60	00449480
00446f60	00448760
00446f60	00452650
00446f60	00472f30
00446f60	004726d0
00446f60	00446f60
00446f60	00472f60
00446f60	00443c50
00446f60	004732f0
00446f60	00476400
00446f60	00443c60
00446f60	004747d0
00446f60	00404e80
00446f60	EXTERNAL:00000118
00446f60	00444e90
00446f60	004481b0
004472c0	00448920
004473e0	00448920
00447540	00448920
00447540	00485380
004476f0	00487540
004476f0	00448920
004478c0	EXTERNAL:00000116
004478c0	0044ed90
004478c0	00404e80
00447980	00453b10
00447980	00452ab0
00447980	00447b60
00447980	0044db00
00447980	00450240
00447980	00404e80
00447980	00453110
00447a70	EXTERNAL:00000112
00447a70	00404e80
00447b60	00447a70
00447b60	0044f000
00447b60	0044ed60
00447b60	0044e920
00447b60	00404e80
00447bc0	00447bc0
00447bc0	00404e80
00447c60	00452c60
00447c60	00404e80
00447d20	00404e80
00447d70	00404e80
00447dc0	EXTERNAL:0000010d
00447dc0	EXTERNAL:00000116
00447dc0	00404e80
00447e30	00404e80
00447e60	00483ad0
00447e60	00482700
00447e60	0044ed90
00447e60	00404e80
00447e60	004826f0
00447f00	00404e80
00447f30	EXTERNAL:00000112
00447f30	0044eed0
00447f30	0044ed90
00447f30	00404e80
00447fe0	EXTERNAL:00000112
00447fe0	0044eed0
00447fe0	00404e80
00447fe0	0044ee10
00448090	0044eed0
00448090	0044ed90
00448090	00404e80
00448100	00404e80
00448140	00404e80
00448180	00404e80
004481b0	00404e80
004481f0	00404e80
00448230	00404e80
00448270	00404e80
004482b0	00404e80
004482f0	00404e80
00448330	00404e80
00448360	00404e80
004483a0	00404e80
004483f0	00452920
004483f0	00454310
004483f0	004510e0
004483f0	EXTERNAL:00000116
004483f0	004622f0
004483f0	004484d0
004483f0	00404e80
004483f0	00453b40
004483f0	0044db10
004483f0	00449c90
004484d0	00449b40
004484d0	EXTERNAL:000000e0
004484d0	0044ed90
00448570	0044fe50
00448570	00453b80
00448570	EXTERNAL:00000116
00448570	00404e80
00448570	00452970
00448570	004531c0
00448570	0044db60
00448570	0044f870
00448570	00449cd0
00448570	00454000
00448570	00452b80
00448570	00454320
00448570	004622f0
00448570	00451240
00448660	00449b40
00448660	0044ed90
00448660	00404e80
00448760	00404e80
004487c0	00474870
004487c0	00404e80
00448920	00473230
00448920	00474870
00448920	00473240
00448920	00404e80
00448cc0	004491b0
00448cc0	00474010
00448cc0	00448e90
00448cc0	00472f30
00448cc0	00450530
00448cc0	00472f60
00448cc0	004732f0
00448cc0	00404e80
00448cc0	00449420
00448e90	00450840
00448e90	00450a70
00448e90	00450f60
00448e90	00451240
00448e90	00404e80
00448e90	004487c0
00448e90	0044ee10
004491b0	00404e80
004491b0	004487c0
00449420	00483ad0
00449420	00404e80
00449480	00474010
00449480	0044eb50
00449480	00473250
00449480	EXTERNAL:00000116
00449480	004622f0
00449480	00404e80
00449480	00473370
00449480	00473210
004497b0	00449480
004497b0	00472f30
004497b0	00472f60
004497b0	004732f0
00449850	00449480
00449850	00472f30
00449850	00472f60
00449850	004732f0
00449850	004747d0
00449850	004497b0
004498e0	00449480
004498e0	00472f30
004498e0	00472f60
004498e0	004732f0
004498e0	00474d10
004498e0	00474d90
004498e0	004747d0
00449ab0	00404e80
00449af0	00404e80
00449b40	00449b40
00449be0	004478c0
00449be0	0044ed90
00449be0	00476320
00449be0	00404e80
00449be0	EXTERNAL:000000d0
00449c90	004484d0
00449c90	00404e80
00449cd0	00448660
00449cd0	00404e80
00449d20	00404e80
00449dd0	00404e80
00449ea0	00449f50
00449ea0	00404e80
00449f50	0044d990
00449f50	0044ed90
00449fb0	00449f50
00449fb0	00404e80
0044a060	00404e80
0044a0f0	00449f50
0044a0f0	00404e80
0044a1a0	00449f50
0044a1a0	00404e80
0044a250	00404e80
0044a2f0	00404e80
0044a380	00404e80
0044a410	00404e80
0044a580	00404e80
0044a610	00404e80
0044a760	00404e80
0044a7f0	00404e80
0044a870	00404e80
0044a910	00404e80
0044a980	00404e80
0044a9f0	0044aa30
0044a9f0	00404e80
0044aa30	0047a0c0
0044aa30	0047a1d0
0044aa30	0044abf0
0044abf0	00449480
0044abf0	00473230
0044abf0	00473e60
0044abf0	004732f0
0044abf0	004a2950
0044abf0	004a2e70
0044abf0	00474e10
0044ada0	00474010
0044ada0	00452650
0044ada0	00478c70
0044ada0	00472ef0
0044ada0	00472f60
0044ada0	00448920
0044ada0	0044c0e0
0044af60	00474010
0044af60	00452650
0044af60	00478c70
0044af60	00472ef0
0044af60	00472f60
0044af60	00448920
0044af60	0044c0e0
0044b140	00474010
0044b140	00452650
0044b140	00478c70
0044b140	00472ef0
0044b140	00472f60
0044b140	00448920
0044b140	0044c0e0
0044b300	00452650
0044b300	00472f30
0044b300	00476080
0044b300	00476040
0044b300	00472ef0
0044b300	00472f60
0044b300	00476400
0044b300	0044c0e0
0044b300	00476700
0044b300	0044b300
0044b300	00478c70
0044b300	00476070
0044b300	00448920
0044b300	00473370
0044b710	00452650
0044b710	00478c70
0044b710	00472ef0
0044b710	00472f60
0044b710	00448920
0044b710	0044c0e0
0044b710	00473370
0044b8c0	00473690
0044b8c0	00452650
0044b8c0	00478c70
0044b8c0	00476080
0044b8c0	00472ef0
0044b8c0	00472f60
0044b8c0	00476070
0044b8c0	00448920
0044b8c0	0044c0e0
0044bea0	00452650
0044bea0	00478c70
0044bea0	00448920
0044bea0	0044c0e0
0044bfb0	00452650
0044bfb0	00478c70
0044bfb0	00448920
0044bfb0	0044c0e0
0044c0e0	0044b710
0044c0e0	0044b300
0044c0e0	0044b140
0044c0e0	0044ada0
0044c0e0	00476400
0044c0e0	0044b8c0
0044c0e0	0044af60
0044c0e0	0044bea0
0044c0e0	0044bfb0
0044c0e0	EXTERNAL:00000114
0044c1b0	004c60a6
0044c230	00404e80
0044c230	0044c1b0
0044c3c0	00473970
0044c3c0	00472f30
0044c3c0	00450790
0044c3c0	00487900
0044c3c0	00472f60
0044c3c0	004732f0
0044c3c0	0044c230
0044c3c0	EXTERNAL:00000116
0044c3c0	00404e80
0044c3c0	004737e0
0044c3c0	004879c0
0044c3c0	00478c70
0044c3c0	004622f0
0044c3c0	00473b10
0044c3c0	00473cc0
0044c8e0	00473970
0044c8e0	00450650
0044c8e0	00472f30
0044c8e0	00487900
0044c8e0	00472f60
0044c8e0	004732f0
0044c8e0	0044c230
0044c8e0	EXTERNAL:00000116
0044c8e0	00404e80
0044c8e0	004737e0
0044c8e0	004879c0
0044c8e0	00478c70
0044c8e0	004622f0
0044c8e0	00473b10
0044c8e0	00473cc0
0044ce70	00476170
0044ce70	00476180
0044ce70	0044c8e0
0044ce70	0044a9f0
0044ce70	0044aa30
0044ce70	0044c0e0
0044ce70	0044c3c0
0044ce70	004761d0
0044ce70	00476700
0044ce70	EXTERNAL:0000010c
0044d200	0044c0e0
0044d240	0044d200
0044d240	0044ce70
0044d260	00404e80
0044d320	0044ec80
0044d320	0044e300
0044d320	0044e270
0044d3a0	0049a490
0044d3a0	00472f60
0044d3a0	00451540
0044d3a0	004a75e0
0044d3a0	00443c70
0044d3a0	00479ce0
0044d3a0	004bef70
0044d3a0	00476320
0044d3a0	0049a920
0044d3a0	0044d320
0044d3a0	00451560
0044d3a0	0044ec90
0044d3a0	00472f30
0044d3a0	00449e80
0044d3a0	0044a870
0044d3a0	0044a9f0
0044d3a0	0044d240
0044d3a0	0049a2b0
0044d3a0	0048d7a0
0044d3a0	0049a8b0
0044d3a0	0049b1a0
0044d3a0	00490600
0044d3a0	00451770
0044d3a0	00490590
0044d3a0	00490710
0044d600	0049afb0
0044d600	00472f60
0044d600	00443c50
0044d600	00451540
0044d600	004a74d0
0044d600	004a75e0
0044d600	0049a9c0
0044d600	00443c70
0044d600	00479ce0
0044d600	004bef70
0044d600	00476320
0044d600	0044d320
0044d600	00451560
0044d600	0044ec90
0044d600	0049aa30
0044d600	00472f30
0044d600	004a6750
0044d600	00449e80
0044d600	0044a870
0044d600	0044a9f0
0044d600	0044d240
0044d600	00443c60
0044d600	0049a8b0
0044d600	004a74f0
0044d600	00451770
0044d600	004c60a6
0044d600	00444e90
0044d990	0044d990
0044d9e0	0044d990
0044d9e0	0044ed90
0044d9e0	00404e80
0044daa0	0044d9e0
0044daa0	004478c0
0044daa0	00404e80
0044daa0	EXTERNAL:000000d0
0044db10	004484d0
0044db10	00404e80
0044db60	00448660
0044db60	00404e80
0044dbb0	00404e80
0044dc30	00404e80
0044dd90	00404e80
0044de10	00404e80
0044de80	00404e80
0044df00	0044d990
0044df00	0044ed90
0044df00	00404e80
0044dfd0	00404e80
0044e030	0044d990
0044e030	0044ed90
0044e030	00404e80
0044e110	00404e80
0044e170	0044d990
0044e170	0044ed90
0044e170	00404e80
0044e270	00404e80
0044e300	0044d990
0044e300	0044ed90
0044e300	00404e80
0044e3d0	0044d990
0044e3d0	0044ed90
0044e3d0	00404e80
0044e4f0	0044d990
0044e4f0	0044ed90
0044e4f0	00404e80
0044e5b0	00404e80
0044e630	EXTERNAL:000000d0
0044e6d0	EXTERNAL:00000112
0044e700	0044e690
0044e920	0044eea0
0044e920	0044e700
0044ea70	0044ec80
0044ea70	0044eaa0
0044eaa0	0044e920
0044eb00	00448cc0
0044eb00	0044eed0
0044eb00	0044eb00
0044eb50	0044eb50
0044eb50	0044eb00
0044eb50	0044e920
0044eba0	0044eb50
0044ebe0	0044e920
0044ebe0	004541c0
0044ec30	00453bd0
0044ec30	0044e920
0044ec80	0044ec30
0044ec80	0044ebe0
0044ec80	0044eba0
0044ecb0	EXTERNAL:000000dc
0044ed60	0044e630
0044ed90	0044e630
0044ed90	0044ee10
0044ee10	0044e630
0044ee10	0044ee10
0044eea0	00447a70
0044eea0	0044e690
0044f000	0044eed0
0044f000	EXTERNAL:00000116
0044f000	004622f0
0044f120	0044f1d0
0044f120	0044e920
0044f120	00404e80
0044f120	0044ec90
0044f1d0	00447f00
0044f1d0	EXTERNAL:00000112
0044f1d0	00452ab0
0044f1d0	004820f0
0044f1d0	00453b80
0044f1d0	0044fe50
0044f1d0	00404e80
0044f1d0	00482710
0044f1d0	00452970
0044f1d0	004531c0
0044f1d0	00453b10
0044f1d0	0044db60
0044f1d0	0044f870
0044f1d0	00449cd0
0044f1d0	00447e60
0044f1d0	00454000
0044f1d0	00451410
0044f1d0	00452b80
0044f1d0	0044db00
0044f1d0	00454320
0044f1d0	00450240
0044f1d0	00451640
0044f1d0	00451240
0044f1d0	00453110
0044f630	0044ed50
0044f630	0044d600
0044f630	0044d3a0
0044f630	EXTERNAL:00000114
0044f690	0044ed50
0044f6f0	0044f690
0044f740	0044f690
0044f7a0	004903f0
0044f7a0	EXTERNAL:000000dc
0044f7a0	004478c0
0044f7a0	0044ed90
0044f7a0	00404e80
0044f7a0	EXTERNAL:000000d0
0044f7a0	00447980
0044f870	00448660
0044f870	00404e80
0044f8b0	00404e80
0044f930	00404e80
0044f9c0	00404e80
0044fa40	00404e80
0044fad0	00404e80
0044fb40	00404e80
0044fbd0	00404e80
0044fcf0	00404e80
0044fcf0	00490710
0044fdd0	004478c0
0044fdd0	0044ed90
0044fdd0	00404e80
0044fdd0	EXTERNAL:000000d0
0044fdd0	00447980
0044fe50	00448660
0044fe50	00404e80
0044fe90	00404e80
0044ff10	00404e80
0044ff90	004a6b80
0044ff90	004a6d40
0044ff90	00404e80
00450030	EXTERNAL:000000e0
00450030	0044ee10
004500b0	004525d0
004500b0	004487c0
004501c0	004478c0
004501c0	0044ed90
004501c0	EXTERNAL:000000d0
00450240	EXTERNAL:00000112
00450240	00450e40
00450240	00447b60
004502b0	00447dc0
004502b0	004510e0
004502b0	EXTERNAL:00000116
004502b0	004622f0
004502b0	0044daa0
004502b0	0044eba0
004502b0	00451240
004502b0	0044db10
00450510	004502b0
00450530	00476260
00450530	0049b1e0
00450530	004762f0
00450530	004500b0
00450530	004076f0
00450530	004762b0
00450530	004762a0
00450530	00476170
00450530	004762c0
00450530	00476190
00450530	004761e0
00450530	00476220
00450530	0044ec90
00450650	004c60a6
00450650	EXTERNAL:000000e6
00450790	004c60a6
00450840	004c60a6
00450a00	00404e80
00450a70	00450030
00450a70	00404e80
00450c60	004c60a6
00450c60	004525d0
00450c60	00450e40
00450c60	EXTERNAL:000000d0
00450e40	EXTERNAL:00000112
00450f20	00404e80
00450f60	00449b40
00450f60	00450030
00450f60	EXTERNAL:000000e0
004510e0	00450840
004510e0	00450f60
004510e0	004487c0
00451240	00450030
00451240	00448660
00451240	00404e80
00451360	EXTERNAL:000000e0
00451410	EXTERNAL:00000116
00451410	004622f0
00451540	00487a30
00451560	00453880
00451590	EXTERNAL:000000e0
00451640	EXTERNAL:00000116
00451640	004622f0
00451770	00452dc0
004517a0	00450ba0
004517a0	00450be0
004517a0	00450bc0
004517a0	00450b90
004517a0	00450b80
004517a0	004c0010
004518b0	00404e80
004518e0	00451a00
00451900	EXTERNAL:0000011c
00451900	004bffe0
00451a00	EXTERNAL:00000112
00451a00	0044e6d0
00451a00	0044f120
00451a00	00454360
00451a60	00451a60
00451a60	00448570
00451a60	00447e60
00451a60	004820f0
00451a60	00404e80
00451a60	00447980
00451b20	00447f00
00451b20	00447e60
00451b20	00483a60
00451b20	00482270
00451bd0	004482f0
00451bd0	00447c60
00451bd0	00451b20
00451bd0	00448230
00451bd0	00448360
00451bd0	00404e80
00451bd0	00448090
00451bd0	00447d20
00451bd0	00447d70
00451bd0	00447dc0
00451bd0	00448100
00451bd0	00447f30
00451bd0	004483a0
00451bd0	004481b0
00451bd0	004482b0
00451bd0	00448330
00451f70	00449be0
00451f70	00449e90
00451f70	0044a610
00451f70	00451bd0
00451f70	0044a870
00451f70	00449ea0
00451f70	0044a0f0
00451f70	00449dd0
00451f70	00404e80
00451f70	0044a2f0
00451f70	00452400
00451f70	00449c90
004520c0	00404e80
004520e0	00404e80
00452100	00451bd0
00452100	0044df00
00452100	0044e300
00452100	0044de80
00452100	0044daa0
00452100	0044e030
00452100	00404e80
00452100	0044dd90
00452100	00452400
00452100	0044db10
00452100	0044e4f0
00452230	00404e80
00452250	004542a0
00452250	00451bd0
00452250	00454310
00452250	00454340
00452250	00404e80
00452250	00454330
00452250	00452400
004523c0	00404e80
004523e0	00404e80
00452400	004520e0
00452400	004520c0
00452400	00452230
00452400	004523e0
00452400	00451f70
00452400	004523c0
00452400	00452100
00452400	00404e80
00452400	00452250
00452500	00404e80
00452500	00452400
00452560	00404e80
00452560	00452400
00452770	00452770
00452810	00452810
00452860	004841b0
00452860	00452860
004528a0	004528b0
004528a0	0046de50
004528b0	004528b0
004528b0	004841f0
004528e0	004826d0
004528e0	004528e0
00452920	004484d0
00452920	00404e80
00452970	00448660
00452970	00404e80
004529c0	00447c60
004529c0	004478c0
004529c0	0044ed90
004529c0	00404e80
004529c0	EXTERNAL:000000d0
00452ab0	EXTERNAL:00000112
00452ab0	004a1270
00452ab0	00447b60
00452ab0	EXTERNAL:00000116
00452ab0	004622f0
00452ab0	00404e80
00452ab0	0049fda0
00452b80	00448660
00452b80	00404e80
00452bc0	EXTERNAL:0000010d
00452bc0	EXTERNAL:00000116
00452bc0	004a0990
00452bc0	00404e80
00452c60	004a1270
00452c60	00404e80
00452c60	0049fda0
00452d00	00404e80
00452d60	00404e80
00452dc0	00449ab0
00452dc0	0049fcf0
00452dc0	004a2a30
00452dc0	0049f960
00452dc0	00452ec0
00452dc0	00404e80
00452dc0	004a1250
00452ec0	00449480
00452ec0	00472f30
00452ec0	00472f60
00452ec0	004732f0
00452fd0	00447c60
00452fd0	004478c0
00452fd0	0044ed90
00452fd0	00404e80
00452fd0	EXTERNAL:000000d0
00453110	EXTERNAL:00000112
00453110	00447b60
00453110	EXTERNAL:00000116
00453110	004622f0
00453110	00404e80
004531c0	00448660
004531c0	00404e80
00453200	00404e80
00453250	00404e80
004532a0	00404e80
004532f0	00404e80
00453350	00404e80
004533b0	00404e80
00453400	EXTERNAL:00000116
00453400	00404e80
00453500	00404e80
00453560	00404e80
004535c0	00404e80
00453620	00449480
00453620	00472f30
00453620	00472f60
00453620	004732f0
00453620	00474d10
00453880	00474710
00453880	00472ef0
00453880	00472f90
00453880	00453620
00453880	00472f60
00453880	00404e80
00453a40	00404e80
00453aa0	0049b5a0
00453aa0	00404e80
00453b10	00447b60
00453b10	00404e80
00453b40	004484d0
00453b40	00404e80
00453b80	00448660
00453b80	00404e80
00453bd0	00453c90
00453bd0	00453d20
00453bd0	0044ed90
00453bd0	00404e80
00453d20	004c60a6
00453ee0	004478c0
00453ee0	0044ed90
00453ee0	00404e80
00453ee0	EXTERNAL:000000d0
00453f40	EXTERNAL:000000e0
00453f40	004484d0
00453f40	00404e80
00454000	00448660
00454000	00404e80
004540c0	00404e80
00454100	00404e80
00454140	00404e80
00454180	00404e80
004541c0	00404e80
004542a0	004478c0
004542a0	EXTERNAL:000000d0
00454320	00448660
004543a0	00454370
004543f0	00454370
004543f0	EXTERNAL:000000e0
004543f0	EXTERNAL:0000010a
004543f0	00404e80
004544b0	00454370
004544b0	EXTERNAL:0000010a
004544b0	004543f0
004544b0	00404e80
00454890	EXTERNAL:000000c9
00454890	EXTERNAL:00000112
00454890	00481570
00454890	EXTERNAL:0000011c
00454890	004544b0
00454890	EXTERNAL:0000010a
00454890	EXTERNAL:000000cd
00454890	00404e80
00454a50	EXTERNAL:000000c9
00454a50	00454890
00454a50	0044eea0
00454a50	0046d360
00454a50	004815c0
00454a50	EXTERNAL:0000010a
00454a50	EXTERNAL:000000cd
00454a50	00404e80
00454a50	EXTERNAL:00000115
00454a50	EXTERNAL:00000113
00454a50	00480600
00454bf0	EXTERNAL:000000dd
00454bf0	004543d0
00454bf0	00404e80
00454c60	0044ff90
00454c60	00450b20
00454c60	0044a410
00454c60	00454bf0
00454c60	0044ed90
00454c60	004543d0
00454c60	00404e80
00454c60	0044a2f0
00454c60	00450af0
00454c60	00450530
00454c60	EXTERNAL:0000011c
00454c60	00450b40
00454c60	EXTERNAL:000000dd
00454c60	00450ae0
00454c60	EXTERNAL:000000d0
00454c60	00450b60
00455350	004815a0
00455350	00454c60
00455350	EXTERNAL:0000011c
00455350	EXTERNAL:000000dd
00455350	EXTERNAL:000000e0
00455350	00404e80
00455520	EXTERNAL:000000c9
00455520	00481fa0
00455520	004808c0
00455520	00404e80
00455520	EXTERNAL:00000115
00455520	004556a0
00455520	00455350
00455520	0046d420
004556a0	EXTERNAL:000000dd
004556a0	00404e80
004556a0	EXTERNAL:00000115
004556a0	EXTERNAL:00000113
00455730	004557a0
00455730	EXTERNAL:00000115
00455730	004556a0
004557a0	EXTERNAL:000000c9
004557a0	00447f00
004557a0	00454370
004557a0	00447e60
004557a0	004820f0
004557a0	EXTERNAL:000000dd
004557a0	00481aa0
004557a0	004557a0
004557a0	00404e80
004558f0	00455dd0
004558f0	004a75e0
004558f0	0048d030
004558f0	EXTERNAL:000000e0
004558f0	00404e80
004558f0	0048cf80
004558f0	00481100
004558f0	EXTERNAL:0000011c
004558f0	00481220
004558f0	0046d4d0
004558f0	0048cf70
004558f0	0046d810
004558f0	0048cdc0
004558f0	00481040
004558f0	EXTERNAL:000000c8
004558f0	00481050
004558f0	00458aa0
004558f0	004bffe0
004558f0	EXTERNAL:000000c7
004558f0	00481260
004558f0	004076f0
004558f0	0045ff10
004558f0	00480c40
004558f0	00480ca0
004558f0	0048cfb0
004558f0	004812b0
004558f0	0048ce40
004558f0	0046de50
004558f0	EXTERNAL:000000d0
00455dd0	00481420
00455dd0	00480c40
00455dd0	0046d4d0
00455dd0	00480ca0
00455dd0	0046d810
00455e40	EXTERNAL:00000112
00455e40	00457ae0
00455e40	004076f0
00455ea0	EXTERNAL:00000112
00455ea0	0046af20
00455ef0	00481530
00455ef0	00456010
00455ef0	004575f0
00455ef0	00456450
00455ef0	00457840
00455ef0	004564b0
00455ef0	0046ae40
00455ef0	00404e80
00455ef0	00481540
00455ef0	00455ea0
00456010	00458ae0
00456010	00450790
00456010	00458ac0
00456010	004563d0
00456010	00455ea0
004563d0	EXTERNAL:0000011c
004563d0	0046af00
00456450	EXTERNAL:00000112
00456450	0046b1f0
004564b0	00458ae0
004564b0	EXTERNAL:00000112
004564b0	00447dc0
004564b0	0046a770
004564b0	EXTERNAL:0000011c
004564b0	004820f0
004564b0	0046af40
004564b0	0044db00
00456ad0	EXTERNAL:00000112
00456ad0	0046af20
00456b20	00481530
00456b20	004570e0
00456b20	00457140
00456b20	004575f0
00456b20	00456c80
00456b20	00456ad0
00456b20	00457840
00456b20	0046ae40
00456b20	0045dc70
00456b20	00404e80
00456b20	00481540
00456c50	00456b20
00456c80	00458ae0
00456c80	00450790
00456c80	00458ac0
00456c80	00456ad0
00456c80	00457040
00457040	EXTERNAL:0000011c
00457040	0046af00
004570e0	EXTERNAL:00000112
004570e0	0046b1f0
00457140	00458ae0
00457140	EXTERNAL:00000112
00457140	00447dc0
00457140	0046a770
00457140	EXTERNAL:0000011c
00457140	00447e60
00457140	0046af40
004575f0	00457d90
00457660	00457cc0
004576a0	004c60e0
004576e0	EXTERNAL:0000019b
004576e0	00457e80
004576e0	EXTERNAL:0000019c
004576e0	004c5b6a
00457750	00447f00
00457750	00448570
00457750	00455730
00457750	00450a00
00457750	00447e60
00457750	004820f0
00457750	004588c0
00457750	00447980
00457750	0044ecf0
00457840	0040bdf0
00457840	004c5b76
00457840	00458a70
00457840	004c5b6a
00457840	00458a30
00457ae0	00457e80
00457b40	EXTERNAL:00000116
00457b40	004c0010
00457cc0	EXTERNAL:0000019b
00457cc0	004c5b76
00457cc0	EXTERNAL:0000019c
00457d90	EXTERNAL:0000019b
00457d90	EXTERNAL:0000019c
00457d90	00458970
00457d90	004585a0
00457e80	EXTERNAL:0000019b
00457e80	EXTERNAL:0000019c
00457e80	00458510
00457e80	004588c0
00457e80	00457fe0
00457e80	004c5b6a
00457fe0	EXTERNAL:0000019b
00457fe0	EXTERNAL:0000019c
00457fe0	004588c0
00457fe0	004c5b6a
00458510	EXTERNAL:0000019b
00458510	EXTERNAL:0000019c
00458510	00458510
00458510	004c5b6a
004585a0	EXTERNAL:0000019b
004585a0	004c5b76
004585a0	EXTERNAL:0000019c
004585a0	0040c1c0
004588c0	EXTERNAL:0000019b
004588c0	EXTERNAL:0000019c
00458970	EXTERNAL:0000019b
00458970	EXTERNAL:0000019c
00458b50	0045d7b0
00458c10	0044df00
00458c10	0044e300
00458c10	0044dfd0
00458c10	00474d10
00458c10	0044e030
00458ce0	0044df00
00458ce0	0044e300
00458ce0	0044dfd0
00458ce0	00474d10
00458ce0	0044e030
00458e10	0049fcf0
00458e10	0049f960
00458e10	004497b0
00458eb0	00449850
00458eb0	00461f00
00458f70	0045e380
00458f70	00447c60
00458f70	00451590
00458f70	00451640
00458f70	00452d00
00458f70	004497b0
00459080	00447c60
00459080	00449850
00459080	004532a0
00459080	004532f0
00459080	004535c0
00459080	00453400
00459080	004533b0
00459080	00453350
00459080	00453560
00459080	0045e4a0
00459080	00453200
00459080	00451410
00459080	00451360
00459080	00453aa0
00459080	00453250
00459280	0045e4a0
00459280	00453500
00459280	00453a40
00459280	00453400
00459280	00453aa0
00459510	00450af0
00459510	00450b20
00459510	00450b40
00459510	00450ae0
00459580	0044a610
00459580	0044a580
00459580	0044a870
00459580	0044a760
00459580	0044a410
00459580	0044a380
00459580	0044a2f0
004596c0	0044a610
004596c0	0044a580
004596c0	0044a870
004596c0	0044a760
004596c0	0044a410
004596c0	0044a380
004596c0	0044a2f0
004596c0	0044a7f0
00459ae0	00449480
00459ae0	00472f30
00459ae0	00472f60
00459ae0	004732f0
00459ae0	00449ea0
00459ae0	00449fb0
00459ae0	0044e030
00459ae0	0044e110
00459ae0	0044e170
00459ae0	00474e10
00459cb0	0044df00
00459ce0	0044a1a0
00459ce0	00449850
00459ce0	0044e300
00459ce0	0044a0f0
00459ce0	0044e3d0
00459e30	00447c60
00459e70	00449480
00459e70	0044a1a0
00459e70	00474580
00459e70	0044df00
00459e70	00472f30
00459e70	00472f60
00459e70	0045a920
00459e70	004732f0
00459e70	004497b0
00459e70	00448100
00459e70	0044dfd0
00459e70	00473250
00459e70	0049fcf0
00459e70	00449fb0
00459e70	0044e170
00459e70	0044e3d0
0045a920	00443d20
0045a9d0	0044a1a0
0045a9d0	0044df00
0045a9d0	0044e300
0045a9d0	0044dfd0
0045a9d0	00449ea0
0045a9d0	0044a0f0
0045a9d0	00449fb0
0045a9d0	0044e030
0045a9d0	0044e170
0045a9d0	0044e3d0
0045ae90	00475910
0045ae90	00475a80
0045ae90	0044df00
0045ae90	0044e300
0045ae90	00449ea0
0045ae90	0045ae30
0045ae90	0044a0f0
0045ae90	00475b80
0045ae90	0044e030
0045ae90	00474e10
0045b120	0045ae30
0045b120	0045ae90
0045b210	0044de80
0045b210	0044dd90
0045b280	0044de10
0045b280	0044de80
0045b280	0044dd90
0045b3b0	004483f0
0045b410	00448570
0045b440	004842b0
0045b440	00484230
0045b4a0	00449850
0045b4a0	00458ce0
0045b4a0	00458c10
0045b8b0	00449850
0045b8b0	0045df90
0045bc60	0045de00
0045bc60	00449850
0045bc60	0045dcb0
0045bc60	004498e0
0045bc60	0045d7b0
0045bf60	00447c60
0045bf60	00451410
0045bfd0	00447c60
0045bfd0	00451640
0045c040	0045d770
0045c040	00447fe0
0045c040	0045d3d0
0045c100	0045c040
0045c1a0	0045d6b0
0045c310	0045c2f0
0045c3c0	0045c530
0045c3c0	0045c640
0045c530	00444e90
0045c530	00443c50
0045c530	00443c60
0045c530	004481b0
0045c530	004497b0
0045c640	004497b0
0045c710	004c60a6
0045c710	004a6cf0
0045c710	004beee0
0045c920	00472ed0
0045c920	004c60a6
0045c920	00476480
0045c920	004a6720
0045c920	004a6730
0045c920	00449850
0045c920	004bef10
0045c920	0045c640
0045cbc0	004bd280
0045cbc0	004a5bf0
0045cc00	0045bc60
0045cc00	00459e70
0045cc00	0045b210
0045cc00	0045c240
0045cc00	0045b440
0045cc00	0045b410
0045cc00	0045c1a0
0045cc00	0045c6e0
0045cc00	00459ae0
0045cc00	00459e30
0045cc00	0045b3b0
0045cc00	0045c6f0
0045cc00	00404e80
0045cc00	00458eb0
0045cc00	00459280
0045cc00	00459080
0045cc00	0045bb00
0045cc00	0045c2f0
0045cc00	00458e10
0045cc00	0045b4a0
0045cc00	00458f70
0045cc00	00459ce0
0045cc00	0045b8b0
0045cc00	0045a9d0
0045cc00	0045b280
0045cc00	004596c0
0045cc00	00459cb0
0045cc00	0045bbb0
0045cc00	00459580
0045cc00	0045c6b0
0045cc00	0045c920
0045cc00	00459510
0045cc00	0045b120
0045cc00	0045c100
0045cc00	0045c3c0
0045cc00	0045c310
0045cc00	0045c710
0045cc00	0045cbc0
0045d240	0044dfd0
0045d240	0044e110
0045d240	0044e5b0
0045d240	0044e270
0045d310	00447c60
0045d310	0044df00
0045d310	0044e300
0045d310	0044e030
0045d310	0044e4f0
0045d3d0	0045c040
0045d3d0	00447f30
0045d3d0	0045bf60
0045d3d0	0045bfd0
0045d3d0	00451240
0045d570	0045cc00
0045d570	0045ed80
0045d570	0045c2f0
0045d570	0045e730
0045d570	0045c040
0045d570	00447fe0
0045d570	0045d3d0
0045d570	0045d310
0045d6b0	0045d570
0045d6c0	0045c2f0
0045d6c0	004510e0
0045d6c0	00449ab0
0045d6c0	0045d240
0045d770	0045d6b0
0045d7b0	0044e300
0045d7b0	00449ea0
0045d7b0	0045d930
0045d7b0	0044a0f0
0045d7b0	0044e030
0045d7b0	00461970
0045d930	0045db20
0045d930	0045ed80
0045d930	00447dc0
0045d930	0045e730
0045d930	0045d6c0
0045d930	EXTERNAL:00000116
0045d930	0044daa0
0045d930	00447fe0
0045d930	0045d570
0045d930	00448090
0045dc70	0045d7b0
0045dcb0	0044e300
0045dcb0	00449ea0
0045dcb0	0045d930
0045dcb0	0044a0f0
0045dcb0	0044e030
0045dcb0	00461aa0
0045dde0	0045dcb0
0045de00	00461ba0
0045de00	0044e300
0045de00	00449ea0
0045de00	0045d930
0045de00	0044a0f0
0045de00	0044e030
0045df70	0045de00
0045df90	0044e300
0045df90	00449ea0
0045df90	0045d930
0045df90	0044a0f0
0045df90	0044e030
0045df90	00461d00
0045e0b0	0045df90
0045e100	EXTERNAL:000000c8
0045e100	004bffe0
0045e100	EXTERNAL:000000c7
0045e100	EXTERNAL:0000011b
0045e100	0045fe50
0045e210	00404e80
0045e380	0045e280
0045e380	00447dc0
0045e380	004529c0
0045e380	00452bc0
0045e380	EXTERNAL:000000e0
0045e380	00404e80
0045e4a0	00447dc0
0045e4a0	00452fd0
0045e4a0	EXTERNAL:000000e0
0045e4a0	00404e80
0045e4a0	0045e300
0045e5c0	0045e280
0045e5c0	0045e650
0045e5c0	0045e300
0045e5c0	0044ecf0
0045e650	0045e650
0045e6d0	0045ed80
0045e6d0	00452560
0045e730	00447dc0
0045e730	0045e650
0045e730	004529c0
0045e730	00452bc0
0045e730	0045e5c0
0045e730	00452560
0045e730	EXTERNAL:00000116
0045e730	00452fd0
0045e730	0044daa0
0045e730	EXTERNAL:000000d0
0045e730	00404e80
0045e730	00448090
0045ed80	0045e650
0045ed80	00452770
0045ed80	0045e5c0
0045ed80	00404e80
0045efb0	EXTERNAL:00000112
0045efb0	00449ab0
0045efb0	00452560
0045efb0	0045e5c0
0045efb0	00452bc0
0045efb0	004a0990
0045efb0	EXTERNAL:00000115
0045efb0	00404e80
0045efb0	EXTERNAL:00000113
0045efb0	0044ecf0
0045efb0	00447dc0
0045efb0	00452770
0045efb0	EXTERNAL:0000011c
0045efb0	EXTERNAL:000000e7
0045efb0	EXTERNAL:000000dd
0045efb0	0044f740
0045efb0	004529c0
0045efb0	00452fd0
0045efb0	00462280
0045efb0	004a5b20
0045fb30	0045e6d0
0045fb30	00452810
0045fb30	EXTERNAL:00000116
0045fb30	0045d240
0045fb30	00404e80
0045fb30	00448090
0045fb30	004b26b0
0045fb30	00447dc0
0045fb30	0045efb0
0045fb30	004b25a0
0045fb30	0045dcb0
0045fb30	0044daa0
0045fb30	0045d570
0045fd10	004b2630
0045fd10	EXTERNAL:00000112
0045fd10	0045fd10
0045fd10	0044db00
0045fe50	EXTERNAL:00000112
0045fe50	0045fd10
0045fe50	004603d0
0045fef0	0045fe50
00460020	0045e100
00460060	00460330
00460060	0045fef0
00460070	004842f0
00460070	0048c950
00460070	00447c60
00460070	00484330
00460070	00484310
00460070	00404e80
00460070	0044ecf0
00460070	0048cf80
00460070	00484250
00460070	00448100
00460070	0048cfb0
00460070	004826a0
00460070	0046de50
00460070	0048cf70
00460070	00461ec0
00460070	004481b0
00460070	0046d810
00460070	EXTERNAL:000000d0
00460070	0048cdc0
00460070	EXTERNAL:00000114
00460330	EXTERNAL:00000112
00460330	00451a60
00460330	00460020
00460330	0048cb70
00460330	0048ce40
00460330	0048c970
004603d0	EXTERNAL:00000112
00460400	EXTERNAL:00000118
004606d0	00447c60
004606d0	0044df00
004606d0	004603d0
004606d0	00460470
004606d0	004543d0
004606d0	0045d6b0
004606d0	00461840
004606d0	00404e80
004606d0	00461870
004606d0	0045ff10
004606d0	00460480
004606d0	0044e300
004606d0	0045c040
004606d0	0044e030
004606d0	00460ae0
004606d0	0044e4f0
00460ae0	EXTERNAL:00000112
00460ae0	EXTERNAL:0000011c
00460bc0	004c0080
00460bc0	EXTERNAL:0000010d
00460bc0	004c00a0
00460bc0	EXTERNAL:00000116
00460bc0	004543a0
00460bc0	EXTERNAL:0000010a
00460bc0	00452d60
00460f80	00460bc0
00461430	EXTERNAL:0000010d
00461430	0044dfd0
00461430	EXTERNAL:00000116
00461430	004543a0
00461430	0044e110
00461430	004c6100
00461430	004c0010
00461430	0044e5b0
00461430	0044e270
00461840	004543d0
00461840	0045d6b0
00461840	0045ff10
00461870	0045dde0
00461870	0045e0b0
00461870	004543d0
00461870	0045dc70
00461870	0045df70
00461870	0045ff10
00461970	EXTERNAL:0000010d
00461970	00461a90
00461970	004543a0
00461970	00460ae0
00461aa0	EXTERNAL:0000010d
00461aa0	00461a90
00461aa0	004543a0
00461aa0	00460ae0
00461ba0	EXTERNAL:0000010d
00461ba0	00461a90
00461ba0	004543a0
00461ba0	00460ae0
00461d00	EXTERNAL:0000010d
00461d00	00461a90
00461d00	004543a0
00461d00	00460ae0
00461ec0	00447f00
00461ec0	00461ec0
00461f00	00447c60
00461f00	004620d0
00461f00	00447f30
00461f00	00461f50
00461f50	00462050
00461f50	0044df00
00461f50	004483f0
00461f50	0044e300
00461f50	00484230
00462050	004497b0
004620d0	00462130
004620d0	0048ca70
004620d0	0048cc20
00462130	EXTERNAL:0000011c
00462130	00452500
00462130	00461ec0
004622f0	00404e80
00462330	EXTERNAL:0000011e
00462360	EXTERNAL:00000112
00462370	00462570
00462370	EXTERNAL:000001ae
00462370	004a7d70
004624f0	00462570
004624f0	EXTERNAL:000001ae
00462570	EXTERNAL:000001af
00462570	00404e80
004625e0	004626b0
00462630	EXTERNAL:00000112
00462630	00462660
004626b0	004631f0
004626b0	004633c0
004626b0	00463850
004626b0	0046ebd0
004626b0	00463570
004626b0	00404e80
004626b0	0048cf80
004626b0	00462f10
004626b0	EXTERNAL:0000011e
004626b0	004c5b76
004626b0	EXTERNAL:0000010d
004626b0	00463b00
004626b0	0048ce40
004626b0	00463130
004626b0	0048cf70
004626b0	0048cdc0
00462e70	00415aa0
00462e70	004c5b6a
00462e90	0049f960
00462e90	004a0990
00462e90	0049fda0
00462f50	00463120
00462f50	004630e0
00462f50	004630a0
00462f90	004a6810
00462f90	004a6800
00462f90	004a67f0
00462f90	0046f450
00462f90	004a0860
00462f90	004a6820
00462f90	0048d420
00463000	0046fa10
00463000	00471de0
00463000	0049fff0
00463000	004a0500
004630a0	00462f90
004630a0	EXTERNAL:000001aa
004630e0	EXTERNAL:000001aa
004630e0	00463000
00463120	00462660
00463130	EXTERNAL:0000011e
004631d0	004632a0
004631d0	004c5b6a
004631f0	EXTERNAL:0000011e
004631f0	004903f0
004632a0	EXTERNAL:00000112
004632a0	004633a0
00463300	0046d900
004633a0	0046d5a0
004633c0	004a6cf0
00463410	004a6e80
00463440	0048d6d0
00463440	004a6900
00463440	0048f500
00463440	004a68d0
00463440	004a74d0
00463440	004a6840
00463440	0048d7a0
00463440	004a67d0
00463440	004a6770
00463440	004a74f0
00463550	0046d5a0
00463570	EXTERNAL:000000e7
00463570	EXTERNAL:00000116
00463570	004a59e0
00463570	EXTERNAL:000000d0
00463650	004c5b6a
00463650	00463670
00463670	EXTERNAL:00000112
00463790	004c5b76
00463790	004903f0
00463790	00463d50
00463820	004c5b6a
00463820	00463dd0
00463870	004a6810
00463870	004a6800
00463870	004a67f0
00463870	004a6720
00463870	004a6730
00463870	004a6710
00463870	004a6740
00463870	004a6820
00463870	0048d420
00463950	0048ea00
00463950	004a6900
00463950	004a68d0
00463950	004a6840
00463950	004a67d0
00463950	004a6770
004639e0	0048ea00
004639e0	004a6900
004639e0	004a68d0
004639e0	004a6840
004639e0	004a67d0
004639e0	004a6770
00463a70	0048ea00
00463a70	004a6900
00463a70	004a68d0
00463a70	004a6840
00463a70	004a67d0
00463a70	004a6770
00463b00	004c5b76
00463b00	004903f0
00463b00	EXTERNAL:00000116
00463b00	00462330
00463b00	EXTERNAL:000000d0
00463b00	00462540
00463bf0	00463c10
00463bf0	004c5b6a
00463c10	EXTERNAL:00000112
00463c10	00462360
00463c10	004c5b6a
00463cc0	004a6900
00463cc0	004a68f0
00463cc0	0048f500
00463cc0	004a68d0
00463cc0	004624f0
00463cc0	004a6e80
00463cc0	0046d5a0
00463cc0	004a6840
00463cc0	004a68e0
00463d50	EXTERNAL:0000011e
00463d50	004c6390
00463d50	EXTERNAL:0000012d
00463d50	004641a0
00463d50	00463ef0
00463dd0	EXTERNAL:00000112
00463dd0	004a3910
00463dd0	EXTERNAL:0000012f
00463dd0	004c639c
00463dd0	004c6396
00463dd0	004c63a2
00463dd0	004c63a8
00463ef0	004c63ba
00463ef0	004c63c6
00463ef0	004c63ae
00463ef0	004c63c0
00463ef0	004c6396
00463ef0	004a66e0
00463ef0	EXTERNAL:000000d0
00463ef0	004c63b4
00463ef0	00404e80
00463ef0	004c63a2
00463ef0	004a6bb0
004641a0	004c63ba
004641a0	004c63c6
004641a0	004c63cc
004641a0	004c63c0
004641a0	EXTERNAL:000000d0
004641a0	004c63b4
004641a0	00404e80
004641a0	004a3850
004643a0	EXTERNAL:00000124
004643a0	004c63d2
004643a0	004c63cc
004643a0	0049f960
004643a0	00464540
004643a0	00404e80
004643a0	EXTERNAL:00000127
004643a0	004a3620
00464540	004a34e0
00464540	004c63cc
00464540	00404e80
00464540	004a3590
00464680	00467600
00464680	004647d0
00464680	00464b90
00464680	0046a080
00464680	004683a0
00464680	00404e80
00464680	EXTERNAL:000000d0
00464680	00469960
00464790	004647d0
00464790	00464680
004647d0	EXTERNAL:00000112
004647d0	00467630
00464810	00464b30
00464810	00467600
00464810	00467710
00464810	00468470
00464810	004687b0
00464810	00464c90
00464810	00468700
00464810	00469af0
00464810	00464f70
00464810	00469960
00464810	004680b0
00464810	00469b60
00464810	00464b90
00464810	004681a0
00464810	00465ac0
00464810	004683a0
00464810	00469a30
00464810	EXTERNAL:00000114
00464b30	EXTERNAL:00000112
00464b90	004693a0
00464b90	004693c0
00464b90	004676c0
00464b90	00467660
00464b90	EXTERNAL:00000114
00464c90	00464ea0
00464ea0	00468a10
00464f70	00468650
00464f70	00469ca0
00464f70	00468410
00464f70	00404e80
00464f70	EXTERNAL:00000114
00465ac0	00468c40
00465ac0	00469ca0
00465ac0	00467660
00465ac0	00469450
00465ac0	00468580
00465ac0	00468410
00465ac0	00469560
00465ac0	00404e80
00465ac0	EXTERNAL:00000114
00467600	EXTERNAL:000000d0
00467630	EXTERNAL:00000112
00467660	EXTERNAL:000000e0
004676c0	00467660
004676c0	00404e80
00467710	004676c0
00467710	00404e80
00467710	0046a1f0
00467710	EXTERNAL:00000114
004680b0	00469430
004681a0	004682c0
004681a0	00404e80
004682c0	00467660
004682c0	EXTERNAL:00000114
00468580	00469e50
00468580	00467660
00468580	EXTERNAL:00000114
00468650	00467660
00468650	00468410
00468650	00404e80
00468700	EXTERNAL:000000e0
004687b0	00467660
004687b0	00469d60
004687b0	EXTERNAL:00000114
00468c40	00467660
00468c40	00468fa0
00468c40	EXTERNAL:00000114
00468fa0	00468a10
004693a0	00468410
00469a30	004693a0
00469a30	004693c0
00469a30	00469ae0
0046a080	00469e50
0046a130	00469e50
0046a130	00469e90
0046a1f0	00404e80
0046a690	004c60a6
0046a690	00480c40
0046a690	00480ca0
0046a690	EXTERNAL:0000011b
0046a770	0046a690
0046a770	00483610
0046a770	00476320
0046a770	00404e80
0046a7f0	EXTERNAL:0000011c
0046a7f0	0046a8e0
0046aa40	EXTERNAL:0000011c
0046aa40	0046a600
0046aa40	0046a9c0
0046aab0	EXTERNAL:000000e0
0046aab0	0046a5e0
0046ab10	EXTERNAL:00000112
0046ab10	004647d0
0046ab40	00469e50
0046ab90	EXTERNAL:000000df
0046ab90	0046ac80
0046ab90	EXTERNAL:000000e0
0046ab90	0046ab40
0046ae40	00447f00
0046ae40	EXTERNAL:00000112
0046ae40	00447e60
0046ae40	004820f0
0046af00	EXTERNAL:0000011c
0046af20	EXTERNAL:00000112
0046af40	00447d70
0046af40	004483f0
0046af40	00447e60
0046af40	0044db00
0046af40	00448180
0046af40	0044daa0
0046af40	00482080
0046af40	00448330
0046b030	EXTERNAL:00000112
0046b030	0046a130
0046b030	0046b650
0046b030	0046a620
0046b030	0046a600
0046b030	0046a9c0
0046b030	00404e80
0046b1f0	00458ae0
0046b1f0	EXTERNAL:00000112
0046b1f0	0046aab0
0046b1f0	0046b550
0046b1f0	0046ab10
0046b1f0	EXTERNAL:000000e0
0046b1f0	00404e80
0046b1f0	0046b030
0046b1f0	EXTERNAL:0000011c
0046b1f0	00464680
0046b1f0	0046aa40
0046b1f0	0046a9c0
0046b1f0	EXTERNAL:000000d0
0046b550	0046b6d0
0046b550	0046bb90
0046b650	EXTERNAL:000000e0
0046b6d0	EXTERNAL:00000112
0046b6d0	00464b30
0046b6d0	0046ab90
0046b6d0	004820f0
0046b6d0	0046c620
0046b6d0	00464670
0046b6d0	0046b650
0046b6d0	0046a620
0046b6d0	0046a600
0046b6d0	0046bb30
0046b6d0	00482080
0046b6d0	00464810
0046b6d0	00404e80
0046b6d0	0046c070
0046b6d0	00464790
0046b6d0	0046c760
0046b6d0	004826a0
0046b6d0	0046a9c0
0046b6d0	0046c720
0046b6d0	0046a5e0
0046b6d0	0046ba90
0046ba90	EXTERNAL:00000112
0046ba90	0046a690
0046ba90	00483610
0046ba90	00404e80
0046ba90	0046a7f0
0046bb30	EXTERNAL:00000112
0046bb30	00483610
0046bb30	0046b650
0046bb90	00464b30
0046bb90	EXTERNAL:00000112
0046bb90	0046b650
0046bb90	0046a620
0046bb90	0046a600
0046bb90	0046a9c0
0046bb90	00464810
0046bb90	00404e80
0046bd50	0046be20
0046bd50	0046bf70
0046bfc0	0046bf70
0046c070	0046bd50
0046c070	EXTERNAL:00000112
0046c070	EXTERNAL:0000011c
0046c070	0046bfc0
0046c070	0046c570
0046c070	0046c390
0046c070	0046bf30
0046c390	0046c3a0
0046c620	0046c5b0
0046c720	EXTERNAL:00000112
0046c760	EXTERNAL:00000112
0046c760	EXTERNAL:0000011c
0046c760	0046c720
0046c760	00404e80
0046c760	0046cb50
0046c760	EXTERNAL:00000114
0046cb50	EXTERNAL:00000112
0046cb50	0046ced0
0046cb50	EXTERNAL:0000011c
0046cb50	EXTERNAL:00000114
0046cb50	0046cb50
0046d360	EXTERNAL:00000112
0046d360	0046d310
0046d360	EXTERNAL:0000011c
0046d360	EXTERNAL:0000010a
0046d360	00404e80
0046d420	EXTERNAL:000000dd
0046d420	00404e80
0046d420	0046d340
0046d5a0	0046ecc0
0046d5d0	EXTERNAL:00000112
0046d5d0	0046d5a0
0046d5d0	0046d780
0046d5d0	0046d6b0
0046d6b0	EXTERNAL:00000112
0046d6b0	0046d730
0046d730	EXTERNAL:00000115
0046d780	EXTERNAL:00000112
0046d780	EXTERNAL:00000115
0046d810	0046d4d0
0046d810	EXTERNAL:000000ca
0046d810	0046e380
0046d870	0046ec20
0046d900	0046d940
0046d900	0046dd30
0046d900	0046d870
0046d940	EXTERNAL:000000c9
0046d940	0046da40
0046d940	0046ef70
0046d940	EXTERNAL:000000d7
0046da40	0046dae0
0046da40	EXTERNAL:00000116
0046da40	EXTERNAL:000000e0
0046dae0	EXTERNAL:00000112
0046dae0	004a5f50
0046dae0	EXTERNAL:0000011c
0046dae0	EXTERNAL:000000dd
0046dae0	EXTERNAL:000000e0
0046dae0	0046e8d0
0046dae0	004a6b90
0046dae0	EXTERNAL:00000115
0046dd30	EXTERNAL:000000c9
0046dd30	EXTERNAL:00000112
0046dd30	0046ef70
0046dd30	EXTERNAL:000000d7
0046de50	00479cc0
0046de50	0046d730
0046de50	0046df50
0046de50	0046ecf0
0046de50	0046d900
0046de50	0046e3e0
0046de50	004902b0
0046df50	004a5f50
0046df50	EXTERNAL:00000116
0046df50	0046dae0
0046df50	EXTERNAL:000000e0
0046e250	0046d5a0
0046e2c0	EXTERNAL:00000119
0046e380	0046e2c0
0046e380	EXTERNAL:000000ca
0046e3e0	0046d4d0
0046e3e0	0046d900
0046e3e0	0046e380
0046e3e0	EXTERNAL:0000010c
0046e3e0	004902b0
0046e4e0	004a6b90
0046e4e0	004a6d40
0046e720	0046e680
0046e720	EXTERNAL:000000e0
0046e720	0046e4e0
0046e8d0	EXTERNAL:000000e0
0046e8d0	0046e4e0
0046e960	0046e680
0046e9b0	EXTERNAL:00000112
0046e9b0	004c60a6
0046e9b0	EXTERNAL:0000011c
0046eb20	004b3380
0046eb20	0046efe0
0046eb90	0046ebb0
0046eba0	0046d550
0046ebb0	004a5cc0
0046ebb0	0046d5d0
0046ebd0	004a5ca0
0046ebd0	004a5ce0
0046ec00	EXTERNAL:0000011c
0046ec40	0046ec20
0046ecc0	EXTERNAL:00000112
0046ecc0	0046ecf0
0046ecf0	EXTERNAL:00000112
0046ed70	0046ec30
0046ed70	0046ec90
0046ed70	EXTERNAL:000000dd
0046ed70	0046ec60
0046ede0	0046ec40
0046ede0	0046ec20
0046ede0	EXTERNAL:0000011c
0046ede0	EXTERNAL:000000dd
0046ede0	0046e8d0
0046ede0	004a6b90
0046ef70	0046ec40
0046ef70	EXTERNAL:0000011c
0046ef70	0046ed70
0046ef70	0046ede0
0046ef70	0046ec00
0046efe0	0046f130
0046efe0	EXTERNAL:0000011c
0046efe0	0046d900
0046efe0	0048ce40
0046efe0	0046ebd0
0046efe0	0048cf70
0046efe0	00404e80
0046efe0	0048cdc0
0046f130	0046f210
0046f260	0046efc0
0046f300	0046f9f0
0046f300	0046f450
0046f300	00472490
0046f300	EXTERNAL:000000d0
0046f420	EXTERNAL:00000112
0046f450	00472490
0046f690	0046fba0
0046f690	00472490
0046fa10	00472490
0046fba0	0046fd20
00470020	EXTERNAL:00000172
00470020	EXTERNAL:0000017e
00470060	004701a0
00470060	EXTERNAL:00000168
004700a0	004c60a6
004700a0	00470020
00470150	00470020
00470180	00470020
004701f0	00470060
004701f0	00470310
004701f0	00470150
00470360	00470310
004703b0	004703c0
004703c0	00470d40
004703c0	004704f0
004703c0	004702e0
004703c0	00470310
004704f0	004c60a6
00470610	004704f0
00470680	004703c0
00470680	00470610
00470680	004702e0
004706c0	00470820
004706c0	EXTERNAL:0000010d
004706c0	EXTERNAL:000000d0
004707a0	EXTERNAL:00000112
00470820	0046f9f0
00470820	00470df0
004708f0	004b2e80
004708f0	004709d0
004708f0	EXTERNAL:000000d0
00470960	EXTERNAL:00000112
004709d0	00470820
004709d0	00470a10
00470ae0	00470ac0
00470ae0	00470ad0
00470cd0	00470b80
00470cd0	EXTERNAL:0000010d
00470cd0	00470c60
00470cd0	00470b20
00470cd0	00470bf0
00470d40	004703a0
00470d40	00470b10
00470db0	004723a0
00470db0	00471730
00470df0	00470a40
00470df0	00470a60
00470df0	0046f9b0
00470eb0	00470a40
00470eb0	004723a0
00470eb0	00470a60
00470eb0	00470aa0
00470eb0	00470a80
00470eb0	004703a0
00470eb0	0046f980
00470f50	EXTERNAL:0000010d
00470f80	EXTERNAL:000000e1
00471040	EXTERNAL:0000010d
00471070	EXTERNAL:0000010d
004710a0	004c5b76
004710a0	004706c0
004710a0	00471640
004710a0	004708f0
004710a0	00471120
004710a0	004715e0
00471660	00471950
00471660	00470960
00471660	004c5b6a
00471660	004707a0
004716b0	00470820
004716c0	004709d0
004716d0	00470a40
004716e0	00470a60
004716f0	00470a80
00471700	00470aa0
00471710	00470ac0
00471720	00470ad0
00471730	00470b00
00471740	00470b10
00471750	00470b20
00471760	00470b80
00471770	00470bf0
00471780	00470c60
00471790	00470cd0
004717c0	00470df0
004717d0	00470eb0
004717e0	00470f50
00471800	00470f80
00471820	00471040
00471840	00471070
00471860	00470820
00471860	004c5b76
00471860	004706c0
00471950	00470820
00471950	004c5b6a
00471950	004707a0
004719f0	00471ab0
00471a00	004c60e0
00471a20	004c5b6a
00471b50	004701f0
00471b50	00471e40
00471b50	00471da0
00471b50	004c7498
00471b50	0046f300
00471b50	00471d20
00471b50	00472490
00471c10	00472280
00471c10	00470360
00471c10	0046f420
00471c50	0046f450
00471c50	00470610
00471c50	00472410
00471cd0	0046f450
00471d20	0046f450
00471d50	00472410
00471da0	00470610
00471de0	004703b0
00471de0	0046f690
00471de0	004722c0
00471e40	00471fb0
00471e40	00471fd0
00471fd0	004721e0
00471fd0	004721a0
00471fd0	00472230
004722c0	00472390
004722c0	00470db0
004722c0	00471fb0
004723d0	004723a0
004723d0	004722c0
004723d0	00472410
00472490	EXTERNAL:00000116
00472490	00404e80
004729b0	00402f60
004729f0	00472960
004729f0	00402f60
00472a10	00472cc0
00472f90	00473250
00472fa0	00473250
00472fb0	00472f30
00472fb0	00474de0
00472fb0	00472f90
00472fb0	00472f60
00472fb0	004732f0
00472fb0	00473250
00472fb0	00473b10
00472fb0	00473370
00473060	004759d0
00473060	00472fa0
00473060	00475a80
00473060	00472f30
00473060	004757c0
00473060	00472f90
00473060	00472f60
00473060	00473250
00473060	00474e10
00473060	00473370
004731f0	00472f90
004731f0	00473370
00474010	00473370
00474580	00474f40
00474c20	00474bc0
00474c20	00472fa0
00474c20	00472f30
00474c20	00472f60
00474e10	00474de0
00474e10	00474ec0
00474e10	00474f40
00474fc0	004c60a6
00475070	00402f60
00475210	00402f60
00475c40	004b3380
00475c40	00476320
00475e60	00475fa0
00475e70	EXTERNAL:0000011c
00475e70	00480ae0
00475f60	004820f0
00475fa0	EXTERNAL:00000112
00475fa0	00475f60
00475fa0	00480f10
00475ff0	00404e80
004760d0	00404e80
004762c0	004a7220
004762f0	0049b1e0
00476480	00472f30
00476480	00472f90
00476480	00474b20
00476480	00472f60
004766a0	004803b0
00476700	00472ed0
00476700	004c60a6
00476700	00472f30
00476700	00472f90
00476700	00474b20
00476700	00472f60
00476700	00491dd0
00476a50	0049b350
00476a50	00487c50
00476a50	00489540
00476cf0	00472fb0
00476cf0	00499c40
00476cf0	00472f60
00476cf0	0047af60
00476cf0	00489920
00476cf0	00499ec0
00476cf0	0047dfb0
00476cf0	00488d60
00476cf0	004744f0
00476cf0	00481140
00476cf0	00474b70
00476cf0	0049a830
00476cf0	00476a50
00476cf0	004731f0
00476cf0	004896d0
00476cf0	00499930
00476cf0	0049b780
00476cf0	00499a20
00476cf0	00487f10
00476cf0	0047aa80
00476cf0	00472f30
00476cf0	00474b20
00476cf0	00499a00
00476cf0	00479020
00476cf0	00490330
00476cf0	004747d0
00476cf0	0047cdc0
00476cf0	0047a200
00476cf0	004803b0
00476cf0	004c60a6
00476cf0	0049b530
00476cf0	00473060
00476cf0	00499990
00477b30	00472fb0
00477b30	00472f60
00477b30	0047efd0
00477b30	0047d3f0
00477b30	004744f0
00477b30	00481140
00477b30	00474b70
00477b30	0049a830
00477b30	0047a4e0
00477b30	00476a50
00477b30	0047e900
00477b30	004731f0
00477b30	0047bd30
00477b30	00487f10
00477b30	0047aa80
00477b30	0047b540
00477b30	00472f30
00477b30	00474b20
00477b30	00479020
00477b30	00402f60
00477b30	00489a90
00477b30	004747d0
00477b30	0047a200
00477b30	004803b0
00477b30	004c60a6
00477b30	00473060
00477b30	004c6100
00478fc0	004791c0
00479020	00474b20
00479020	00474b70
00479020	0049a830
004791c0	004c60a6
004791c0	EXTERNAL:000000e6
004791c0	EXTERNAL:000000e5
00479660	004c60a6
00479660	00479c80
00479ce0	0044f930
00479ce0	004a6810
00479ce0	00474400
00479ce0	004a6800
00479ce0	004743e0
00479ce0	004accc0
00479ce0	0044fa40
0047a0c0	00473970
0047a0c0	00472f30
0047a0c0	00472ef0
0047a0c0	004745e0
0047a0c0	00472f60
0047a0c0	004732f0
0047a0c0	00473b10
0047a1d0	00474710
0047a1d0	00472f30
0047a1d0	00472f60
004804e0	EXTERNAL:000000ea
004804e0	EXTERNAL:000000e8
00480600	EXTERNAL:00000112
00480600	0046d310
00480600	EXTERNAL:0000011c
00480600	EXTERNAL:000000e0
00480600	EXTERNAL:0000010a
00480600	00404e80
004808c0	EXTERNAL:0000011c
004808c0	EXTERNAL:000000dd
004808c0	EXTERNAL:000000e0
004808c0	004a6d40
004808c0	00404e80
004808c0	0046d340
00480ae0	00480c40
00480ae0	EXTERNAL:0000011c
00480bf0	00404e80
00480ca0	00480d20
00480ca0	004812b0
00480d80	00480dc0
00480dc0	EXTERNAL:00000112
00480dc0	004805b0
00480ec0	EXTERNAL:00000112
00480f10	EXTERNAL:00000112
00480f10	00480d80
00480f10	00480ec0
00480f80	0046e250
00480fd0	0046ecf0
00481050	EXTERNAL:000000e0
00481050	0046d4c0
00481140	004c60a6
00481140	00404e80
00481220	00404e80
00481260	00404e80
004812c0	EXTERNAL:0000011c
004812c0	00404e80
004812c0	EXTERNAL:000000d0
00481460	004804e0
00481460	EXTERNAL:0000011c
00481460	0048ce40
00481460	0048cdc0
004815c0	EXTERNAL:00000112
004815c0	EXTERNAL:000000c9
004815c0	EXTERNAL:0000011c
004815c0	EXTERNAL:0000010a
004815c0	004805b0
004815c0	EXTERNAL:000000cd
004815c0	00404e80
00481aa0	EXTERNAL:000000c9
00481aa0	00481bc0
00481aa0	00481c50
00481aa0	004820f0
00481aa0	EXTERNAL:000000dd
00481aa0	00482080
00481aa0	00404e80
00481bc0	EXTERNAL:000000dd
00481bc0	00404e80
00481c50	004c60a6
00481c50	EXTERNAL:0000011c
00481c50	EXTERNAL:000000dd
00481c50	004a6cf0
00481c50	00404e80
00481c50	004805e0
00481fa0	00481bc0
00481fa0	00481c50
00481fa0	EXTERNAL:0000011c
00481fa0	EXTERNAL:000000dd
00481fa0	EXTERNAL:000000e0
00481fa0	00404e80
00482080	00404e80
004820f0	00482160
00482160	EXTERNAL:00000112
00482270	EXTERNAL:00000112
00482270	004826d0
00482270	EXTERNAL:0000011c
00482270	00480c80
00482270	004812b0
00482270	004826b0
00482270	EXTERNAL:000000e0
00482270	00482080
00482270	EXTERNAL:000000d0
00482720	EXTERNAL:00000116
00482720	004622f0
00482720	EXTERNAL:000000e0
00482860	EXTERNAL:00000116
00482860	004622f0
00482860	EXTERNAL:000000e0
00482a10	EXTERNAL:00000116
00482a10	004622f0
00482a10	EXTERNAL:000000e0
00482b40	00482c60
00482db0	00482e30
00482fe0	00483650
00483240	00483650
00483240	00404e80
00483510	004c60a6
00483510	EXTERNAL:000000e6
00483610	00483650
00483650	00483240
00483650	00482a10
00483650	EXTERNAL:000000e0
00483650	00404e80
00483650	00482b40
00483650	004843b0
00483650	EXTERNAL:0000011c
00483650	00482db0
00483650	00482fe0
00483650	EXTERNAL:000000e6
00483650	00483510
00483650	00482860
00483650	00482720
00483a60	00480c80
00483ad0	00483b80
00483ad0	00483e60
00483b80	004744f0
00483e60	00483b80
00483f80	EXTERNAL:00000112
00483f80	EXTERNAL:0000011c
00483f80	EXTERNAL:000000e0
004841b0	00480f60
004841f0	00480f80
00484250	00481050
00484250	EXTERNAL:00000116
00484250	EXTERNAL:00000114
004842f0	00481220
00484310	00481260
00484330	00481100
004843b0	00475070
004843b0	00402f60
004843b0	00484860
00484960	004744f0
00484960	004856d0
00484b70	00475070
00484e00	00484b70
00484e00	004744f0
00484fc0	004857f0
00484fc0	004744f0
00484fc0	00485d10
00485380	004857f0
004856d0	00475070
004857f0	00475070
00485d10	00475070
00485d10	00475130
00485d10	00479c90
00486290	00475070
004869a0	00475070
004869a0	00475130
004869a0	00479c80
004869a0	00479c90
00487350	004869a0
00487350	00486290
00487350	004744f0
00487540	00486290
00487900	00402f60
00487a30	00404e80
00487c50	00404e80
00487c50	004894f0
00487f10	004a7220
00487f10	004a73a0
00487f10	00499a00
00487f10	0049b5a0
00487f10	00490330
00487f10	00402f60
00487f10	004a7250
00487f10	004727a0
00487f10	004a7330
00487f10	0049b4c0
00487f10	00499930
00487f10	0049b710
00487f10	004c6100
00487f10	00499990
00487f10	004894f0
00488d60	004c60a6
00488d60	0049b4c0
00488d60	0049b5a0
00488d60	00402f60
00488d60	00490330
00488d60	0049b710
00488d60	0049b780
00488d60	004c6100
00488d60	004727a0
00488d60	004894f0
00489540	00473fc0
004896d0	00473fc0
004896d0	00490330
00489920	00473fc0
00489a90	004a7330
00489a90	004a7220
00489a90	00473fc0
00489d00	0048c950
00489d00	004c5b76
00489d00	0048c0a0
00489d00	0048bf40
00489d00	0048b730
00489e10	0048a030
00489e10	EXTERNAL:00000112
00489e10	0048b7f0
00489e10	00489fa0
00489e10	0048c120
00489e10	00489f30
00489e10	0048c970
00489e10	004c5b6a
00489f30	EXTERNAL:00000112
00489f30	0048cb70
00489fa0	EXTERNAL:00000112
00489fa0	004c5b6a
0048a030	004c5b6a
0048a0d0	0048c250
0048a0d0	00489fa0
0048a130	0048a0d0
0048a140	0048c250
0048a180	0048a140
0048a180	0048b7f0
0048a180	0048c250
0048a180	0048b730
0048a180	EXTERNAL:0000010c
0048a220	0048cc60
0048a220	0048c250
0048a220	00489f30
0048a2c0	0048cb30
0048a2e0	0048cb30
0048a310	0048c250
0048a350	0048c250
0048a350	EXTERNAL:000000dc
0048a350	EXTERNAL:00000114
0048a410	EXTERNAL:00000112
0048a410	EXTERNAL:0000011e
0048a410	0048c250
0048a410	EXTERNAL:0000011c
0048a410	0048a350
0048a520	0048a350
0048a520	0048cb30
0048a520	EXTERNAL:00000165
0048a980	0048c250
0048a9c0	004c5b76
0048a9c0	EXTERNAL:0000010d
0048a9c0	0048c250
0048a9c0	0048a310
0048a9c0	00489f80
0048a9c0	0048b940
0048a9c0	0048ae70
0048a9c0	EXTERNAL:00000165
0048acf0	0048c250
0048ad30	0048c250
0048ad70	0048c250
0048ae10	0048c250
0048ae70	0048c200
0048ae70	0048afe0
0048ae70	EXTERNAL:000000e0
0048ae70	00404e80
0048afa0	0048ba60
0048afa0	EXTERNAL:0000010d
0048afe0	004c5b76
0048afe0	EXTERNAL:0000010d
0048afe0	0048c200
0048afe0	00489f80
0048afe0	0048b9e0
0048afe0	0048b860
0048afe0	00404e80
0048b3a0	EXTERNAL:0000011e
0048b3a0	0040bdf0
0048b3a0	004c5b76
0048b3a0	0042a9d0
0048b3a0	0040c190
0048b3a0	0048bf10
0048b3a0	0040c1c0
0048b3a0	004c5b6a
0048b3a0	EXTERNAL:000000d0
0048b5e0	EXTERNAL:0000011e
0048b5e0	EXTERNAL:0000011c
0048b5e0	0048ca30
0048b730	EXTERNAL:00000001
0048b730	0048c250
0048b730	EXTERNAL:00000002
0048b730	00404e80
0048b7f0	EXTERNAL:00000003
0048b860	EXTERNAL:00000112
0048b860	0048ba60
0048b860	EXTERNAL:0000011c
0048b860	00489f80
0048b860	0048b9d0
0048b860	0048c080
0048b860	0048b940
0048b860	00489f70
0048b9a0	0048ba60
0048b9e0	0048ba60
0048b9e0	004c5b6a
0048bbe0	EXTERNAL:00000112
0048bbe0	EXTERNAL:0000011e
0048bbe0	0048be10
0048bbe0	EXTERNAL:0000011c
0048bbe0	0048a180
0048bbe0	0048be70
0048bbe0	EXTERNAL:000000d0
0048bbe0	EXTERNAL:00000125
0048be10	004c63ea
0048be70	00489f30
0048bee0	EXTERNAL:00000112
0048bf40	004c5b6a
0048bfb0	004c5b76
0048bfe0	004c60e0
0048c060	0048acf0
0048c060	0048ad70
0048c080	0048ad30
0048c080	0048ae10
0048c0a0	004c5b76
0048c120	004c5b6a
0048c250	EXTERNAL:00000116
0048c250	00404e80
0048c7d0	0048c950
0048c7d0	0048c800
0048c800	0048c820
0048c800	EXTERNAL:0000011c
0048c820	0048c950
0048c820	0048c9a0
0048c890	EXTERNAL:00000112
0048c890	0048c8e0
0048c890	0048c970
0048c8e0	0048c800
0048c950	EXTERNAL:0000011c
0048c970	EXTERNAL:00000112
0048c970	0048cb70
0048c9c0	0048c9a0
0048c9c0	0048ca10
0048ca10	0048c8e0
0048ca30	0048c9a0
0048ca30	0048ca10
0048ca70	0048cae0
0048ca70	0048cb00
0048cae0	0048c820
0048cb70	0048cae0
0048cc50	0048cbd0
0048cc70	0048c950
0048cc70	0048cca0
0048cca0	004a5ca0
0048cca0	004a5ce0
0048cca0	004a5e10
0048cce0	004a5ca0
0048cce0	004a5ce0
0048cd10	004a5cc0
0048cd10	0048c970
0048cd10	0048d2c0
0048cd40	004a5cc0
0048cd40	004a5e50
0048cd40	004a5ca0
0048cd40	004a5c20
0048cda0	EXTERNAL:0000011c
0048cdc0	EXTERNAL:000000d8
0048cdc0	0048cda0
0048cdc0	0048d1c0
0048cdc0	0048d080
0048ce40	EXTERNAL:00000112
0048ce40	0048ce60
0048ce60	EXTERNAL:00000112
0048ce60	0048ce60
0048cec0	0048cec0
0048cf70	0048cec0
0048cf80	0048cf70
0048cfb0	0048cf70
0048d030	0048cf70
0048d080	EXTERNAL:0000011c
0048d080	0048d080
0048d080	00404e80
0048d080	EXTERNAL:00000140
0048d080	004a6110
0048d1c0	004a6630
0048d1c0	0048cc60
0048d1c0	0048cb30
0048d210	004a61d0
0048d210	004c5b76
0048d210	0048ca30
0048d210	004a61b0
0048d210	004c5b6a
0048d210	004a6190
0048d2c0	004a62b0
0048d2c0	0048cb70
0048d2c0	004a61b0
0048d2c0	0048ca30
0048d2c0	004c5b6a
0048d340	004a6810
0048d340	004a6800
0048d340	EXTERNAL:0000011c
0048d340	EXTERNAL:0000011b
0048d3e0	EXTERNAL:00000112
0048d6d0	004acd00
0048d7a0	004c60a6
0048d7a0	0048d510
0048d7a0	004a6bb0
0048d910	004c60a6
0048d910	EXTERNAL:0000011b
0048d910	004a6b90
0048daf0	004c60a6
0048daf0	0048da60
0048daf0	004c6100
0048e380	004a6bb0
0048e670	004a6bb0
0048e870	004a6bb0
0048ea00	0048e870
0048ea00	0048e670
0048ea00	0048e380
0048ec90	0048ed60
0048ed60	004c60a6
0048f500	004a67f0
0048f500	004a69e0
0048fd80	004904d0
0048fd80	0049b1e0
0048fd80	004b3380
0048ff60	0048d3e0
0048ff70	0048ff80
0048ff70	0048d340
0048ff80	00490480
0048ff80	004a6bd0
0048ff80	004b3050
0048ff80	0049e140
0048ff80	004a6b90
0048ff80	004a6bb0
00490520	00490590
00490520	EXTERNAL:000000d0
00490590	004927d0
00490610	00490710
00490780	EXTERNAL:00000112
00491dd0	004907c0
00493df0	00499130
00494af0	00499130
00495850	004753e0
00495850	00499130
00495850	0046e960
004969d0	004753e0
004969d0	00499130
00497ac0	004753e0
00497ac0	00499130
00498c40	004c60a6
00498c40	00491dd0
00498cb0	004c60a6
00498fb0	00499020
00499130	0046e290
00499930	0046e720
00499930	004c60a6
00499990	00499930
00499a00	0046e720
00499a20	00492000
00499a20	00404e80
00499c40	004c60a6
00499c40	004969d0
00499c40	00404e80
00499ec0	00495850
00499ec0	004c60a6
00499ec0	004969d0
00499ec0	00404e80
00499ec0	0046e960
0049a2b0	00493df0
0049a2b0	00497ac0
0049a2b0	00492f00
0049a2b0	00494af0
0049a490	00493df0
0049a490	00495850
0049a490	00497ac0
0049a490	004c60a6
0049a490	00492000
0049a490	00492f00
0049a490	004969d0
0049a490	00494af0
0049a8c0	00498cb0
0049a920	00498c40
0049aa30	00474c20
0049aa90	00499c40
0049afb0	0049b020
0049b020	0049aa90
0049b1a0	0049afb0
0049b1e0	004a7220
0049b1e0	004c60a6
0049b1e0	0049e0e0
0049b350	004c60a6
0049b350	0049e0e0
0049b350	004a7300
0049b5a0	004c60a6
0049b5a0	0049e0e0
0049b5a0	004a7250
0049cbb0	004c6100
0049cea0	004c6100
0049da80	004c6100
0049ddb0	004c6100
0049e400	0049e200
0049e560	0049e300
0049f620	004a3c20
0049f620	0049fda0
0049f6d0	0049f830
0049f6d0	0049f6f0
0049f6f0	EXTERNAL:00000112
0049f6f0	004a3ef0
0049f6f0	EXTERNAL:0000011c
0049f6f0	EXTERNAL:000000e0
0049f830	EXTERNAL:00000112
0049f830	EXTERNAL:0000011c
0049f830	EXTERNAL:000000e0
0049f960	0049fcf0
0049f960	004a5230
0049f9a0	004c60a6
0049fa10	0049f9a0
0049fa10	0049fbb0
0049fa10	0049fa60
0049fa60	004a3ef0
0049fa60	0049f6d0
0049fa60	004a2a30
0049fa60	0049fa00
0049fa60	004a07a0
0049fbb0	004a4330
0049fbb0	0049f6d0
0049fbb0	004a2a30
0049fbb0	004a07a0
0049fcf0	0049fa10
0049fcf0	004a53d0
0049fd50	0049fa10
0049fda0	004a3ef0
0049fda0	004a4330
0049fda0	004a51f0
0049fec0	004a3ef0
0049fec0	004a4330
0049fff0	004a0e90
0049fff0	004c5b76
0049fff0	004a0300
0049fff0	004a08d0
0049fff0	004a0900
0049fff0	004a07c0
004a0380	004a3ef0
004a0380	0049fa00
004a0400	004a4330
004a0490	004c60a6
004a0490	004a0400
004a0490	004a0380
004a0500	0049fda0
004a0590	004a0490
004a05f0	004c5b6a
004a0670	0049fff0
004a0670	0049fa00
004a0670	004a07a0
004a07c0	004c5b76
004a0830	004c60e0
004a0860	004a0c40
004a0860	004a0920
004a0870	004a0e40
004a0870	004a0920
004a0880	004a0c00
004a0880	004c5b6a
004a0990	004a0ec0
004a0990	004a44c0
004a09e0	EXTERNAL:0000011e
004a09e0	0040bdf0
004a09e0	004c5b76
004a09e0	0040c190
004a09e0	0048bf10
004a09e0	0040c1c0
004a09e0	004c5b6a
004a09e0	EXTERNAL:000000d0
004a0c00	EXTERNAL:00000112
004a0c00	004a0e40
004a0c40	004a61d0
004a0c40	004a5e50
004a0c40	004c5b76
004a0c40	004a62b0
004a0c40	004a5440
004a0c40	004a61b0
004a0c40	004a0fb0
004a0c40	004c5b6a
004a0c40	004a6190
004a0c40	004a5c20
004a0c40	004a53f0
004a0c40	004a2ea0
004a0e40	004a3690
004a0fb0	004c5b76
004a0fb0	004a5600
004a0fb0	004a5440
004a0fb0	004c5b6a
004a0fb0	004a53f0
004a0fb0	004a2ea0
004a10e0	004c60a6
004a10e0	004a4330
004a11d0	0049f9a0
004a11d0	004a2a30
004a12c0	004b3380
004a13d0	004a5cc0
004a13d0	004a24d0
004a13d0	004a1f40
004a13d0	004a0880
004a13d0	0048ce40
004a13d0	004a50a0
004a13d0	004a3d20
004a1420	004a1d10
004a1420	004a1510
004a1420	004a1e50
004a1420	0048d030
004a1420	00404e80
004a1420	0048cdc0
004a1420	004a1420
004a1420	004a1870
004a1510	004a0e90
004a1510	004a4530
004a1510	004c5b76
004a1510	004a5ca0
004a1510	004a5ce0
004a1510	0048cfb0
004a1510	004a09e0
004a1510	0048cf70
004a1510	004a20d0
004a1510	004a2e80
004a1510	0048cf80
004a1870	004a0e90
004a1870	EXTERNAL:0000011e
004a1870	004a4530
004a1870	004c5b76
004a1870	004a5ca0
004a1870	004a5ce0
004a1870	0048cfb0
004a1870	004a09e0
004a1870	0048cf70
004a1870	004a20d0
004a1870	004a2e80
004a1870	0048cf80
004a1d10	EXTERNAL:00000001
004a1d10	004a3ef0
004a1d10	EXTERNAL:000000dc
004a1d10	EXTERNAL:00000002
004a1e50	004a4330
004a1e50	004c63d8
004a1f40	004a24d0
004a1f40	004a0880
004a1f40	EXTERNAL:00000003
004a1f40	004a50a0
004a2020	004c5b76
004a2050	004c60e0
004a20d0	EXTERNAL:000001a9
004a20d0	EXTERNAL:0000011e
004a20d0	004a24d0
004a20d0	004c5b76
004a20d0	EXTERNAL:000001ab
004a20d0	004a2490
004a20d0	EXTERNAL:000001ae
004a20d0	EXTERNAL:000001ac
004a20d0	004a3ea0
004a24d0	EXTERNAL:00000112
004a24d0	004a26f0
004a24d0	EXTERNAL:000001ae
004a24d0	004c5b6a
004a25e0	004a2750
004a25e0	004a2600
004a2600	EXTERNAL:000001ae
004a2600	004a3ea0
004a26b0	004a25e0
004a26f0	004a2490
004a26f0	EXTERNAL:000001ae
004a26f0	004a3ea0
004a2750	004a2490
004a2750	EXTERNAL:000001ae
004a2750	004a3ea0
004a27f0	004a27d0
004a27f0	EXTERNAL:000001ac
004a27f0	004a3ea0
004a2880	EXTERNAL:000001ad
004a2880	004a27d0
004a2880	004a3ea0
004a2a30	004a2b40
004a2a30	004a2a70
004a2a70	0049fa00
004a2a70	004a07a0
004a2b40	004c60a6
004a2b40	004a4330
004a2b40	004a07a0
004a2ea0	004a3180
004a2ea0	004a2ec0
004a2ec0	004a3ef0
004a2ec0	EXTERNAL:0000011c
004a3180	004a4330
004a3180	EXTERNAL:0000011c
004a3180	00404e80
004a34e0	004a3ef0
004a34e0	004a4330
004a3590	004a3ef0
004a3590	004a4330
004a3690	EXTERNAL:00000112
004a3850	EXTERNAL:00000112
004a3850	004a5440
004a3850	EXTERNAL:000000d0
004a3850	004a53f0
004a3850	004a2ea0
004a3910	EXTERNAL:00000112
004a3910	004a3690
004a3940	004c5b76
004a39a0	004c60e0
004a3a80	004c5b76
004a3ad0	004c60a6
004a3ad0	004c5b76
004a3ad0	0049fa00
004a3ad0	0049fda0
004a3c20	004c5b6a
004a3c20	004a3ad0
004a3d20	004a3a80
004a3d20	004a3e90
004a3d20	004a3e50
004a3d20	004c5b6a
004a3d20	0049fda0
004a3e50	004c5b6a
004a3ea0	EXTERNAL:000001af
004a3ea0	EXTERNAL:00000114
004a3ef0	EXTERNAL:00000116
004a3ef0	00404e80
004a4330	EXTERNAL:00000116
004a4330	00404e80
004a44c0	0048cbd0
004a4530	0048c950
004a4530	0048c9c0
004a4530	004a4590
004a4590	004a49b0
004a4590	004c60a6
004a4590	EXTERNAL:000000e0
004a4590	EXTERNAL:000000d0
004a4590	00404e80
004a49b0	004a49b0
004a49b0	004c60a6
004a49b0	EXTERNAL:000000d0
004a49b0	00404e80
004a4c40	004a5020
004a4c40	004a4ea0
004a4c40	004a4cb0
004a4c40	004a4fd0
004a4cb0	004a4d10
004a4d10	EXTERNAL:0000011b
004a4ea0	0049fcf0
004a4ea0	0049f960
004a4ea0	004a0990
004a4fd0	004a4d10
004a5050	0048cbd0
004a5050	0048c9c0
004a5050	0048ca70
004a50a0	EXTERNAL:00000112
004a50a0	0048cb70
004a50a0	00447f30
004a50a0	0044db00
004a50a0	0048c970
004a50a0	004518f0
004a51f0	0048cbd0
004a5230	004a5250
004a5250	0048cbd0
004a5250	004a5350
004a5250	0048c9c0
004a5250	0048cb70
004a5250	EXTERNAL:0000011c
004a5250	004a4cb0
004a5350	0048c950
004a5350	0044daa0
004a5350	00447fe0
004a53d0	004a5250
004a53f0	EXTERNAL:0000011e
004a53f0	004a5540
004a5440	004a55c0
004a5440	EXTERNAL:00000112
004a5540	004a5460
004a5540	004a5c50
004a5540	EXTERNAL:000000dd
004a5540	EXTERNAL:000000d0
004a5540	EXTERNAL:00000115
004a5540	EXTERNAL:00000113
004a55c0	EXTERNAL:00000112
004a5600	004a6670
004a5600	004a5460
004a5600	EXTERNAL:000000d0
004a5670	004a59d0
004a56d0	004a59d0
004a5780	EXTERNAL:00000142
004a5780	EXTERNAL:000000ec
004a5780	EXTERNAL:000000e4
004a5780	EXTERNAL:00000114
004a5980	EXTERNAL:000000ed
004a5980	EXTERNAL:0000012e
004a5980	004076f0
004a59e0	EXTERNAL:0000014c
004a59e0	EXTERNAL:000000e7
004a59e0	EXTERNAL:00000116
004a59e0	EXTERNAL:0000014b
004a5ad0	EXTERNAL:00000121
004a5ad0	EXTERNAL:00000122
004a5b00	EXTERNAL:0000014e
004a5b40	004a5bf0
004a5b40	004a5b20
004a5b60	EXTERNAL:00000132
004a5b60	EXTERNAL:0000010d
004a5b60	EXTERNAL:00000130
004a5bf0	004a5b60
004a5c20	EXTERNAL:000000ee
004a5c50	EXTERNAL:000000c9
004a5c50	EXTERNAL:000000cd
004a5ca0	0048c950
004a5ca0	004a5ce0
004a5cc0	004a5e10
004a5cc0	0048c970
004a5ce0	EXTERNAL:000000d5
004a5ce0	EXTERNAL:00000112
004a5ce0	EXTERNAL:0000011e
004a5ce0	0048c950
004a5ce0	0048c9c0
004a5ce0	0048cc50
004a5ce0	004a5c40
004a5df0	004a5cc0
004a5e10	EXTERNAL:00000112
004a5e10	0048cb70
004a5e50	0048cbd0
004a5e50	EXTERNAL:000000d8
004a5e50	EXTERNAL:00000116
004a5f50	004a5e50
004a5f50	EXTERNAL:00000113
004a5f90	EXTERNAL:00000116
004a6070	EXTERNAL:00000116
004a6100	004a5df0
004a6110	EXTERNAL:0000011c
004a6110	EXTERNAL:00000140
004a61b0	EXTERNAL:00000112
004a61b0	004a62b0
004a61d0	EXTERNAL:00000132
004a61d0	EXTERNAL:0000012a
004a61d0	EXTERNAL:0000013f
004a61d0	004a63f0
004a61d0	EXTERNAL:00000130
004a61d0	00404e80
004a6270	EXTERNAL:0000013f
004a62b0	004a6360
004a62b0	EXTERNAL:0000012c
004a62b0	004a6330
004a62f0	EXTERNAL:000000e0
004a6330	EXTERNAL:00000112
004a6360	EXTERNAL:00000144
004a6360	EXTERNAL:00000141
004a63f0	EXTERNAL:00000144
004a63f0	004a62f0
004a63f0	EXTERNAL:00000146
004a63f0	EXTERNAL:00000140
004a64d0	EXTERNAL:00000144
004a64d0	EXTERNAL:0000010d
004a64d0	004a62f0
004a64d0	EXTERNAL:00000141
004a64d0	EXTERNAL:00000146
004a65d0	EXTERNAL:000000d7
004a6630	004a65d0
004a6630	EXTERNAL:00000144
004a6670	004a65d0
004a6670	EXTERNAL:00000144
004a6670	EXTERNAL:00000140
004a66f0	004a7990
004a6770	00490340
004a6770	004bef50
004a6770	0048d420
004a6840	00490340
004a6840	004bef50
004a6840	0048d420
004a6930	EXTERNAL:00000173
004a6930	EXTERNAL:0000017b
004a6930	EXTERNAL:0000017d
004a6930	EXTERNAL:0000018e
004a6930	EXTERNAL:0000016f
004a6930	EXTERNAL:00000178
004a6930	EXTERNAL:00000150
004a6930	EXTERNAL:0000018f
004a69e0	004a8030
004a69e0	004a7fc0
004a69e0	004ad6a0
004a69e0	004a69c0
004a6d40	004c60a6
004a6e80	0046ec90
004a6e80	004a68f0
004a6e80	EXTERNAL:0000011c
004a6e80	0046ec70
004a6e80	0046ec00
004a6e80	004a68e0
004a6fe0	0046ec90
004a6fe0	EXTERNAL:0000011c
004a6fe0	0046ec00
004a6fe0	004a69c0
004a7490	004a77a0
004a7490	004a8870
004a74d0	004a9ac0
004a74f0	004a9b40
004a7530	004c60e0
004a7530	004a6bf0
004a7530	004a6db0
004a7530	004a77a0
004a7530	004a7b40
004a75f0	004a7740
004a75f0	004a7af0
004a75f0	004a7700
004a75f0	004a77a0
004a75f0	00404e80
004a75f0	EXTERNAL:0000016a
004a7700	EXTERNAL:0000017e
004a7700	EXTERNAL:00000168
004a7740	EXTERNAL:0000016a
004a77a0	004a6b40
004a7af0	004a7990
004a7b40	004a9390
004a7d20	004a6930
004a7d20	004a8800
004a7d40	004a9300
004a7d40	004aa980
004a7fc0	004a8060
004a8030	004a80c0
004a8060	004ad6a0
004a80c0	004ad6a0
004a8100	004ad6a0
004a8160	004ad6a0
004a83d0	004a8500
004a83d0	004ad6a0
004a8500	EXTERNAL:00000112
004a8500	004ad6a0
004a8720	004ad6a0
004a8800	004c63de
004a8800	004ad6a0
004a8870	004a77a0
004a88f0	004a8030
004a88f0	004a88b0
004a88f0	004b3380
004a88f0	004a7fc0
004a88f0	004ad6a0
004a88f0	004a8f80
004a8f80	004a9300
004a8f80	004a6bf0
004a8f80	004ad6a0
004a8f80	00404e80
004a9060	004a8030
004a9060	004a7fc0
004a90e0	004ad6a0
004a9160	004ad6a0
004a91b0	004ad6a0
004a9300	004a9160
004a9300	004a91b0
004a9390	EXTERNAL:000000dc
004a9390	004c63e4
004a9390	004ad6a0
004a93d0	004a9300
004a93d0	EXTERNAL:000000dc
004a93d0	EXTERNAL:0000010d
004a93d0	004ad6a0
004a93d0	004a8800
004a93d0	EXTERNAL:000000e4
004a93d0	004a95e0
004a95e0	EXTERNAL:000000dc
004a95e0	004ad6a0
004a95e0	EXTERNAL:000000e4
004a9ac0	004ad6a0
004a9b40	004ad6a0
004a9c20	004accc0
004a9c20	004ad6a0
004a9c20	004aa9e0
004aa600	004aa6f0
004aa600	004a8160
004aa600	004a8100
004aa980	EXTERNAL:00000112
004aa9d0	EXTERNAL:000000d0
004aab90	004ad6a0
004aab90	00404e80
004aaef0	004ad6a0
004aaef0	00404e80
004ab320	004c60a6
004ab320	004ad6a0
004ab320	00404e80
004ab6d0	004c60a6
004ab6d0	004ad6a0
004ab6d0	00404e80
004abb20	004c60a6
004abb20	004ad6a0
004abb20	00404e80
004ac370	004c60a6
004ac370	004ad6a0
004ac370	00404e80
004acbd0	004ad6a0
004acd00	004c60a6
004ace30	004ad6a0
004ad250	004ad6a0
004ad6a0	EXTERNAL:00000116
004ad6a0	00404e80
004ae380	00402f60
004ae4b0	00452500
004ae4e0	0044db60
004ae4e0	0045d6b0
004ae530	004ae4b0
004ae530	0044db10
004ae590	00448570
004ae590	0044df00
004ae590	0044e300
004ae590	004ae4e0
004ae590	0044e030
004ae660	0045dde0
004ae660	00461f00
004ae660	0045e0b0
004ae660	EXTERNAL:0000011b
004ae660	0045dc70
004ae660	004ae530
004ae660	0045e0d0
004ae660	00472770
004ae660	004483f0
004ae660	004c6130
004ae660	0044e300
004ae660	0049fcf0
004ae660	0044e030
004ae660	0045df70
004ae660	004481b0
004aeaa0	004483f0
004aeaa0	0044e300
004aeaa0	004481b0
004aeaa0	004ae530
004aeb50	00448570
004aeb50	004ae4e0
004aeb50	0045d6b0
004aeb50	004ae590
004aebc0	004aeb50
004aebf0	004aed00
004aebf0	004aeb50
004aed00	004b0a50
004aed00	00447c60
004aed00	004b09d0
004aed00	004b07d0
004aed00	00444de0
004aee40	004b2520
004aee40	00447c60
004aee40	004a10e0
004aee40	004c6130
004aee40	00461f00
004aee40	0049f960
004aee40	EXTERNAL:0000011b
004aee40	0045dc70
004aee40	00453400
004aefb0	00447c60
004aefb0	0045c040
004aefb0	0049f960
004aefb0	0049fda0
004aefb0	004b2570
004af060	004ae380
004af060	004b0a50
004af060	0044df00
004af060	00447c60
004af060	00475210
004af060	004b26f0
004af060	EXTERNAL:0000011b
004af060	004b0980
004af060	004c6320
004af060	0044dd90
004af060	004aebf0
004af060	004b0ca0
004af060	00472770
004af060	00443c70
004af060	00479c50
004af060	004c6130
004af060	0044e300
004af060	004b0f70
004af060	004a10e0
004af060	00448570
004af060	00443c60
004af060	0049f960
004af060	00402f60
004af060	00444de0
004af060	0045d6b0
004af060	004b1030
004af060	00472a10
004af060	004b0e20
004af060	00453560
004af060	004b09d0
004af060	004b07d0
004af060	00472670
004af060	004729b0
004af060	0044e030
004af060	004aed00
004af060	004481b0
004af060	004b0ba0
004af060	004c6100
004af060	0044e170
004af060	004ae590
004b0600	0049f960
004b0620	0049f960
004b0640	0049f960
004b0660	00455ef0
004b0660	EXTERNAL:0000011b
004b0660	00455ed0
004b0710	00456c50
004b0710	00456b00
004b0710	EXTERNAL:0000011b
004b07d0	004b0660
004b07d0	004b0fd0
004b07d0	00461f00
004b07d0	004b0710
004b07d0	004b26f0
004b07d0	0045dc70
004b0980	004b07d0
004b09d0	004481b0
004b09d0	00446a80
004b0a50	004b26f0
004b0ba0	00472860
004b0ba0	004726d0
004b0ba0	00402f60
004b0ca0	004726d0
004b0ca0	004729b0
004b0e20	00479c50
004b0e20	004726d0
004b0e20	004b0fd0
004b0e20	00443c60
004b0e20	00444de0
004b0e20	004b26f0
004b0e20	004481b0
004b0f70	00447c60
004b0f70	0044df00
004b0f70	0044e300
004b0f70	004c6130
004b0f70	0044e030
004b0fd0	0049fcf0
004b0fd0	EXTERNAL:0000011b
004b1030	0049fcf0
004b1030	EXTERNAL:0000011b
004b1090	004bffe0
004b1140	004c0010
004b1180	004b1d90
004b1190	00452810
004b1190	00447c60
004b1190	004a5b40
004b1190	EXTERNAL:00000116
004b1190	00448230
004b1190	004a0990
004b1190	00404e80
004b1190	004b1fa0
004b1190	0045ff10
004b1190	00448090
004b1190	EXTERNAL:0000011e
004b1190	004c60a6
004b1190	00447dc0
004b1190	00448100
004b1190	00447f30
004b1190	0048cf70
004b1190	0044daa0
004b1190	004481b0
004b1190	EXTERNAL:000000d0
004b1190	004b2160
004b1190	0048cdc0
004b1d90	EXTERNAL:00000112
004b1d90	004b21e0
004b1d90	00451a60
004b1d90	0048ce40
004b1ec0	00447dc0
004b1ec0	00447c60
004b1ec0	004483f0
004b1ec0	004b2130
004b1ec0	0044de80
004b1ec0	EXTERNAL:00000116
004b1ec0	EXTERNAL:000000d0
004b1f90	EXTERNAL:00000112
004b1fa0	0048cf70
004b1fa0	004a0990
004b1fa0	00462280
004b1fa0	0044ecf0
004b1fa0	0045ff10
004b2130	00447c60
004b2130	0044daa0
004b2130	0044db10
004b2160	00453560
004b2160	00447dc0
004b2160	00452fd0
004b2160	00453400
004b21e0	00447980
004b2210	004b2520
004b2210	004483f0
004b22d0	00448570
004b22d0	004b21c0
004b22d0	004b2570
004b2300	004b22d0
004b2300	00474fc0
004b2300	00453400
004b2300	00453aa0
004b2520	00453400
004b2520	00451360
004b2520	00453aa0
004b2570	00451410
004b2570	00453400
004b25a0	004b25f0
004b25a0	004482b0
004b25a0	EXTERNAL:000000d0
004b25f0	004b25f0
004b2630	EXTERNAL:00000112
004b2630	004482b0
004b2630	004b2670
004b2670	004b2670
004b26b0	004b25f0
004b26b0	EXTERNAL:000000d0
004b26f0	00479660
004b26f0	0045dc70
004b2960	EXTERNAL:00000197
004b2960	EXTERNAL:00000196
004b2960	EXTERNAL:00000194
004b2960	004c6100
004b2bf0	EXTERNAL:00000195
004b2bf0	EXTERNAL:00000198
004b2bf0	EXTERNAL:00000194
004b2bf0	004c6100
004b2e80	EXTERNAL:00000112
004b2e80	EXTERNAL:0000011e
004b2e80	004b3380
004b2e80	EXTERNAL:000000d0
004b2f50	004c63d8
004b30b0	004b2fc0
004b30b0	004b3210
004b30b0	004b31c0
004b30b0	004b3230
004b30b0	004b3160
004b30b0	004b31f0
004b30b0	004b2f50
004b30b0	004b2fa0
004b30b0	004b3220
004b30b0	004b31b0
004b3160	EXTERNAL:0000010d
004b3160	004b2fe0
004b31b0	004b3420
004b31c0	004b36f0
004b31f0	004b3020
004b31f0	004b2fe0
004b3220	004a7470
004b3230	EXTERNAL:00000145
004b3260	EXTERNAL:0000011e
004b3260	004b30b0
004b32c0	EXTERNAL:00000112
004b3420	004b33f0
004b3420	004b3510
004b3420	004b35a0
004b3420	004b3640
004b3420	004b35f0
004b3420	004b3550
004b3480	004b33f0
004b36f0	004b38e0
004b36f0	004b37f0
004b36f0	004b3420
004b36f0	004b3480
004b36f0	004b3b50
004b37f0	EXTERNAL:00000147
004b37f0	EXTERNAL:00000148
004b38e0	EXTERNAL:0000012b
004b38e0	EXTERNAL:0000014a
004b38e0	EXTERNAL:00000147
004b38e0	EXTERNAL:00000148
004b38e0	EXTERNAL:0000013d
004b3b50	EXTERNAL:0000012b
004b3b50	EXTERNAL:0000014a
004b3b50	004b3ca0
004b3b50	EXTERNAL:0000013d
004b3b50	004b3b20
004b3b50	004b3b00
004b3ce0	004b3d50
004b3ce0	004c5b6a
004b3d00	004b4070
004b3d50	004b3da0
004b3da0	0046d5a0
004b3e30	0046d900
004b3e30	004b3da0
004b3fb0	0048f500
004b4070	004b4190
004b4070	004b4180
004b42f0	004b4390
004b42f0	EXTERNAL:000000f0
004b4370	004c5b6a
004b4390	004c5b76
004b4390	EXTERNAL:0000010d
004b43d0	EXTERNAL:0000010d
004b43d0	004b4420
004b44e0	004b4590
004b4620	004bf840
004b4620	004bf8b0
004b4810	004bf8b0
004b49e0	00404d20
004b49e0	004b42f0
004b49e0	004b4620
004b49e0	004b4ee0
004b4a90	004b4ac0
004b4a90	004c5b6a
004b4ac0	004b50c0
004b4ac0	004b4370
004b4ac0	004b4c50
004b4b50	004b4460
004b4b50	EXTERNAL:00000119
004b4c50	0046f970
004b4c90	004b5900
004b4e40	004b4390
004b4e60	004b4410
004b4e60	004b4420
004b4e60	004b43d0
004b4ed0	004b4410
004b4ee0	0040bdf0
004b4ee0	004b5310
004b4ee0	004b3d00
004b50a0	004b50c0
004b50a0	004c5b6a
004b50c0	004b3d50
004b50c0	004ba4d0
004b50c0	0046d5a0
004b50c0	004c5b6a
004b50c0	004b52f0
004b5310	004b4180
004b5350	004bb710
004b5630	004b3e70
004b5630	0049f960
004b5740	004b3e70
004b5860	004b3e70
004b5900	004b3e70
004b5900	00471c50
004b5900	0049f960
004b5900	0049fda0
004b59f0	004b3e30
004b59f0	004bc7c0
004b59f0	004a5b40
004b59f0	004ba740
004b59f0	004ba510
004b59f0	004a0990
004b59f0	004c5b6a
004b59f0	004bc9b0
004b59f0	004bb540
004b59f0	004c5b76
004b59f0	0046d900
004b59f0	00404cd0
004b59f0	0048cf70
004b59f0	0040c1c0
004b6fc0	004b4ee0
004b7000	004c5b6a
004b7000	004b7020
004b7020	004b50c0
004b7020	004b3e70
004b7020	004c5b6a
004b70c0	004b3e70
004b7210	004b5630
004b7210	0049f960
004b7250	0049fda0
004b7250	004b5860
004b7290	004b72c0
004b7290	004b5900
004b72c0	004b3e70
004b7340	004bc7c0
004b7340	004bb710
004b7340	004a5b40
004b7340	004b59f0
004b7340	004ba740
004b7340	004ba510
004b7340	004babb0
004b7340	00404d20
004b7340	004bb540
004b7340	004c5b76
004b7340	0046d900
004b7340	00404cd0
004b7340	0048cf70
004b7d60	004b4ee0
004b7dc0	004b7de0
004b7dc0	004c5b6a
004b7de0	004b50c0
004b7e60	004b41e0
004b7ee0	004b5900
004b7fd0	004bb540
004b7fd0	004bc7c0
004b7fd0	004c5b76
004b7fd0	004ba740
004b8200	004b3e30
004b8200	004bc7c0
004b8200	004c5b76
004b8200	004b3d00
004b8450	004b4ee0
004b84b0	004b84d0
004b84b0	004c5b6a
004b84d0	004b50c0
004b84d0	0046d5a0
004b8520	0048f500
004b8650	004b5900
004b8760	004b4ee0
004b87a0	004b87c0
004b87a0	004c5b6a
004b87c0	004b50c0
004b87f0	004b5900
004b87f0	004b8cf0
004b8a90	004b3e70
004b8b10	004b4ee0
004b8b40	004b8b60
004b8b40	004c5b6a
004b8b60	004b50c0
004b8be0	004c5b76
004b8be0	004b8cf0
004b8be0	0048cf70
004b8be0	004b8760
004b8cf0	004b8a90
004b8d30	004b6fc0
004b8d30	004ba740
004b90e0	004c60a6
004b90e0	004c6000
004b90e0	004c5b76
004b9540	004c6000
004b9540	004b3380
004b9540	004bc510
004b9540	004bf980
004b9710	004b9730
004b9710	004c5b6a
004b9730	004bfa20
004b9740	004b9760
004b9740	004c5b6a
004b9760	004bfa20
004b9760	0046d5a0
004b9760	004bc540
004b9760	004c5ec0
004b9850	0042ee40
004b9850	004ba3a0
004b9850	0049f960
004b9850	0049fda0
004b98d0	004b9900
004b98d0	0048cdc0
004b9900	004b3e30
004b9900	004bc7c0
004b9900	004a5b40
004b9900	004a68d0
004b9900	004bc550
004b9900	0046ebd0
004b9900	004a6cf0
004b9900	004ba380
004b9900	0048d030
004b9900	004a0990
004b9900	004bfa90
004b9900	004bfe20
004b9900	004a6e80
004b9900	004a6840
004b9900	0048cf70
004b9900	004bfd40
004ba070	0048cf70
004ba0c0	004ba070
004ba0e0	004b3e30
004ba0e0	004bc7c0
004ba0e0	004bffb0
004ba0e0	004a6cf0
004ba0e0	0048cf70
004ba350	0048ce40
004ba380	0048f500
004ba3e0	004076f0
004ba410	004bb710
004ba410	004bb460
004ba470	004c5b6a
004ba510	004c5b76
004ba510	004c5b6a
004ba740	EXTERNAL:0000018d
004ba740	004bcb50
004ba830	004bab40
004ba830	004c5b6a
004ba850	EXTERNAL:0000018c
004ba850	EXTERNAL:0000010d
004ba850	EXTERNAL:0000018b
004ba850	004bcbe0
004ba9e0	004bcc80
004ba9e0	EXTERNAL:0000018c
004ba9e0	EXTERNAL:0000010d
004ba9e0	EXTERNAL:0000018b
004bab40	EXTERNAL:00000183
004bab40	0046ecc0
004babb0	EXTERNAL:00000189
004babb0	EXTERNAL:00000183
004bb0c0	004c60a6
004bb1c0	EXTERNAL:0000016b
004bb1c0	EXTERNAL:00000112
004bb1c0	EXTERNAL:0000011e
004bb1c0	EXTERNAL:00000190
004bb1c0	EXTERNAL:00000182
004bb1c0	EXTERNAL:0000018a
004bb2a0	EXTERNAL:00000190
004bb2a0	EXTERNAL:00000182
004bb2a0	EXTERNAL:00000184
004bb2a0	EXTERNAL:0000018a
004bb3d0	004bb710
004bb460	0048f500
004bb540	EXTERNAL:00000118
004bb540	EXTERNAL:0000010d
004bb540	EXTERNAL:000000f1
004bb540	004bcdf0
004bb790	00404d20
004bb790	004bb540
004bb790	004bbca0
004bb790	004bb9f0
004bb790	004bbff0
004bb790	004bab40
004bb790	004bc320
004bb790	004ba740
004bb960	00403e20
004bb960	004c5b6a
004bb9f0	004bb710
004bbca0	004bc3a0
004bbca0	004bbff0
004bbca0	004bab40
004bbca0	004ba740
004bbca0	004bbe90
004bbca0	004bbed0
004bbe90	004bbed0
004bbfa0	004c5b6a
004bbff0	004bc410
004bbff0	004bc3a0
004bbff0	004c5b76
004bbff0	004c5b6a
004bc320	004ba9e0
004bc3a0	004ba9e0
004bc410	004ba850
004bc480	004b4070
004bc4c0	00498fb0
004bc510	004bc780
004bc540	004bc7b0
004bc570	004703a0
004bc570	004bc900
004bc780	0040d9d0
004bc860	004bc810
004bc980	004bc930
004bc9b0	004bc930
004bc9f0	004bb460
004bcb50	004b4180
004bcb50	004bccf0
004bcb50	004b4070
004bcbe0	004b40c0
004bcbe0	EXTERNAL:0000010d
004bcc80	EXTERNAL:0000010d
004bcc80	004b4120
004bccf0	EXTERNAL:000000cf
004bccf0	004bcdf0
004bcd80	0046f260
004bcdc0	0046f260
004bcdf0	004bcdc0
004bcdf0	004bcd80
004bce30	004bcdc0
004bce30	004c7f00
004bcea0	0046f260
004bcf20	004b4180
004bcf20	004b4070
004bcf80	004c60a6
004bcff0	004936d0
004bd020	004bc7c0
004bd020	004c6000
004bd020	004bc780
004bd160	004bb440
004bd160	004b4280
004bd280	004bd160
004bd2d0	004bc7c0
004bd2d0	004c6000
004bd2d0	004bc780
004bd4d0	00498c00
004bd4d0	004936d0
004bd4d0	004c60a6
004bd4d0	004c7f00
004bd4d0	00498bd0
004bd4d0	0048f500
004bd4d0	00498f90
004bd4d0	004bd840
004bd660	004bd470
004bd660	004bd4d0
004bd720	004bd800
004bd840	004bd880
004bd840	004bd9f0
004bd880	004bd9c0
004bd9f0	004bdb30
004bdb60	0048d420
004bdc70	004bdee0
004bdc70	0046ec90
004bdc70	004c5b76
004bdc70	EXTERNAL:0000011c
004bdc70	0046ec70
004bdc70	0046ec00
004bdc70	0046ec60
004bdc70	004b4070
004bde20	004bde40
004bde20	004c5b6a
004bde40	0046d5a0
004bde40	004c5b6a
004bdee0	EXTERNAL:0000011b
004be280	004bdc70
004be2c0	004c5b6a
004be2c0	004be2e0
004be2f0	004bdee0
004be2f0	00473970
004be2f0	0044a250
004be2f0	00472f30
004be2f0	004b41e0
004be2f0	00472f60
004be2f0	004732f0
004be2f0	00402f60
004be2f0	004747d0
004be2f0	004a7200
004be2f0	004c60a6
004be2f0	0044a060
004be2f0	00473b10
004be2f0	00473cc0
004be810	004bdc70
004be850	004be870
004be850	004c5b6a
004be870	004bde40
004be880	004bdee0
004be880	00473970
004be880	0044a250
004be880	00472f30
004be880	004b41e0
004be880	00472f60
004be880	004732f0
004be880	00402f60
004be880	004747d0
004be880	004a7200
004be880	004c60a6
004be880	0044a060
004be880	00473b10
004be880	00473cc0
004bed30	004bc900
004bed90	004bdc00
004bee50	004bef90
004bee60	004c60e0
004beee0	004bed50
004bef10	004bed90
004bef40	004bee00
004bef50	004bee20
004bef70	004bed30
004bef90	00404d20
004bef90	004bc7c0
004bef90	004c6000
004bef90	004bc780
004bef90	0040d9d0
004bef90	004b4070
004bf060	0046ec90
004bf060	004bc7c0
004bf060	004b9540
004bf060	004b3e70
004bf060	004b59f0
004bf060	004a6cf0
004bf060	0046ec00
004bf060	004b3d00
004bf060	004ba740
004bf060	004ba350
004bf060	0046ec60
004bf060	004b4ee0
004bf060	004b3dd0
004bf060	00404d20
004bf060	004a7200
004bf060	004b98d0
004bf060	004ba0e0
004bf060	0046ec20
004bf060	EXTERNAL:0000011c
004bf060	0046ec70
004bf060	004ba0c0
004bf060	004bc8d0
004bf540	004bf560
004bf540	004c5b6a
004bf560	EXTERNAL:00000112
004bf560	004b50c0
004bf560	004b3d50
004bf560	004bab40
004bf560	004b9760
004bf560	0046ecc0
004bf630	004a6900
004bf630	00471de0
004bf630	004a6710
004bf630	004a68d0
004bf630	004bc760
004bf630	004a6740
004bf630	004a56d0
004bf630	004a6820
004bf630	004ba380
004bf630	004a71c0
004bf630	004a67f0
004bf630	00490340
004bf630	004903f0
004bf630	004a6840
004bf630	004a66e0
004bf800	004b5900
004bf820	004b5900
004bf840	004b4180
004bf840	004b4070
004bf900	00498c00
004bf900	00498bd0
004bf980	004bfa50
004bf980	004b3d00
004bfa00	004bfa20
004bfa00	004c5b6a
004bfa20	004b3d50
004bfa20	0046ecc0
004bfa50	004b3e30
004bfa50	004bfae0
004bfa90	0046ecc0
004bfa90	004bfae0
004bfae0	0046ec90
004bfae0	004bfba0
004bfae0	EXTERNAL:0000011c
004bfae0	0046ec70
004bfae0	0046ec00
004bfae0	0046ecc0
004bfba0	004a6fe0
004bfcb0	004c5b6a
004bfcb0	004bfcd0
004bfcd0	004c5b6a
004bfcd0	00463dd0
004bfd40	EXTERNAL:0000010d
004bfd40	004c5b76
004bfd40	EXTERNAL:000000e7
004bfd40	00463d50
004bfd40	004a59e0
004bfe90	0048f500
004bffe0	004c0280
004c0010	004c0630
004c0030	004c0370
004c0050	004c0400
004c0070	004c0620
004c0080	004c06f0
004c00a0	004c0700
004c00c0	004c0780
004c00e0	004c07c0
004c0100	004c5b76
004c0100	004a6190
004c0180	004c5b6a
004c0180	004c01b0
004c01b0	004a61b0
004c01b0	004c5b6a
004c0280	004c5b76
004c0370	004a62b0
004c0370	004c07d0
004c0370	004c06a0
004c0370	004a6270
004c0400	EXTERNAL:000000d5
004c0400	004a61d0
004c0400	EXTERNAL:0000010d
004c0400	004a6670
004c0400	004c5b76
004c0400	004c06c0
004c0400	004a62b0
004c0400	004c5b6a
004c0630	EXTERNAL:00000116
004c0630	004a64d0
004c0700	EXTERNAL:000000c9
004c0700	EXTERNAL:00000112
004c0700	EXTERNAL:0000011c
004c0700	EXTERNAL:000000dd
004c0700	004c0630
004c0700	EXTERNAL:000000cc
004c0700	EXTERNAL:000000cd
004c0700	EXTERNAL:000000f3
004c0700	EXTERNAL:000000e4
004c0780	EXTERNAL:000000f2
004c0780	EXTERNAL:000000cc
004c0780	EXTERNAL:0000010a
004c0780	EXTERNAL:000000e4
004c07c0	EXTERNAL:000000f3
004c07d0	004c6000
004c07d0	004c5b76
004c07d0	00403db0
004c07d0	004c0ce0
004c07d0	004c0ba0
004c07d0	004c0bd0
004c07d0	004c0260
004c07d0	004c5ec0
004c07d0	004c0b60
004c0bd0	004c0260
004c0d20	EXTERNAL:0000011e
004c0d20	004c5b76
004c0d20	EXTERNAL:0000011c
004c0e50	EXTERNAL:00000112
004c0e50	004c0f70
004c0e50	004c5b6a
004c0f70	004a5cc0
004c0f70	EXTERNAL:00000112
004c0f70	004c16c0
004c0f70	004c1960
004c0f70	004c5b6a
004c0f70	004c1670
004c1020	004c1090
004c1020	004c1160
004c1090	EXTERNAL:00000112
004c1090	004c1b30
004c1090	004c13c0
004c1090	004c1c50
004c1090	004c20a0
004c1160	EXTERNAL:000000f4
004c1160	EXTERNAL:0000011c
004c1160	EXTERNAL:000000dd
004c1250	EXTERNAL:0000010d
004c1250	EXTERNAL:000000e1
004c1250	004c15f0
004c1250	EXTERNAL:00000119
004c13c0	EXTERNAL:0000011e
004c13c0	EXTERNAL:0000011c
004c13c0	EXTERNAL:000000f6
004c13c0	EXTERNAL:00000119
004c13c0	EXTERNAL:000000f5
004c1500	EXTERNAL:000000c9
004c1500	004c5550
004c1500	004c1940
004c1500	004c5740
004c1500	004c1020
004c1500	EXTERNAL:000000cd
004c1500	EXTERNAL:00000115
004c1500	EXTERNAL:00000113
004c1500	004c18c0
004c1670	EXTERNAL:00000112
004c16c0	EXTERNAL:00000112
004c1710	004c15f0
004c1780	EXTERNAL:0000011e
004c1780	EXTERNAL:000000e0
004c1780	004c15f0
004c1870	EXTERNAL:000000dc
004c18c0	EXTERNAL:000000e0
004c1960	EXTERNAL:00000112
004c1990	004c1250
004c19c0	004c1990
004c19c0	EXTERNAL:000000d7
004c1a00	004c1990
004c1a00	EXTERNAL:000000f7
004c1a20	004c1990
004c1a20	EXTERNAL:0000011a
004c1ab0	004c1b30
004c1b50	EXTERNAL:00000118
004c1b50	004c1710
004c1c50	EXTERNAL:00000112
004c1c50	004c1b20
004c1c50	EXTERNAL:000000f8
004c1c50	004c1990
004c1c50	004c1b30
004c1c50	004c5520
004c1c50	EXTERNAL:000000d3
004c1c50	004c1a00
004c1c50	004c1b50
004c1c50	EXTERNAL:0000011e
004c1c50	004c1a40
004c1c50	EXTERNAL:00000118
004c1c50	004c1a20
004c1c50	004c1500
004c1c50	004c1ab0
004c1c50	004c1780
004c2030	004c1b30
004c2030	004c2030
004c20a0	00476300
004c20a0	004c19c0
004c20a0	00476090
004c20a0	00481560
004c20a0	0045e210
004c20a0	004c5820
004c20a0	00448230
004c20a0	004535c0
004c20a0	00404e80
004c20a0	0044db10
004c20a0	004542a0
004c20a0	004518b0
004c20a0	00454a50
004c20a0	00451a60
004c20a0	00490480
004c20a0	0044fb40
004c20a0	00453200
004c20a0	0046d4d0
004c20a0	00483f80
004c20a0	00481460
004c20a0	0044daa0
004c20a0	00476470
004c20a0	00453aa0
004c20a0	00450f20
004c20a0	004c5510
004c20a0	0044a910
004c20a0	00450b20
004c20a0	00450c00
004c20a0	00481550
004c20a0	00484330
004c20a0	00453f40
004c20a0	0044fbd0
004c20a0	00449ea0
004c20a0	0044db00
004c20a0	0044e030
004c20a0	004842f0
004c20a0	00447f00
004c20a0	004482f0
004c20a0	00447c60
004c20a0	0044df00
004c20a0	0044ff90
004c20a0	00484170
004c20a0	0044fe90
004c20a0	00484350
004c20a0	0044a0f0
004c20a0	00454180
004c20a0	EXTERNAL:00000149
004c20a0	00453350
004c20a0	0044fdd0
004c20a0	004c58e0
004c20a0	00450af0
004c20a0	0044ec80
004c20a0	00479c50
004c20a0	0044de80
004c20a0	00449ba0
004c20a0	004478c0
004c20a0	00453ee0
004c20a0	0044fcf0
004c20a0	004c54b0
004c20a0	00448570
004c20a0	004532a0
004c20a0	004c1990
004c20a0	004904a0
004c20a0	004c1870
004c20a0	00453400
004c20a0	004533b0
004c20a0	004a6b60
004c20a0	0044fad0
004c20a0	004c1a00
004c20a0	0044ecf0
004c20a0	00447d20
004c20a0	00484250
004c20a0	00453560
004c20a0	00480bf0
004c20a0	004c1a20
004c20a0	004904d0
004c20a0	00455520
004c20a0	00447e60
004c20a0	00450b40
004c20a0	0044a380
004c20a0	00451360
004c20a0	00453250
004c20a0	00450c30
004c20a0	0044a610
004c20a0	00490430
004c20a0	004c58c0
004c20a0	0044a980
004c20a0	004c1b30
004c20a0	004c5480
004c20a0	0044f6f0
004c20a0	0044a2f0
004c20a0	0044e270
004c20a0	00449be0
004c20a0	0049aa40
004c20a0	00450bc0
004c20a0	00452770
004c20a0	0044e300
004c20a0	0044ff10
004c20a0	0044e920
004c20a0	00450240
004c20a0	0046d810
004c20a0	004a6b70
004c20a0	00449e90
004c20a0	0044f9c0
004c20a0	004c1b20
004c20a0	0044a250
004c20a0	0048cca0
004c20a0	0044f8b0
004c20a0	00454100
004c20a0	00476460
004c20a0	004532f0
004c20a0	00484140
004c20a0	00454140
004c20a0	004c7fd0
004c20a0	004528e0
004c20a0	004804c0
004c20a0	0045d000
004c20a0	004483f0
004c20a0	00454310
004c20a0	00480ca0
004c20a0	004826a0
004c20a0	00476030
004c20a0	00479c60
004c20a0	0044ecb0
004c20a0	0046ebd0
004c20a0	004c5520
004c20a0	00449d10
004c20a0	00476020
004c20a0	00449dd0
004c20a0	00482080
004c20a0	00475ff0
004c20a0	0044dd90
004c20a0	00448090
004c20a0	00448100
004c20a0	00483610
004c20a0	00450ae0
004c20a0	004483a0
004c20a0	00476320
004c20a0	00449dc0
004c20a0	00450f00
004c20a0	0044ec90
004c20a0	00450b60
004c20a0	0048cce0
004c20a0	00450510
004c20a0	0044a870
004c20a0	004a7b20
004c20a0	004501c0
004c20a0	004c2030
004c20a0	00484310
004c20a0	004760b0
004c20a0	00450c60
004c20a0	EXTERNAL:00000118
004c20a0	00447dc0
004c20a0	EXTERNAL:000000dc
004c20a0	00480c40
004c20a0	004540c0
004c20a0	00452fd0
004c20a0	0044f7a0
004c20a0	004a6d40
004c20a0	004481b0
004c20a0	004482b0
004c5480	EXTERNAL:00000118
004c5550	EXTERNAL:00000112
004c5550	004a5ca0
004c5550	004a5f50
004c5550	EXTERNAL:000000e7
004c5550	EXTERNAL:000000dd
004c5550	EXTERNAL:000000e0
004c5550	EXTERNAL:00000115
004c5740	EXTERNAL:000000c9
004c5740	EXTERNAL:000000f9
004c5740	EXTERNAL:000000e7
004c5740	EXTERNAL:000000d7
004c5820	004c5520
004c58c0	00447f00
004c58e0	00447f00
004c58e0	00447dc0
004c58e0	004c5b76
004c58e0	00447f30
004c58e0	0044daa0
004c58e0	004760d0
004c59e0	00447f00
004c59e0	00478fc0
004c5ec0	004c5f39
004c5f39	004c5f70
004c6000	004c6078
004c6078	004c5f70
004c60b0	EXTERNAL:000000fd
004c60b0	004c6332
004c60e0	004c60b0
004c6140	EXTERNAL:00000105
004c6140	004076f0
004c6140	004c6350
004c6140	EXTERNAL:000000d1
004c6140	EXTERNAL:00000128
004c6140	EXTERNAL:00000101
004c6140	EXTERNAL:00000108
004c6140	EXTERNAL:00000104
004c6140	004c633e
004c6140	004c81c0
004c6140	EXTERNAL:0000014d
004c6140	EXTERNAL:00000106
004c6300	004c5b6a
004c6300	004c6370
004c6350	004c6376
004c7f00	0048f500
004c7f00	0046efc0
004c7fd0	EXTERNAL:00000114
004c7fd0	004c8070
004c7fd0	EXTERNAL:000000dd
004c7fd0	EXTERNAL:00000115
004c7fd0	EXTERNAL:00000113
004c81c0	004c8224
004c81d8	004c5d50
004c81d8	EXTERNAL:0000011d
004c8230	004b9760
004c8238	00403db0
004c8246	0040cf50
004c8254	004bab40
004c8262	004bab40
004c8270	004bab40
004c827e	004b3d50
004c8286	0040d5f0
004c8294	004bab40
004c82a2	00403e20
004c82b0	004c5ec0
004c82e0	004b47a0
004c8300	004bab40
004c8320	004b9760
004c8328	00403db0
004c8336	0040cf50
004c8344	004bab40
004c8352	004bab40
004c8360	004bab40
004c836e	0040d5f0
004c837c	004bab40
004c838a	00403e20
004c8398	004c5ec0
004c83b0	004bab40
004c83d0	004c5b6a
004c83f0	004c5b6a
004c8410	004c5b6a
004c8430	004c5b6a
004c8450	004b9760
004c8458	0040cf20
004c8466	004b4ac0
004c846e	0041a3f0
004c8490	004b9760
004c8498	0040cf20
004c84b0	0042df90
004c84d0	004c5b6a
004c84f0	004c5b88
004c8510	004b9760
004c8518	0040cf20
004c8526	0040cf20
004c8534	00408c60
004c8542	00408c60
004c8550	00408c60
004c855e	00408c60
004c856c	00408c60
004c8590	004b9760
004c8598	0040cf20
004c85a6	0040cf20
004c85b4	00408c60
004c85c2	00408c60
004c85d0	00408c60
004c85de	00408c60
004c8600	0042df90
004c8620	004c5b6a
004c8640	004b9760
004c8648	0040cf20
004c8656	0040cf20
004c8664	004091e0
004c8680	004b50c0
004c86a0	004b9760
004c86a8	0040cf20
004c86b6	0040cf20
004c86c4	004b50c0
004c86e0	00409910
004c86eb	0040bef0
004c8700	0042df90
004c8720	004c5b6a
004c8740	004b9760
004c8748	0040cf20
004c8756	0040cf20
004c8764	0040a940
004c8772	0040aa30
004c8780	0040ab20
004c878e	0040ac10
004c879c	0040ad00
004c87aa	0040cf40
004c87b8	0040cf20
004c87c6	0040cf20
004c87d4	0040cf20
004c87e2	0040cf20
004c87f0	0040bef0
004c87fe	004bab40
004c8820	004b7020
004c8828	0040bef0
004c8836	004ba470
004c8850	004b7020
004c8858	0040bef0
004c8866	004ba470
004c8880	004b7020
004c8888	0040bef0
004c8896	004ba470
004c88b0	004b7020
004c88b8	0040bef0
004c88c6	004ba470
004c88e0	004b7020
004c88e8	0040bef0
004c88f6	004ba470
004c8910	004b9760
004c8918	0040cf20
004c8926	0040cf20
004c8934	0040a940
004c8942	0040aa30
004c8950	0040ab20
004c895e	0040ac10
004c896c	0040ad00
004c897a	0040cf40
004c8988	0040cf20
004c8996	0040cf20
004c89a4	0040cf20
004c89b2	0040cf20
004c89c0	0040bef0
004c89ce	004b7020
004c89d6	0040bef0
004c89e4	004ba470
004c89f2	004b7020
004c89fa	0040bef0
004c8a08	004ba470
004c8a16	004b7020
004c8a1e	0040bef0
004c8a2c	004ba470
004c8a3a	004b7020
004c8a42	0040bef0
004c8a50	004ba470
004c8a5e	004b7020
004c8a66	0040bef0
004c8a74	004ba470
004c8a90	0042df90
004c8ab0	004c5b6a
004c8ad0	004c5b6a
004c8af0	004b7020
004c8af8	0040bef0
004c8b06	004ba470
004c8b20	004b9760
004c8b28	0040cf20
004c8b36	0040cf30
004c8b44	0040cf30
004c8b52	0040cf30
004c8b60	0040cf40
004c8b6e	0040cf40
004c8b7c	0040cf40
004c8b8a	0040cf30
004c8b98	0040cf40
004c8ba6	0040cf50
004c8bb4	0040cf30
004c8bc2	0040cf50
004c8bd0	0040cf40
004c8bf0	004b9760
004c8bf8	0040cf20
004c8c06	0040cf30
004c8c14	0040cf30
004c8c22	0040cf30
004c8c30	0040cf40
004c8c3e	0040cf40
004c8c4c	0040cf40
004c8c5a	0040cf30
004c8c68	0040cf40
004c8c76	0040cf50
004c8c84	0040cf30
004c8c92	0040cf50
004c8cb0	0042df90
004c8cd0	004c5b6a
004c8cf0	004bc7b0
004c8d10	0040d3b0
004c8d18	004b3d50
004c8d26	004b3d50
004c8d34	004bc7b0
004c8d50	004bc7b0
004c8d70	004bc7b0
004c8d78	0040bef0
004c8d83	0040d600
004c8d91	0040d610
004c8d9f	0040d660
004c8dad	0040d6e0
004c8dbb	0040d740
004c8dc9	0040d760
004c8dd7	004b3d50
004c8de2	004b3d50
004c8ded	004b3d50
004c8dfb	004b47a0
004c8e09	004b47a0
004c8e17	004b47a0
004c8e30	004b3d50
004c8e38	004bab40
004c8e50	004b47a0
004c8e70	004b3d50
004c8e7b	004b3d50
004c8e89	004b47a0
004c8e97	004b47a0
004c8eb0	004b3d50
004c8ed0	004b47a0
004c8ed8	004b3d50
004c8ef0	004bc7b0
004c8ef8	0040bef0
004c8f03	0040d600
004c8f11	0040d610
004c8f1f	004b3d50
004c8f2a	004b3d50
004c8f38	004b47a0
004c8f46	004b47a0
004c8f54	0040d660
004c8f62	004b3d50
004c8f6d	004b3d50
004c8f7b	0040d6e0
004c8f89	0040d740
004c8f97	0040d760
004c8fa5	0040db00
004c8fc0	004b3d50
004c8fc8	004bab40
004c8fe0	004b47a0
004c8fe8	004b3d50
004c9000	004bab40
004c9008	0040bef0
004c9020	004bc7b0
004c9028	004ba470
004c9033	004c5b6a
004c903e	004bab40
004c9046	004c5b6a
004c9051	004bab40
004c9070	004bc7b0
004c9078	004ba470
004c9090	004bab40
004c9098	0040bef0
004c90b0	004bab40
004c90b8	0040bef0
004c90d0	004b47a0
004c90d8	004c5ec0
004c9100	004c5b6a
004c910b	004c5b6a
004c9116	004bc7b0
004c911e	004c5ec0
004c9137	004c5b6a
004c9142	004b3d50
004c914d	004bab40
004c9155	0040bef0
004c9163	004c5b6a
004c916e	004c5b6a
004c9179	004c5b6a
004c9184	004b47a0
004c918c	004c5b6a
004c9197	004c5b6a
004c91a2	004bab40
004c91aa	004c5b6a
004c91b5	004bab40
004c91bd	004c5b6a
004c91c8	004bab40
004c91d0	004c5b6a
004c91db	004c5b6a
004c91f0	004b47a0
004c9210	004bab40
004c9230	004bc7b0
004c9250	004b3d50
004c9270	004bc7b0
004c9290	004bc7b0
004c92b0	004bc7b0
004c92b8	004b3d50
004c92d0	004bc7b0
004c92d8	004b3d50
004c92e3	0040d3b0
004c92eb	004b3d50
004c92f9	004b3d50
004c9307	004b3d50
004c9320	004b9760
004c9328	0040cf20
004c9336	0040cf20
004c9344	0040cf20
004c9352	0040cf20
004c9360	0040cf20
004c936e	0040cf20
004c937c	0040cf20
004c938a	0040cf20
004c93b0	004b9760
004c93b8	0040cf20
004c93c6	0040cf20
004c93d4	0040cf20
004c93e2	0040cf20
004c93f0	0040cf20
004c93fe	0040cf20
004c940c	0040cf20
004c9430	0042df90
004c9450	00415aa0
004c9458	004c5b6a
004c9470	004b9760
004c9478	0040cf20
004c9486	0040cf20
004c94a0	004b9760
004c94a8	0040cf20
004c94c0	0042df90
004c94e0	004c5b6a
004c9500	004c5b6a
004c9520	00416790
004c9528	004c5b88
004c9536	004c5b88
004c9544	004c5b88
004c9560	004c5b88
004c9580	004c5b6a
004c958b	004c5b6a
004c95a0	004c5b88
004c95c0	00416790
004c95c8	004c5b88
004c95d6	004c5b88
004c95f0	004c5b6a
004c95fb	004b9760
004c9603	0040cf20
004c9620	004b9760
004c9628	0040cf20
004c9640	004b9760
004c9648	0040cf20
004c9656	0040cf20
004c9664	0041a3f0
004c9672	0040cf40
004c9680	0040cf20
004c968e	0040cf20
004c969c	0041a3f0
004c96aa	0040cf20
004c96b8	0040cf20
004c96c6	0041a3f0
004c96d4	0040cf20
004c96e2	0040cf20
004c96f0	0041a3f0
004c96fe	0040cf20
004c970c	0040cf20
004c971a	0040cf30
004c9728	0040cf30
004c9736	004b3d50
004c9744	004b3d50
004c9760	004b4ac0
004c9780	004b4ac0
004c97a0	004b9760
004c97a8	0040cf20
004c97b6	0040cf20
004c97c4	0041a3f0
004c97d2	0040cf40
004c97e0	0040cf20
004c97ee	0040cf20
004c97fc	0041a3f0
004c980a	0040cf20
004c9818	0040cf20
004c9826	0041a3f0
004c9834	0040cf20
004c9842	0040cf20
004c9850	0041a3f0
004c985e	0040cf20
004c986c	0040cf20
004c987a	0040cf30
004c9888	0040cf30
004c9896	004b3d50
004c98b0	0042df90
004c98d0	004c5b6a
004c98f0	004c5b70
004c98f8	004c5c6c
004c9903	004c5c66
004c9911	004c5c66
004c991f	004c5c60
004c992d	004c5c5a
004c993b	004c5b88
004c9960	004c5b70
004c9968	004c5c6c
004c9973	004c5c66
004c9981	004c5c66
004c998f	004c5c60
004c999d	004c5c5a
004c99c0	004c5b88
004c99e0	004b9760
004c99e8	0040cf20
004c99f6	0040cf20
004c9a10	004b9760
004c9a18	0040cf20
004c9a30	004c5b6a
004c9a50	004c5b88
004c9a58	004c5b88
004c9a70	004b9760
004c9a78	0040cf20
004c9a86	0040cf20
004c9a94	0041a3f0
004c9aa2	00408c60
004c9ac0	004b9760
004c9ac8	0040cf20
004c9ad6	0040cf20
004c9ae4	0041a3f0
004c9b00	004c5b6a
004c9b20	0042df90
004c9b40	004c5b70
004c9b48	004c5cc6
004c9b53	004c5cc6
004c9b61	004c5cc6
004c9b6f	004c5c5a
004c9b7d	004c5b88
004c9ba0	004c5b70
004c9ba8	004c5cc6
004c9bb3	004c5cc6
004c9bc1	004c5cc6
004c9bcf	004c5c5a
004c9bf0	004c5b6a
004c9c10	004c5b88
004c9c30	004c5b6a
004c9c50	004c5b88
004c9c58	004c5b88
004c9c70	004c5b6a
004c9c90	004c5b88
004c9c98	004ba470
004c9cb0	004c5b6a
004c9cbb	004c5b88
004c9cc3	004ba470
004c9ce0	0042de00
004c9ce8	0042de00
004c9d00	0042de00
004c9d08	0042de00
004c9d20	004428b0
004c9d28	0042df10
004c9d36	0042df50
004c9d44	0042df90
004c9d52	0042df90
004c9d60	0042df90
004c9d68	0042df90
004c9d70	0042df90
004c9d90	0042df90
004c9db0	0042df90
004c9dd0	004428b0
004c9dd8	0042df10
004c9de6	0042df90
004c9dee	0042df50
004c9dfc	0042df90
004c9e0a	0042df90
004c9e18	0042e070
004c9e30	0042df90
004c9e50	0042f890
004c9e70	0042df90
004c9e90	0042df90
004c9eb0	00462630
004c9eb8	00415aa0
004c9ed0	00462630
004c9ef0	0042f890
004c9f10	00443830
004c9f18	00431ba0
004c9f26	004c5b88
004c9f2e	004c5b88
004c9f36	004c5b88
004c9f50	00443830
004c9f58	00431b70
004c9f70	0043f440
004c9f90	0041aeb0
004c9f9b	0041c7f0
004c9fa6	004c5b70
004c9fb1	004c5cc6
004c9fbc	004c5cc6
004c9fc7	004c5cc6
004c9fd2	004c5c5a
004c9fda	004c5b70
004c9fe5	004c5c6c
004c9ff0	004c5c66
004c9ffb	004c5c66
004ca006	004c5c60
004ca011	004c5c5a
004ca01c	004c5b70
004ca027	004c5cc6
004ca032	004c5cc6
004ca03d	004c5cc6
004ca048	004c5c5a
004ca050	004c5b70
004ca05b	004c5c6c
004ca066	004c5c66
004ca071	004c5c66
004ca07c	004c5c60
004ca087	004c5c5a
004ca092	004c5b70
004ca09d	004c5cc6
004ca0a8	004c5cc6
004ca0b3	004c5cc6
004ca0be	004c5c5a
004ca0c6	004c5b70
004ca0d1	004c5c6c
004ca0dc	004c5c66
004ca0e7	004c5c66
004ca0f2	004c5c60
004ca0fd	004c5c5a
004ca120	00431b70
004ca140	004c5b6a
004ca160	004b9760
004ca168	0040cf20
004ca176	0040cf20
004ca184	0040cf20
004ca192	0040cf20
004ca1a0	004b4ac0
004ca1a8	0041a3f0
004ca1b6	004349a0
004ca1be	0040cf20
004ca1e0	004b9760
004ca1e8	0040cf20
004ca1f6	0040cf20
004ca204	0040cf20
004ca212	0040cf20
004ca220	0041a3f0
004ca240	004349a0
004ca248	004b9760
004ca250	0040cf20
004ca25e	0040cf20
004ca26c	0040cf20
004ca27a	0040cf20
004ca288	0041a3f0
004ca2a0	004b9760
004ca2a8	0040cf20
004ca2b6	0040cf20
004ca2c4	0040cf20
004ca2d2	0040cf20
004ca2e0	004b4ac0
004ca2e8	0041a3f0
004ca2f6	004349a0
004ca2fe	0040cf20
004ca320	004349a0
004ca328	004b9760
004ca330	0040cf20
004ca33e	0040cf20
004ca34c	0040cf20
004ca35a	0040cf20
004ca368	0041a3f0
004ca380	0042df90
004ca3a0	00415aa0
004ca3a8	004c5b6a
004ca3b3	004c5b6a
004ca3d0	004c5b6a
004ca3f0	004bf560
004ca410	004c5b6a
004ca430	004c5b88
004ca450	004c5b88
004ca45b	004c5b88
004ca470	004c5b70
004ca478	004c5c6c
004ca483	004c5c6c
004ca491	004c5c6c
004ca49f	004c5c6c
004ca4ad	004c5c6c
004ca4bb	004c5c66
004ca4c9	004c5c66
004ca4d7	004c5c66
004ca4e5	004c5c66
004ca4f3	004c5c66
004ca501	004c5c66
004ca50f	004c5c60
004ca51d	004c5c5a
004ca52b	004c5c60
004ca539	004c5c6c
004ca547	004c5c6c
004ca555	004c5c60
004ca563	004c5b88
004ca571	004c5b88
004ca590	004c5b70
004ca598	004c5c6c
004ca5a3	004c5c6c
004ca5b1	004c5c6c
004ca5bf	004c5c6c
004ca5cd	004c5c6c
004ca5db	004c5c66
004ca5e9	004c5c66
004ca5f7	004c5c66
004ca605	004c5c66
004ca613	004c5c66
004ca621	004c5c66
004ca62f	004c5c60
004ca63d	004c5c5a
004ca64b	004c5c60
004ca659	004c5c6c
004ca667	004c5c6c
004ca675	004c5c60
004ca683	004c5b88
004ca691	004c5b88
004ca6b0	004c5b88
004ca6b8	004c5b88
004ca6c0	004c5b88
004ca6c8	004c5b88
004ca6d0	004c5b88
004ca6d8	004c5b88
004ca6e0	004c5b88
004ca700	004c5b88
004ca720	004c5b88
004ca740	0043d9a0
004ca74b	0043f440
004ca756	004c5b70
004ca761	004c5c6c
004ca76c	004c5c6c
004ca777	004c5c6c
004ca782	004c5c6c
004ca78d	004c5c6c
004ca798	004c5c66
004ca7a3	004c5c66
004ca7ae	004c5c66
004ca7b9	004c5c66
004ca7c4	004c5c66
004ca7cf	004c5c66
004ca7da	004c5c60
004ca7e5	004c5c5a
004ca7f0	004c5c60
004ca7fb	004c5c6c
004ca806	004c5c6c
004ca811	004c5c60
004ca819	004c5b88
004ca821	004c5b88
004ca829	004c5b70
004ca834	004c5c6c
004ca83f	004c5c6c
004ca84a	004c5c6c
004ca855	004c5c6c
004ca860	004c5c6c
004ca86b	004c5c66
004ca876	004c5c66
004ca881	004c5c66
004ca88c	004c5c66
004ca897	004c5c66
004ca8a2	004c5c66
004ca8ad	004c5c60
004ca8b8	004c5c5a
004ca8c3	004c5c60
004ca8ce	004c5c6c
004ca8d9	004c5c6c
004ca8e4	004c5c60
004ca8ec	004c5b88
004ca8f4	004c5b88
004ca910	004c5b6a
004ca91b	00442860
004ca930	004c5b88
004ca93b	004c5b88
004ca946	004c5b88
004ca960	004c5b88
004ca968	004c5b88
004ca970	004c5b88
004ca978	004c5b88
004ca980	004c5b88
004ca988	004c5b88
004ca990	004c5b88
004ca998	004c5b88
004ca9b0	004c5b88
004ca9b8	004c5b88
004ca9c0	004c5b88
004ca9c8	004c5b88
004ca9d0	004c5b88
004ca9d8	004c5b88
004ca9e0	004c5b88
004ca9e8	004c5b88
004caa00	00442860
004caa20	004c5b70
004caa28	004c5c5a
004caa33	004c5c6c
004caa41	004c5b88
004caa4f	004c5b88
004caa5d	004c5ec0
004caa75	004c5ec0
004caa8d	004c5ec0
004caaa5	004c5ec0
004caad0	004c5b70
004caad8	004c5c5a
004caae3	004c5c6c
004caaf1	004c5b88
004caaff	004c5b88
004cab0d	004c5ec0
004cab25	004c5ec0
004cab3d	004c5ec0
004cab60	004418b0
004cab6b	004c5b70
004cab76	004c5c5a
004cab81	004c5c6c
004cab8c	004c5b88
004cab94	004c5b88
004cab9c	004c5ec0
004cabaf	004c5ec0
004cabc2	004c5ec0
004cabd5	004c5b70
004cabe0	004c5c5a
004cabeb	004c5c6c
004cabf6	004c5b88
004cabfe	004c5b88
004cac06	004c5ec0
004cac19	004c5ec0
004cac2c	004c5ec0
004cac50	004c5b88
004cac70	004c5b88
004cac90	004c5b6a
004cac9b	00442860
004cacb0	00442860
004cace0	0042f890
004cad00	004c5e7c
004cad08	00431b70
004cad20	004c5e8e
004cad40	00431b70
004cad60	00431b70
004cae60	004c5b6a
004cae6b	004c5b6a
004cae76	004c5b6a
004cae81	004c5b6a
004cae8c	004c5b6a
004cae97	004c5b6a
004caea2	004c5b6a
004caead	004c5b6a
004caeb8	004c5b6a
004caec3	004c5b6a
004caece	004c5b6a
004caed9	004c5b6a
004caee4	00415aa0
004caf00	00415aa0
004caf20	00415aa0
004caf40	00415aa0
004caf60	00415aa0
004caf80	00415aa0
004cafa0	004c5b6a
004cafc0	00415aa0
004cafc8	004c5b6a
004cafe0	00415aa0
004cb000	004c5b6a
004cb020	004c5b6a
004cb040	004c5b6a
004cb060	004c5b6a
004cb080	004c5b6a
004cb0a0	004c5b6a
004cb0c0	004c5b6a
004cb0e0	0048bee0
004cb100	004c5b6a
004cb120	004c5b6a
004cb140	004a61b0
004cb148	004c5b6a
004cb160	004c5b6a
004cb180	004c5b6a
004cb1a0	004c5b6a
004cb1c0	004c5b6a
004cb1e0	004a5440
004cb200	004b47a0
004cb220	004b47a0
004cb240	004b50c0
004cb248	004b4ab0
004cb256	004b47a0
004cb270	004b50c0
004cb278	004b4ab0
004cb286	004b47a0
004cb2a0	004b3d50
004cb2a8	004ba470
004cb2b6	004ba470
004cb2c4	004ba470
004cb2d2	004ba470
004cb2f0	004b3d50
004cb2f8	004ba470
004cb306	004ba470
004cb314	004ba470
004cb322	004ba470
004cb340	004c5b6a
004cb34b	004c5b6a
004cb356	004c5b6a
004cb361	004c5b6a
004cb36c	004c5b6a
004cb377	004c5b6a
004cb382	004c5b6a
004cb38d	004c5b6a
004cb3b0	004b50c0
004cb3d0	004c5b6a
004cb3db	004c5b6a
004cb3e6	004c5b6a
004cb3f1	004c5b6a
004cb3fc	004c5b6a
004cb420	004b50c0
004cb440	004c5b6a
004cb460	004c5b6a
004cb480	004b50c0
004cb4a0	004c5b6a
004cb4c0	004b7020
004cb4e0	004c5b6a
004cb500	004bc540
004cb508	004b9730
004cb513	004c5ec0
004cb52e	004c5ec0
004cb549	004c5ec0
004cb570	004bc540
004cb578	004b9730
004cb583	004c5ec0
004cb59e	004c5ec0
004cb5b9	004c5ec0
004cb5e0	004b47a0
004cb600	004b47a0
004cb620	004b47a0
004cb640	004bab40
004cb64b	004bbfa0
004cb65c	0040bef0
004cb680	0040bef0
004cb6a0	004b47a0
004cb6c0	004b47a0
004cb6e0	004b47a0
004cb700	004bc7b0
004cb708	004c5ec0
004cb730	004bc7b0
004cb738	004c5ec0
004cb760	004b47a0
004cb780	004b47a0
004cb7a0	004bc7b0
004cb7a8	004b47a0
004cb7c0	004bc7b0
004cb7c8	004b47a0
004cb7d3	004c5ec0
004cb800	004b9760
004cb808	004b3d50
004cb816	004bab40
004cb824	004bab40
004cb832	0040cf20
004cb840	0040cf20
004cb860	004b9760
004cb868	004b3d50
004cb876	004bab40
004cb884	004bab40
004cb892	0040cf20
004cb8a0	0040cf20
004cb8c0	004b47a0
004cb8e0	004b3d50
004cb900	004b47a0
004cb920	004c5b6a
004cb940	004c5b6a
004cb94b	00403db0
004cb960	00403db0
004cb980	00403db0
004cb98b	004c5ec0
004cb9b0	00403db0
004cb9d0	00403db0
