address	name	size	is_thunk	is_external
00401000	FUN_00401000	27	0	0
00401060	FUN_00401060	263	0	0
00401180	FUN_00401180	660	0	0
00401420	FUN_00401420	344	0	0
00401580	FUN_00401580	283	0	0
004016a0	FUN_004016a0	103	0	0
00401710	FUN_00401710	565	0	0
00401970	FUN_00401970	201	0	0
00401a40	FUN_00401a40	99	0	0
00401ab0	FUN_00401ab0	105	0	0
00401b20	FUN_00401b20	220	0	0
00401c00	FUN_00401c00	85	0	0
00401c60	FUN_00401c60	234	0	0
00401d50	FUN_00401d50	247	0	0
00401e50	FUN_00401e50	259	0	0
00401f60	FUN_00401f60	285	0	0
00402080	FUN_00402080	16	0	0
00402090	FUN_00402090	215	0	0
00402170	FUN_00402170	215	0	0
00402250	FUN_00402250	589	0	0
004024a0	FUN_004024a0	547	0	0
004026d0	FUN_004026d0	485	0	0
004028c0	FUN_004028c0	686	0	0
00402b70	FUN_00402b70	101	0	0
00402be0	FUN_00402be0	373	0	0
00402d60	FUN_00402d60	418	0	0
00402f10	FUN_00402f10	70	0	0
00402f60	FUN_00402f60	98	0	0
00402fd0	NetGraph_LoadAllForMission	21	0	0
00402ff0	NetGraph_AllocAndAppend	68	0	0
00403040	NetGraph_LoadFromZrdByIndex	1225	0	0
00403510	NetGraph_LookupByIndex	23	0	0
00403530	FUN_00403530	21	0	0
00403550	FUN_00403550	207	0	0
00403620	FUN_00403620	202	0	0
004036f0	FUN_004036f0	83	0	0
00403750	FUN_00403750	101	0	0
004037c0	FUN_004037c0	53	0	0
00403800	FUN_00403800	42	0	0
00403830	FUN_00403830	50	0	0
00403870	NetGraph_FreeAll	34	0	0
00403930	FUN_00403930	736	0	0
00403c10	FUN_00403c10	102	0	0
00403cb0	FUN_00403cb0	180	0	0
00403d70	FUN_00403d70	30	0	0
00403d90	FUN_00403d90	30	0	0
00403db0	FUN_00403db0	101	0	0
00403e20	FUN_00403e20	133	0	0
00403eb0	FUN_00403eb0	30	0	0
00403ed0	FUN_00403ed0	410	0	0
00404070	FUN_00404070	202	0	0
00404140	FUN_00404140	56	0	0
00404180	FUN_00404180	251	0	0
00404400	FUN_00404400	424	0	0
004045b0	FUN_004045b0	107	0	0
00404640	FUN_00404640	107	0	0
004046b0	FUN_004046b0	30	0	0
004046d0	FUN_004046d0	106	0	0
00404740	FUN_00404740	64	0	0
00404780	FUN_00404780	199	0	0
00404850	FUN_00404850	66	0	0
004048a0	FUN_004048a0	184	0	0
00404960	FUN_00404960	98	0	0
004049d0	FUN_004049d0	197	0	0
00404aa0	FUN_00404aa0	136	0	0
00404b40	FUN_00404b40	107	0	0
00404bd0	FUN_00404bd0	123	0	0
00404c50	FUN_00404c50	39	0	0
00404c80	FUN_00404c80	19	0	0
00404cd0	FUN_00404cd0	22	0	0
00404d20	FUN_00404d20	37	0	0
00404e80	FUN_00404e80	1	0	0
00404e90	FUN_00404e90	403	0	0
00405040	FUN_00405040	1549	0	0
00405650	FUN_00405650	383	0	0
004057d0	FUN_004057d0	154	0	0
00405870	FUN_00405870	298	0	0
004059a0	FUN_004059a0	737	0	0
00405c90	Vehicle_SetCameraViewState	527	0	0
00405ee0	FUN_00405ee0	551	0	0
00406110	FUN_00406110	728	0	0
004063f0	FUN_004063f0	51	0	0
00406430	Vehicle_DeactivatePlayerControlIfSinglePlayer	31	0	0
00406450	Vehicle_ActivatePlayerControl	24	0	0
00406470	FUN_00406470	147	0	0
00406510	FUN_00406510	248	0	0
00406610	FUN_00406610	280	0	0
00406730	FUN_00406730	104	0	0
004067a0	FUN_004067a0	238	0	0
00406a00	FUN_00406a00	231	0	0
00406af0	Vehicle_ExitAimCameraAndNormalizeMode	512	0	0
00406cf0	FUN_00406cf0	35	0	0
00406d20	FUN_00406d20	236	0	0
00406e10	FUN_00406e10	30	0	0
00406e30	FUN_00406e30	95	0	0
00406ea0	FUN_00406ea0	10	0	0
00406eb0	FUN_00406eb0	14	0	0
00406ed0	FUN_00406ed0	16	0	0
00406ee0	FUN_00406ee0	30	0	0
00406f00	FUN_00406f00	86	0	0
00406f60	FUN_00406f60	167	0	0
00407010	FUN_00407010	204	0	0
004070e0	FUN_004070e0	24	0	0
00407110	FUN_00407110	23	0	0
00407190	FUN_00407190	91	0	0
004071f0	FUN_004071f0	34	0	0
00407220	FUN_00407220	578	0	0
00407470	FUN_00407470	524	0	0
00407680	Settings_GetHardwarePresetOrDefault	98	0	0
004076f0	FUN_004076f0	1	0	0
00407700	RecoilApp_LoadUserSettings	1778	0	0
00407e00	FUN_00407e00	24	0	0
00407e20	Settings_StoreGameCtlOptions	8	0	0
00407e30	FUN_00407e30	23	0	0
00407e50	FUN_00407e50	11	0	0
00407e60	FUN_00407e60	23	0	0
00407e80	FUN_00407e80	13	0	0
00407e90	FUN_00407e90	23	0	0
00407eb0	FUN_00407eb0	14	0	0
00407ec0	FUN_00407ec0	41	0	0
00407ef0	FUN_00407ef0	18	0	0
00407f10	Settings_StoreGameIntensity	8	0	0
00407f20	FUN_00407f20	8	0	0
00407f30	Settings_ApplyEffectsLevel	69	0	0
00407f80	FUN_00407f80	26	0	0
00407fa0	Settings_ApplyObjectLOD	131	0	0
00408030	FUN_00408030	26	0	0
00408050	Settings_ApplyMuteSound	12	0	0
00408060	FUN_00408060	8	0	0
00408070	Settings_ApplySoundVolume	26	0	0
00408090	FUN_00408090	8	0	0
004080a0	RecoilApp_ApplySoundAPISetting	12	0	0
004080b0	RecoilApp_GetSoundAPICheckboxValue	8	0	0
004080c0	Settings_StoreSoundLOD	8	0	0
004080d0	FUN_004080d0	8	0	0
004080e0	Settings_StoreTextureMemory	26	0	0
00408100	FUN_00408100	26	0	0
00408120	Settings_StorePlayerName	97	0	0
00408190	FUN_00408190	8	0	0
004081a0	Settings_ApplyGfxFlags	76	0	0
004081f0	FUN_004081f0	26	0	0
00408210	Settings_StoreCDAudio	8	0	0
00408220	FUN_00408220	8	0	0
00408230	Settings_SetNetworkFlag	8	0	0
00408240	Settings_StoreNetworkModem	8	0	0
00408250	Settings_StoreNetListen	8	0	0
00408260	Settings_GetNetworkFlag	8	0	0
00408270	FUN_00408270	8	0	0
00408280	Settings_ApplyHWCardFlag	14	0	0
00408290	Settings_StoreHWAPI	8	0	0
004082a0	Settings_StoreFullScreen	8	0	0
004082b0	Settings_StoreHUDFlag	26	0	0
004082d0	Settings_ApplyHUDType	38	0	0
00408300	FUN_00408300	8	0	0
00408310	Settings_GetHWCardFlag	8	0	0
00408320	FUN_00408320	8	0	0
00408330	FUN_00408330	8	0	0
00408340	FUN_00408340	26	0	0
00408360	FUN_00408360	26	0	0
00408380	FUN_00408380	8	0	0
00408390	Settings_StoreJoystickEnabled	12	0	0
004083a0	Settings_StoreJoystickNumAxes	8	0	0
004083b0	Settings_StoreJoystickNumButtons	8	0	0
004083c0	FUN_004083c0	8	0	0
004083d0	FUN_004083d0	38	0	0
00408400	FUN_00408400	38	0	0
00408430	FUN_00408430	74	0	0
00408480	FUN_00408480	91	0	0
004084e0	FUN_004084e0	22	0	0
00408500	FUN_00408500	42	0	0
00408530	FUN_00408530	56	0	0
00408570	FUN_00408570	43	0	0
004085a0	FUN_004085a0	8	0	0
004085b0	FUN_004085b0	43	0	0
004085e0	FUN_004085e0	56	0	0
00408620	FUN_00408620	42	0	0
00408650	FUN_00408650	8	0	0
00408660	FUN_00408660	11	0	0
00408670	FUN_00408670	11	0	0
00408680	FUN_00408680	11	0	0
00408690	FUN_00408690	11	0	0
004086a0	FUN_004086a0	8	0	0
004086b0	FUN_004086b0	8	0	0
004086c0	FUN_004086c0	8	0	0
004086d0	FUN_004086d0	11	0	0
004086e0	FUN_004086e0	18	0	0
00408700	FUN_00408700	18	0	0
00408720	Settings_ApplyVideoModePreset	641	0	0
004089c0	FUN_004089c0	74	0	0
00408a10	Settings_StoreWOLPasswordFlag	8	0	0
00408a20	FUN_00408a20	8	0	0
00408a30	FUN_00408a30	489	0	0
00408c20	FUN_00408c20	17	0	0
00408c40	FUN_00408c40	30	0	0
00408c60	thunk_FUN_004b8b60	5	1	0
00408c70	FUN_00408c70	175	0	0
00408d30	FUN_00408d30	10	0	0
00408d40	FUN_00408d40	14	0	0
00408d60	FUN_00408d60	16	0	0
00408d70	FUN_00408d70	30	0	0
00408d90	FUN_00408d90	86	0	0
00408df0	FUN_00408df0	208	0	0
00408ec0	FUN_00408ec0	140	0	0
00408f50	FUN_00408f50	67	0	0
00408fa0	FUN_00408fa0	76	0	0
00408ff0	FUN_00408ff0	18	0	0
00409040	FUN_00409040	283	0	0
00409160	FUN_00409160	24	0	0
00409180	FUN_00409180	51	0	0
004091c0	FUN_004091c0	30	0	0
004091e0	FUN_004091e0	191	0	0
004092a0	FUN_004092a0	186	0	0
00409360	FUN_00409360	30	0	0
00409380	FUN_00409380	142	0	0
00409410	FUN_00409410	83	0	0
00409470	FUN_00409470	212	0	0
00409570	FUN_00409570	922	0	0
00409910	FUN_00409910	59	0	0
00409960	FUN_00409960	10	0	0
00409970	FUN_00409970	14	0	0
00409990	FUN_00409990	16	0	0
004099d0	FUN_004099d0	30	0	0
004099f0	FUN_004099f0	100	0	0
00409a60	FUN_00409a60	106	0	0
00409ad0	FUN_00409ad0	48	0	0
00409b00	FUN_00409b00	18	0	0
00409b20	FUN_00409b20	59	0	0
00409b60	FUN_00409b60	36	0	0
00409b90	FUN_00409b90	858	0	0
00409ef0	FUN_00409ef0	12	0	0
00409f00	FUN_00409f00	622	0	0
0040a170	FUN_0040a170	103	0	0
0040a1e0	FUN_0040a1e0	45	0	0
0040a210	FUN_0040a210	45	0	0
0040a240	FUN_0040a240	179	0	0
0040a300	FUN_0040a300	645	0	0
0040a590	FUN_0040a590	30	0	0
0040a5b0	FUN_0040a5b0	878	0	0
0040a920	FUN_0040a920	30	0	0
0040a940	FUN_0040a940	231	0	0
0040aa30	FUN_0040aa30	231	0	0
0040ab20	FUN_0040ab20	231	0	0
0040ac10	FUN_0040ac10	231	0	0
0040ad00	FUN_0040ad00	231	0	0
0040adf0	FUN_0040adf0	673	0	0
0040b0a0	FUN_0040b0a0	30	0	0
0040b0c0	FUN_0040b0c0	30	0	0
0040b0e0	FUN_0040b0e0	30	0	0
0040b100	FUN_0040b100	30	0	0
0040b120	FUN_0040b120	30	0	0
0040b3e0	FUN_0040b3e0	127	0	0
0040b460	FUN_0040b460	127	0	0
0040b4e0	FUN_0040b4e0	122	0	0
0040b560	FUN_0040b560	122	0	0
0040b5e0	FUN_0040b5e0	70	0	0
0040b630	FUN_0040b630	78	0	0
0040b680	FUN_0040b680	688	0	0
0040b930	FUN_0040b930	44	0	0
0040b960	FUN_0040b960	28	0	0
0040b980	FUN_0040b980	174	0	0
0040ba30	FUN_0040ba30	33	0	0
0040ba60	FUN_0040ba60	35	0	0
0040bab0	FUN_0040bab0	33	0	0
0040bb00	FUN_0040bb00	33	0	0
0040bba0	FUN_0040bba0	25	0	0
0040bbc0	FUN_0040bbc0	25	0	0
0040bbe0	FUN_0040bbe0	25	0	0
0040bc00	FUN_0040bc00	25	0	0
0040bc30	FUN_0040bc30	10	0	0
0040bc40	FUN_0040bc40	14	0	0
0040bc60	FUN_0040bc60	16	0	0
0040bc70	FUN_0040bc70	30	0	0
0040bc90	FUN_0040bc90	86	0	0
0040bcf0	FUN_0040bcf0	111	0	0
0040bd60	FUN_0040bd60	58	0	0
0040bda0	FUN_0040bda0	18	0	0
0040bdc0	FUN_0040bdc0	43	0	0
0040bdf0	FUN_0040bdf0	3	0	0
0040be00	FUN_0040be00	90	0	0
0040be60	FUN_0040be60	34	0	0
0040bef0	thunk_FUN_004bab40	5	1	0
0040bf00	FUN_0040bf00	27	0	0
0040bf20	FUN_0040bf20	46	0	0
0040bf50	FUN_0040bf50	47	0	0
0040bf80	FUN_0040bf80	519	0	0
0040c190	FUN_0040c190	35	0	0
0040c1c0	FUN_0040c1c0	9	0	0
0040c1d0	FUN_0040c1d0	140	0	0
0040c260	FUN_0040c260	30	0	0
0040c280	FUN_0040c280	239	0	0
0040c370	RecoilApp_ProbeDirectXCapabilityLevel	877	0	0
0040c6e0	FUN_0040c6e0	49	0	0
0040c720	OptionsPanel_BuildWidgets	670	0	0
0040c9c0	FUN_0040c9c0	21	0	0
0040c9e0	FUN_0040c9e0	54	0	0
0040ca20	FUN_0040ca20	21	0	0
0040ca40	FUN_0040ca40	64	0	0
0040ca80	FUN_0040ca80	26	0	0
0040cab0	FUN_0040cab0	18	0	0
0040cad0	FUN_0040cad0	21	0	0
0040caf0	FUN_0040caf0	18	0	0
0040cb10	FUN_0040cb10	21	0	0
0040cb30	FUN_0040cb30	51	0	0
0040cb70	FUN_0040cb70	21	0	0
0040cb90	FUN_0040cb90	23	0	0
0040cbb0	FUN_0040cbb0	28	0	0
0040cbd0	FUN_0040cbd0	18	0	0
0040cbf0	FUN_0040cbf0	21	0	0
0040cc10	FUN_0040cc10	26	0	0
0040cc30	FUN_0040cc30	46	0	0
0040cc60	FUN_0040cc60	18	0	0
0040cc80	FUN_0040cc80	59	0	0
0040cd00	FUN_0040cd00	36	0	0
0040cd30	FUN_0040cd30	280	0	0
0040ce80	FUN_0040ce80	98	0	0
0040cf00	FUN_0040cf00	30	0	0
0040cf20	thunk_FUN_004b50c0	5	1	0
0040cf30	thunk_FUN_004b7020	5	1	0
0040cf40	thunk_FUN_004b7de0	5	1	0
0040cf50	thunk_FUN_004b84d0	5	1	0
0040cf60	FUN_0040cf60	271	0	0
0040d080	FUN_0040d080	10	0	0
0040d090	FUN_0040d090	14	0	0
0040d0b0	FUN_0040d0b0	16	0	0
0040d0c0	FUN_0040d0c0	30	0	0
0040d0e0	FUN_0040d0e0	100	0	0
0040d150	OptionsScreen_Create	106	0	0
0040d1c0	FUN_0040d1c0	18	0	0
0040d1f0	FUN_0040d1f0	10	0	0
0040d200	FUN_0040d200	14	0	0
0040d220	FUN_0040d220	55	0	0
0040d270	FUN_0040d270	10	0	0
0040d280	FUN_0040d280	14	0	0
0040d300	FUN_0040d300	10	0	0
0040d310	FUN_0040d310	14	0	0
0040d330	FUN_0040d330	127	0	0
0040d3b0	FUN_0040d3b0	71	0	0
0040d410	FUN_0040d410	10	0	0
0040d420	FUN_0040d420	14	0	0
0040d440	FUN_0040d440	336	0	0
0040d590	FUN_0040d590	95	0	0
0040d5f0	thunk_FUN_004b3d50	5	1	0
0040d600	FUN_0040d600	8	0	0
0040d610	FUN_0040d610	75	0	0
0040d660	FUN_0040d660	113	0	0
0040d6e0	FUN_0040d6e0	85	0	0
0040d740	FUN_0040d740	22	0	0
0040d760	FUN_0040d760	22	0	0
0040d780	FUN_0040d780	83	0	0
0040d7e0	FUN_0040d7e0	482	0	0
0040d9d0	FUN_0040d9d0	10	0	0
0040d9e0	FUN_0040d9e0	32	0	0
0040da00	FUN_0040da00	158	0	0
0040daa0	FUN_0040daa0	30	0	0
0040dac0	FUN_0040dac0	50	0	0
0040db00	FUN_0040db00	22	0	0
0040db20	FUN_0040db20	98	0	0
0040db90	FUN_0040db90	50	0	0
0040dbd0	FUN_0040dbd0	30	0	0
0040dbf0	FUN_0040dbf0	209	0	0
0040dcd0	FUN_0040dcd0	817	0	0
0040e010	FUN_0040e010	33	0	0
0040e040	FUN_0040e040	39	0	0
0040e070	FUN_0040e070	204	0	0
0040e140	FUN_0040e140	1104	0	0
0040e590	FUN_0040e590	621	0	0
0040e800	FUN_0040e800	118	0	0
0040e880	FUN_0040e880	133	0	0
0040e910	FUN_0040e910	328	0	0
0040ea60	FUN_0040ea60	80	0	0
0040eab0	FUN_0040eab0	36	0	0
0040eae0	FUN_0040eae0	19	0	0
0040eb00	FUN_0040eb00	395	0	0
0040ec90	FUN_0040ec90	13	0	0
0040eca0	FUN_0040eca0	20	0	0
0040ecc0	FUN_0040ecc0	18	0	0
0040ece0	FUN_0040ece0	40	0	0
0040ed10	FUN_0040ed10	12	0	0
0040ed80	FUN_0040ed80	214	0	0
0040ee60	FUN_0040ee60	153	0	0
0040ef00	FUN_0040ef00	83	0	0
0040ef60	FUN_0040ef60	217	0	0
0040f040	FUN_0040f040	43	0	0
0040f070	FUN_0040f070	124	0	0
0040f0f0	FUN_0040f0f0	58	0	0
0040f130	FUN_0040f130	98	0	0
0040f1a0	FUN_0040f1a0	82	0	0
0040f200	FUN_0040f200	164	0	0
0040f2b0	FUN_0040f2b0	30	0	0
0040f2e0	FUN_0040f2e0	242	0	0
0040f3e0	FUN_0040f3e0	30	0	0
0040f400	FUN_0040f400	83	0	0
0040f460	FUN_0040f460	92	0	0
0040f4c0	FUN_0040f4c0	1302	0	0
0040f9e0	FUN_0040f9e0	35	0	0
0040fa20	FUN_0040fa20	30	0	0
0040fa40	FUN_0040fa40	97	0	0
0040fac0	FUN_0040fac0	164	0	0
0040fb70	FUN_0040fb70	32	0	0
0040fb90	HUD_BuildTimerSaveRecord	30	0	0
0040fbd0	FUN_0040fbd0	512	0	0
0040fdd0	FUN_0040fdd0	84	0	0
0040fe30	FUN_0040fe30	85	0	0
0040fe90	FUN_0040fe90	84	0	0
0040fef0	FUN_0040fef0	84	0	0
0040ff50	FUN_0040ff50	40	0	0
0040ff80	FUN_0040ff80	436	0	0
00410140	FUN_00410140	24	0	0
00410160	FUN_00410160	2986	0	0
00410d10	FUN_00410d10	369	0	0
00410e90	FUN_00410e90	62	0	0
00410ed0	FUN_00410ed0	263	0	0
00410fe0	FUN_00410fe0	387	0	0
00411170	FUN_00411170	253	0	0
00411270	Input_Mouse_CursorRaycastDispatch	1177	0	0
00411720	FUN_00411720	25	0	0
00411740	FUN_00411740	7	0	0
00411750	FUN_00411750	12	0	0
00411760	FUN_00411760	142	0	0
004117f0	FUN_004117f0	185	0	0
004118b0	FUN_004118b0	70	0	0
00411900	FUN_00411900	283	0	0
00411a20	FUN_00411a20	149	0	0
00411ac0	FUN_00411ac0	1000	0	0
00411eb0	FUN_00411eb0	91	0	0
00411f10	FUN_00411f10	308	0	0
00412050	FUN_00412050	32	0	0
00412070	FUN_00412070	545	0	0
004122c0	FUN_004122c0	482	0	0
004124b0	FUN_004124b0	368	0	0
00412620	FUN_00412620	34	0	0
00412650	FUN_00412650	136	0	0
004126e0	FUN_004126e0	170	0	0
00412790	FUN_00412790	61	0	0
004127d0	FUN_004127d0	75	0	0
00412820	FUN_00412820	832	0	0
00412b60	FUN_00412b60	99	0	0
00412c10	FUN_00412c10	79	0	0
00412db0	FUN_00412db0	240	0	0
00412ea0	FUN_00412ea0	195	0	0
00412f70	FUN_00412f70	263	0	0
00413080	FUN_00413080	75	0	0
004132b0	FUN_004132b0	137	0	0
004134e0	FUN_004134e0	25	0	0
00413540	FUN_00413540	164	0	0
00413630	FUN_00413630	16	0	0
00413660	FUN_00413660	76	0	0
004136b0	FUN_004136b0	58	0	0
00413700	FUN_00413700	10	0	0
00413710	FUN_00413710	14	0	0
00413730	FUN_00413730	64	0	0
00413770	FUN_00413770	40	0	0
004137a0	FUN_004137a0	26	0	0
004137c0	FUN_004137c0	39	0	0
004137f0	FUN_004137f0	216	0	0
004138d0	FUN_004138d0	29	0	0
004138f0	FUN_004138f0	29	0	0
00413910	FUN_00413910	49	0	0
00413950	FUN_00413950	49	0	0
00413990	FUN_00413990	118	0	0
00413a10	FUN_00413a10	129	0	0
00413aa0	FUN_00413aa0	40	0	0
00413ad0	FUN_00413ad0	56	0	0
00413b10	FUN_00413b10	251	0	0
00413c10	FUN_00413c10	274	0	0
00413d30	FUN_00413d30	384	0	0
00413eb0	FUN_00413eb0	1	0	0
00413ec0	FUN_00413ec0	303	0	0
00413ff0	FUN_00413ff0	126	0	0
00414070	FUN_00414070	268	0	0
00414180	FUN_00414180	130	0	0
00414210	FUN_00414210	238	0	0
00414300	FUN_00414300	34	0	0
00414330	FUN_00414330	92	0	0
00414390	FUN_00414390	15	0	0
004143a0	FUN_004143a0	13	0	0
004143b0	FUN_004143b0	15	0	0
004143c0	FUN_004143c0	15	0	0
00414670	FUN_00414670	33	0	0
004146a0	FUN_004146a0	58	0	0
004146e0	FUN_004146e0	48	0	0
00414710	FUN_00414710	539	0	0
00414930	FUN_00414930	69	0	0
00414980	FUN_00414980	214	0	0
00414a70	FUN_00414a70	10	0	0
00414a80	FUN_00414a80	14	0	0
00414ab0	FUN_00414ab0	29	0	0
00414b60	FUN_00414b60	35	0	0
00414b90	FUN_00414b90	36	0	0
00414bc0	FUN_00414bc0	891	0	0
00414f40	FUN_00414f40	17	0	0
00414f60	FUN_00414f60	19	0	0
00414f80	FUN_00414f80	17	0	0
00414fa0	FUN_00414fa0	29	0	0
00414fc0	FUN_00414fc0	17	0	0
00414fe0	FUN_00414fe0	17	0	0
00415000	FUN_00415000	17	0	0
00415020	FUN_00415020	30	0	0
00415040	FUN_00415040	191	0	0
00415110	FUN_00415110	10	0	0
00415120	FUN_00415120	14	0	0
00415170	FUN_00415170	27	0	0
00415190	FUN_00415190	30	0	0
004151b0	FUN_004151b0	100	0	0
00415220	MainMenuScreen_Create	321	0	0
00415370	FUN_00415370	84	0	0
00415630	FUN_00415630	26	0	0
00415650	FUN_00415650	24	0	0
00415670	FUN_00415670	7	0	0
00415680	FUN_00415680	182	0	0
00415740	FUN_00415740	73	0	0
00415790	FUN_00415790	30	0	0
004157b0	FUN_004157b0	95	0	0
00415820	FUN_00415820	10	0	0
00415830	FUN_00415830	14	0	0
00415850	FUN_00415850	16	0	0
00415860	FUN_00415860	30	0	0
00415880	FUN_00415880	100	0	0
004158f0	FUN_004158f0	106	0	0
00415960	FUN_00415960	72	0	0
004159b0	FUN_004159b0	18	0	0
004159e0	FUN_004159e0	154	0	0
00415aa0	FUN_00415aa0	7	0	0
00415ab0	FUN_00415ab0	12	0	0
00415ac0	FUN_00415ac0	18	0	0
00415ae0	FUN_00415ae0	48	0	0
00415b10	FUN_00415b10	40	0	0
00415b40	FUN_00415b40	45	0	0
00415b70	FUN_00415b70	96	0	0
00415bd0	FUN_00415bd0	191	0	0
00415c90	FUN_00415c90	155	0	0
00415d30	FUN_00415d30	524	0	0
00415f40	FUN_00415f40	107	0	0
00415fb0	FUN_00415fb0	642	0	0
00416240	FUN_00416240	77	0	0
00416290	FUN_00416290	29	0	0
004162b0	FUN_004162b0	190	0	0
00416390	FUN_00416390	231	0	0
00416480	FUN_00416480	464	0	0
00416650	FUN_00416650	14	0	0
00416660	FUN_00416660	113	0	0
004166e0	FUN_004166e0	165	0	0
00416790	thunk_FUN_004167a0	5	1	0
004167a0	FUN_004167a0	63	0	0
004167e0	FUN_004167e0	89	0	0
00416840	FUN_00416840	137	0	0
004168d0	FUN_004168d0	243	0	0
004169d0	FUN_004169d0	89	0	0
00416a30	FUN_00416a30	157	0	0
00416ad0	FUN_00416ad0	96	0	0
00416b30	FUN_00416b30	69	0	0
00416be0	FUN_00416be0	174	0	0
00416c90	FUN_00416c90	179	0	0
00416d50	FUN_00416d50	128	0	0
00416dd0	FUN_00416dd0	116	0	0
00416e50	FUN_00416e50	156	0	0
00416ef0	FUN_00416ef0	22	0	0
00416f10	FUN_00416f10	541	0	0
00417130	FUN_00417130	235	0	0
00417220	FUN_00417220	59	0	0
00417260	FUN_00417260	94	0	0
004172c0	FUN_004172c0	62	0	0
00417300	FUN_00417300	70	0	0
00417360	FUN_00417360	10	0	0
00417370	FUN_00417370	14	0	0
00417390	FUN_00417390	149	0	0
00417430	Mission_BuildSaveRecord	191	0	0
004174f0	FUN_004174f0	333	0	0
00417640	FUN_00417640	54	0	0
004176b0	Mission_BuildLatePhaseFlag	28	0	0
004176f0	FUN_004176f0	125	0	0
00417770	FUN_00417770	43	0	0
004177a0	FUN_004177a0	33	0	0
004177d0	FUN_004177d0	47	0	0
00417800	FUN_00417800	7	0	0
00417810	FUN_00417810	493	0	0
00417a00	FUN_00417a00	670	0	0
00417d40	FUN_00417d40	410	0	0
00417ee0	FUN_00417ee0	120	0	0
00417f60	FUN_00417f60	41	0	0
00417f90	Mission_LoadObjectivesArray	666	0	0
00418230	Mission_LoadObjectiveTriggers	679	0	0
004184e0	Mission_ObjectiveStateMachine	311	0	0
00418620	FUN_00418620	207	0	0
004186f0	FUN_004186f0	64	0	0
00418730	FUN_00418730	43	0	0
00418760	Mission_ShowReviewScreen	389	0	0
004188f0	FUN_004188f0	74	0	0
00418940	FUN_00418940	739	0	0
00418c30	FUN_00418c30	55	0	0
00418c70	FUN_00418c70	204	0	0
00418d40	Mission_TickAndCheckObjectiveCompletion	587	0	0
00418fb0	FUN_00418fb0	87	0	0
00419010	FUN_00419010	50	0	0
00419050	FUN_00419050	639	0	0
004192d0	FUN_004192d0	173	0	0
004193c0	FUN_004193c0	175	0	0
00419470	FUN_00419470	23	0	0
00419490	FUN_00419490	111	0	0
00419500	MPExitPanel_BuildWidgets	329	0	0
00419650	FUN_00419650	59	0	0
00419740	MPExitScreen_Create	180	0	0
00419800	FUN_00419800	39	0	0
00419850	FUN_00419850	30	0	0
00419870	FUN_00419870	95	0	0
00419aa0	MPNewGamePanel_BuildWidgets	1728	0	0
0041a160	FUN_0041a160	41	0	0
0041a190	FUN_0041a190	105	0	0
0041a200	FUN_0041a200	132	0	0
0041a3d0	FUN_0041a3d0	30	0	0
0041a3f0	thunk_FUN_004b4ac0	5	1	0
0041a400	FUN_0041a400	367	0	0
0041a570	FUN_0041a570	30	0	0
0041a590	FUN_0041a590	30	0	0
0041a7b0	FUN_0041a7b0	112	0	0
0041ab70	FUN_0041ab70	10	0	0
0041ab80	FUN_0041ab80	14	0	0
0041aba0	FUN_0041aba0	17	0	0
0041abc0	FUN_0041abc0	30	0	0
0041abe0	FUN_0041abe0	100	0	0
0041ac50	MPNewGameScreen_Create	193	0	0
0041ad20	FUN_0041ad20	82	0	0
0041ad80	FUN_0041ad80	24	0	0
0041ada0	FUN_0041ada0	227	0	0
0041ae90	FUN_0041ae90	30	0	0
0041aeb0	FUN_0041aeb0	156	0	0
0041af50	FUN_0041af50	124	0	0
0041b150	FUN_0041b150	402	0	0
0041b510	FUN_0041b510	143	0	0
0041b660	FUN_0041b660	19	0	0
0041b680	FUN_0041b680	22	0	0
0041b6a0	FUN_0041b6a0	209	0	0
0041b8d0	FUN_0041b8d0	30	0	0
0041b8f0	FUN_0041b8f0	30	0	0
0041b910	FUN_0041b910	30	0	0
0041b930	FUN_0041b930	30	0	0
0041b950	FUN_0041b950	344	0	0
0041bab0	FUN_0041bab0	121	0	0
0041bb30	FUN_0041bb30	187	0	0
0041bbf0	FUN_0041bbf0	171	0	0
0041bd20	FUN_0041bd20	85	0	0
0041bd80	NetExitPanel_BuildWidgets	239	0	0
0041be90	FUN_0041be90	30	0	0
0041beb0	FUN_0041beb0	95	0	0
0041bf10	FUN_0041bf10	35	0	0
0041bf40	FUN_0041bf40	92	0	0
0041bfa0	FUN_0041bfa0	89	0	0
0041c000	NetExitDialog_InitOnGameLoad	100	0	0
0041c070	FUN_0041c070	14	0	0
0041c080	FUN_0041c080	20	0	0
0041c0a0	FUN_0041c0a0	28	0	0
0041c0c0	FUN_0041c0c0	102	0	0
0041c130	FUN_0041c130	58	0	0
0041c170	FUN_0041c170	231	0	0
0041c290	FUN_0041c290	283	0	0
0041c3b0	FUN_0041c3b0	47	0	0
0041c3e0	FUN_0041c3e0	30	0	0
0041c400	FUN_0041c400	127	0	0
0041c480	FUN_0041c480	30	0	0
0041c4a0	FUN_0041c4a0	30	0	0
0041c4c0	FUN_0041c4c0	30	0	0
0041c4e0	FUN_0041c4e0	22	0	0
0041c500	FUN_0041c500	92	0	0
0041c560	FUN_0041c560	114	0	0
0041c5f0	FUN_0041c5f0	26	0	0
0041c610	FUN_0041c610	30	0	0
0041c630	FUN_0041c630	100	0	0
0041c6a0	FUN_0041c6a0	14	0	0
0041c6c0	FUN_0041c6c0	18	0	0
0041c6e0	FUN_0041c6e0	227	0	0
0041c7d0	FUN_0041c7d0	30	0	0
0041c7f0	FUN_0041c7f0	140	0	0
0041c990	FUN_0041c990	106	0	0
0041ca00	FUN_0041ca00	14	0	0
0041ca30	FUN_0041ca30	285	0	0
0041cb50	FUN_0041cb50	56	0	0
0041cb90	FUN_0041cb90	84	0	0
0041cbf0	FUN_0041cbf0	30	0	0
0041cca0	FUN_0041cca0	36	0	0
0041ccd0	FUN_0041ccd0	30	0	0
0041ccf0	FUN_0041ccf0	448	0	0
0041ceb0	FUN_0041ceb0	52	0	0
0041cef0	FUN_0041cef0	53	0	0
0041cf30	FUN_0041cf30	32	0	0
0041cf50	FUN_0041cf50	365	0	0
0041d0c0	FUN_0041d0c0	345	0	0
0041d220	FUN_0041d220	905	0	0
0041d650	FUN_0041d650	579	0	0
0041d8a0	FUN_0041d8a0	124	0	0
0041d920	FUN_0041d920	241	0	0
0041da20	FUN_0041da20	134	0	0
0041dab0	FUN_0041dab0	141	0	0
0041db40	FUN_0041db40	20	0	0
0041db60	FUN_0041db60	201	0	0
0041dc30	FUN_0041dc30	41	0	0
0041dc60	FUN_0041dc60	131	0	0
0041dd60	FUN_0041dd60	129	0	0
0041ddf0	FUN_0041ddf0	61	0	0
0041de30	FUN_0041de30	59	0	0
0041de70	FUN_0041de70	803	0	0
0041e1a0	FUN_0041e1a0	24	0	0
0041e1c0	FUN_0041e1c0	24	0	0
0041e1e0	FUN_0041e1e0	91	0	0
0041e240	FUN_0041e240	48	0	0
0041e270	FUN_0041e270	116	0	0
0041e2f0	FUN_0041e2f0	55	0	0
0041e330	FUN_0041e330	246	0	0
0041e430	FUN_0041e430	72	0	0
0041e480	FUN_0041e480	179	0	0
0041e540	FUN_0041e540	104	0	0
0041e5d0	Engine_TimedEventQueueTick	236	0	0
0041e6c0	FUN_0041e6c0	180	0	0
0041e780	Pickup_BuildSaveRecords	186	0	0
0041e840	FUN_0041e840	79	0	0
0041e890	FUN_0041e890	101	0	0
0041e900	FUN_0041e900	42	0	0
0041e930	FUN_0041e930	29	0	0
0041e950	FUN_0041e950	4	0	0
0041e960	FUN_0041e960	12	0	0
0041e970	FUN_0041e970	6	0	0
0041e980	FUN_0041e980	117	0	0
0041ea00	FUN_0041ea00	45	0	0
0041ea30	FUN_0041ea30	88	0	0
0041eb00	FUN_0041eb00	10	0	0
0041eb10	FUN_0041eb10	14	0	0
0041eb30	FUN_0041eb30	29	0	0
0041eb60	FUN_0041eb60	10	0	0
0041eb70	FUN_0041eb70	14	0	0
0041eb90	FUN_0041eb90	29	0	0
0041ebb0	FUN_0041ebb0	30	0	0
0041ec40	FUN_0041ec40	17	0	0
0041ec60	FUN_0041ec60	14	0	0
0041ec90	FUN_0041ec90	17	0	0
0041ecb0	FUN_0041ecb0	14	0	0
0041ecd0	FUN_0041ecd0	603	0	0
0041ef40	FUN_0041ef40	29	0	0
0041ef60	FUN_0041ef60	14	0	0
0041efa0	FUN_0041efa0	97	0	0
0041f010	Player_FillSaveRecordFields	444	0	0
0041f1d0	FUN_0041f1d0	985	0	0
0041f5b0	FUN_0041f5b0	62	0	0
0041f5f0	Player_BuildSaveRecord	72	0	0
0041f6a0	Vehicle_BuildListSaveRecord	417	0	0
0041fb80	FUN_0041fb80	403	0	0
0041fd20	FUN_0041fd20	287	0	0
0041fe40	FUN_0041fe40	6	0	0
0041fe50	FUN_0041fe50	61	0	0
0041fe90	Player_InitPhysicsGlobalsAndVehicleClasses	3407	0	0
00420be0	FUN_00420be0	115	0	0
00420c60	FUN_00420c60	171	0	0
00420d10	Vehicle_ResolveClassConfigAndNetAssignment	1864	0	0
00421470	FUN_00421470	797	0	0
00421790	FUN_00421790	145	0	0
00421830	FUN_00421830	514	0	0
00421a40	FUN_00421a40	109	0	0
00421ab0	Vehicle_SpawnInstanceFromConfig	687	0	0
00421d60	FUN_00421d60	49	0	0
00421da0	FUN_00421da0	49	0	0
00421de0	FUN_00421de0	49	0	0
00421e20	FUN_00421e20	115	0	0
00421ea0	FUN_00421ea0	33	0	0
00421ed0	FUN_00421ed0	538	0	0
004220f0	FUN_004220f0	116	0	0
00422170	FUN_00422170	1365	0	0
004226d0	Vehicle_LoadClassPhysicsConfig	2686	0	0
00423150	Name_StripNumericSuffix	81	0	0
004231b0	FUN_004231b0	451	0	0
00423380	FUN_00423380	42	0	0
004233b0	FUN_004233b0	72	0	0
00423400	FUN_00423400	61	0	0
00423460	FUN_00423460	204	0	0
00423530	FUN_00423530	372	0	0
004236b0	FUN_004236b0	1107	0	0
00423b10	FUN_00423b10	263	0	0
00423c20	FUN_00423c20	918	0	0
00423fc0	FUN_00423fc0	65	0	0
00424010	FUN_00424010	253	0	0
00424110	FUN_00424110	54	0	0
00424150	FUN_00424150	179	0	0
00424210	FUN_00424210	81	0	0
00424270	FUN_00424270	1639	0	0
004248e0	FUN_004248e0	472	0	0
00424ac0	FUN_00424ac0	296	0	0
00424bf0	FUN_00424bf0	150	0	0
00424c90	FUN_00424c90	112	0	0
00424d00	FUN_00424d00	458	0	0
00424ed0	FUN_00424ed0	386	0	0
00425060	FUN_00425060	239	0	0
00425150	FUN_00425150	158	0	0
004251f0	FUN_004251f0	1399	0	0
00425770	FUN_00425770	418	0	0
00425920	FUN_00425920	256	0	0
00425a20	Vehicle_ReadPlayerControlInput	1834	0	0
00426330	Vehicle_ResetLookOffset	22	0	0
00426350	FUN_00426350	53	0	0
00426390	Vehicle_MainUpdateTick	794	0	0
004266b0	Vehicle_DispatchMovementPhysics	157	0	0
00426770	FUN_00426770	2497	0	0
00427140	FUN_00427140	754	0	0
00427440	FUN_00427440	1450	0	0
004279f0	FUN_004279f0	1221	0	0
00427ec0	FUN_00427ec0	597	0	0
00428120	FUN_00428120	553	0	0
00428350	FUN_00428350	156	0	0
004283f0	FUN_004283f0	156	0	0
00428490	FUN_00428490	140	0	0
00428520	Vehicle_UpdateSubModePhysics	1225	0	0
004289f0	Vehicle_UpdateGroundClearanceAndAutoAmphib	560	0	0
00428c20	FUN_00428c20	313	0	0
00428d60	FUN_00428d60	902	0	0
004290f0	FUN_004290f0	333	0	0
00429240	FUN_00429240	491	0	0
00429430	FUN_00429430	160	0	0
004294d0	FUN_004294d0	133	0	0
00429560	FUN_00429560	492	0	0
00429750	FUN_00429750	275	0	0
00429870	FUN_00429870	709	0	0
00429b40	FUN_00429b40	495	0	0
00429d30	FUN_00429d30	401	0	0
00429ed0	FUN_00429ed0	23	0	0
00429ef0	FUN_00429ef0	18	0	0
00429f20	FUN_00429f20	29	0	0
00429f40	FUN_00429f40	14	0	0
00429f80	FUN_00429f80	116	0	0
0042a000	FUN_0042a000	100	0	0
0042a070	FUN_0042a070	579	0	0
0042a2c0	FUN_0042a2c0	447	0	0
0042a480	FUN_0042a480	24	0	0
0042a4a0	FUN_0042a4a0	11	0	0
0042a4b0	FUN_0042a4b0	30	0	0
0042a4d0	FUN_0042a4d0	15	0	0
0042a4e0	FUN_0042a4e0	12	0	0
0042a4f0	FUN_0042a4f0	13	0	0
0042a500	FUN_0042a500	67	0	0
0042a550	FUN_0042a550	1145	0	0
0042a9d0	FUN_0042a9d0	19	0	0
0042a9f0	FUN_0042a9f0	65	0	0
0042aa40	FUN_0042aa40	6	0	0
0042aa50	FUN_0042aa50	539	0	0
0042ac90	Vehicle_TransitionToTrackMode	535	0	0
0042aeb0	Vehicle_TransitionToAmphibMode	571	0	0
0042b0f0	Vehicle_TransitionToHoverMode	426	0	0
0042b2a0	Vehicle_TransitionToSubMode	509	0	0
0042b4a0	FUN_0042b4a0	31	0	0
0042b4c0	Vehicle_TransitionToFlyModeUnused	89	0	0
0042b520	Vehicle_RequestModeTransitionByEnum	96	0	0
0042b5a0	FUN_0042b5a0	144	0	0
0042b630	FUN_0042b630	176	0	0
0042b6e0	FUN_0042b6e0	303	0	0
0042b810	FUN_0042b810	164	0	0
0042b8c0	FUN_0042b8c0	168	0	0
0042b970	FUN_0042b970	221	0	0
0042ba50	FUN_0042ba50	87	0	0
0042bab0	Vehicle_ComputeAimYawToPoint	125	0	0
0042bb30	Game_HandleStateEvent	642	0	0
0042be00	FUN_0042be00	100	0	0
0042be70	FUN_0042be70	87	0	0
0042bed0	FUN_0042bed0	102	0	0
0042bf40	FUN_0042bf40	72	0	0
0042bf90	Vehicle_UpdateTrackModeContactAndBuoyancy	318	0	0
0042c0d0	FUN_0042c0d0	525	0	0
0042c2e0	FUN_0042c2e0	316	0	0
0042c420	FUN_0042c420	252	0	0
0042c520	FUN_0042c520	274	0	0
0042c640	FUN_0042c640	650	0	0
0042c8d0	FUN_0042c8d0	360	0	0
0042ca40	FUN_0042ca40	262	0	0
0042cb50	FUN_0042cb50	118	0	0
0042cbd0	FUN_0042cbd0	34	0	0
0042cc00	FUN_0042cc00	479	0	0
0042cde0	FUN_0042cde0	101	0	0
0042ce50	FUN_0042ce50	272	0	0
0042cf60	FUN_0042cf60	43	0	0
0042cf90	FUN_0042cf90	908	0	0
0042d320	FUN_0042d320	562	0	0
0042d560	FUN_0042d560	92	0	0
0042d5c0	Vehicle_UpdateWaterBuoyancyAndAutoTransition	1141	0	0
0042da40	FUN_0042da40	267	0	0
0042db50	FUN_0042db50	219	0	0
0042dc30	FUN_0042dc30	179	0	0
0042dcf0	FUN_0042dcf0	174	0	0
0042dda0	FUN_0042dda0	94	0	0
0042de00	FUN_0042de00	13	0	0
0042de30	FUN_0042de30	10	0	0
0042de40	FUN_0042de40	14	0	0
0042de60	FUN_0042de60	168	0	0
0042df10	FUN_0042df10	62	0	0
0042df50	FUN_0042df50	62	0	0
0042df90	FUN_0042df90	7	0	0
0042dfa0	FUN_0042dfa0	194	0	0
0042e070	FUN_0042e070	62	0	0
0042e0b0	FUN_0042e0b0	30	0	0
0042e0d0	FUN_0042e0d0	30	0	0
0042e0f0	FUN_0042e0f0	30	0	0
0042e110	FUN_0042e110	90	0	0
0042e170	FUN_0042e170	173	0	0
0042e220	RecoilApp_PostSubsystemInit	261	0	0
0042e330	RecoilApp_InitVideoAndHSEDevice	256	0	0
0042e430	FUN_0042e430	84	0	0
0042e490	FUN_0042e490	51	0	0
0042e4d0	FUN_0042e4d0	75	0	0
0042e5da	RecoilApp_BootstrapAndCDCheck	828	0	0
0042e990	FUN_0042e990	91	0	0
0042ea20	FUN_0042ea20	153	0	0
0042eb20	FUN_0042eb20	52	0	0
0042eb70	FUN_0042eb70	81	0	0
0042ebd0	FUN_0042ebd0	30	0	0
0042ebf0	FUN_0042ebf0	143	0	0
0042ecb0	FUN_0042ecb0	116	0	0
0042ed30	FUN_0042ed30	95	0	0
0042ed90	FUN_0042ed90	30	0	0
0042ee40	FUN_0042ee40	10	0	0
0042eea0	FUN_0042eea0	17	0	0
0042eecd	FUN_0042eecd	3	0	0
0042eed0	FUN_0042eed0	929	0	0
0042f280	FUN_0042f280	852	0	0
0042f5e0	FUN_0042f5e0	673	0	0
0042f890	FUN_0042f890	16	0	0
0042f9f0	FUN_0042f9f0	131	0	0
0042fa80	FUN_0042fa80	27	0	0
0042faa0	FUN_0042faa0	29	0	0
0042fac0	FUN_0042fac0	141	0	0
0042fb50	FUN_0042fb50	311	0	0
0042fc90	FUN_0042fc90	299	0	0
0042fdc0	FUN_0042fdc0	465	0	0
0042ffa0	FUN_0042ffa0	202	0	0
00430070	FUN_00430070	131	0	0
00430100	FUN_00430100	213	0	0
004301e0	FUN_004301e0	90	0	0
00430250	FUN_00430250	919	0	0
004305f0	FUN_004305f0	30	0	0
00430610	FUN_00430610	101	0	0
00430680	FUN_00430680	96	0	0
004306f0	FUN_004306f0	66	0	0
004308c0	FUN_004308c0	239	0	0
004309b0	FUN_004309b0	22	0	0
004309d0	FUN_004309d0	22	0	0
004309f0	FUN_004309f0	22	0	0
00430a10	FUN_00430a10	22	0	0
00430a30	FUN_00430a30	22	0	0
00430a50	FUN_00430a50	22	0	0
00430c30	FUN_00430c30	84	0	0
00431330	FUN_00431330	72	0	0
00431380	FUN_00431380	73	0	0
00431610	FUN_00431610	97	0	0
00431680	FUN_00431680	56	0	0
00431730	FUN_00431730	93	0	0
00431b70	FUN_00431b70	7	0	0
00431b80	FUN_00431b80	30	0	0
00431ba0	FUN_00431ba0	70	0	0
00431c50	FUN_00431c50	377	0	0
00431dd0	FUN_00431dd0	724	0	0
004320b0	FUN_004320b0	52	0	0
004320f0	FUN_004320f0	192	0	0
004321b0	FUN_004321b0	236	0	0
004322a0	FUN_004322a0	92	0	0
00432300	FUN_00432300	1240	0	0
00432830	FUN_00432830	34	0	0
00432860	FUN_00432860	634	0	0
00432ae0	FUN_00432ae0	635	0	0
00432d60	FUN_00432d60	271	0	0
00432e70	FUN_00432e70	92	0	0
00433000	FUN_00433000	90	0	0
00433060	FUN_00433060	129	0	0
004330f0	FUN_004330f0	119	0	0
00433170	FUN_00433170	134	0	0
00433200	FUN_00433200	72	0	0
00433250	FUN_00433250	183	0	0
00433310	FUN_00433310	117	0	0
00433390	FUN_00433390	117	0	0
00433410	FUN_00433410	210	0	0
004334f0	FUN_004334f0	188	0	0
004335b0	FUN_004335b0	309	0	0
004336f0	FUN_004336f0	22	0	0
00433710	FUN_00433710	22	0	0
00433730	FUN_00433730	6	0	0
00433740	FUN_00433740	6	0	0
00433750	FUN_00433750	131	0	0
00433840	FUN_00433840	385	0	0
004339d0	FUN_004339d0	107	0	0
00433a40	FUN_00433a40	15	0	0
00433a50	FUN_00433a50	126	0	0
00433ad0	FUN_00433ad0	158	0	0
00433b70	FUN_00433b70	179	0	0
00433c30	FUN_00433c30	99	0	0
00433ca0	FUN_00433ca0	154	0	0
00433d40	FUN_00433d40	155	0	0
00433de0	FUN_00433de0	86	0	0
00433e40	FUN_00433e40	41	0	0
00433e70	FUN_00433e70	41	0	0
00433ea0	FUN_00433ea0	152	0	0
00434050	FUN_00434050	72	0	0
004340c0	FUN_004340c0	107	0	0
00434130	FUN_00434130	83	0	0
00434370	FUN_00434370	123	0	0
00434430	FUN_00434430	46	0	0
00434460	FUN_00434460	65	0	0
00434550	FUN_00434550	78	0	0
004345a0	FUN_004345a0	168	0	0
00434650	FUN_00434650	8	0	0
00434660	FUN_00434660	24	0	0
00434680	FUN_00434680	559	0	0
004348b0	FUN_004348b0	58	0	0
00434950	FUN_00434950	17	0	0
00434980	FUN_00434980	30	0	0
004349a0	FUN_004349a0	214	0	0
00434a80	FUN_00434a80	230	0	0
00434b70	FUN_00434b70	30	0	0
00434b90	FUN_00434b90	559	0	0
00434dd0	FUN_00434dd0	30	0	0
00434df0	FUN_00434df0	230	0	0
00434ee0	FUN_00434ee0	203	0	0
00434fb0	FUN_00434fb0	393	0	0
00435200	FUN_00435200	27	0	0
00435220	FUN_00435220	27	0	0
00435240	FUN_00435240	401	0	0
004353f0	FUN_004353f0	482	0	0
004355e0	FUN_004355e0	1062	0	0
00435a40	FUN_00435a40	10	0	0
00435a50	FUN_00435a50	14	0	0
00435a70	FUN_00435a70	520	0	0
00435c80	FUN_00435c80	23	0	0
00435ca0	FUN_00435ca0	30	0	0
00435cc0	FUN_00435cc0	86	0	0
00435d20	FUN_00435d20	337	0	0
00435e80	FUN_00435e80	75	0	0
00435ed0	FUN_00435ed0	118	0	0
00435f50	FUN_00435f50	47	0	0
00435f80	FUN_00435f80	69	0	0
00435fd0	FUN_00435fd0	797	0	0
004362f0	FUN_004362f0	572	0	0
00436530	FUN_00436530	75	0	0
00436580	FUN_00436580	171	0	0
00436630	Turret_InitializeDefaults	359	0	0
004367a0	Turret_Construct	1628	0	0
00436e00	FUN_00436e00	28	0	0
00436e20	FUN_00436e20	23	0	0
00436e40	Turret_UpdateAITick	1520	0	0
00437430	FUN_00437430	112	0	0
004374a0	FUN_004374a0	656	0	0
00437730	FUN_00437730	227	0	0
00437820	FUN_00437820	365	0	0
00437990	FUN_00437990	91	0	0
004379f0	FUN_004379f0	174	0	0
00437aa0	FUN_00437aa0	13	0	0
00437ab0	FUN_00437ab0	8	0	0
00437ac0	Turret_SpawnAllFromConfig	475	0	0
00437d40	FUN_00437d40	13	0	0
00437d50	FUN_00437d50	16	0	0
00437d60	Turret_TakeDamage	85	0	0
00437dc0	FUN_00437dc0	133	0	0
00437e60	FUN_00437e60	61	0	0
00437ea0	FUN_00437ea0	67	0	0
00438020	FUN_00438020	349	0	0
00438180	FUN_00438180	66	0	0
004381d0	Engine_TweenInterpolationTick	369	0	0
00438350	FUN_00438350	140	0	0
004383e0	FUN_004383e0	67	0	0
00438430	FUN_00438430	166	0	0
004384e0	FUN_004384e0	85	0	0
00438540	Vehicle_ActivateModeConfigNode	94	0	0
004385a0	FUN_004385a0	66	0	0
004385f0	FUN_004385f0	57	0	0
00438630	FUN_00438630	48	0	0
00438660	FUN_00438660	45	0	0
00438690	Vehicle_StopModeTransitionSoundSlot	45	0	0
004386c0	FUN_004386c0	597	0	0
00438920	FUN_00438920	84	0	0
00438980	FUN_00438980	6	0	0
00438990	FUN_00438990	40	0	0
004389c0	FUN_004389c0	83	0	0
00438a20	FUN_00438a20	75	0	0
00438a70	FUN_00438a70	17	0	0
00438a90	FUN_00438a90	118	0	0
00438b10	FUN_00438b10	31	0	0
00438b30	FUN_00438b30	46	0	0
00438b60	FUN_00438b60	51	0	0
00438ba0	FUN_00438ba0	1319	0	0
004390d0	FUN_004390d0	386	0	0
00439260	FUN_00439260	498	0	0
00439460	FUN_00439460	219	0	0
00439540	FUN_00439540	186	0	0
00439600	FUN_00439600	139	0	0
00439690	FUN_00439690	755	0	0
00439990	FUN_00439990	42	0	0
004399c0	FUN_004399c0	340	0	0
00439b20	FUN_00439b20	66	0	0
00439b70	FUN_00439b70	33	0	0
00439ba0	Weapon_UpdateDeployAnimState	2046	0	0
0043a400	FUN_0043a400	232	0	0
0043a4f0	FUN_0043a4f0	259	0	0
0043a600	FUN_0043a600	755	0	0
0043a900	FUN_0043a900	123	0	0
0043a980	FUN_0043a980	173	0	0
0043aa30	FUN_0043aa30	700	0	0
0043acf0	FUN_0043acf0	731	0	0
0043afd0	FUN_0043afd0	466	0	0
0043b1b0	FUN_0043b1b0	550	0	0
0043b3e0	FUN_0043b3e0	284	0	0
0043b500	FUN_0043b500	200	0	0
0043b5d0	Vehicle_AdjustHealth	136	0	0
0043b660	FUN_0043b660	208	0	0
0043b730	FUN_0043b730	91	0	0
0043b790	FUN_0043b790	98	0	0
0043b810	NetVehicle_TakeDamage	86	0	0
0043b870	AIVehicle_TakeDamage	976	0	0
0043bc40	FUN_0043bc40	113	0	0
0043bcc0	Vehicle_TakeDamage	846	0	0
0043c010	FUN_0043c010	166	0	0
0043c0c0	FUN_0043c0c0	205	0	0
0043c190	FUN_0043c190	309	0	0
0043c2d0	FUN_0043c2d0	82	0	0
0043c330	FUN_0043c330	242	0	0
0043c430	FUN_0043c430	281	0	0
0043c550	FUN_0043c550	217	0	0
0043c630	FUN_0043c630	36	0	0
0043c660	FUN_0043c660	411	0	0
0043c800	FUN_0043c800	76	0	0
0043c850	Vehicle_DeactivatePartsOnDeath	248	0	0
0043c950	FUN_0043c950	102	0	0
0043c9c0	FUN_0043c9c0	95	0	0
0043ca20	Weapon_MountInit_LoadKillVerb	97	0	0
0043ca90	FUN_0043ca90	468	0	0
0043cc70	Weapon_BuildMineSaveRecords	369	0	0
0043cf40	FUN_0043cf40	75	0	0
0043cf90	FUN_0043cf90	196	0	0
0043d060	FUN_0043d060	196	0	0
0043d130	FUN_0043d130	332	0	0
0043d280	FUN_0043d280	83	0	0
0043d2e0	FUN_0043d2e0	865	0	0
0043d650	FUN_0043d650	68	0	0
0043d6a0	FUN_0043d6a0	15	0	0
0043d6b0	FUN_0043d6b0	97	0	0
0043d720	FUN_0043d720	19	0	0
0043d740	FUN_0043d740	564	0	0
0043d980	FUN_0043d980	30	0	0
0043d9a0	FUN_0043d9a0	380	0	0
0043db20	FUN_0043db20	406	0	0
0043dcd0	FUN_0043dcd0	782	0	0
0043dfe0	FUN_0043dfe0	91	0	0
0043e040	FUN_0043e040	280	0	0
0043e160	FUN_0043e160	91	0	0
0043e3b0	FUN_0043e3b0	145	0	0
0043e450	FUN_0043e450	85	0	0
0043e900	FUN_0043e900	706	0	0
0043ebd0	FUN_0043ebd0	37	0	0
0043ee80	FUN_0043ee80	144	0	0
0043efe0	FUN_0043efe0	1110	0	0
0043f440	~CDialog	5	1	0
0043f5d0	FUN_0043f5d0	53	0	0
0043f610	FUN_0043f610	114	0	0
0043f682	Catch@0043f682	6	0	0
0043f68e	FUN_0043f68e	32	0	0
004404c0	FUN_004404c0	785	0	0
004407e0	FUN_004407e0	579	0	0
00440a30	FUN_00440a30	579	0	0
00441600	FUN_00441600	23	0	0
00441620	FUN_00441620	49	0	0
00441680	FUN_00441680	105	0	0
004416f0	FUN_004416f0	35	0	0
00441720	FUN_00441720	35	0	0
00441750	FUN_00441750	306	0	0
00441890	FUN_00441890	30	0	0
004418b0	FUN_004418b0	228	0	0
004419a0	FUN_004419a0	82	0	0
00441c60	FUN_00441c60	78	0	0
00441cb0	FUN_00441cb0	651	0	0
00441f40	FUN_00441f40	203	0	0
00442010	FUN_00442010	107	0	0
00442080	FUN_00442080	52	0	0
00442100	FUN_00442100	123	0	0
00442180	FUN_00442180	79	0	0
004421d0	FUN_004421d0	79	0	0
00442220	FUN_00442220	30	0	0
00442240	FUN_00442240	30	0	0
00442270	FUN_00442270	48	0	0
004422a0	FUN_004422a0	72	0	0
004422f0	FUN_004422f0	35	0	0
00442530	FUN_00442530	132	0	0
004425c0	FUN_004425c0	114	0	0
00442632	Catch@00442632	6	0	0
0044263e	FUN_0044263e	32	0	0
004426b0	FUN_004426b0	101	0	0
00442790	FUN_00442790	49	0	0
004427f0	FUN_004427f0	105	0	0
00442860	FUN_00442860	33	0	0
004428a0	RecoilApp_GetClassInfoPtr	6	0	0
004428b0	FUN_004428b0	256	0	0
004429b0	FUN_004429b0	30	0	0
004429d0	RecoilApp_InitInstance	64	0	0
00442a50	Engine_InitSubsystems	354	0	0
00442bc0	Engine_ShutdownSubsystems	55	0	0
00442c00	FUN_00442c00	4	0	0
00442c10	FUN_00442c10	91	0	0
00442c70	RecoilApp_Constructor	138	0	0
00442d00	RecoilApp_Run	779	0	0
0044300b	Catch@0044300b	39	0	0
00443032	Catch@00443032	154	0	0
004430cc	Catch@004430cc	39	0	0
00443140	FUN_00443140	29	0	0
00443160	FUN_00443160	431	0	0
00443310	FUN_00443310	414	0	0
004434b0	FUN_004434b0	412	0	0
00443650	FUN_00443650	54	0	0
00443690	FUN_00443690	102	0	0
00443700	FUN_00443700	34	0	0
00443730	FUN_00443730	95	0	0
004437d0	FUN_004437d0	54	0	0
00443810	FUN_00443810	30	0	0
00443830	FUN_00443830	106	0	0
00443900	FUN_00443900	288	0	0
00443ab0	FUN_00443ab0	38	0	0
00443b70	FUN_00443b70	30	0	0
00443b90	FUN_00443b90	70	0	0
00443be0	FUN_00443be0	30	0	0
00443c00	FUN_00443c00	70	0	0
00443c50	FUN_00443c50	7	0	0
00443c60	FUN_00443c60	7	0	0
00443c70	FUN_00443c70	161	0	0
00443d20	FUN_00443d20	594	0	0
00443f80	FUN_00443f80	869	0	0
00444310	FUN_00444310	207	0	0
004443e0	FUN_004443e0	198	0	0
004444b0	FUN_004444b0	988	0	0
00444890	FUN_00444890	907	0	0
00444c50	FUN_00444c50	178	0	0
00444d10	FUN_00444d10	196	0	0
00444de0	Collision_RaycastSegment	169	0	0
00444e90	Collision_GridDDATraversal	1883	0	0
004455f0	FUN_004455f0	88	0	0
00445650	Collision_TestNodeHierarchy	896	0	0
00445a00	Collision_TestUnusedNodeType8	274	0	0
00445b20	Collision_TestCameraNode	241	0	0
00445c20	Collision_TestLightNode	286	0	0
00445d40	FUN_00445d40	544	0	0
00445f60	FUN_00445f60	1245	0	0
00446440	FUN_00446440	1045	0	0
00446880	FUN_00446880	236	0	0
00446970	FUN_00446970	262	0	0
00446a80	Collision_FindTargetsInRadius	1095	0	0
00446ed0	FUN_00446ed0	140	0	0
00446f60	FUN_00446f60	858	0	0
004472c0	FUN_004472c0	284	0	0
004473e0	FUN_004473e0	344	0	0
00447540	FUN_00447540	426	0	0
004476f0	FUN_004476f0	459	0	0
004478c0	FUN_004478c0	183	0	0
00447980	FUN_00447980	190	0	0
00447a70	FUN_00447a70	230	0	0
00447b60	FUN_00447b60	87	0	0
00447bc0	FUN_00447bc0	148	0	0
00447c60	gwNodeSetActive	155	0	0
00447d20	FUN_00447d20	67	0	0
00447d70	FUN_00447d70	67	0	0
00447dc0	FUN_00447dc0	103	0	0
00447e30	FUN_00447e30	37	0	0
00447e60	FUN_00447e60	152	0	0
00447f00	FUN_00447f00	46	0	0
00447f30	FUN_00447f30	166	0	0
00447fe0	FUN_00447fe0	166	0	0
00448090	FUN_00448090	98	0	0
00448100	FUN_00448100	61	0	0
00448140	FUN_00448140	52	0	0
00448180	FUN_00448180	48	0	0
004481b0	FUN_004481b0	61	0	0
004481f0	FUN_004481f0	52	0	0
00448230	FUN_00448230	61	0	0
00448270	FUN_00448270	52	0	0
004482b0	FUN_004482b0	61	0	0
004482f0	FUN_004482f0	61	0	0
00448330	FUN_00448330	44	0	0
00448360	FUN_00448360	63	0	0
004483a0	FUN_004483a0	67	0	0
004483f0	FUN_004483f0	176	0	0
004484d0	FUN_004484d0	154	0	0
00448570	FUN_00448570	182	0	0
00448660	FUN_00448660	254	0	0
00448760	FUN_00448760	94	0	0
004487c0	FUN_004487c0	349	0	0
00448920	Render_ExpandNodeAABBToCorners	883	0	0
00448cc0	FUN_00448cc0	428	0	0
00448e90	FUN_00448e90	800	0	0
004491b0	FUN_004491b0	616	0	0
00449420	FUN_00449420	86	0	0
00449480	FUN_00449480	762	0	0
004497b0	Anim_ResolveObjectWorldPosition	145	0	0
00449850	FUN_00449850	135	0	0
004498e0	FUN_004498e0	459	0	0
00449ab0	FUN_00449ab0	59	0	0
00449af0	FUN_00449af0	71	0	0
00449b40	FUN_00449b40	87	0	0
00449ba0	FUN_00449ba0	61	0	0
00449be0	FUN_00449be0	165	0	0
00449c90	FUN_00449c90	59	0	0
00449cd0	FUN_00449cd0	59	0	0
00449d10	gwNodeSetActive	5	1	0
00449d20	FUN_00449d20	127	0	0
00449da0	FUN_00449da0	9	0	0
00449db0	FUN_00449db0	8	0	0
00449dc0	FUN_00449dc0	9	0	0
00449dd0	FUN_00449dd0	169	0	0
00449e80	FUN_00449e80	6	0	0
00449e90	FUN_00449e90	9	0	0
00449ea0	FUN_00449ea0	162	0	0
00449f50	FUN_00449f50	86	0	0
00449fb0	FUN_00449fb0	173	0	0
0044a060	FUN_0044a060	134	0	0
0044a0f0	FUN_0044a0f0	162	0	0
0044a1a0	FUN_0044a1a0	176	0	0
0044a250	Camera_GetWorldPosition	149	0	0
0044a2f0	FUN_0044a2f0	141	0	0
0044a380	FUN_0044a380	131	0	0
0044a410	Camera_SetAspectRatio	356	0	0
0044a580	Camera_GetAspectRatio	131	0	0
0044a610	Camera_SetFOV	325	0	0
0044a760	Camera_GetFOV	131	0	0
0044a7f0	FUN_0044a7f0	113	0	0
0044a870	FUN_0044a870	145	0	0
0044a910	FUN_0044a910	108	0	0
0044a980	FUN_0044a980	108	0	0
0044a9f0	Camera_UpdateNodeValidated	64	0	0
0044aa30	Camera_UpdateFrustumAndTransform	437	0	0
0044abf0	FUN_0044abf0	430	0	0
0044ada0	Render_ProcessCameraNode	434	0	0
0044af60	Render_ProcessSoundNode	468	0	0
0044b140	Render_ProcessLightNode	434	0	0
0044b300	Render_ProcessObject3DNode	1033	0	0
0044b710	Render_ProcessUnusedNodeType8	424	0	0
0044b8c0	Render_ProcessLodDistanceNode	1491	0	0
0044bea0	Render_ProcessGroupNode	270	0	0
0044bfb0	Render_ProcessChildBitmaskNode	290	0	0
0044c0e0	Render_DispatchNodeByType	163	0	0
0044c1b0	FUN_0044c1b0	125	0	0
0044c230	FUN_0044c230	392	0	0
0044c3c0	FUN_0044c3c0	1299	0	0
0044c8e0	FUN_0044c8e0	1412	0	0
0044ce70	Render_CullAndQueueSceneObjects	900	0	0
0044d200	FUN_0044d200	51	0	0
0044d240	FUN_0044d240	24	0	0
0044d260	FUN_0044d260	183	0	0
0044d320	FUN_0044d320	117	0	0
0044d3a0	Render_CameraFrame_SW	604	0	0
0044d600	Render_CameraFrame_HW	910	0	0
0044d990	FUN_0044d990	76	0	0
0044d9e0	FUN_0044d9e0	179	0	0
0044daa0	FUN_0044daa0	87	0	0
0044db00	thunk_FUN_00447b60	5	1	0
0044db10	FUN_0044db10	78	0	0
0044db60	FUN_0044db60	78	0	0
0044dbb0	FUN_0044dbb0	124	0	0
0044dc30	FUN_0044dc30	346	0	0
0044dd90	FUN_0044dd90	118	0	0
0044de10	FUN_0044de10	110	0	0
0044de80	FUN_0044de80	124	0	0
0044df00	Object3D_SetScale	207	0	0
0044dfd0	Object3D_GetScale	87	0	0
0044e030	Object3D_SetRotation	211	0	0
0044e110	FUN_0044e110	87	0	0
0044e170	FUN_0044e170	244	0	0
0044e270	FUN_0044e270	134	0	0
0044e300	Object3D_SetPosition	201	0	0
0044e3d0	FUN_0044e3d0	282	0	0
0044e4f0	FUN_0044e4f0	186	0	0
0044e5b0	FUN_0044e5b0	119	0	0
0044e630	FUN_0044e630	93	0	0
0044e690	FUN_0044e690	62	0	0
0044e6d0	FUN_0044e6d0	42	0	0
0044e700	FUN_0044e700	474	0	0
0044e920	FUN_0044e920	333	0	0
0044ea70	FUN_0044ea70	37	0	0
0044eaa0	FUN_0044eaa0	84	0	0
0044eb00	FUN_0044eb00	65	0	0
0044eb50	FUN_0044eb50	66	0	0
0044eba0	FUN_0044eba0	53	0	0
0044ebe0	FUN_0044ebe0	69	0	0
0044ec30	FUN_0044ec30	78	0	0
0044ec80	FUN_0044ec80	15	0	0
0044ec90	FUN_0044ec90	24	0	0
0044ecb0	FUN_0044ecb0	50	0	0
0044ecf0	NodeRegistry_LookupByName	89	0	0
0044ed50	Render_GetCameraListEntry	10	0	0
0044ed60	FUN_0044ed60	35	0	0
0044ed90	NodeRegistry_Insert	127	0	0
0044ee10	FUN_0044ee10	137	0	0
0044eea0	FUN_0044eea0	45	0	0
0044eed0	FUN_0044eed0	230	0	0
0044f000	FUN_0044f000	232	0	0
0044f120	FUN_0044f120	167	0	0
0044f1d0	FUN_0044f1d0	1072	0	0
0044f630	Render_DispatchCameraList	91	0	0
0044f690	FUN_0044f690	90	0	0
0044f6f0	FUN_0044f6f0	41	0	0
0044f740	FUN_0044f740	11	0	0
0044f7a0	FUN_0044f7a0	204	0	0
0044f870	FUN_0044f870	59	0	0
0044f8b0	FUN_0044f8b0	128	0	0
0044f930	FUN_0044f930	132	0	0
0044f9c0	FUN_0044f9c0	127	0	0
0044fa40	FUN_0044fa40	131	0	0
0044fad0	FUN_0044fad0	111	0	0
0044fb40	FUN_0044fb40	143	0	0
0044fbd0	FUN_0044fbd0	281	0	0
0044fcf0	FUN_0044fcf0	211	0	0
0044fdd0	FUN_0044fdd0	124	0	0
0044fe50	FUN_0044fe50	62	0	0
0044fe90	FUN_0044fe90	121	0	0
0044ff10	FUN_0044ff10	120	0	0
0044ff90	FUN_0044ff90	159	0	0
00450030	FUN_00450030	127	0	0
004500b0	FUN_004500b0	260	0	0
004501c0	FUN_004501c0	127	0	0
00450240	FUN_00450240	111	0	0
004502b0	FUN_004502b0	593	0	0
00450510	FUN_00450510	18	0	0
00450530	FUN_00450530	283	0	0
00450650	FUN_00450650	316	0	0
00450790	FUN_00450790	167	0	0
00450840	FUN_00450840	440	0	0
00450a00	FUN_00450a00	98	0	0
00450a70	FUN_00450a70	106	0	0
00450ae0	FUN_00450ae0	16	0	0
00450af0	FUN_00450af0	36	0	0
00450b20	FUN_00450b20	29	0	0
00450b40	FUN_00450b40	29	0	0
00450b60	FUN_00450b60	22	0	0
00450b80	FUN_00450b80	11	0	0
00450b90	FUN_00450b90	11	0	0
00450ba0	FUN_00450ba0	31	0	0
00450bc0	FUN_00450bc0	22	0	0
00450be0	FUN_00450be0	24	0	0
00450c00	FUN_00450c00	46	0	0
00450c30	FUN_00450c30	46	0	0
00450c60	FUN_00450c60	475	0	0
00450e40	FUN_00450e40	183	0	0
00450f00	FUN_00450f00	22	0	0
00450f20	FUN_00450f20	53	0	0
00450f60	FUN_00450f60	382	0	0
004510e0	FUN_004510e0	342	0	0
00451240	FUN_00451240	286	0	0
00451360	FUN_00451360	162	0	0
00451410	FUN_00451410	302	0	0
00451540	Light_PrepareFrameLightList	30	0	0
00451560	Light_UpdateAllInNode	47	0	0
00451590	FUN_00451590	162	0	0
00451640	FUN_00451640	302	0	0
00451770	Sound_ProcessWorldNodeEmitters	47	0	0
004517a0	GWWorld_BuildSaveRecords	147	0	0
004518b0	FUN_004518b0	46	0	0
004518e0	FUN_004518e0	8	0	0
004518f0	FUN_004518f0	6	0	0
00451900	FUN_00451900	247	0	0
00451a00	FUN_00451a00	89	0	0
00451a60	FUN_00451a60	178	0	0
00451b20	FUN_00451b20	164	0	0
00451bd0	FUN_00451bd0	918	0	0
00451f70	FUN_00451f70	323	0	0
004520c0	FUN_004520c0	31	0	0
004520e0	FUN_004520e0	31	0	0
00452100	FUN_00452100	302	0	0
00452230	FUN_00452230	31	0	0
00452250	FUN_00452250	355	0	0
004523c0	FUN_004523c0	31	0	0
004523e0	FUN_004523e0	31	0	0
00452400	FUN_00452400	205	0	0
00452500	FUN_00452500	88	0	0
00452560	FUN_00452560	112	0	0
004525d0	FUN_004525d0	115	0	0
00452650	Render_ComputeBoundingSphereFromCorners	276	0	0
00452770	FUN_00452770	113	0	0
00452810	FUN_00452810	74	0	0
00452860	FUN_00452860	53	0	0
004528a0	FUN_004528a0	15	0	0
004528b0	FUN_004528b0	47	0	0
004528e0	FUN_004528e0	53	0	0
00452920	FUN_00452920	78	0	0
00452970	FUN_00452970	78	0	0
004529c0	FUN_004529c0	238	0	0
00452ab0	FUN_00452ab0	202	0	0
00452b80	FUN_00452b80	59	0	0
00452bc0	FUN_00452bc0	145	0	0
00452c60	gwSoundNodeSetActive	149	0	0
00452d00	FUN_00452d00	94	0	0
00452d60	FUN_00452d60	87	0	0
00452dc0	gwSoundNodeProcessPlay	247	0	0
00452ec0	FUN_00452ec0	268	0	0
00452fd0	FUN_00452fd0	307	0	0
00453110	FUN_00453110	161	0	0
004531c0	FUN_004531c0	59	0	0
00453200	FUN_00453200	80	0	0
00453250	FUN_00453250	80	0	0
004532a0	FUN_004532a0	72	0	0
004532f0	FUN_004532f0	86	0	0
00453350	FUN_00453350	86	0	0
004533b0	FUN_004533b0	75	0	0
00453400	Light_SetFalloffRange	243	0	0
00453500	Light_GetFalloffRange	84	0	0
00453560	FUN_00453560	91	0	0
004535c0	FUN_004535c0	91	0	0
00453620	FUN_00453620	605	0	0
00453880	Light_TransformToViewSpace	433	0	0
00453a40	Light_GetColor	96	0	0
00453aa0	Light_SetColor	107	0	0
00453b10	FUN_00453b10	40	0	0
00453b40	FUN_00453b40	59	0	0
00453b80	FUN_00453b80	78	0	0
00453bd0	FUN_00453bd0	177	0	0
00453c90	FUN_00453c90	131	0	0
00453d20	FUN_00453d20	435	0	0
00453ee0	FUN_00453ee0	87	0	0
00453f40	FUN_00453f40	188	0	0
00454000	FUN_00454000	190	0	0
004540c0	FUN_004540c0	62	0	0
00454100	FUN_00454100	63	0	0
00454140	FUN_00454140	63	0	0
00454180	FUN_00454180	63	0	0
004541c0	FUN_004541c0	221	0	0
004542a0	FUN_004542a0	106	0	0
00454310	thunk_FUN_004484d0	5	1	0
00454320	FUN_00454320	8	0	0
00454330	FUN_00454330	8	0	0
00454340	FUN_00454340	26	0	0
00454360	FUN_00454360	10	0	0
00454370	FUN_00454370	36	0	0
004543a0	FUN_004543a0	40	0	0
004543d0	FUN_004543d0	25	0	0
004543f0	FUN_004543f0	190	0	0
004544b0	FUN_004544b0	948	0	0
00454890	FUN_00454890	442	0	0
00454a50	FUN_00454a50	402	0	0
00454bf0	FUN_00454bf0	102	0	0
00454c60	FUN_00454c60	1730	0	0
00455350	FUN_00455350	461	0	0
00455520	FUN_00455520	376	0	0
004556a0	FUN_004556a0	134	0	0
00455730	FUN_00455730	109	0	0
004557a0	FUN_004557a0	328	0	0
004558f0	FUN_004558f0	1235	0	0
00455dd0	FUN_00455dd0	101	0	0
00455e40	FUN_00455e40	93	0	0
00455ea0	FUN_00455ea0	48	0	0
00455ed0	FUN_00455ed0	21	0	0
00455ef0	FUN_00455ef0	288	0	0
00456010	FUN_00456010	950	0	0
004563d0	FUN_004563d0	120	0	0
00456450	FUN_00456450	89	0	0
004564b0	FUN_004564b0	1568	0	0
00456ad0	FUN_00456ad0	48	0	0
00456b00	FUN_00456b00	21	0	0
00456b20	FUN_00456b20	302	0	0
00456c50	FUN_00456c50	37	0	0
00456c80	FUN_00456c80	950	0	0
00457040	FUN_00457040	159	0	0
004570e0	FUN_004570e0	89	0	0
00457140	FUN_00457140	1193	0	0
004575f0	FUN_004575f0	87	0	0
00457660	FUN_00457660	50	0	0
004576a0	FUN_004576a0	14	0	0
004576e0	FUN_004576e0	109	0	0
00457750	FUN_00457750	239	0	0
00457840	FUN_00457840	672	0	0
00457ae0	FUN_00457ae0	88	0	0
00457b40	DEClient_BuildHazardSaveRecords	203	0	0
00457c50	FUN_00457c50	103	0	0
00457cc0	FUN_00457cc0	196	0	0
00457d90	FUN_00457d90	225	0	0
00457e80	FUN_00457e80	349	0	0
00457fe0	FUN_00457fe0	1325	0	0
00458510	FUN_00458510	131	0	0
004585a0	FUN_004585a0	786	0	0
004588c0	FUN_004588c0	171	0	0
00458970	FUN_00458970	185	0	0
00458a30	FUN_00458a30	58	0	0
00458a70	FUN_00458a70	48	0	0
00458aa0	FUN_00458aa0	19	0	0
00458ac0	FUN_00458ac0	25	0	0
00458ae0	FUN_00458ae0	6	0	0
00458af0	FUN_00458af0	35	0	0
00458b20	FUN_00458b20	48	0	0
00458b50	FUN_00458b50	83	0	0
00458c10	Anim_PlaceAndScaleAlongSegment_Static	203	0	0
00458ce0	Anim_PlaceAndScaleAlongSegment_Animated	294	0	0
00458e10	FUN_00458e10	158	0	0
00458eb0	FUN_00458eb0	180	0	0
00458f70	FUN_00458f70	258	0	0
00459080	FUN_00459080	498	0	0
00459280	AnimEvent_FadeLightColorAndRange	654	0	0
00459510	FUN_00459510	109	0	0
00459580	FUN_00459580	312	0	0
004596c0	AnimEvent_AnimateCameraOptics	1045	0	0
00459ae0	FUN_00459ae0	449	0	0
00459cb0	FUN_00459cb0	40	0	0
00459ce0	FUN_00459ce0	325	0	0
00459e30	FUN_00459e30	62	0	0
00459e70	AnimEvent_SpawnPhysicsDebris	2732	0	0
0045a920	FUN_0045a920	172	0	0
0045a9d0	FUN_0045a9d0	1117	0	0
0045ae30	FUN_0045ae30	86	0	0
0045ae90	FUN_0045ae90	652	0	0
0045b120	FUN_0045b120	236	0	0
0045b210	FUN_0045b210	97	0	0
0045b280	FUN_0045b280	290	0	0
0045b3b0	FUN_0045b3b0	83	0	0
0045b410	FUN_0045b410	41	0	0
0045b440	FUN_0045b440	84	0	0
0045b4a0	AnimEvent_StretchSegmentBetweenAnchors	1029	0	0
0045b8b0	FUN_0045b8b0	589	0	0
0045bb00	FUN_0045bb00	170	0	0
0045bbb0	FUN_0045bbb0	163	0	0
0045bc60	FUN_0045bc60	758	0	0
0045bf60	FUN_0045bf60	101	0	0
0045bfd0	FUN_0045bfd0	101	0	0
0045c040	FUN_0045c040	180	0	0
0045c100	FUN_0045c100	150	0	0
0045c1a0	FUN_0045c1a0	152	0	0
0045c240	FUN_0045c240	175	0	0
0045c2f0	FUN_0045c2f0	31	0	0
0045c310	FUN_0045c310	162	0	0
0045c3c0	AnimEvent_EvaluateConditionChain	355	0	0
0045c530	Anim_ProximityClearanceTest	267	0	0
0045c640	Anim_SquaredDistanceToEventAnchor	98	0	0
0045c6b0	FUN_0045c6b0	38	0	0
0045c6e0	FUN_0045c6e0	8	0	0
0045c6f0	FUN_0045c6f0	28	0	0
0045c710	FUN_0045c710	524	0	0
0045c920	AnimEvent_ScreenShakeRect	666	0	0
0045cbc0	FUN_0045cbc0	49	0	0
0045cc00	FUN_0045cc00	850	0	0
0045d000	FUN_0045d000	12	0	0
0045d240	FUN_0045d240	195	0	0
0045d310	FUN_0045d310	191	0	0
0045d3d0	FUN_0045d3d0	228	0	0
0045d570	FUN_0045d570	317	0	0
0045d6b0	FUN_0045d6b0	8	0	0
0045d6c0	FUN_0045d6c0	173	0	0
0045d770	FUN_0045d770	46	0	0
0045d7a0	FUN_0045d7a0	8	0	0
0045d7b0	FUN_0045d7b0	371	0	0
0045d930	FUN_0045d930	487	0	0
0045db20	FUN_0045db20	334	0	0
0045dc70	FUN_0045dc70	53	0	0
0045dcb0	FUN_0045dcb0	294	0	0
0045dde0	FUN_0045dde0	23	0	0
0045de00	FUN_0045de00	367	0	0
0045df70	FUN_0045df70	23	0	0
0045df90	FUN_0045df90	275	0	0
0045e0b0	FUN_0045e0b0	28	0	0
0045e0d0	FUN_0045e0d0	17	0	0
0045e0f0	FUN_0045e0f0	7	0	0
0045e100	FUN_0045e100	253	0	0
0045e200	FUN_0045e200	7	0	0
0045e210	FUN_0045e210	92	0	0
0045e270	FUN_0045e270	7	0	0
0045e280	FUN_0045e280	122	0	0
0045e300	FUN_0045e300	122	0	0
0045e380	FUN_0045e380	283	0	0
0045e4a0	FUN_0045e4a0	274	0	0
0045e5c0	FUN_0045e5c0	133	0	0
0045e650	FUN_0045e650	113	0	0
0045e6d0	FUN_0045e6d0	91	0	0
0045e730	FUN_0045e730	1607	0	0
0045ed80	FUN_0045ed80	553	0	0
0045efb0	Anim_LoadFile	2935	0	0
0045fb30	FUN_0045fb30	465	0	0
0045fd10	FUN_0045fd10	320	0	0
0045fe50	FUN_0045fe50	157	0	0
0045fef0	FUN_0045fef0	17	0	0
0045ff10	FUN_0045ff10	138	0	0
0045ffa0	FUN_0045ffa0	101	0	0
00460010	FUN_00460010	11	0	0
00460020	FUN_00460020	52	0	0
00460060	FUN_00460060	10	0	0
00460070	FUN_00460070	700	0	0
00460330	FUN_00460330	146	0	0
004603d0	FUN_004603d0	40	0	0
00460400	FUN_00460400	104	0	0
00460470	FUN_00460470	6	0	0
00460480	FUN_00460480	15	0	0
004606d0	FUN_004606d0	1030	0	0
00460ae0	FUN_00460ae0	209	0	0
00460bc0	Anim_BuildRunningInstanceSaveRecord	945	0	0
00460f80	FUN_00460f80	178	0	0
00461430	Anim_BuildNodeSaveRecords	569	0	0
00461800	FUN_00461800	41	0	0
00461840	FUN_00461840	34	0	0
00461870	FUN_00461870	240	0	0
00461970	FUN_00461970	287	0	0
00461a90	FUN_00461a90	7	0	0
00461aa0	FUN_00461aa0	241	0	0
00461ba0	FUN_00461ba0	345	0	0
00461d00	FUN_00461d00	424	0	0
00461eb0	FUN_00461eb0	16	0	0
00461ec0	FUN_00461ec0	64	0	0
00461f00	FUN_00461f00	73	0	0
00461f50	FUN_00461f50	250	0	0
00462050	FUN_00462050	113	0	0
004620d0	FUN_004620d0	84	0	0
00462130	FUN_00462130	121	0	0
00462280	FUN_00462280	108	0	0
004622f0	FUN_004622f0	22	0	0
00462310	FUN_00462310	27	0	0
00462330	FUN_00462330	39	0	0
00462360	FUN_00462360	14	0	0
00462370	FUN_00462370	382	0	0
004624f0	FUN_004624f0	70	0	0
00462540	FUN_00462540	43	0	0
00462570	FUN_00462570	110	0	0
004625e0	FUN_004625e0	70	0	0
00462630	FUN_00462630	36	0	0
00462660	FUN_00462660	71	0	0
004626b0	FUN_004626b0	1912	0	0
00462e30	FUN_00462e30	51	0	0
00462e70	FUN_00462e70	30	0	0
00462e90	FUN_00462e90	50	0	0
00462f10	FUN_00462f10	56	0	0
00462f50	FUN_00462f50	55	0	0
00462f90	FUN_00462f90	101	0	0
00463000	FUN_00463000	152	0	0
004630a0	FUN_004630a0	52	0	0
004630e0	FUN_004630e0	52	0	0
00463120	FUN_00463120	13	0	0
00463130	FUN_00463130	153	0	0
004631d0	FUN_004631d0	30	0	0
004631f0	FUN_004631f0	169	0	0
004632a0	FUN_004632a0	94	0	0
00463300	FUN_00463300	18	0	0
004633a0	FUN_004633a0	24	0	0
004633c0	FUN_004633c0	65	0	0
00463410	FUN_00463410	34	0	0
00463440	FUN_00463440	265	0	0
00463550	FUN_00463550	24	0	0
00463570	FUN_00463570	219	0	0
00463650	FUN_00463650	30	0	0
00463670	FUN_00463670	89	0	0
00463790	FUN_00463790	138	0	0
00463820	FUN_00463820	37	0	0
00463850	FUN_00463850	32	0	0
00463870	FUN_00463870	164	0	0
00463950	FUN_00463950	131	0	0
004639e0	FUN_004639e0	131	0	0
00463a70	FUN_00463a70	131	0	0
00463b00	FUN_00463b00	239	0	0
00463bf0	FUN_00463bf0	30	0	0
00463c10	FUN_00463c10	121	0	0
00463cc0	FUN_00463cc0	132	0	0
00463d50	FUN_00463d50	125	0	0
00463dd0	FUN_00463dd0	282	0	0
00463ef0	FUN_00463ef0	685	0	0
004641a0	FUN_004641a0	497	0	0
004643a0	FUN_004643a0	403	0	0
00464540	FUN_00464540	293	0	0
00464670	FUN_00464670	16	0	0
00464680	FUN_00464680	268	0	0
00464790	FUN_00464790	59	0	0
004647d0	FUN_004647d0	51	0	0
00464810	FUN_00464810	788	0	0
00464b30	FUN_00464b30	85	0	0
00464b90	FUN_00464b90	256	0	0
00464c90	FUN_00464c90	526	0	0
00464ea0	FUN_00464ea0	206	0	0
00464f70	FUN_00464f70	2834	0	0
00465ac0	FUN_00465ac0	6358	0	0
00467600	FUN_00467600	46	0	0
00467630	FUN_00467630	40	0	0
00467660	FUN_00467660	91	0	0
004676c0	FUN_004676c0	79	0	0
00467710	FUN_00467710	2365	0	0
004680b0	FUN_004680b0	229	0	0
004681a0	FUN_004681a0	277	0	0
004682c0	FUN_004682c0	224	0	0
004683a0	FUN_004683a0	97	0	0
00468410	FUN_00468410	92	0	0
00468470	FUN_00468470	258	0	0
00468580	FUN_00468580	194	0	0
00468650	FUN_00468650	169	0	0
00468700	FUN_00468700	167	0	0
004687b0	FUN_004687b0	593	0	0
00468a10	FUN_00468a10	545	0	0
00468c40	FUN_00468c40	802	0	0
00468fa0	FUN_00468fa0	1016	0	0
004693a0	FUN_004693a0	30	0	0
004693c0	FUN_004693c0	100	0	0
00469430	FUN_00469430	28	0	0
00469450	FUN_00469450	267	0	0
00469560	FUN_00469560	1014	0	0
00469960	FUN_00469960	194	0	0
00469a30	FUN_00469a30	176	0	0
00469ae0	FUN_00469ae0	13	0	0
00469af0	FUN_00469af0	108	0	0
00469b60	FUN_00469b60	307	0	0
00469ca0	FUN_00469ca0	181	0	0
00469d60	FUN_00469d60	230	0	0
00469e50	FUN_00469e50	57	0	0
00469e90	FUN_00469e90	485	0	0
0046a080	FUN_0046a080	176	0	0
0046a130	FUN_0046a130	179	0	0
0046a1f0	FUN_0046a1f0	916	0	0
0046a5e0	FUN_0046a5e0	30	0	0
0046a600	FUN_0046a600	30	0	0
0046a620	FUN_0046a620	98	0	0
0046a690	FUN_0046a690	211	0	0
0046a770	FUN_0046a770	119	0	0
0046a7f0	FUN_0046a7f0	228	0	0
0046a8e0	FUN_0046a8e0	216	0	0
0046a9c0	FUN_0046a9c0	118	0	0
0046aa40	FUN_0046aa40	102	0	0
0046aab0	FUN_0046aab0	90	0	0
0046ab10	FUN_0046ab10	39	0	0
0046ab40	FUN_0046ab40	72	0	0
0046ab90	FUN_0046ab90	232	0	0
0046ac80	FUN_0046ac80	447	0	0
0046ae40	FUN_0046ae40	178	0	0
0046af00	FUN_0046af00	27	0	0
0046af20	FUN_0046af20	32	0	0
0046af40	FUN_0046af40	235	0	0
0046b030	FUN_0046b030	435	0	0
0046b1f0	FUN_0046b1f0	855	0	0
0046b550	FUN_0046b550	254	0	0
0046b650	FUN_0046b650	115	0	0
0046b6d0	FUN_0046b6d0	925	0	0
0046ba90	FUN_0046ba90	160	0	0
0046bb30	FUN_0046bb30	95	0	0
0046bb90	FUN_0046bb90	419	0	0
0046bd50	FUN_0046bd50	204	0	0
0046be20	FUN_0046be20	258	0	0
0046bf30	FUN_0046bf30	60	0	0
0046bf70	FUN_0046bf70	80	0	0
0046bfc0	FUN_0046bfc0	170	0	0
0046c070	FUN_0046c070	788	0	0
0046c390	FUN_0046c390	11	0	0
0046c3a0	FUN_0046c3a0	453	0	0
0046c570	FUN_0046c570	53	0	0
0046c5b0	FUN_0046c5b0	111	0	0
0046c620	FUN_0046c620	253	0	0
0046c720	FUN_0046c720	49	0	0
0046c760	FUN_0046c760	1005	0	0
0046cb50	FUN_0046cb50	891	0	0
0046ced0	FUN_0046ced0	1073	0	0
0046d310	FUN_0046d310	34	0	0
0046d340	FUN_0046d340	19	0	0
0046d360	FUN_0046d360	177	0	0
0046d420	FUN_0046d420	156	0	0
0046d4c0	FUN_0046d4c0	6	0	0
0046d4d0	FUN_0046d4d0	119	0	0
0046d550	FUN_0046d550	68	0	0
0046d5a0	FUN_0046d5a0	16	0	0
0046d5b0	FUN_0046d5b0	7	0	0
0046d5c0	FUN_0046d5c0	6	0	0
0046d5d0	FUN_0046d5d0	213	0	0
0046d6b0	FUN_0046d6b0	119	0	0
0046d730	FUN_0046d730	79	0	0
0046d780	FUN_0046d780	132	0	0
0046d810	FUN_0046d810	86	0	0
0046d870	FUN_0046d870	134	0	0
0046d900	FUN_0046d900	53	0	0
0046d940	FUN_0046d940	242	0	0
0046da40	FUN_0046da40	157	0	0
0046dae0	FUN_0046dae0	581	0	0
0046dd30	FUN_0046dd30	285	0	0
0046de50	FUN_0046de50	255	0	0
0046df50	FUN_0046df50	748	0	0
0046e250	FUN_0046e250	53	0	0
0046e290	FUN_0046e290	35	0	0
0046e2c0	FUN_0046e2c0	191	0	0
0046e380	FUN_0046e380	83	0	0
0046e3e0	FUN_0046e3e0	245	0	0
0046e4e0	FUN_0046e4e0	416	0	0
0046e680	FUN_0046e680	153	0	0
0046e720	FUN_0046e720	420	0	0
0046e8d0	FUN_0046e8d0	144	0	0
0046e960	FUN_0046e960	76	0	0
0046e9b0	FUN_0046e9b0	365	0	0
0046eb20	FUN_0046eb20	105	0	0
0046eb90	FUN_0046eb90	8	0	0
0046eba0	FUN_0046eba0	11	0	0
0046ebb0	FUN_0046ebb0	27	0	0
0046ebd0	FUN_0046ebd0	34	0	0
0046ec00	FUN_0046ec00	29	0	0
0046ec20	FUN_0046ec20	13	0	0
0046ec30	FUN_0046ec30	6	0	0
0046ec40	FUN_0046ec40	26	0	0
0046ec60	FUN_0046ec60	6	0	0
0046ec70	FUN_0046ec70	23	0	0
0046ec90	FUN_0046ec90	34	0	0
0046ecc0	FUN_0046ecc0	41	0	0
0046ecf0	FUN_0046ecf0	122	0	0
0046ed70	FUN_0046ed70	104	0	0
0046ede0	FUN_0046ede0	390	0	0
0046ef70	FUN_0046ef70	73	0	0
0046efc0	FUN_0046efc0	17	0	0
0046efe0	FUN_0046efe0	324	0	0
0046f130	FUN_0046f130	219	0	0
0046f210	FUN_0046f210	73	0	0
0046f260	FUN_0046f260	147	0	0
0046f300	Input_Keyboard_CreateDevice	284	0	0
0046f420	Input_Keyboard_ShutdownDevice	48	0	0
0046f450	Input_Keyboard_InitialPollAndClear	392	0	0
0046f690	Input_Keyboard_PollAndTranslate	538	0	0
0046f970	Input_Keyboard_SetCharCallback	13	0	0
0046f980	Input_Keyboard_ConsumeKeyEdge	40	0	0
0046f9b0	FUN_0046f9b0	29	0	0
0046f9d0	FUN_0046f9d0	23	0	0
0046f9f0	FUN_0046f9f0	22	0	0
0046fa10	Input_Keyboard_WaitForKeyPress	385	0	0
0046fba0	Input_Keyboard_ScancodeToAscii	239	0	0
0046fd20	FUN_0046fd20	763	0	0
00470020	FUN_00470020	59	0	0
00470060	FUN_00470060	50	0	0
004700a0	FUN_004700a0	171	0	0
00470150	Input_Mouse_RecenterCursor	47	0	0
00470180	FUN_00470180	15	0	0
00470190	FUN_00470190	6	0	0
004701a0	FUN_004701a0	76	0	0
004701f0	Input_Mouse_CreateDevice	226	0	0
004702e0	Input_GetMouseButtonEdgeState	39	0	0
00470310	Input_Mouse_SetAcquired	74	0	0
00470360	FUN_00470360	56	0	0
004703a0	Input_GetMouseButtonEdgeTable	6	0	0
004703b0	Input_Mouse_Poll	11	0	0
004703c0	Input_Mouse_PollAndTranslate	301	0	0
004704f0	Input_Mouse_UpdateCursorPosition	256	0	0
004705f0	FUN_004705f0	28	0	0
00470610	FUN_00470610	86	0	0
00470670	FUN_00470670	12	0	0
00470680	FUN_00470680	60	0	0
004706c0	FUN_004706c0	213	0	0
004707a0	FUN_004707a0	122	0	0
00470820	FUN_00470820	195	0	0
004708f0	FUN_004708f0	111	0	0
00470960	FUN_00470960	109	0	0
004709d0	FUN_004709d0	62	0	0
00470a10	FUN_00470a10	46	0	0
00470a40	Input_GetPrimaryKeyBinding	18	0	0
00470a60	Input_GetSecondaryKeyBinding	21	0	0
00470a80	Input_GetJoystickButtonBinding	19	0	0
00470aa0	Input_GetMouseButtonBinding	19	0	0
00470ac0	FUN_00470ac0	11	0	0
00470ad0	FUN_00470ad0	14	0	0
00470ae0	FUN_00470ae0	31	0	0
00470b00	FUN_00470b00	14	0	0
00470b10	FUN_00470b10	14	0	0
00470b20	FUN_00470b20	88	0	0
00470b80	FUN_00470b80	111	0	0
00470bf0	FUN_00470bf0	106	0	0
00470c60	FUN_00470c60	106	0	0
00470cd0	FUN_00470cd0	97	0	0
00470d40	Input_Mouse_DispatchButtonEdgeHandlers	101	0	0
00470db0	FUN_00470db0	51	0	0
00470df0	FUN_00470df0	129	0	0
00470eb0	Input_QueryActionState	148	0	0
00470f50	FUN_00470f50	42	0	0
00470f80	FUN_00470f80	192	0	0
00471040	FUN_00471040	46	0	0
00471070	FUN_00471070	46	0	0
004710a0	FUN_004710a0	119	0	0
00471120	FUN_00471120	1201	0	0
004715e0	FUN_004715e0	81	0	0
00471640	FUN_00471640	31	0	0
00471660	FUN_00471660	65	0	0
004716b0	FUN_004716b0	11	0	0
004716c0	FUN_004716c0	11	0	0
004716d0	FUN_004716d0	13	0	0
004716e0	FUN_004716e0	13	0	0
004716f0	FUN_004716f0	13	0	0
00471700	FUN_00471700	13	0	0
00471710	FUN_00471710	13	0	0
00471720	FUN_00471720	13	0	0
00471730	FUN_00471730	13	0	0
00471740	FUN_00471740	13	0	0
00471750	FUN_00471750	14	0	0
00471760	FUN_00471760	14	0	0
00471770	FUN_00471770	14	0	0
00471780	FUN_00471780	14	0	0
00471790	FUN_00471790	42	0	0
004717c0	FUN_004717c0	14	0	0
004717d0	Input_QueryAction	13	0	0
004717e0	FUN_004717e0	21	0	0
00471800	FUN_00471800	21	0	0
00471820	FUN_00471820	21	0	0
00471840	FUN_00471840	21	0	0
00471860	FUN_00471860	226	0	0
00471950	FUN_00471950	140	0	0
004719f0	FUN_004719f0	10	0	0
00471a00	FUN_00471a00	14	0	0
00471a20	FUN_00471a20	137	0	0
00471ab0	FUN_00471ab0	45	0	0
00471b50	zInInit	182	0	0
00471c10	FUN_00471c10	58	0	0
00471c50	FUN_00471c50	15	0	0
00471cd0	FUN_00471cd0	22	0	0
00471d10	FUN_00471d10	8	0	0
00471d20	FUN_00471d20	42	0	0
00471d50	FUN_00471d50	40	0	0
00471d80	FUN_00471d80	27	0	0
00471da0	FUN_00471da0	42	0	0
00471dd0	FUN_00471dd0	9	0	0
00471de0	Input_PollAllDevices	81	0	0
00471e40	Input_Joystick_CreateDevice	283	0	0
00471fb0	FUN_00471fb0	28	0	0
00471fd0	FUN_00471fd0	463	0	0
004721a0	FUN_004721a0	57	0	0
004721e0	FUN_004721e0	67	0	0
00472230	FUN_00472230	75	0	0
00472280	FUN_00472280	42	0	0
004722b0	FUN_004722b0	15	0	0
004722c0	Input_Joystick_Poll	200	0	0
00472390	FUN_00472390	6	0	0
004723a0	Input_GetJoystickButtonEdgeState	39	0	0
004723d0	FUN_004723d0	60	0	0
00472410	FUN_00472410	63	0	0
00472450	FUN_00472450	47	0	0
00472480	FUN_00472480	6	0	0
00472490	FUN_00472490	469	0	0
00472670	FUN_00472670	88	0	0
004726d0	FUN_004726d0	90	0	0
00472730	FUN_00472730	53	0	0
00472770	FUN_00472770	43	0	0
004727a0	FUN_004727a0	77	0	0
004727f0	Math_NormalizeHorizontalVector	111	0	0
00472860	FUN_00472860	244	0	0
00472960	FUN_00472960	71	0	0
004729b0	FUN_004729b0	63	0	0
004729f0	FUN_004729f0	26	0	0
00472a10	FUN_00472a10	686	0	0
00472cc0	FUN_00472cc0	107	0	0
00472ed0	FUN_00472ed0	28	0	0
00472ef0	zTransformStackPushAndCopy	62	0	0
00472f30	zTransformStackPushRef	40	0	0
00472f60	zTransformStackPop	34	0	0
00472f90	FUN_00472f90	10	0	0
00472fa0	FUN_00472fa0	10	0	0
00472fb0	FUN_00472fb0	167	0	0
00473060	FUN_00473060	398	0	0
004731f0	FUN_004731f0	23	0	0
00473210	FUN_00473210	27	0	0
00473230	FUN_00473230	8	0	0
00473240	FUN_00473240	8	0	0
00473250	FUN_00473250	33	0	0
00473280	FUN_00473280	109	0	0
004732f0	FUN_004732f0	123	0	0
00473370	zTransformConcatenateLocal	792	0	0
00473690	FUN_00473690	321	0	0
004737e0	Transform_TranslateLocal	393	0	0
00473970	Transform_RotateXLocal	415	0	0
00473b10	Transform_RotateYLocal	417	0	0
00473cc0	Transform_RotateZLocal	416	0	0
00473e60	FUN_00473e60	350	0	0
00473fc0	FUN_00473fc0	72	0	0
00474010	FUN_00474010	581	0	0
00474260	FUN_00474260	373	0	0
004743e0	FUN_004743e0	22	0	0
00474400	FUN_00474400	240	0	0
004744f0	FUN_004744f0	135	0	0
00474580	FUN_00474580	57	0	0
004745c0	FUN_004745c0	20	0	0
004745e0	FUN_004745e0	129	0	0
00474670	FUN_00474670	153	0	0
00474710	FUN_00474710	184	0	0
004747d0	FUN_004747d0	146	0	0
00474870	FUN_00474870	685	0	0
00474b20	FUN_00474b20	71	0	0
00474b70	FUN_00474b70	80	0	0
00474bc0	FUN_00474bc0	90	0	0
00474c20	FUN_00474c20	231	0	0
00474d10	Math_ComputeLookAtPitchYaw	114	0	0
00474d90	FUN_00474d90	69	0	0
00474de0	FUN_00474de0	48	0	0
00474e10	FUN_00474e10	174	0	0
00474ec0	FUN_00474ec0	122	0	0
00474f40	FUN_00474f40	119	0	0
00474fc0	FUN_00474fc0	173	0	0
00475070	FUN_00475070	189	0	0
00475130	FUN_00475130	224	0	0
00475210	FUN_00475210	455	0	0
004753e0	FUN_004753e0	978	0	0
004757c0	FUN_004757c0	329	0	0
00475910	FUN_00475910	178	0	0
004759d0	FUN_004759d0	176	0	0
00475a80	FUN_00475a80	250	0	0
00475b80	FUN_00475b80	182	0	0
00475c40	FUN_00475c40	532	0	0
00475e60	FUN_00475e60	8	0	0
00475e70	FUN_00475e70	225	0	0
00475f60	FUN_00475f60	55	0	0
00475fa0	FUN_00475fa0	77	0	0
00475ff0	FUN_00475ff0	46	0	0
00476020	FUN_00476020	16	0	0
00476030	FUN_00476030	7	0	0
00476040	FUN_00476040	41	0	0
00476070	FUN_00476070	12	0	0
00476080	FUN_00476080	7	0	0
00476090	FUN_00476090	22	0	0
004760b0	FUN_004760b0	22	0	0
004760d0	FUN_004760d0	75	0	0
00476120	FUN_00476120	70	0	0
00476170	FUN_00476170	7	0	0
00476180	FUN_00476180	6	0	0
00476190	FUN_00476190	51	0	0
004761d0	FUN_004761d0	7	0	0
004761e0	FUN_004761e0	51	0	0
00476220	FUN_00476220	51	0	0
00476260	FUN_00476260	51	0	0
004762a0	FUN_004762a0	12	0	0
004762b0	FUN_004762b0	7	0	0
004762c0	FUN_004762c0	42	0	0
004762f0	FUN_004762f0	10	0	0
00476300	FUN_00476300	31	0	0
00476320	FUN_00476320	20	0	0
00476340	FUN_00476340	46	0	0
00476370	FUN_00476370	130	0	0
00476400	Render_IsNodeTypeEnabledForRender	94	0	0
00476460	FUN_00476460	12	0	0
00476470	FUN_00476470	7	0	0
00476480	Render_ProjectWorldPointToScreen	541	0	0
004766a0	FUN_004766a0	83	0	0
00476700	FUN_00476700	848	0	0
00476a50	FUN_00476a50	658	0	0
00476cf0	Render_ShadeAndQueueObjectPolygons_SW	3644	0	0
00477b30	Render_ShadeAndQueueObjectPolygons	4404	0	0
00478c70	Render_TestBoundSphereAgainstFrustum	837	0	0
00478fc0	FUN_00478fc0	94	0	0
00479020	FUN_00479020	415	0	0
004791c0	FUN_004791c0	1176	0	0
00479660	FUN_00479660	1518	0	0
00479c50	FUN_00479c50	7	0	0
00479c60	FUN_00479c60	23	0	0
00479c80	FUN_00479c80	6	0	0
00479c90	FUN_00479c90	22	0	0
00479cb0	FUN_00479cb0	7	0	0
00479cc0	FUN_00479cc0	28	0	0
00479ce0	FUN_00479ce0	682	0	0
00479f90	FUN_00479f90	299	0	0
0047a0c0	FUN_0047a0c0	258	0	0
0047a1d0	FUN_0047a1d0	37	0	0
0047a200	FUN_0047a200	730	0	0
0047a4e0	FUN_0047a4e0	1439	0	0
0047aa80	FUN_0047aa80	1245	0	0
0047af60	FUN_0047af60	1497	0	0
0047b540	FUN_0047b540	2032	0	0
0047bd30	FUN_0047bd30	4239	0	0
0047cdc0	FUN_0047cdc0	1577	0	0
0047d3f0	FUN_0047d3f0	3002	0	0
0047dfb0	FUN_0047dfb0	2369	0	0
0047e900	FUN_0047e900	1737	0	0
0047efd0	FUN_0047efd0	5080	0	0
004803b0	FUN_004803b0	259	0	0
004804c0	FUN_004804c0	27	0	0
004804e0	FUN_004804e0	195	0	0
004805b0	FUN_004805b0	36	0	0
004805e0	FUN_004805e0	23	0	0
00480600	FUN_00480600	694	0	0
004808c0	FUN_004808c0	543	0	0
00480ae0	FUN_00480ae0	267	0	0
00480bf0	FUN_00480bf0	67	0	0
00480c40	FUN_00480c40	61	0	0
00480c80	FUN_00480c80	29	0	0
00480ca0	FUN_00480ca0	128	0	0
00480d20	FUN_00480d20	87	0	0
00480d80	FUN_00480d80	50	0	0
00480dc0	FUN_00480dc0	242	0	0
00480ec0	FUN_00480ec0	71	0	0
00480f10	FUN_00480f10	73	0	0
00480f60	FUN_00480f60	32	0	0
00480f80	FUN_00480f80	68	0	0
00480fd0	FUN_00480fd0	110	0	0
00481040	FUN_00481040	16	0	0
00481050	FUN_00481050	161	0	0
00481100	FUN_00481100	57	0	0
00481140	FUN_00481140	218	0	0
00481220	FUN_00481220	56	0	0
00481260	FUN_00481260	65	0	0
004812b0	thunk_FUN_004812c0	5	1	0
004812c0	FUN_004812c0	337	0	0
00481420	FUN_00481420	49	0	0
00481460	FUN_00481460	202	0	0
00481530	FUN_00481530	7	0	0
00481540	FUN_00481540	12	0	0
00481550	FUN_00481550	13	0	0
00481560	FUN_00481560	13	0	0
00481570	FUN_00481570	36	0	0
004815a0	FUN_004815a0	23	0	0
004815c0	FUN_004815c0	1239	0	0
00481aa0	FUN_00481aa0	277	0	0
00481bc0	FUN_00481bc0	133	0	0
00481c50	FUN_00481c50	835	0	0
00481fa0	FUN_00481fa0	213	0	0
00482080	FUN_00482080	101	0	0
004820f0	FUN_004820f0	112	0	0
00482160	FUN_00482160	262	0	0
00482270	FUN_00482270	1071	0	0
004826a0	FUN_004826a0	3	0	0
004826b0	FUN_004826b0	20	0	0
004826d0	FUN_004826d0	18	0	0
004826f0	FUN_004826f0	10	0	0
00482700	FUN_00482700	10	0	0
00482710	FUN_00482710	4	0	0
00482720	FUN_00482720	319	0	0
00482860	FUN_00482860	424	0	0
00482a10	FUN_00482a10	303	0	0
00482b40	FUN_00482b40	288	0	0
00482c60	FUN_00482c60	335	0	0
00482db0	FUN_00482db0	113	0	0
00482e30	FUN_00482e30	421	0	0
00482fe0	FUN_00482fe0	607	0	0
00483240	FUN_00483240	707	0	0
00483510	FUN_00483510	248	0	0
00483610	FUN_00483610	55	0	0
00483650	FUN_00483650	1028	0	0
00483a60	FUN_00483a60	110	0	0
00483ad0	FUN_00483ad0	164	0	0
00483b80	FUN_00483b80	723	0	0
00483e60	FUN_00483e60	282	0	0
00483f80	FUN_00483f80	445	0	0
00484140	FUN_00484140	38	0	0
00484170	FUN_00484170	51	0	0
004841b0	FUN_004841b0	55	0	0
004841f0	FUN_004841f0	49	0	0
00484230	FUN_00484230	32	0	0
00484250	FUN_00484250	86	0	0
004842b0	FUN_004842b0	64	0	0
004842f0	FUN_004842f0	18	0	0
00484310	FUN_00484310	28	0	0
00484330	FUN_00484330	18	0	0
00484350	FUN_00484350	83	0	0
004843b0	FUN_004843b0	1188	0	0
00484860	FUN_00484860	250	0	0
00484960	FUN_00484960	522	0	0
00484b70	FUN_00484b70	656	0	0
00484e00	FUN_00484e00	444	0	0
00484fc0	Collision_TestMeshPolygons	958	0	0
00485380	FUN_00485380	842	0	0
004856d0	FUN_004856d0	286	0	0
004857f0	Collision_RayPolygonTest	1277	0	0
00485d10	Collision_RayPolygonTestWithUV	1393	0	0
00486290	FUN_00486290	1793	0	0
004869a0	FUN_004869a0	2467	0	0
00487350	FUN_00487350	489	0	0
00487540	FUN_00487540	954	0	0
00487900	FUN_00487900	179	0	0
004879c0	FUN_004879c0	103	0	0
00487a30	FUN_00487a30	534	0	0
00487c50	FUN_00487c50	691	0	0
00487f10	FUN_00487f10	3661	0	0
00488d60	FUN_00488d60	1930	0	0
004894f0	FUN_004894f0	71	0	0
00489540	FUN_00489540	396	0	0
004896d0	FUN_004896d0	577	0	0
00489920	FUN_00489920	368	0	0
00489a90	FUN_00489a90	609	0	0
00489d00	FUN_00489d00	268	0	0
00489e10	FUN_00489e10	275	0	0
00489f30	FUN_00489f30	64	0	0
00489f70	FUN_00489f70	6	0	0
00489f80	FUN_00489f80	6	0	0
00489fa0	FUN_00489fa0	141	0	0
0048a030	FUN_0048a030	156	0	0
0048a0d0	FUN_0048a0d0	83	0	0
0048a130	FUN_0048a130	11	0	0
0048a140	FUN_0048a140	55	0	0
0048a180	FUN_0048a180	156	0	0
0048a220	FUN_0048a220	158	0	0
0048a2c0	FUN_0048a2c0	22	0	0
0048a2e0	FUN_0048a2e0	38	0	0
0048a310	FUN_0048a310	54	0	0
0048a350	FUN_0048a350	181	0	0
0048a410	FUN_0048a410	269	0	0
0048a520	FUN_0048a520	1001	0	0
0048a980	FUN_0048a980	55	0	0
0048a9c0	FUN_0048a9c0	811	0	0
0048acf0	FUN_0048acf0	61	0	0
0048ad30	FUN_0048ad30	56	0	0
0048ad70	FUN_0048ad70	146	0	0
0048ae10	FUN_0048ae10	84	0	0
0048ae70	FUN_0048ae70	291	0	0
0048afa0	FUN_0048afa0	50	0	0
0048afe0	FUN_0048afe0	695	0	0
0048b3a0	FUN_0048b3a0	574	0	0
0048b5e0	FUN_0048b5e0	113	0	0
0048b730	FUN_0048b730	191	0	0
0048b7f0	FUN_0048b7f0	35	0	0
0048b860	FUN_0048b860	223	0	0
0048b940	FUN_0048b940	54	0	0
0048b980	FUN_0048b980	19	0	0
0048b9a0	FUN_0048b9a0	38	0	0
0048b9d0	FUN_0048b9d0	9	0	0
0048b9e0	FUN_0048b9e0	128	0	0
0048ba60	FUN_0048ba60	67	0	0
0048bab0	FUN_0048bab0	111	0	0
0048bb20	FUN_0048bb20	180	0	0
0048bbe0	FUN_0048bbe0	549	0	0
0048be10	FUN_0048be10	90	0	0
0048be70	FUN_0048be70	108	0	0
0048bee0	FUN_0048bee0	45	0	0
0048bf10	FUN_0048bf10	46	0	0
0048bf40	FUN_0048bf40	84	0	0
0048bfb0	FUN_0048bfb0	42	0	0
0048bfe0	FUN_0048bfe0	14	0	0
0048c060	FUN_0048c060	31	0	0
0048c080	FUN_0048c080	31	0	0
0048c0a0	FUN_0048c0a0	117	0	0
0048c120	FUN_0048c120	214	0	0
0048c200	FUN_0048c200	74	0	0
0048c250	FUN_0048c250	1404	0	0
0048c7d0	FUN_0048c7d0	36	0	0
0048c800	FUN_0048c800	25	0	0
0048c820	FUN_0048c820	99	0	0
0048c890	FUN_0048c890	67	0	0
0048c8e0	FUN_0048c8e0	105	0	0
0048c950	FUN_0048c950	28	0	0
0048c970	FUN_0048c970	41	0	0
0048c9a0	FUN_0048c9a0	19	0	0
0048c9c0	FUN_0048c9c0	68	0	0
0048ca10	FUN_0048ca10	17	0	0
0048ca30	FUN_0048ca30	60	0	0
0048ca70	FUN_0048ca70	105	0	0
0048cae0	FUN_0048cae0	19	0	0
0048cb00	FUN_0048cb00	33	0	0
0048cb30	FUN_0048cb30	59	0	0
0048cb70	FUN_0048cb70	82	0	0
0048cbd0	FUN_0048cbd0	72	0	0
0048cc20	FUN_0048cc20	42	0	0
0048cc50	FUN_0048cc50	13	0	0
0048cc60	FUN_0048cc60	10	0	0
0048cc70	FUN_0048cc70	43	0	0
0048cca0	FUN_0048cca0	51	0	0
0048cce0	FUN_0048cce0	34	0	0
0048cd10	FUN_0048cd10	45	0	0
0048cd40	FUN_0048cd40	96	0	0
0048cda0	FUN_0048cda0	24	0	0
0048cdc0	Settings_OpenDetailPresetFile	123	0	0
0048ce40	FUN_0048ce40	26	0	0
0048ce60	FUN_0048ce60	91	0	0
0048cec0	ConfigTree_FindChildByName	171	0	0
0048cf70	ConfigTree_FindChildByName_Vec3	8	0	0
0048cf80	FUN_0048cf80	41	0	0
0048cfb0	FUN_0048cfb0	119	0	0
0048d030	FUN_0048d030	69	0	0
0048d080	FUN_0048d080	294	0	0
0048d1c0	FUN_0048d1c0	75	0	0
0048d210	Zar_OpenAndRegisterArchive	174	0	0
0048d2c0	FUN_0048d2c0	120	0	0
0048d340	FUN_0048d340	150	0	0
0048d3e0	FUN_0048d3e0	59	0	0
0048d420	FUN_0048d420	43	0	0
0048d450	FUN_0048d450	84	0	0
0048d510	FUN_0048d510	223	0	0
0048d5f0	FUN_0048d5f0	223	0	0
0048d6d0	FUN_0048d6d0	195	0	0
0048d7a0	FUN_0048d7a0	357	0	0
0048d910	FUN_0048d910	331	0	0
0048da60	FUN_0048da60	137	0	0
0048daf0	FUN_0048daf0	2185	0	0
0048e380	FUN_0048e380	743	0	0
0048e670	FUN_0048e670	498	0	0
0048e870	FUN_0048e870	400	0	0
0048ea00	FUN_0048ea00	25	0	0
0048ec90	FUN_0048ec90	205	0	0
0048ed60	FUN_0048ed60	1945	0	0
0048f500	FUN_0048f500	91	0	0
0048f560	FUN_0048f560	2067	0	0
0048fd80	zRndrInit	474	0	0
0048ff60	FUN_0048ff60	8	0	0
0048ff70	FUN_0048ff70	13	0	0
0048ff80	FUN_0048ff80	809	0	0
004902b0	FUN_004902b0	114	0	0
00490330	FUN_00490330	7	0	0
00490340	FUN_00490340	113	0	0
004903c0	FUN_004903c0	29	0	0
004903e0	FUN_004903e0	13	0	0
004903f0	FUN_004903f0	53	0	0
00490430	FUN_00490430	78	0	0
00490480	FUN_00490480	24	0	0
004904a0	FUN_004904a0	36	0	0
004904d0	FUN_004904d0	72	0	0
00490520	FUN_00490520	97	0	0
00490590	FUN_00490590	99	0	0
00490600	FUN_00490600	11	0	0
00490610	FUN_00490610	248	0	0
00490710	FUN_00490710	109	0	0
00490780	FUN_00490780	61	0	0
004907c0	FUN_004907c0	793	0	0
00491dd0	FUN_00491dd0	558	0	0
00492000	FUN_00492000	1990	0	0
004927d0	FUN_004927d0	1828	0	0
00492f00	FUN_00492f00	1995	0	0
004936d0	FUN_004936d0	1822	0	0
00493df0	FUN_00493df0	3314	0	0
00494af0	FUN_00494af0	3419	0	0
00495850	FUN_00495850	4468	0	0
004969d0	FUN_004969d0	4336	0	0
00497ac0	FUN_00497ac0	4361	0	0
00498bd0	FUN_00498bd0	35	0	0
00498c00	FUN_00498c00	64	0	0
00498c40	FUN_00498c40	104	0	0
00498cb0	FUN_00498cb0	736	0	0
00498f90	FUN_00498f90	21	0	0
00498fb0	FUN_00498fb0	97	0	0
00499020	FUN_00499020	260	0	0
00499130	FUN_00499130	372	0	0
004997d0	FUN_004997d0	57	0	0
00499930	FUN_00499930	86	0	0
00499990	FUN_00499990	103	0	0
00499a00	FUN_00499a00	26	0	0
00499a20	FUN_00499a20	544	0	0
00499c40	FUN_00499c40	625	0	0
00499ec0	FUN_00499ec0	1007	0	0
0049a2b0	FUN_0049a2b0	479	0	0
0049a490	FUN_0049a490	914	0	0
0049a830	FUN_0049a830	118	0	0
0049a8b0	FUN_0049a8b0	6	0	0
0049a8c0	FUN_0049a8c0	68	0	0
0049a910	FUN_0049a910	11	0	0
0049a920	FUN_0049a920	158	0	0
0049a9c0	FUN_0049a9c0	109	0	0
0049aa30	FUN_0049aa30	15	0	0
0049aa40	FUN_0049aa40	77	0	0
0049aa90	FUN_0049aa90	1310	0	0
0049afb0	FUN_0049afb0	110	0	0
0049b020	FUN_0049b020	371	0	0
0049b1a0	FUN_0049b1a0	50	0	0
0049b1e0	FUN_0049b1e0	355	0	0
0049b350	FUN_0049b350	355	0	0
0049b4c0	FUN_0049b4c0	103	0	0
0049b530	FUN_0049b530	103	0	0
0049b5a0	FUN_0049b5a0	355	0	0
0049b710	FUN_0049b710	103	0	0
0049b780	FUN_0049b780	96	0	0
0049b7e0	FUN_0049b7e0	995	0	0
0049bbf0	FUN_0049bbf0	1035	0	0
0049cbb0	FUN_0049cbb0	746	0	0
0049cea0	FUN_0049cea0	757	0	0
0049da80	FUN_0049da80	804	0	0
0049ddb0	FUN_0049ddb0	812	0	0
0049e0e0	FUN_0049e0e0	81	0	0
0049e140	FUN_0049e140	187	0	0
0049e200	FUN_0049e200	249	0	0
0049e300	FUN_0049e300	249	0	0
0049e400	FUN_0049e400	340	0	0
0049e560	FUN_0049e560	340	0	0
0049e6c0	FUN_0049e6c0	851	0	0
0049ea80	FUN_0049ea80	411	0	0
0049ec20	FUN_0049ec20	416	0	0
0049edc0	FUN_0049edc0	923	0	0
0049f180	FUN_0049f180	1139	0	0
0049f620	FUN_0049f620	171	0	0
0049f6d0	Sound_AllocateVoiceSlot	27	0	0
0049f6f0	Sound_DuplicateA3DVoice	319	0	0
0049f830	Sound_DuplicateHardwareBuffer	292	0	0
0049f960	Sound_PlayResourceAuto	62	0	0
0049f9a0	FUN_0049f9a0	82	0	0
0049fa00	FUN_0049fa00	7	0	0
0049fa10	Sound_StartVoice	78	0	0
0049fa60	Sound_StartVoice_Mode1	326	0	0
0049fbb0	FUN_0049fbb0	312	0	0
0049fcf0	Sound_PlayResourceSimple	96	0	0
0049fd50	Sound_PlayResourceVariant	80	0	0
0049fda0	Sound_StopOrRestoreVoice	275	0	0
0049fec0	FUN_0049fec0	290	0	0
0049fff0	FUN_0049fff0	778	0	0
004a0300	FUN_004a0300	120	0	0
004a0380	FUN_004a0380	127	0	0
004a0400	FUN_004a0400	139	0	0
004a0490	FUN_004a0490	107	0	0
004a0500	FUN_004a0500	134	0	0
004a0590	FUN_004a0590	93	0	0
004a05f0	FUN_004a05f0	125	0	0
004a0670	FUN_004a0670	298	0	0
004a07a0	FUN_004a07a0	26	0	0
004a07c0	FUN_004a07c0	38	0	0
004a07f0	FUN_004a07f0	7	0	0
004a0810	FUN_004a0810	29	0	0
004a0830	FUN_004a0830	14	0	0
004a0860	FUN_004a0860	12	0	0
004a0870	FUN_004a0870	12	0	0
004a0880	FUN_004a0880	70	0	0
004a08d0	FUN_004a08d0	39	0	0
004a0900	FUN_004a0900	24	0	0
004a0920	FUN_004a0920	102	0	0
004a0990	FUN_004a0990	71	0	0
004a09e0	FUN_004a09e0	536	0	0
004a0c00	FUN_004a0c00	50	0	0
004a0c40	FUN_004a0c40	499	0	0
004a0e40	FUN_004a0e40	71	0	0
004a0e90	FUN_004a0e90	37	0	0
004a0ec0	FUN_004a0ec0	233	0	0
004a0fb0	FUN_004a0fb0	223	0	0
004a1090	FUN_004a1090	22	0	0
004a10b0	FUN_004a10b0	24	0	0
004a10d0	FUN_004a10d0	7	0	0
004a10e0	FUN_004a10e0	228	0	0
004a11d0	FUN_004a11d0	102	0	0
004a1240	FUN_004a1240	9	0	0
004a1250	FUN_004a1250	24	0	0
004a1270	FUN_004a1270	24	0	0
004a1290	Sound_SetAPIModePreInit	24	0	0
004a12b0	Sound_GetAPIMode	6	0	0
004a12c0	zSndInit	270	0	0
004a13d0	FUN_004a13d0	76	0	0
004a1420	zSnd_CreateDevice	237	0	0
004a1510	FUN_004a1510	857	0	0
004a1870	FUN_004a1870	1176	0	0
004a1d10	Sound_InitA3DDevice	319	0	0
004a1e50	zSnd_CreateDeviceAndPrimaryBuffer	232	0	0
004a1f40	FUN_004a1f40	196	0	0
004a2020	FUN_004a2020	42	0	0
004a2050	FUN_004a2050	14	0	0
004a20d0	FUN_004a20d0	951	0	0
004a2490	FUN_004a2490	61	0	0
004a24d0	FUN_004a24d0	259	0	0
004a25e0	FUN_004a25e0	29	0	0
004a2600	FUN_004a2600	170	0	0
004a26b0	FUN_004a26b0	54	0	0
004a26f0	FUN_004a26f0	90	0	0
004a2750	FUN_004a2750	123	0	0
004a27d0	FUN_004a27d0	28	0	0
004a27f0	FUN_004a27f0	143	0	0
004a2880	FUN_004a2880	169	0	0
004a2930	FUN_004a2930	20	0	0
004a2950	FUN_004a2950	215	0	0
004a2a30	FUN_004a2a30	54	0	0
004a2a70	FUN_004a2a70	204	0	0
004a2b40	FUN_004a2b40	811	0	0
004a2e70	FUN_004a2e70	7	0	0
004a2e80	FUN_004a2e80	28	0	0
004a2ea0	FUN_004a2ea0	30	0	0
004a2ec0	FUN_004a2ec0	691	0	0
004a3180	FUN_004a3180	852	0	0
004a34e0	FUN_004a34e0	164	0	0
004a3590	FUN_004a3590	140	0	0
004a3620	FUN_004a3620	105	0	0
004a3690	FUN_004a3690	433	0	0
004a3850	FUN_004a3850	192	0	0
004a3910	FUN_004a3910	20	0	0
004a3940	FUN_004a3940	82	0	0
004a39a0	FUN_004a39a0	14	0	0
004a3a80	FUN_004a3a80	77	0	0
004a3ad0	FUN_004a3ad0	333	0	0
004a3c20	FUN_004a3c20	241	0	0
004a3d20	FUN_004a3d20	302	0	0
004a3e50	FUN_004a3e50	52	0	0
004a3e90	FUN_004a3e90	15	0	0
004a3ea0	FUN_004a3ea0	75	0	0
004a3ef0	FUN_004a3ef0	853	0	0
004a4330	FUN_004a4330	399	0	0
004a44c0	FUN_004a44c0	27	0	0
004a4530	FUN_004a4530	95	0	0
004a4590	FUN_004a4590	1050	0	0
004a49b0	FUN_004a49b0	644	0	0
004a4c40	Sound_StreamCue_TickDispatch	86	0	0
004a4cb0	Sound_StreamCue_State0_SelectVariant	83	0	0
004a4d10	Sound_StreamCue_PickWeightedRandomVariant	386	0	0
004a4ea0	Sound_StreamCue_State1_PlaySequenceEvents	298	0	0
004a4fd0	Sound_StreamCue_State2_ReplayGapWait	65	0	0
004a5020	Sound_StreamCue_State3_Cooldown	40	0	0
004a5050	Sound_ServiceActiveStreamCues	78	0	0
004a50a0	FUN_004a50a0	316	0	0
004a51f0	FUN_004a51f0	42	0	0
004a5230	Sound_StartStreamResourceSimple	19	0	0
004a5250	Sound_StartStreamResource	256	0	0
004a5350	Sound_StreamCueSubsystem_LazyInit	114	0	0
004a53d0	Sound_StartStreamResourceAtPosition	24	0	0
004a53f0	FUN_004a53f0	66	0	0
004a5440	FUN_004a5440	27	0	0
004a5460	FUN_004a5460	215	0	0
004a5540	FUN_004a5540	115	0	0
004a55c0	FUN_004a55c0	58	0	0
004a5600	FUN_004a5600	110	0	0
004a5670	FUN_004a5670	90	0	0
004a56d0	FUN_004a56d0	174	0	0
004a5780	FUN_004a5780	499	0	0
004a5980	FUN_004a5980	21	0	0
004a59a0	FUN_004a59a0	7	0	0
004a59b0	FUN_004a59b0	21	0	0
004a59d0	GetTickCount	6	1	0
004a59e0	CDCheck_FindDiscDrive	234	0	0
004a5ad0	FUN_004a5ad0	45	0	0
004a5b00	FUN_004a5b00	27	0	0
004a5b20	FUN_004a5b20	19	0	0
004a5b40	FUN_004a5b40	25	0	0
004a5b60	GetMessageByID	131	0	0
004a5bf0	FUN_004a5bf0	35	0	0
004a5c20	FUN_004a5c20	22	0	0
004a5c40	thunk_FUN_004a5c20	5	1	0
004a5c50	FUN_004a5c50	68	0	0
004a5ca0	FUN_004a5ca0	25	0	0
004a5cc0	FUN_004a5cc0	19	0	0
004a5ce0	FUN_004a5ce0	188	0	0
004a5df0	FUN_004a5df0	26	0	0
004a5e10	FUN_004a5e10	51	0	0
004a5e50	FUN_004a5e50	204	0	0
004a5f50	FUN_004a5f50	50	0	0
004a5f90	WildcardName_InitDigitExpansion	212	0	0
004a6070	WildcardName_NextDigitCombination	134	0	0
004a6100	FUN_004a6100	8	0	0
004a6110	FUN_004a6110	118	0	0
004a6190	FUN_004a6190	26	0	0
004a61b0	FUN_004a61b0	26	0	0
004a61d0	Zar_OpenFile	149	0	0
004a6270	FUN_004a6270	49	0	0
004a62b0	FUN_004a62b0	51	0	0
004a62f0	Zar_GrowTocBuffer	56	0	0
004a6330	FUN_004a6330	47	0	0
004a6360	Zar_WriteFooterAndClose	129	0	0
004a63f0	Zar_ParseFooterAndTOC	210	0	0
004a64d0	Zar_WriteEntry	241	0	0
004a65d0	FUN_004a65d0	94	0	0
004a6630	FUN_004a6630	61	0	0
004a6670	FUN_004a6670	105	0	0
004a66e0	FUN_004a66e0	6	0	0
004a66f0	FUN_004a66f0	18	0	0
004a6710	FUN_004a6710	6	0	0
004a6720	Render_GetScreenWidth	6	0	0
004a6730	Render_GetScreenHeight	6	0	0
004a6740	FUN_004a6740	6	0	0
004a6750	FUN_004a6750	6	0	0
004a6760	FUN_004a6760	6	0	0
004a6770	FUN_004a6770	96	0	0
004a67d0	FUN_004a67d0	11	0	0
004a67e0	FUN_004a67e0	6	0	0
004a67f0	FUN_004a67f0	6	0	0
004a6800	FUN_004a6800	6	0	0
004a6810	FUN_004a6810	6	0	0
004a6820	FUN_004a6820	6	0	0
004a6830	FUN_004a6830	11	0	0
004a6840	FUN_004a6840	134	0	0
004a68d0	FUN_004a68d0	11	0	0
004a68e0	FUN_004a68e0	11	0	0
004a68f0	FUN_004a68f0	11	0	0
004a6900	FUN_004a6900	34	0	0
004a6930	FUN_004a6930	143	0	0
004a69c0	FUN_004a69c0	27	0	0
004a69e0	FUN_004a69e0	347	0	0
004a6b40	FUN_004a6b40	18	0	0
004a6b60	FUN_004a6b60	7	0	0
004a6b70	FUN_004a6b70	7	0	0
004a6b80	FUN_004a6b80	7	0	0
004a6b90	FUN_004a6b90	29	0	0
004a6bb0	FUN_004a6bb0	29	0	0
004a6bd0	FUN_004a6bd0	29	0	0
004a6bf0	FUN_004a6bf0	166	0	0
004a6ca0	FUN_004a6ca0	69	0	0
004a6cf0	FUN_004a6cf0	71	0	0
004a6d40	FUN_004a6d40	98	0	0
004a6db0	FUN_004a6db0	202	0	0
004a6e80	FUN_004a6e80	343	0	0
004a6fe0	FUN_004a6fe0	475	0	0
004a71c0	FUN_004a71c0	61	0	0
004a7200	FUN_004a7200	28	0	0
004a7220	FUN_004a7220	45	0	0
004a7250	FUN_004a7250	167	0	0
004a7300	FUN_004a7300	45	0	0
004a7330	FUN_004a7330	98	0	0
004a73a0	FUN_004a73a0	98	0	0
004a7410	FUN_004a7410	19	0	0
004a7470	thunk_FUN_004a9910	5	1	0
004a7480	thunk_FUN_004a9900	5	1	0
004a7490	FUN_004a7490	51	0	0
004a74d0	FUN_004a74d0	23	0	0
004a74f0	FUN_004a74f0	33	0	0
004a7530	Render_BringUpDirectDraw	162	0	0
004a75e0	FUN_004a75e0	3	0	0
004a75f0	FUN_004a75f0	260	0	0
004a7700	FUN_004a7700	56	0	0
004a7740	FUN_004a7740	42	0	0
004a77a0	Render_InstallDrawDispatchTable	485	0	0
004a7990	Render_ApplyResolutionPreset	328	0	0
004a7af0	FUN_004a7af0	36	0	0
004a7b20	FUN_004a7b20	12	0	0
004a7b30	FUN_004a7b30	6	0	0
004a7b40	DDraw_BootstrapDeviceEnumeration	26	0	0
004a7d20	DDraw_EnsureDeviceCreated	27	0	0
004a7d40	DDraw_ReleaseDevice	33	0	0
004a7d70	FUN_004a7d70	26	0	0
004a7fc0	FUN_004a7fc0	103	0	0
004a8030	FUN_004a8030	45	0	0
004a8060	FUN_004a8060	90	0	0
004a80c0	FUN_004a80c0	63	0	0
004a8100	FUN_004a8100	90	0	0
004a8160	FUN_004a8160	63	0	0
004a83d0	DDraw_CreateOffscreenSurfaceAndQuery	236	0	0
004a8500	FUN_004a8500	332	0	0
004a8720	DDraw_SetCooperativeLevelAndDisplayMode	110	0	0
004a8800	DDraw_CreateAndQueryInterface	101	0	0
004a8870	FUN_004a8870	59	0	0
004a88b0	FUN_004a88b0	58	0	0
004a88f0	Render_CreatePrimarySurfacesAndZBuffer	1643	0	0
004a8f80	Render_DetectSurfacePixelFormat	221	0	0
004a9060	FUN_004a9060	117	0	0
004a90e0	FUN_004a90e0	114	0	0
004a9160	FUN_004a9160	65	0	0
004a91b0	Render_ReleaseDeviceInterfaces	325	0	0
004a9300	FUN_004a9300	133	0	0
004a9390	DDraw_EnumerateGraphicsDevices	56	0	0
004a93d0	DDraw_EnumDevicesCallback	523	0	0
004a95e0	FUN_004a95e0	199	0	0
004a9900	FUN_004a9900	6	0	0
004a9910	FUN_004a9910	6	0	0
004a9940	FUN_004a9940	15	0	0
004a9ac0	FUN_004a9ac0	124	0	0
004a9b40	FUN_004a9b40	33	0	0
004a9c20	Render_CreateD3DDevice	1223	0	0
004aa600	FUN_004aa600	226	0	0
004aa6f0	FUN_004aa6f0	441	0	0
004aa900	FUN_004aa900	23	0	0
004aa980	FUN_004aa980	67	0	0
004aa9d0	FUN_004aa9d0	14	0	0
004aa9e0	FUN_004aa9e0	68	0	0
004aab90	Render_QueuePolygon_Untextured	861	0	0
004aaef0	Render_QueuePolygon_UntexturedGouraud	1060	0	0
004ab320	Render_QueuePolygon_UntexturedLit	939	0	0
004ab6d0	Render_QueuePolygon_SingleTextured	1102	0	0
004abb20	Render_QueuePolygon_SingleTexturedLit	2120	0	0
004ac370	Render_QueuePolygon_SingleTexturedLitGradient	2137	0	0
004acbd0	Render_DrawPolygonImmediate	228	0	0
004accc0	FUN_004accc0	49	0	0
004acd00	FUN_004acd00	293	0	0
004ace30	Render_FlushSortedDrawQueue	740	0	0
004ad120	Render_FlushQuadDrawQueue	290	0	0
004ad250	Render_FlushMainDrawQueue	1034	0	0
004ad680	FUN_004ad680	19	0	0
004ad6a0	FUN_004ad6a0	2889	0	0
004ae380	FUN_004ae380	54	0	0
004ae3c0	FUN_004ae3c0	129	0	0
004ae450	FUN_004ae450	69	0	0
004ae4a0	FUN_004ae4a0	13	0	0
004ae4b0	FUN_004ae4b0	43	0	0
004ae4e0	FUN_004ae4e0	62	0	0
004ae530	FUN_004ae530	81	0	0
004ae590	FUN_004ae590	202	0	0
004ae660	FUN_004ae660	1080	0	0
004aeaa0	FUN_004aeaa0	174	0	0
004aeb50	FUN_004aeb50	97	0	0
004aebc0	FUN_004aebc0	36	0	0
004aebf0	FUN_004aebf0	259	0	0
004aed00	FUN_004aed00	310	0	0
004aee40	FUN_004aee40	368	0	0
004aefb0	FUN_004aefb0	166	0	0
004af060	Weapon_ProjectileUpdateTick	5325	0	0
004b0530	FUN_004b0530	199	0	0
004b0600	FUN_004b0600	17	0	0
004b0620	FUN_004b0620	17	0	0
004b0640	FUN_004b0640	17	0	0
004b0660	FUN_004b0660	170	0	0
004b0710	FUN_004b0710	183	0	0
004b07d0	Weapon_ProjectileImpact_ApplyDamage	427	0	0
004b0980	FUN_004b0980	72	0	0
004b09d0	FUN_004b09d0	126	0	0
004b0a50	Weapon_ApplyRadiusDamageFalloff	333	0	0
004b0ba0	FUN_004b0ba0	245	0	0
004b0ca0	FUN_004b0ca0	383	0	0
004b0e20	FUN_004b0e20	327	0	0
004b0f70	FUN_004b0f70	94	0	0
004b0fd0	FUN_004b0fd0	83	0	0
004b1030	FUN_004b1030	83	0	0
004b1090	Weapon_InitSubsystem	163	0	0
004b1140	Weapon_BuildSubsystemSaveRecord	29	0	0
004b1160	Weapon_RefreshDamageAttributionCache	25	0	0
004b1180	FUN_004b1180	8	0	0
004b1190	Weapon_LoadMountArrayFromConfig	3053	0	0
004b1d80	FUN_004b1d80	12	0	0
004b1d90	FUN_004b1d90	303	0	0
004b1ec0	FUN_004b1ec0	208	0	0
004b1f90	FUN_004b1f90	13	0	0
004b1fa0	FUN_004b1fa0	396	0	0
004b2130	FUN_004b2130	41	0	0
004b2160	FUN_004b2160	81	0	0
004b21c0	FUN_004b21c0	22	0	0
004b21e0	FUN_004b21e0	45	0	0
004b2210	FUN_004b2210	179	0	0
004b22d0	FUN_004b22d0	35	0	0
004b2300	FUN_004b2300	540	0	0
004b2520	FUN_004b2520	78	0	0
004b2570	FUN_004b2570	47	0	0
004b25a0	FUN_004b25a0	75	0	0
004b25f0	FUN_004b25f0	61	0	0
004b2630	FUN_004b2630	62	0	0
004b2670	FUN_004b2670	63	0	0
004b26b0	FUN_004b26b0	55	0	0
004b26f0	Weapon_ApplyDamageToTarget	385	0	0
004b2880	FUN_004b2880	91	0	0
004b28e0	FUN_004b28e0	24	0	0
004b2900	FUN_004b2900	12	0	0
004b2910	FUN_004b2910	6	0	0
004b2920	FUN_004b2920	6	0	0
004b2930	FUN_004b2930	12	0	0
004b2940	FUN_004b2940	17	0	0
004b2960	Settings_LoadFromRegistry	599	0	0
004b2bf0	Settings_SaveToRegistry	614	0	0
004b2e80	Settings_RegisterNode	157	0	0
004b2f50	FUN_004b2f50	74	0	0
004b2fa0	FUN_004b2fa0	26	0	0
004b2fc0	FUN_004b2fc0	19	0	0
004b2fe0	FUN_004b2fe0	51	0	0
004b3020	FUN_004b3020	46	0	0
004b3050	FUN_004b3050	52	0	0
004b3090	FUN_004b3090	29	0	0
004b30b0	FUN_004b30b0	170	0	0
004b3160	FUN_004b3160	67	0	0
004b31b0	FUN_004b31b0	11	0	0
004b31c0	FUN_004b31c0	42	0	0
004b31f0	FUN_004b31f0	23	0	0
004b3210	FUN_004b3210	3	0	0
004b3220	FUN_004b3220	15	0	0
004b3230	FUN_004b3230	33	0	0
004b3260	Settings_InitPathsAndAutoLoad	82	0	0
004b32c0	Settings_Shutdown	181	0	0
004b3380	Settings_FindNodeByName	98	0	0
004b33f0	FUN_004b33f0	43	0	0
004b3420	FUN_004b3420	83	0	0
004b3480	FUN_004b3480	144	0	0
004b3510	FUN_004b3510	53	0	0
004b3550	FUN_004b3550	68	0	0
004b35a0	FUN_004b35a0	67	0	0
004b35f0	FUN_004b35f0	71	0	0
004b3640	FUN_004b3640	167	0	0
004b36f0	FUN_004b36f0	249	0	0
004b37f0	FUN_004b37f0	229	0	0
004b38e0	FUN_004b38e0	539	0	0
004b3b00	FUN_004b3b00	32	0	0
004b3b20	FUN_004b3b20	36	0	0
004b3b50	FUN_004b3b50	335	0	0
004b3ca0	FUN_004b3ca0	60	0	0
004b3ce0	FUN_004b3ce0	30	0	0
004b3d00	FUN_004b3d00	65	0	0
004b3d50	FUN_004b3d50	70	0	0
004b3da0	FUN_004b3da0	34	0	0
004b3dd0	FUN_004b3dd0	83	0	0
004b3e30	FUN_004b3e30	62	0	0
004b3e70	FUN_004b3e70	26	0	0
004b3e90	FUN_004b3e90	282	0	0
004b3fb0	FUN_004b3fb0	119	0	0
004b4070	FUN_004b4070	66	0	0
004b40c0	FUN_004b40c0	92	0	0
004b4120	FUN_004b4120	86	0	0
004b4180	FUN_004b4180	14	0	0
004b4190	FUN_004b4190	20	0	0
004b41e0	FUN_004b41e0	157	0	0
004b4280	FUN_004b4280	50	0	0
004b42c0	FUN_004b42c0	36	0	0
004b42f0	FUN_004b42f0	113	0	0
004b4370	FUN_004b4370	19	0	0
004b4390	FUN_004b4390	60	0	0
004b43d0	FUN_004b43d0	51	0	0
004b4410	FUN_004b4410	4	0	0
004b4420	FUN_004b4420	57	0	0
004b4460	FUN_004b4460	89	0	0
004b44e0	FUN_004b44e0	75	0	0
004b4590	FUN_004b4590	74	0	0
004b45e0	FUN_004b45e0	60	0	0
004b4620	FUN_004b4620	373	0	0
004b47a0	FUN_004b47a0	7	0	0
004b4810	FUN_004b4810	462	0	0
004b49e0	FUN_004b49e0	173	0	0
004b4a90	FUN_004b4a90	30	0	0
004b4ab0	FUN_004b4ab0	5	0	0
004b4ac0	FUN_004b4ac0	107	0	0
004b4b50	FUN_004b4b50	79	0	0
004b4ba0	FUN_004b4ba0	165	0	0
004b4c50	FUN_004b4c50	51	0	0
004b4c90	FUN_004b4c90	15	0	0
004b4e40	FUN_004b4e40	19	0	0
004b4e60	FUN_004b4e60	107	0	0
004b4ed0	FUN_004b4ed0	11	0	0
004b4ee0	FUN_004b4ee0	434	0	0
004b50a0	FUN_004b50a0	30	0	0
004b50c0	FUN_004b50c0	546	0	0
004b52f0	FUN_004b52f0	19	0	0
004b5310	FUN_004b5310	50	0	0
004b5350	FUN_004b5350	726	0	0
004b5630	FUN_004b5630	263	0	0
004b5740	FUN_004b5740	278	0	0
004b5860	FUN_004b5860	157	0	0
004b5900	FUN_004b5900	240	0	0
004b59f0	FUN_004b59f0	5579	0	0
004b6fc0	FUN_004b6fc0	56	0	0
004b7000	FUN_004b7000	30	0	0
004b7020	FUN_004b7020	141	0	0
004b70c0	FUN_004b70c0	330	0	0
004b7210	FUN_004b7210	60	0	0
004b7250	FUN_004b7250	57	0	0
004b7290	FUN_004b7290	41	0	0
004b72c0	FUN_004b72c0	120	0	0
004b7340	FUN_004b7340	2583	0	0
004b7d60	FUN_004b7d60	88	0	0
004b7dc0	FUN_004b7dc0	30	0	0
004b7de0	FUN_004b7de0	126	0	0
004b7e60	FUN_004b7e60	123	0	0
004b7ee0	FUN_004b7ee0	57	0	0
004b7f20	FUN_004b7f20	83	0	0
004b7f80	FUN_004b7f80	76	0	0
004b7fd0	FUN_004b7fd0	299	0	0
004b8100	FUN_004b8100	248	0	0
004b8200	FUN_004b8200	223	0	0
004b8450	FUN_004b8450	86	0	0
004b84b0	FUN_004b84b0	30	0	0
004b84d0	FUN_004b84d0	70	0	0
004b8520	FUN_004b8520	152	0	0
004b8650	FUN_004b8650	89	0	0
004b8760	FUN_004b8760	50	0	0
004b87a0	FUN_004b87a0	30	0	0
004b87c0	FUN_004b87c0	11	0	0
004b87f0	FUN_004b87f0	96	0	0
004b8a90	FUN_004b8a90	83	0	0
004b8b10	FUN_004b8b10	45	0	0
004b8b40	FUN_004b8b40	30	0	0
004b8b60	FUN_004b8b60	113	0	0
004b8be0	FUN_004b8be0	265	0	0
004b8cf0	FUN_004b8cf0	60	0	0
004b8d30	FUN_004b8d30	176	0	0
004b90e0	FUN_004b90e0	444	0	0
004b9330	FUN_004b9330	491	0	0
004b9540	FUN_004b9540	426	0	0
004b9710	FUN_004b9710	30	0	0
004b9730	thunk_FUN_004bfa20	5	1	0
004b9740	FUN_004b9740	30	0	0
004b9760	FUN_004b9760	237	0	0
004b9850	FUN_004b9850	120	0	0
004b98d0	FUN_004b98d0	44	0	0
004b9900	FUN_004b9900	1816	0	0
004ba070	FUN_004ba070	67	0	0
004ba0c0	FUN_004ba0c0	29	0	0
004ba0e0	FUN_004ba0e0	620	0	0
004ba350	FUN_004ba350	42	0	0
004ba380	FUN_004ba380	24	0	0
004ba3a0	FUN_004ba3a0	24	0	0
004ba3e0	FUN_004ba3e0	24	0	0
004ba410	FUN_004ba410	91	0	0
004ba470	FUN_004ba470	34	0	0
004ba4d0	FUN_004ba4d0	50	0	0
004ba510	FUN_004ba510	547	0	0
004ba740	FUN_004ba740	240	0	0
004ba830	FUN_004ba830	30	0	0
004ba850	FUN_004ba850	390	0	0
004ba9e0	FUN_004ba9e0	348	0	0
004bab40	FUN_004bab40	103	0	0
004babb0	FUN_004babb0	93	0	0
004bb0c0	FUN_004bb0c0	249	0	0
004bb1c0	FUN_004bb1c0	210	0	0
004bb2a0	FUN_004bb2a0	292	0	0
004bb3d0	FUN_004bb3d0	102	0	0
004bb440	FUN_004bb440	29	0	0
004bb460	FUN_004bb460	214	0	0
004bb540	FUN_004bb540	147	0	0
004bb710	FUN_004bb710	37	0	0
004bb790	FUN_004bb790	461	0	0
004bb960	FUN_004bb960	30	0	0
004bb980	FUN_004bb980	98	0	0
004bb9f0	FUN_004bb9f0	172	0	0
004bbac0	FUN_004bbac0	92	0	0
004bbca0	FUN_004bbca0	486	0	0
004bbe90	FUN_004bbe90	54	0	0
004bbed0	FUN_004bbed0	196	0	0
004bbfa0	FUN_004bbfa0	70	0	0
004bbff0	FUN_004bbff0	814	0	0
004bc320	FUN_004bc320	113	0	0
004bc3a0	FUN_004bc3a0	105	0	0
004bc410	FUN_004bc410	111	0	0
004bc480	FUN_004bc480	54	0	0
004bc4c0	FUN_004bc4c0	31	0	0
004bc4e0	FUN_004bc4e0	45	0	0
004bc510	FUN_004bc510	34	0	0
004bc540	FUN_004bc540	11	0	0
004bc550	FUN_004bc550	10	0	0
004bc560	FUN_004bc560	4	0	0
004bc570	FUN_004bc570	483	0	0
004bc760	FUN_004bc760	17	0	0
004bc780	FUN_004bc780	35	0	0
004bc7b0	FUN_004bc7b0	7	0	0
004bc7c0	FUN_004bc7c0	70	0	0
004bc810	FUN_004bc810	76	0	0
004bc860	FUN_004bc860	108	0	0
004bc8d0	FUN_004bc8d0	44	0	0
004bc900	FUN_004bc900	40	0	0
004bc930	FUN_004bc930	65	0	0
004bc980	FUN_004bc980	36	0	0
004bc9b0	FUN_004bc9b0	52	0	0
004bc9f0	FUN_004bc9f0	328	0	0
004bcb50	FUN_004bcb50	144	0	0
004bcbe0	FUN_004bcbe0	157	0	0
004bcc80	FUN_004bcc80	103	0	0
004bccf0	FUN_004bccf0	75	0	0
004bcd80	FUN_004bcd80	59	0	0
004bcdc0	FUN_004bcdc0	35	0	0
004bcdf0	FUN_004bcdf0	61	0	0
004bce30	FUN_004bce30	112	0	0
004bcea0	FUN_004bcea0	114	0	0
004bcf20	FUN_004bcf20	93	0	0
004bcf80	FUN_004bcf80	100	0	0
004bcff0	FUN_004bcff0	35	0	0
004bd020	FUN_004bd020	215	0	0
004bd110	FUN_004bd110	70	0	0
004bd160	FUN_004bd160	284	0	0
004bd280	FUN_004bd280	20	0	0
004bd2a0	FUN_004bd2a0	45	0	0
004bd2d0	FUN_004bd2d0	247	0	0
004bd3d0	FUN_004bd3d0	60	0	0
004bd410	FUN_004bd410	38	0	0
004bd440	FUN_004bd440	41	0	0
004bd470	FUN_004bd470	84	0	0
004bd4d0	FUN_004bd4d0	366	0	0
004bd660	FUN_004bd660	130	0	0
004bd6f0	FUN_004bd6f0	36	0	0
004bd720	FUN_004bd720	214	0	0
004bd800	FUN_004bd800	59	0	0
004bd840	FUN_004bd840	52	0	0
004bd880	FUN_004bd880	305	0	0
004bd9c0	FUN_004bd9c0	43	0	0
004bd9f0	FUN_004bd9f0	313	0	0
004bdb30	FUN_004bdb30	43	0	0
004bdb60	FUN_004bdb60	94	0	0
004bdc00	FUN_004bdc00	59	0	0
004bdc70	FUN_004bdc70	418	0	0
004bde20	FUN_004bde20	30	0	0
004bde40	FUN_004bde40	159	0	0
004bdee0	FUN_004bdee0	230	0	0
004be210	FUN_004be210	112	0	0
004be280	FUN_004be280	55	0	0
004be2c0	FUN_004be2c0	30	0	0
004be2e0	thunk_FUN_004bde40	5	1	0
004be2f0	FUN_004be2f0	1299	0	0
004be810	FUN_004be810	55	0	0
004be850	FUN_004be850	30	0	0
004be870	FUN_004be870	11	0	0
004be880	FUN_004be880	1186	0	0
004bed30	FUN_004bed30	27	0	0
004bed50	FUN_004bed50	55	0	0
004bed90	ScreenFX_AllocateRectSlot	99	0	0
004bee00	FUN_004bee00	20	0	0
004bee20	FUN_004bee20	31	0	0
004bee50	FUN_004bee50	10	0	0
004bee60	FUN_004bee60	14	0	0
004beee0	FUN_004beee0	35	0	0
004bef10	ScreenFX_QueueFlashRect	40	0	0
004bef40	FUN_004bef40	13	0	0
004bef50	FUN_004bef50	25	0	0
004bef70	FUN_004bef70	18	0	0
004bef90	FUN_004bef90	199	0	0
004bf060	FUN_004bf060	1238	0	0
004bf540	FUN_004bf540	30	0	0
004bf560	FUN_004bf560	207	0	0
004bf630	FUN_004bf630	393	0	0
004bf800	FUN_004bf800	23	0	0
004bf820	FUN_004bf820	23	0	0
004bf840	FUN_004bf840	111	0	0
004bf8b0	FUN_004bf8b0	66	0	0
004bf900	FUN_004bf900	117	0	0
004bf980	FUN_004bf980	123	0	0
004bfa00	FUN_004bfa00	30	0	0
004bfa20	FUN_004bfa20	33	0	0
004bfa50	FUN_004bfa50	28	0	0
004bfa90	FUN_004bfa90	78	0	0
004bfae0	FUN_004bfae0	143	0	0
004bfba0	FUN_004bfba0	169	0	0
004bfcb0	FUN_004bfcb0	30	0	0
004bfcd0	FUN_004bfcd0	97	0	0
004bfd40	FUN_004bfd40	214	0	0
004bfe20	FUN_004bfe20	23	0	0
004bfe90	FUN_004bfe90	36	0	0
004bffb0	FUN_004bffb0	38	0	0
004bffe0	FUN_004bffe0	39	0	0
004c0010	FUN_004c0010	22	0	0
004c0030	FUN_004c0030	21	0	0
004c0050	FUN_004c0050	21	0	0
004c0070	FUN_004c0070	16	0	0
004c0080	FUN_004c0080	18	0	0
004c00a0	FUN_004c00a0	29	0	0
004c00c0	FUN_004c00c0	24	0	0
004c00e0	FUN_004c00e0	19	0	0
004c0100	FUN_004c0100	127	0	0
004c0180	FUN_004c0180	39	0	0
004c01b0	FUN_004c01b0	169	0	0
004c0260	FUN_004c0260	18	0	0
004c0280	FUN_004c0280	231	0	0
004c0370	FUN_004c0370	130	0	0
004c0400	FUN_004c0400	540	0	0
004c0620	FUN_004c0620	8	0	0
004c0630	SaveGame_WriteNamedEntry	101	0	0
004c06a0	FUN_004c06a0	27	0	0
004c06c0	FUN_004c06c0	34	0	0
004c06f0	tmpfile	6	1	0
004c0700	SaveGame_FlushTempFileToEntry	128	0	0
004c0780	FUN_004c0780	57	0	0
004c07c0	FUN_004c07c0	9	0	0
004c07d0	FUN_004c07d0	908	0	0
004c0b60	FUN_004c0b60	14	0	0
004c0ba0	FUN_004c0ba0	33	0	0
004c0bd0	FUN_004c0bd0	263	0	0
004c0ce0	FUN_004c0ce0	62	0	0
004c0d20	FUN_004c0d20	296	0	0
004c0e50	FUN_004c0e50	277	0	0
004c0f70	FUN_004c0f70	172	0	0
004c1020	FUN_004c1020	103	0	0
004c1090	FUN_004c1090	194	0	0
004c1160	FUN_004c1160	237	0	0
004c1250	FUN_004c1250	358	0	0
004c13c0	FUN_004c13c0	312	0	0
004c1500	FUN_004c1500	238	0	0
004c15f0	FUN_004c15f0	113	0	0
004c1670	FUN_004c1670	78	0	0
004c16c0	FUN_004c16c0	69	0	0
004c1710	FUN_004c1710	97	0	0
004c1780	FUN_004c1780	233	0	0
004c1870	FUN_004c1870	71	0	0
004c18c0	FUN_004c18c0	123	0	0
004c1940	FUN_004c1940	31	0	0
004c1960	FUN_004c1960	45	0	0
004c1990	FUN_004c1990	36	0	0
004c19c0	FUN_004c19c0	62	0	0
004c1a00	FUN_004c1a00	27	0	0
004c1a20	FUN_004c1a20	23	0	0
004c1a40	FUN_004c1a40	102	0	0
004c1ab0	FUN_004c1ab0	106	0	0
004c1b20	FUN_004c1b20	4	0	0
004c1b30	FUN_004c1b30	27	0	0
004c1b50	FUN_004c1b50	250	0	0
004c1c50	FUN_004c1c50	989	0	0
004c2030	FUN_004c2030	81	0	0
004c20a0	FUN_004c20a0	13129	0	0
004c5480	FUN_004c5480	42	0	0
004c54b0	FUN_004c54b0	91	0	0
004c5510	FUN_004c5510	14	0	0
004c5520	FUN_004c5520	34	0	0
004c5550	FUN_004c5550	495	0	0
004c5740	FUN_004c5740	220	0	0
004c5820	FUN_004c5820	157	0	0
004c58c0	FUN_004c58c0	20	0	0
004c58e0	FUN_004c58e0	248	0	0
004c59e0	FUN_004c59e0	21	0	0
004c5a56	OnCancel	6	1	0
004c5a5c	OnOK	6	1	0
004c5a68	OnInitDialog	6	1	0
004c5a6e	DoModal	6	1	0
004c5aec	DestroyWindow	6	1	0
004c5b64	CDialog	6	1	0
004c5b6a	operator_delete	6	1	0
004c5b70	~CDialog	6	1	0
004c5b76	operator_new	6	1	0
004c5b7c	UpdateData	6	1	0
004c5b82	Default	6	1	0
004c5b88	~CString	6	1	0
004c5b8e	CString	6	1	0
004c5b94	GetBuffer	6	1	0
004c5b9a	operator=	6	1	0
004c5ba0	CString	6	1	0
004c5ba6	AfxRegisterWndClass	6	1	0
004c5bac	CWnd	6	1	0
004c5bb8	ShowWindow	6	1	0
004c5bbe	CreateEx	6	1	0
004c5bc4	Empty	6	1	0
004c5bca	Format	6	1	0
004c5c5a	~CComboBox	6	1	0
004c5c60	~CListBox	6	1	0
004c5c66	~CButton	6	1	0
004c5c6c	~CEdit	6	1	0
004c5c72	DDV_MaxChars	6	1	0
004c5c78	DDX_Text	6	1	0
004c5c7e	DDX_Control	6	1	0
004c5c84	SetWindowTextA	6	1	0
004c5c8a	EnableWindow	6	1	0
004c5c90	GetText	6	1	0
004c5c96	OnDestroy	6	1	0
004c5c9c	SetFocus	6	1	0
004c5ca2	MessageBoxA	6	1	0
004c5ca8	TrimRight	6	1	0
004c5cae	TrimLeft	6	1	0
004c5cb4	DDX_Check	6	1	0
004c5cba	SetDlgItemTextA	6	1	0
004c5cc6	~CSpinButtonCtrl	6	1	0
004c5ccc	DDV_MinMaxUInt	6	1	0
004c5cd2	DDX_Text	6	1	0
004c5cd8	Right	6	1	0
004c5d44	AfxRegisterClass	6	1	0
004c5d4a	AfxFindResourceHandle	6	1	0
004c5d50	AfxGetModuleState	6	1	0
004c5d56	ExitInstance	6	1	0
004c5d5c	FromHandle	6	1	0
004c5dfe	CenterWindow	6	1	0
004c5e04	FromHandle	6	1	0
004c5e0a	Attach	6	1	0
004c5e16	DestroyMenu	6	1	0
004c5e1c	SendDlgItemMessageA	6	1	0
004c5e22	AfxEnableControlContainer	6	1	0
004c5e28	Create	6	1	0
004c5e2e	DDX_Text	6	1	0
004c5e34	GetWindowTextA	6	1	0
004c5e3a	GetWindowTextA	6	1	0
004c5e40	operator=	6	1	0
004c5e46	Mid	6	1	0
004c5e4c	CString	6	1	0
004c5e58	~CWinApp	6	1	0
004c5e5e	Enable3dControls	6	1	0
004c5e64	CWinApp	6	1	0
004c5e70	CFrameWnd	6	1	0
004c5e7c	~CFrameWnd	6	1	0
004c5e82	DeleteObject	6	1	0
004c5e8e	~CPaintDC	6	1	0
004c5e94	CPaintDC	6	1	0
004c5eac	OnDestroy	6	1	0
004c5ec0	FUN_004c5ec0	115	0	0
004c5f39	FUN_004c5f39	23	0	0
004c5f70	FUN_004c5f70	90	0	0
004c6000	FUN_004c6000	111	0	0
004c6078	FUN_004c6078	20	0	0
004c60a6	ftol	6	1	0
004c60b0	FUN_004c60b0	48	0	0
004c60e0	FUN_004c60e0	21	0	0
004c6100	FUN_004c6100	47	0	0
004c6130	_CIasin	6	1	0
004c6140	entry	396	0	0
004c6300	FUN_004c6300	30	0	0
004c6320	_CIacos	6	1	0
004c6332	__dllonexit	6	1	0
004c633e	initterm	6	1	0
004c6350	FUN_004c6350	19	0	0
004c6370	~type_info	6	1	0
004c6376	_controlfp	6	1	0
004c6390	AVIFileInit	6	1	0
004c6396	AVIFileExit	6	1	0
004c639c	ICClose	6	1	0
004c63a2	ICSendMessage	6	1	0
004c63a8	AVIStreamRelease	6	1	0
004c63ae	ICLocate	6	1	0
004c63b4	AVIStreamInfoA	6	1	0
004c63ba	AVIStreamLength	6	1	0
004c63c0	AVIStreamReadFormat	6	1	0
004c63c6	AVIStreamOpenFromFileA	6	1	0
004c63cc	AVIStreamRead	6	1	0
004c63d2	ICDecompress	6	1	0
004c63d8	DirectSoundCreate	6	1	0
004c63de	DirectDrawCreate	6	1	0
004c63e4	DirectDrawEnumerateA	6	1	0
004c63ea	DirectPlayLobbyCreateA	6	1	0
004c7498	DirectInputCreateA	6	1	0
004c7f00	FUN_004c7f00	193	0	0
004c7fd0	FUN_004c7fd0	147	0	0
004c8070	FUN_004c8070	325	0	0
004c81c0	FUN_004c81c0	24	0	0
004c81d8	FUN_004c81d8	41	0	0
004c8224	AfxWinMain	6	1	0
004c8230	Unwind@004c8230	8	0	0
004c8238	Unwind@004c8238	14	0	0
004c8246	Unwind@004c8246	14	0	0
004c8254	Unwind@004c8254	14	0	0
004c8262	Unwind@004c8262	14	0	0
004c8270	Unwind@004c8270	14	0	0
004c827e	Unwind@004c827e	8	0	0
004c8286	Unwind@004c8286	14	0	0
004c8294	Unwind@004c8294	14	0	0
004c82a2	Unwind@004c82a2	14	0	0
004c82b0	Unwind@004c82b0	24	0	0
004c82e0	Unwind@004c82e0	8	0	0
004c8300	Unwind@004c8300	8	0	0
004c8320	Unwind@004c8320	8	0	0
004c8328	Unwind@004c8328	14	0	0
004c8336	Unwind@004c8336	14	0	0
004c8344	Unwind@004c8344	14	0	0
004c8352	Unwind@004c8352	14	0	0
004c8360	Unwind@004c8360	14	0	0
004c836e	Unwind@004c836e	14	0	0
004c837c	Unwind@004c837c	14	0	0
004c838a	Unwind@004c838a	14	0	0
004c8398	Unwind@004c8398	24	0	0
004c83b0	Unwind@004c83b0	8	0	0
004c83d0	Unwind@004c83d0	11	0	0
004c83f0	Unwind@004c83f0	11	0	0
004c8410	Unwind@004c8410	11	0	0
004c8430	Unwind@004c8430	11	0	0
004c8450	Unwind@004c8450	8	0	0
004c8458	Unwind@004c8458	14	0	0
004c8466	Unwind@004c8466	8	0	0
004c846e	Unwind@004c846e	14	0	0
004c8490	Unwind@004c8490	8	0	0
004c8498	Unwind@004c8498	14	0	0
004c84b0	Unwind@004c84b0	8	0	0
004c84d0	Unwind@004c84d0	11	0	0
004c84f0	Unwind@004c84f0	8	0	0
004c8510	Unwind@004c8510	8	0	0
004c8518	Unwind@004c8518	14	0	0
004c8526	Unwind@004c8526	14	0	0
004c8534	Unwind@004c8534	14	0	0
004c8542	Unwind@004c8542	14	0	0
004c8550	Unwind@004c8550	14	0	0
004c855e	Unwind@004c855e	14	0	0
004c856c	Unwind@004c856c	14	0	0
004c8590	Unwind@004c8590	8	0	0
004c8598	Unwind@004c8598	14	0	0
004c85a6	Unwind@004c85a6	14	0	0
004c85b4	Unwind@004c85b4	14	0	0
004c85c2	Unwind@004c85c2	14	0	0
004c85d0	Unwind@004c85d0	14	0	0
004c85de	Unwind@004c85de	14	0	0
004c8600	Unwind@004c8600	8	0	0
004c8620	Unwind@004c8620	11	0	0
004c8640	Unwind@004c8640	8	0	0
004c8648	Unwind@004c8648	14	0	0
004c8656	Unwind@004c8656	14	0	0
004c8664	Unwind@004c8664	14	0	0
004c8680	Unwind@004c8680	8	0	0
004c86a0	Unwind@004c86a0	8	0	0
004c86a8	Unwind@004c86a8	14	0	0
004c86b6	Unwind@004c86b6	14	0	0
004c86c4	Unwind@004c86c4	8	0	0
004c86e0	Unwind@004c86e0	11	0	0
004c86eb	Unwind@004c86eb	11	0	0
004c8700	Unwind@004c8700	8	0	0
004c8720	Unwind@004c8720	11	0	0
004c8740	Unwind@004c8740	8	0	0
004c8748	Unwind@004c8748	14	0	0
004c8756	Unwind@004c8756	14	0	0
004c8764	Unwind@004c8764	14	0	0
004c8772	Unwind@004c8772	14	0	0
004c8780	Unwind@004c8780	14	0	0
004c878e	Unwind@004c878e	14	0	0
004c879c	Unwind@004c879c	14	0	0
004c87aa	Unwind@004c87aa	14	0	0
004c87b8	Unwind@004c87b8	14	0	0
004c87c6	Unwind@004c87c6	14	0	0
004c87d4	Unwind@004c87d4	14	0	0
004c87e2	Unwind@004c87e2	14	0	0
004c87f0	Unwind@004c87f0	14	0	0
004c87fe	Unwind@004c87fe	14	0	0
004c8820	Unwind@004c8820	8	0	0
004c8828	Unwind@004c8828	14	0	0
004c8836	Unwind@004c8836	14	0	0
004c8850	Unwind@004c8850	8	0	0
004c8858	Unwind@004c8858	14	0	0
004c8866	Unwind@004c8866	14	0	0
004c8880	Unwind@004c8880	8	0	0
004c8888	Unwind@004c8888	14	0	0
004c8896	Unwind@004c8896	14	0	0
004c88b0	Unwind@004c88b0	8	0	0
004c88b8	Unwind@004c88b8	14	0	0
004c88c6	Unwind@004c88c6	14	0	0
004c88e0	Unwind@004c88e0	8	0	0
004c88e8	Unwind@004c88e8	14	0	0
004c88f6	Unwind@004c88f6	14	0	0
004c8910	Unwind@004c8910	8	0	0
004c8918	Unwind@004c8918	14	0	0
004c8926	Unwind@004c8926	14	0	0
004c8934	Unwind@004c8934	14	0	0
004c8942	Unwind@004c8942	14	0	0
004c8950	Unwind@004c8950	14	0	0
004c895e	Unwind@004c895e	14	0	0
004c896c	Unwind@004c896c	14	0	0
004c897a	Unwind@004c897a	14	0	0
004c8988	Unwind@004c8988	14	0	0
004c8996	Unwind@004c8996	14	0	0
004c89a4	Unwind@004c89a4	14	0	0
004c89b2	Unwind@004c89b2	14	0	0
004c89c0	Unwind@004c89c0	14	0	0
004c89ce	Unwind@004c89ce	8	0	0
004c89d6	Unwind@004c89d6	14	0	0
004c89e4	Unwind@004c89e4	14	0	0
004c89f2	Unwind@004c89f2	8	0	0
004c89fa	Unwind@004c89fa	14	0	0
004c8a08	Unwind@004c8a08	14	0	0
004c8a16	Unwind@004c8a16	8	0	0
004c8a1e	Unwind@004c8a1e	14	0	0
004c8a2c	Unwind@004c8a2c	14	0	0
004c8a3a	Unwind@004c8a3a	8	0	0
004c8a42	Unwind@004c8a42	14	0	0
004c8a50	Unwind@004c8a50	14	0	0
004c8a5e	Unwind@004c8a5e	8	0	0
004c8a66	Unwind@004c8a66	14	0	0
004c8a74	Unwind@004c8a74	14	0	0
004c8a90	Unwind@004c8a90	8	0	0
004c8ab0	Unwind@004c8ab0	11	0	0
004c8ad0	Unwind@004c8ad0	11	0	0
004c8af0	Unwind@004c8af0	8	0	0
004c8af8	Unwind@004c8af8	14	0	0
004c8b06	Unwind@004c8b06	14	0	0
004c8b20	Unwind@004c8b20	8	0	0
004c8b28	Unwind@004c8b28	14	0	0
004c8b36	Unwind@004c8b36	14	0	0
004c8b44	Unwind@004c8b44	14	0	0
004c8b52	Unwind@004c8b52	14	0	0
004c8b60	Unwind@004c8b60	14	0	0
004c8b6e	Unwind@004c8b6e	14	0	0
004c8b7c	Unwind@004c8b7c	14	0	0
004c8b8a	Unwind@004c8b8a	14	0	0
004c8b98	Unwind@004c8b98	14	0	0
004c8ba6	Unwind@004c8ba6	14	0	0
004c8bb4	Unwind@004c8bb4	14	0	0
004c8bc2	Unwind@004c8bc2	14	0	0
004c8bd0	Unwind@004c8bd0	14	0	0
004c8bf0	Unwind@004c8bf0	8	0	0
004c8bf8	Unwind@004c8bf8	14	0	0
004c8c06	Unwind@004c8c06	14	0	0
004c8c14	Unwind@004c8c14	14	0	0
004c8c22	Unwind@004c8c22	14	0	0
004c8c30	Unwind@004c8c30	14	0	0
004c8c3e	Unwind@004c8c3e	14	0	0
004c8c4c	Unwind@004c8c4c	14	0	0
004c8c5a	Unwind@004c8c5a	14	0	0
004c8c68	Unwind@004c8c68	14	0	0
004c8c76	Unwind@004c8c76	14	0	0
004c8c84	Unwind@004c8c84	14	0	0
004c8c92	Unwind@004c8c92	14	0	0
004c8cb0	Unwind@004c8cb0	8	0	0
004c8cd0	Unwind@004c8cd0	11	0	0
004c8cf0	Unwind@004c8cf0	8	0	0
004c8d10	Unwind@004c8d10	8	0	0
004c8d18	Unwind@004c8d18	14	0	0
004c8d26	Unwind@004c8d26	14	0	0
004c8d34	Unwind@004c8d34	8	0	0
004c8d50	Unwind@004c8d50	8	0	0
004c8d70	Unwind@004c8d70	8	0	0
004c8d78	Unwind@004c8d78	11	0	0
004c8d83	Unwind@004c8d83	14	0	0
004c8d91	Unwind@004c8d91	14	0	0
004c8d9f	Unwind@004c8d9f	14	0	0
004c8dad	Unwind@004c8dad	14	0	0
004c8dbb	Unwind@004c8dbb	14	0	0
004c8dc9	Unwind@004c8dc9	14	0	0
004c8dd7	Unwind@004c8dd7	11	0	0
004c8de2	Unwind@004c8de2	11	0	0
004c8ded	Unwind@004c8ded	14	0	0
004c8dfb	Unwind@004c8dfb	14	0	0
004c8e09	Unwind@004c8e09	14	0	0
004c8e17	Unwind@004c8e17	8	0	0
004c8e30	Unwind@004c8e30	8	0	0
004c8e38	Unwind@004c8e38	14	0	0
004c8e50	Unwind@004c8e50	8	0	0
004c8e70	Unwind@004c8e70	11	0	0
004c8e7b	Unwind@004c8e7b	14	0	0
004c8e89	Unwind@004c8e89	14	0	0
004c8e97	Unwind@004c8e97	14	0	0
004c8eb0	Unwind@004c8eb0	11	0	0
004c8ed0	Unwind@004c8ed0	8	0	0
004c8ed8	Unwind@004c8ed8	11	0	0
004c8ef0	Unwind@004c8ef0	8	0	0
004c8ef8	Unwind@004c8ef8	11	0	0
004c8f03	Unwind@004c8f03	14	0	0
004c8f11	Unwind@004c8f11	14	0	0
004c8f1f	Unwind@004c8f1f	11	0	0
004c8f2a	Unwind@004c8f2a	14	0	0
004c8f38	Unwind@004c8f38	14	0	0
004c8f46	Unwind@004c8f46	14	0	0
004c8f54	Unwind@004c8f54	14	0	0
004c8f62	Unwind@004c8f62	11	0	0
004c8f6d	Unwind@004c8f6d	14	0	0
004c8f7b	Unwind@004c8f7b	14	0	0
004c8f89	Unwind@004c8f89	14	0	0
004c8f97	Unwind@004c8f97	14	0	0
004c8fa5	Unwind@004c8fa5	14	0	0
004c8fc0	Unwind@004c8fc0	8	0	0
004c8fc8	Unwind@004c8fc8	14	0	0
004c8fe0	Unwind@004c8fe0	8	0	0
004c8fe8	Unwind@004c8fe8	11	0	0
004c9000	Unwind@004c9000	8	0	0
004c9008	Unwind@004c9008	8	0	0
004c9020	Unwind@004c9020	8	0	0
004c9028	Unwind@004c9028	11	0	0
004c9033	Unwind@004c9033	11	0	0
004c903e	Unwind@004c903e	8	0	0
004c9046	Unwind@004c9046	11	0	0
004c9051	Unwind@004c9051	8	0	0
004c9070	Unwind@004c9070	8	0	0
004c9078	Unwind@004c9078	11	0	0
004c9090	Unwind@004c9090	8	0	0
004c9098	Unwind@004c9098	8	0	0
004c90b0	Unwind@004c90b0	8	0	0
004c90b8	Unwind@004c90b8	8	0	0
004c90d0	Unwind@004c90d0	8	0	0
004c90d8	Unwind@004c90d8	25	0	0
004c9100	Unwind@004c9100	11	0	0
004c910b	Unwind@004c910b	11	0	0
004c9116	Unwind@004c9116	8	0	0
004c911e	Unwind@004c911e	25	0	0
004c9137	Unwind@004c9137	11	0	0
004c9142	Unwind@004c9142	11	0	0
004c914d	Unwind@004c914d	8	0	0
004c9155	Unwind@004c9155	14	0	0
004c9163	Unwind@004c9163	11	0	0
004c916e	Unwind@004c916e	11	0	0
004c9179	Unwind@004c9179	11	0	0
004c9184	Unwind@004c9184	8	0	0
004c918c	Unwind@004c918c	11	0	0
004c9197	Unwind@004c9197	11	0	0
004c91a2	Unwind@004c91a2	8	0	0
004c91aa	Unwind@004c91aa	11	0	0
004c91b5	Unwind@004c91b5	8	0	0
004c91bd	Unwind@004c91bd	11	0	0
004c91c8	Unwind@004c91c8	8	0	0
004c91d0	Unwind@004c91d0	11	0	0
004c91db	Unwind@004c91db	11	0	0
004c91f0	Unwind@004c91f0	8	0	0
004c9210	Unwind@004c9210	8	0	0
004c9230	Unwind@004c9230	8	0	0
004c9250	Unwind@004c9250	11	0	0
004c9270	Unwind@004c9270	8	0	0
004c9290	Unwind@004c9290	8	0	0
004c92b0	Unwind@004c92b0	8	0	0
004c92b8	Unwind@004c92b8	11	0	0
004c92d0	Unwind@004c92d0	8	0	0
004c92d8	Unwind@004c92d8	11	0	0
004c92e3	Unwind@004c92e3	8	0	0
004c92eb	Unwind@004c92eb	14	0	0
004c92f9	Unwind@004c92f9	14	0	0
004c9307	Unwind@004c9307	14	0	0
004c9320	Unwind@004c9320	8	0	0
004c9328	Unwind@004c9328	14	0	0
004c9336	Unwind@004c9336	14	0	0
004c9344	Unwind@004c9344	14	0	0
004c9352	Unwind@004c9352	14	0	0
004c9360	Unwind@004c9360	14	0	0
004c936e	Unwind@004c936e	14	0	0
004c937c	Unwind@004c937c	14	0	0
004c938a	Unwind@004c938a	14	0	0
004c93b0	Unwind@004c93b0	8	0	0
004c93b8	Unwind@004c93b8	14	0	0
004c93c6	Unwind@004c93c6	14	0	0
004c93d4	Unwind@004c93d4	14	0	0
004c93e2	Unwind@004c93e2	14	0	0
004c93f0	Unwind@004c93f0	14	0	0
004c93fe	Unwind@004c93fe	14	0	0
004c940c	Unwind@004c940c	14	0	0
004c9430	Unwind@004c9430	8	0	0
004c9450	Unwind@004c9450	8	0	0
004c9458	Unwind@004c9458	11	0	0
004c9470	Unwind@004c9470	8	0	0
004c9478	Unwind@004c9478	14	0	0
004c9486	Unwind@004c9486	14	0	0
004c94a0	Unwind@004c94a0	8	0	0
004c94a8	Unwind@004c94a8	14	0	0
004c94c0	Unwind@004c94c0	8	0	0
004c94e0	Unwind@004c94e0	11	0	0
004c9500	Unwind@004c9500	11	0	0
004c9520	Unwind@004c9520	8	0	0
004c9528	Unwind@004c9528	14	0	0
004c9536	Unwind@004c9536	14	0	0
004c9544	Unwind@004c9544	14	0	0
004c9560	Unwind@004c9560	8	0	0
004c9580	Unwind@004c9580	11	0	0
004c958b	Unwind@004c958b	11	0	0
004c95a0	Unwind@004c95a0	8	0	0
004c95c0	Unwind@004c95c0	8	0	0
004c95c8	Unwind@004c95c8	14	0	0
004c95d6	Unwind@004c95d6	14	0	0
004c95f0	Unwind@004c95f0	11	0	0
004c95fb	Unwind@004c95fb	8	0	0
004c9603	Unwind@004c9603	14	0	0
004c9620	Unwind@004c9620	8	0	0
004c9628	Unwind@004c9628	14	0	0
004c9640	Unwind@004c9640	8	0	0
004c9648	Unwind@004c9648	14	0	0
004c9656	Unwind@004c9656	14	0	0
004c9664	Unwind@004c9664	14	0	0
004c9672	Unwind@004c9672	14	0	0
004c9680	Unwind@004c9680	14	0	0
004c968e	Unwind@004c968e	14	0	0
004c969c	Unwind@004c969c	14	0	0
004c96aa	Unwind@004c96aa	14	0	0
004c96b8	Unwind@004c96b8	14	0	0
004c96c6	Unwind@004c96c6	14	0	0
004c96d4	Unwind@004c96d4	14	0	0
004c96e2	Unwind@004c96e2	14	0	0
004c96f0	Unwind@004c96f0	14	0	0
004c96fe	Unwind@004c96fe	14	0	0
004c970c	Unwind@004c970c	14	0	0
004c971a	Unwind@004c971a	14	0	0
004c9728	Unwind@004c9728	14	0	0
004c9736	Unwind@004c9736	14	0	0
004c9744	Unwind@004c9744	14	0	0
004c9760	Unwind@004c9760	8	0	0
004c9780	Unwind@004c9780	8	0	0
004c97a0	Unwind@004c97a0	8	0	0
004c97a8	Unwind@004c97a8	14	0	0
004c97b6	Unwind@004c97b6	14	0	0
004c97c4	Unwind@004c97c4	14	0	0
004c97d2	Unwind@004c97d2	14	0	0
004c97e0	Unwind@004c97e0	14	0	0
004c97ee	Unwind@004c97ee	14	0	0
004c97fc	Unwind@004c97fc	14	0	0
004c980a	Unwind@004c980a	14	0	0
004c9818	Unwind@004c9818	14	0	0
004c9826	Unwind@004c9826	14	0	0
004c9834	Unwind@004c9834	14	0	0
004c9842	Unwind@004c9842	14	0	0
004c9850	Unwind@004c9850	14	0	0
004c985e	Unwind@004c985e	14	0	0
004c986c	Unwind@004c986c	14	0	0
004c987a	Unwind@004c987a	14	0	0
004c9888	Unwind@004c9888	14	0	0
004c9896	Unwind@004c9896	14	0	0
004c98b0	Unwind@004c98b0	8	0	0
004c98d0	Unwind@004c98d0	11	0	0
004c98f0	Unwind@004c98f0	8	0	0
004c98f8	Unwind@004c98f8	11	0	0
004c9903	Unwind@004c9903	14	0	0
004c9911	Unwind@004c9911	14	0	0
004c991f	Unwind@004c991f	14	0	0
004c992d	Unwind@004c992d	14	0	0
004c993b	Unwind@004c993b	14	0	0
004c9960	Unwind@004c9960	8	0	0
004c9968	Unwind@004c9968	11	0	0
004c9973	Unwind@004c9973	14	0	0
004c9981	Unwind@004c9981	14	0	0
004c998f	Unwind@004c998f	14	0	0
004c999d	Unwind@004c999d	14	0	0
004c99c0	Unwind@004c99c0	11	0	0
004c99e0	Unwind@004c99e0	8	0	0
004c99e8	Unwind@004c99e8	14	0	0
004c99f6	Unwind@004c99f6	14	0	0
004c9a10	Unwind@004c9a10	8	0	0
004c9a18	Unwind@004c9a18	14	0	0
004c9a30	Unwind@004c9a30	11	0	0
004c9a50	Unwind@004c9a50	8	0	0
004c9a58	Unwind@004c9a58	8	0	0
004c9a70	Unwind@004c9a70	8	0	0
004c9a78	Unwind@004c9a78	14	0	0
004c9a86	Unwind@004c9a86	14	0	0
004c9a94	Unwind@004c9a94	14	0	0
004c9aa2	Unwind@004c9aa2	14	0	0
004c9ac0	Unwind@004c9ac0	8	0	0
004c9ac8	Unwind@004c9ac8	14	0	0
004c9ad6	Unwind@004c9ad6	14	0	0
004c9ae4	Unwind@004c9ae4	14	0	0
004c9b00	Unwind@004c9b00	11	0	0
004c9b20	Unwind@004c9b20	8	0	0
004c9b40	Unwind@004c9b40	8	0	0
004c9b48	Unwind@004c9b48	11	0	0
004c9b53	Unwind@004c9b53	14	0	0
004c9b61	Unwind@004c9b61	14	0	0
004c9b6f	Unwind@004c9b6f	14	0	0
004c9b7d	Unwind@004c9b7d	14	0	0
004c9ba0	Unwind@004c9ba0	8	0	0
004c9ba8	Unwind@004c9ba8	11	0	0
004c9bb3	Unwind@004c9bb3	14	0	0
004c9bc1	Unwind@004c9bc1	14	0	0
004c9bcf	Unwind@004c9bcf	14	0	0
004c9bf0	Unwind@004c9bf0	11	0	0
004c9c10	Unwind@004c9c10	8	0	0
004c9c30	Unwind@004c9c30	11	0	0
004c9c50	Unwind@004c9c50	8	0	0
004c9c58	Unwind@004c9c58	8	0	0
004c9c70	Unwind@004c9c70	11	0	0
004c9c90	Unwind@004c9c90	8	0	0
004c9c98	Unwind@004c9c98	11	0	0
004c9cb0	Unwind@004c9cb0	11	0	0
004c9cbb	Unwind@004c9cbb	8	0	0
004c9cc3	Unwind@004c9cc3	11	0	0
004c9ce0	Unwind@004c9ce0	8	0	0
004c9ce8	Unwind@004c9ce8	8	0	0
004c9d00	Unwind@004c9d00	8	0	0
004c9d08	Unwind@004c9d08	8	0	0
004c9d20	Unwind@004c9d20	8	0	0
004c9d28	Unwind@004c9d28	14	0	0
004c9d36	Unwind@004c9d36	14	0	0
004c9d44	Unwind@004c9d44	14	0	0
004c9d52	Unwind@004c9d52	14	0	0
004c9d60	Unwind@004c9d60	8	0	0
004c9d68	Unwind@004c9d68	8	0	0
004c9d70	Unwind@004c9d70	8	0	0
004c9d90	Unwind@004c9d90	8	0	0
004c9db0	Unwind@004c9db0	8	0	0
004c9dd0	Unwind@004c9dd0	8	0	0
004c9dd8	Unwind@004c9dd8	14	0	0
004c9de6	Unwind@004c9de6	8	0	0
004c9dee	Unwind@004c9dee	14	0	0
004c9dfc	Unwind@004c9dfc	14	0	0
004c9e0a	Unwind@004c9e0a	14	0	0
004c9e18	Unwind@004c9e18	14	0	0
004c9e30	Unwind@004c9e30	8	0	0
004c9e50	Unwind@004c9e50	10	0	0
004c9e70	Unwind@004c9e70	8	0	0
004c9e90	Unwind@004c9e90	8	0	0
004c9eb0	Unwind@004c9eb0	8	0	0
004c9eb8	Unwind@004c9eb8	8	0	0
004c9ed0	Unwind@004c9ed0	8	0	0
004c9ef0	Unwind@004c9ef0	10	0	0
004c9f10	Unwind@004c9f10	8	0	0
004c9f18	Unwind@004c9f18	14	0	0
004c9f26	Unwind@004c9f26	8	0	0
004c9f2e	Unwind@004c9f2e	8	0	0
004c9f36	Unwind@004c9f36	8	0	0
004c9f50	Unwind@004c9f50	8	0	0
004c9f58	Unwind@004c9f58	8	0	0
004c9f70	Unwind@004c9f70	8	0	0
004c9f90	Unwind@004c9f90	11	0	0
004c9f9b	Unwind@004c9f9b	11	0	0
004c9fa6	Unwind@004c9fa6	11	0	0
004c9fb1	Unwind@004c9fb1	11	0	0
004c9fbc	Unwind@004c9fbc	11	0	0
004c9fc7	Unwind@004c9fc7	11	0	0
004c9fd2	Unwind@004c9fd2	8	0	0
004c9fda	Unwind@004c9fda	11	0	0
004c9fe5	Unwind@004c9fe5	11	0	0
004c9ff0	Unwind@004c9ff0	11	0	0
004c9ffb	Unwind@004c9ffb	11	0	0
004ca006	Unwind@004ca006	11	0	0
004ca011	Unwind@004ca011	11	0	0
004ca01c	Unwind@004ca01c	11	0	0
004ca027	Unwind@004ca027	11	0	0
004ca032	Unwind@004ca032	11	0	0
004ca03d	Unwind@004ca03d	11	0	0
004ca048	Unwind@004ca048	8	0	0
004ca050	Unwind@004ca050	11	0	0
004ca05b	Unwind@004ca05b	11	0	0
004ca066	Unwind@004ca066	11	0	0
004ca071	Unwind@004ca071	11	0	0
004ca07c	Unwind@004ca07c	11	0	0
004ca087	Unwind@004ca087	11	0	0
004ca092	Unwind@004ca092	11	0	0
004ca09d	Unwind@004ca09d	11	0	0
004ca0a8	Unwind@004ca0a8	11	0	0
004ca0b3	Unwind@004ca0b3	11	0	0
004ca0be	Unwind@004ca0be	8	0	0
004ca0c6	Unwind@004ca0c6	11	0	0
004ca0d1	Unwind@004ca0d1	11	0	0
004ca0dc	Unwind@004ca0dc	11	0	0
004ca0e7	Unwind@004ca0e7	11	0	0
004ca0f2	Unwind@004ca0f2	11	0	0
004ca0fd	Unwind@004ca0fd	11	0	0
004ca120	Unwind@004ca120	8	0	0
004ca140	Unwind@004ca140	11	0	0
004ca160	Unwind@004ca160	8	0	0
004ca168	Unwind@004ca168	14	0	0
004ca176	Unwind@004ca176	14	0	0
004ca184	Unwind@004ca184	14	0	0
004ca192	Unwind@004ca192	14	0	0
004ca1a0	Unwind@004ca1a0	8	0	0
004ca1a8	Unwind@004ca1a8	14	0	0
004ca1b6	Unwind@004ca1b6	8	0	0
004ca1be	Unwind@004ca1be	14	0	0
004ca1e0	Unwind@004ca1e0	8	0	0
004ca1e8	Unwind@004ca1e8	14	0	0
004ca1f6	Unwind@004ca1f6	14	0	0
004ca204	Unwind@004ca204	14	0	0
004ca212	Unwind@004ca212	14	0	0
004ca220	Unwind@004ca220	14	0	0
004ca240	Unwind@004ca240	8	0	0
004ca248	Unwind@004ca248	8	0	0
004ca250	Unwind@004ca250	14	0	0
004ca25e	Unwind@004ca25e	14	0	0
004ca26c	Unwind@004ca26c	14	0	0
004ca27a	Unwind@004ca27a	14	0	0
004ca288	Unwind@004ca288	14	0	0
004ca2a0	Unwind@004ca2a0	8	0	0
004ca2a8	Unwind@004ca2a8	14	0	0
004ca2b6	Unwind@004ca2b6	14	0	0
004ca2c4	Unwind@004ca2c4	14	0	0
004ca2d2	Unwind@004ca2d2	14	0	0
004ca2e0	Unwind@004ca2e0	8	0	0
004ca2e8	Unwind@004ca2e8	14	0	0
004ca2f6	Unwind@004ca2f6	8	0	0
004ca2fe	Unwind@004ca2fe	14	0	0
004ca320	Unwind@004ca320	8	0	0
004ca328	Unwind@004ca328	8	0	0
004ca330	Unwind@004ca330	14	0	0
004ca33e	Unwind@004ca33e	14	0	0
004ca34c	Unwind@004ca34c	14	0	0
004ca35a	Unwind@004ca35a	14	0	0
004ca368	Unwind@004ca368	14	0	0
004ca380	Unwind@004ca380	8	0	0
004ca3a0	Unwind@004ca3a0	8	0	0
004ca3a8	Unwind@004ca3a8	11	0	0
004ca3b3	Unwind@004ca3b3	11	0	0
004ca3d0	Unwind@004ca3d0	11	0	0
004ca3f0	Unwind@004ca3f0	11	0	0
004ca410	Unwind@004ca410	11	0	0
004ca430	Unwind@004ca430	8	0	0
004ca450	Unwind@004ca450	11	0	0
004ca45b	Unwind@004ca45b	11	0	0
004ca470	Unwind@004ca470	8	0	0
004ca478	Unwind@004ca478	11	0	0
004ca483	Unwind@004ca483	14	0	0
004ca491	Unwind@004ca491	14	0	0
004ca49f	Unwind@004ca49f	14	0	0
004ca4ad	Unwind@004ca4ad	14	0	0
004ca4bb	Unwind@004ca4bb	14	0	0
004ca4c9	Unwind@004ca4c9	14	0	0
004ca4d7	Unwind@004ca4d7	14	0	0
004ca4e5	Unwind@004ca4e5	14	0	0
004ca4f3	Unwind@004ca4f3	14	0	0
004ca501	Unwind@004ca501	14	0	0
004ca50f	Unwind@004ca50f	14	0	0
004ca51d	Unwind@004ca51d	14	0	0
004ca52b	Unwind@004ca52b	14	0	0
004ca539	Unwind@004ca539	14	0	0
004ca547	Unwind@004ca547	14	0	0
004ca555	Unwind@004ca555	14	0	0
004ca563	Unwind@004ca563	14	0	0
004ca571	Unwind@004ca571	14	0	0
004ca590	Unwind@004ca590	8	0	0
004ca598	Unwind@004ca598	11	0	0
004ca5a3	Unwind@004ca5a3	14	0	0
004ca5b1	Unwind@004ca5b1	14	0	0
004ca5bf	Unwind@004ca5bf	14	0	0
004ca5cd	Unwind@004ca5cd	14	0	0
004ca5db	Unwind@004ca5db	14	0	0
004ca5e9	Unwind@004ca5e9	14	0	0
004ca5f7	Unwind@004ca5f7	14	0	0
004ca605	Unwind@004ca605	14	0	0
004ca613	Unwind@004ca613	14	0	0
004ca621	Unwind@004ca621	14	0	0
004ca62f	Unwind@004ca62f	14	0	0
004ca63d	Unwind@004ca63d	14	0	0
004ca64b	Unwind@004ca64b	14	0	0
004ca659	Unwind@004ca659	14	0	0
004ca667	Unwind@004ca667	14	0	0
004ca675	Unwind@004ca675	14	0	0
004ca683	Unwind@004ca683	14	0	0
004ca691	Unwind@004ca691	14	0	0
004ca6b0	Unwind@004ca6b0	8	0	0
004ca6b8	Unwind@004ca6b8	8	0	0
004ca6c0	Unwind@004ca6c0	8	0	0
004ca6c8	Unwind@004ca6c8	8	0	0
004ca6d0	Unwind@004ca6d0	8	0	0
004ca6d8	Unwind@004ca6d8	8	0	0
004ca6e0	Unwind@004ca6e0	8	0	0
004ca700	Unwind@004ca700	11	0	0
004ca720	Unwind@004ca720	11	0	0
004ca740	Unwind@004ca740	11	0	0
004ca74b	Unwind@004ca74b	11	0	0
004ca756	Unwind@004ca756	11	0	0
004ca761	Unwind@004ca761	11	0	0
004ca76c	Unwind@004ca76c	11	0	0
004ca777	Unwind@004ca777	11	0	0
004ca782	Unwind@004ca782	11	0	0
004ca78d	Unwind@004ca78d	11	0	0
004ca798	Unwind@004ca798	11	0	0
004ca7a3	Unwind@004ca7a3	11	0	0
004ca7ae	Unwind@004ca7ae	11	0	0
004ca7b9	Unwind@004ca7b9	11	0	0
004ca7c4	Unwind@004ca7c4	11	0	0
004ca7cf	Unwind@004ca7cf	11	0	0
004ca7da	Unwind@004ca7da	11	0	0
004ca7e5	Unwind@004ca7e5	11	0	0
004ca7f0	Unwind@004ca7f0	11	0	0
004ca7fb	Unwind@004ca7fb	11	0	0
004ca806	Unwind@004ca806	11	0	0
004ca811	Unwind@004ca811	8	0	0
004ca819	Unwind@004ca819	8	0	0
004ca821	Unwind@004ca821	8	0	0
004ca829	Unwind@004ca829	11	0	0
004ca834	Unwind@004ca834	11	0	0
004ca83f	Unwind@004ca83f	11	0	0
004ca84a	Unwind@004ca84a	11	0	0
004ca855	Unwind@004ca855	11	0	0
004ca860	Unwind@004ca860	11	0	0
004ca86b	Unwind@004ca86b	11	0	0
004ca876	Unwind@004ca876	11	0	0
004ca881	Unwind@004ca881	11	0	0
004ca88c	Unwind@004ca88c	11	0	0
004ca897	Unwind@004ca897	11	0	0
004ca8a2	Unwind@004ca8a2	11	0	0
004ca8ad	Unwind@004ca8ad	11	0	0
004ca8b8	Unwind@004ca8b8	11	0	0
004ca8c3	Unwind@004ca8c3	11	0	0
004ca8ce	Unwind@004ca8ce	11	0	0
004ca8d9	Unwind@004ca8d9	11	0	0
004ca8e4	Unwind@004ca8e4	8	0	0
004ca8ec	Unwind@004ca8ec	8	0	0
004ca8f4	Unwind@004ca8f4	8	0	0
004ca910	Unwind@004ca910	11	0	0
004ca91b	Unwind@004ca91b	8	0	0
004ca930	Unwind@004ca930	11	0	0
004ca93b	Unwind@004ca93b	11	0	0
004ca946	Unwind@004ca946	11	0	0
004ca960	Unwind@004ca960	8	0	0
004ca968	Unwind@004ca968	8	0	0
004ca970	Unwind@004ca970	8	0	0
004ca978	Unwind@004ca978	8	0	0
004ca980	Unwind@004ca980	8	0	0
004ca988	Unwind@004ca988	8	0	0
004ca990	Unwind@004ca990	8	0	0
004ca998	Unwind@004ca998	8	0	0
004ca9b0	Unwind@004ca9b0	8	0	0
004ca9b8	Unwind@004ca9b8	8	0	0
004ca9c0	Unwind@004ca9c0	8	0	0
004ca9c8	Unwind@004ca9c8	8	0	0
004ca9d0	Unwind@004ca9d0	8	0	0
004ca9d8	Unwind@004ca9d8	8	0	0
004ca9e0	Unwind@004ca9e0	8	0	0
004ca9e8	Unwind@004ca9e8	8	0	0
004caa00	Unwind@004caa00	8	0	0
004caa20	Unwind@004caa20	8	0	0
004caa28	Unwind@004caa28	11	0	0
004caa33	Unwind@004caa33	14	0	0
004caa41	Unwind@004caa41	14	0	0
004caa4f	Unwind@004caa4f	14	0	0
004caa5d	Unwind@004caa5d	24	0	0
004caa75	Unwind@004caa75	24	0	0
004caa8d	Unwind@004caa8d	24	0	0
004caaa5	Unwind@004caaa5	24	0	0
004caad0	Unwind@004caad0	8	0	0
004caad8	Unwind@004caad8	11	0	0
004caae3	Unwind@004caae3	14	0	0
004caaf1	Unwind@004caaf1	14	0	0
004caaff	Unwind@004caaff	14	0	0
004cab0d	Unwind@004cab0d	24	0	0
004cab25	Unwind@004cab25	24	0	0
004cab3d	Unwind@004cab3d	24	0	0
004cab60	Unwind@004cab60	11	0	0
004cab6b	Unwind@004cab6b	11	0	0
004cab76	Unwind@004cab76	11	0	0
004cab81	Unwind@004cab81	11	0	0
004cab8c	Unwind@004cab8c	8	0	0
004cab94	Unwind@004cab94	8	0	0
004cab9c	Unwind@004cab9c	19	0	0
004cabaf	Unwind@004cabaf	19	0	0
004cabc2	Unwind@004cabc2	19	0	0
004cabd5	Unwind@004cabd5	11	0	0
004cabe0	Unwind@004cabe0	11	0	0
004cabeb	Unwind@004cabeb	11	0	0
004cabf6	Unwind@004cabf6	8	0	0
004cabfe	Unwind@004cabfe	8	0	0
004cac06	Unwind@004cac06	19	0	0
004cac19	Unwind@004cac19	19	0	0
004cac2c	Unwind@004cac2c	19	0	0
004cac50	Unwind@004cac50	8	0	0
004cac70	Unwind@004cac70	8	0	0
004cac90	Unwind@004cac90	11	0	0
004cac9b	Unwind@004cac9b	8	0	0
004cacb0	Unwind@004cacb0	8	0	0
004cace0	Unwind@004cace0	10	0	0
004cad00	Unwind@004cad00	8	0	0
004cad08	Unwind@004cad08	8	0	0
004cad20	Unwind@004cad20	8	0	0
004cad40	Unwind@004cad40	8	0	0
004cad60	Unwind@004cad60	8	0	0
004cad80	Unwind@004cad80	9	0	0
004cada0	Unwind@004cada0	9	0	0
004cada9	Unwind@004cada9	9	0	0
004cadc0	Unwind@004cadc0	9	0	0
004cade0	Unwind@004cade0	9	0	0
004cae00	Unwind@004cae00	9	0	0
004cae20	Unwind@004cae20	9	0	0
004cae40	Unwind@004cae40	9	0	0
004cae60	Unwind@004cae60	11	0	0
004cae6b	Unwind@004cae6b	11	0	0
004cae76	Unwind@004cae76	11	0	0
004cae81	Unwind@004cae81	11	0	0
004cae8c	Unwind@004cae8c	11	0	0
004cae97	Unwind@004cae97	11	0	0
004caea2	Unwind@004caea2	11	0	0
004caead	Unwind@004caead	11	0	0
004caeb8	Unwind@004caeb8	11	0	0
004caec3	Unwind@004caec3	11	0	0
004caece	Unwind@004caece	11	0	0
004caed9	Unwind@004caed9	11	0	0
004caee4	Unwind@004caee4	8	0	0
004caf00	Unwind@004caf00	8	0	0
004caf20	Unwind@004caf20	8	0	0
004caf40	Unwind@004caf40	8	0	0
004caf60	Unwind@004caf60	8	0	0
004caf80	Unwind@004caf80	8	0	0
004cafa0	Unwind@004cafa0	11	0	0
004cafc0	Unwind@004cafc0	8	0	0
004cafc8	Unwind@004cafc8	11	0	0
004cafe0	Unwind@004cafe0	8	0	0
004cb000	Unwind@004cb000	11	0	0
004cb020	Unwind@004cb020	11	0	0
004cb040	Unwind@004cb040	11	0	0
004cb060	Unwind@004cb060	11	0	0
004cb080	Unwind@004cb080	11	0	0
004cb0a0	Unwind@004cb0a0	11	0	0
004cb0c0	Unwind@004cb0c0	11	0	0
004cb0e0	Unwind@004cb0e0	8	0	0
004cb100	Unwind@004cb100	11	0	0
004cb120	Unwind@004cb120	11	0	0
004cb140	Unwind@004cb140	8	0	0
004cb148	Unwind@004cb148	11	0	0
004cb160	Unwind@004cb160	11	0	0
004cb180	Unwind@004cb180	11	0	0
004cb1a0	Unwind@004cb1a0	11	0	0
004cb1c0	Unwind@004cb1c0	11	0	0
004cb1e0	Unwind@004cb1e0	8	0	0
004cb200	Unwind@004cb200	8	0	0
004cb220	Unwind@004cb220	8	0	0
004cb240	Unwind@004cb240	8	0	0
004cb248	Unwind@004cb248	14	0	0
004cb256	Unwind@004cb256	14	0	0
004cb270	Unwind@004cb270	8	0	0
004cb278	Unwind@004cb278	14	0	0
004cb286	Unwind@004cb286	14	0	0
004cb2a0	Unwind@004cb2a0	8	0	0
004cb2a8	Unwind@004cb2a8	14	0	0
004cb2b6	Unwind@004cb2b6	14	0	0
004cb2c4	Unwind@004cb2c4	14	0	0
004cb2d2	Unwind@004cb2d2	14	0	0
004cb2f0	Unwind@004cb2f0	8	0	0
004cb2f8	Unwind@004cb2f8	14	0	0
004cb306	Unwind@004cb306	14	0	0
004cb314	Unwind@004cb314	14	0	0
004cb322	Unwind@004cb322	14	0	0
004cb340	Unwind@004cb340	11	0	0
004cb34b	Unwind@004cb34b	11	0	0
004cb356	Unwind@004cb356	11	0	0
004cb361	Unwind@004cb361	11	0	0
004cb36c	Unwind@004cb36c	11	0	0
004cb377	Unwind@004cb377	11	0	0
004cb382	Unwind@004cb382	11	0	0
004cb38d	Unwind@004cb38d	11	0	0
004cb3b0	Unwind@004cb3b0	8	0	0
004cb3d0	Unwind@004cb3d0	11	0	0
004cb3db	Unwind@004cb3db	11	0	0
004cb3e6	Unwind@004cb3e6	11	0	0
004cb3f1	Unwind@004cb3f1	11	0	0
004cb3fc	Unwind@004cb3fc	11	0	0
004cb420	Unwind@004cb420	8	0	0
004cb440	Unwind@004cb440	11	0	0
004cb460	Unwind@004cb460	11	0	0
004cb480	Unwind@004cb480	8	0	0
004cb4a0	Unwind@004cb4a0	11	0	0
004cb4c0	Unwind@004cb4c0	8	0	0
004cb4e0	Unwind@004cb4e0	11	0	0
004cb500	Unwind@004cb500	8	0	0
004cb508	Unwind@004cb508	11	0	0
004cb513	Unwind@004cb513	27	0	0
004cb52e	Unwind@004cb52e	27	0	0
004cb549	Unwind@004cb549	24	0	0
004cb570	Unwind@004cb570	8	0	0
004cb578	Unwind@004cb578	11	0	0
004cb583	Unwind@004cb583	27	0	0
004cb59e	Unwind@004cb59e	27	0	0
004cb5b9	Unwind@004cb5b9	24	0	0
004cb5e0	Unwind@004cb5e0	8	0	0
004cb600	Unwind@004cb600	8	0	0
004cb620	Unwind@004cb620	8	0	0
004cb640	Unwind@004cb640	11	0	0
004cb64b	Unwind@004cb64b	17	0	0
004cb65c	Unwind@004cb65c	11	0	0
004cb680	Unwind@004cb680	11	0	0
004cb6a0	Unwind@004cb6a0	8	0	0
004cb6c0	Unwind@004cb6c0	8	0	0
004cb6e0	Unwind@004cb6e0	8	0	0
004cb700	Unwind@004cb700	8	0	0
004cb708	Unwind@004cb708	25	0	0
004cb730	Unwind@004cb730	8	0	0
004cb738	Unwind@004cb738	25	0	0
004cb760	Unwind@004cb760	8	0	0
004cb780	Unwind@004cb780	8	0	0
004cb7a0	Unwind@004cb7a0	8	0	0
004cb7a8	Unwind@004cb7a8	11	0	0
004cb7c0	Unwind@004cb7c0	8	0	0
004cb7c8	Unwind@004cb7c8	11	0	0
004cb7d3	Unwind@004cb7d3	22	0	0
004cb800	Unwind@004cb800	8	0	0
004cb808	Unwind@004cb808	14	0	0
004cb816	Unwind@004cb816	14	0	0
004cb824	Unwind@004cb824	14	0	0
004cb832	Unwind@004cb832	14	0	0
004cb840	Unwind@004cb840	14	0	0
004cb860	Unwind@004cb860	8	0	0
004cb868	Unwind@004cb868	14	0	0
004cb876	Unwind@004cb876	14	0	0
004cb884	Unwind@004cb884	14	0	0
004cb892	Unwind@004cb892	14	0	0
004cb8a0	Unwind@004cb8a0	14	0	0
004cb8c0	Unwind@004cb8c0	8	0	0
004cb8e0	Unwind@004cb8e0	8	0	0
004cb900	Unwind@004cb900	8	0	0
004cb920	Unwind@004cb920	11	0	0
004cb940	Unwind@004cb940	11	0	0
004cb94b	Unwind@004cb94b	8	0	0
004cb960	Unwind@004cb960	8	0	0
004cb980	Unwind@004cb980	11	0	0
004cb98b	Unwind@004cb98b	22	0	0
004cb9b0	Unwind@004cb9b0	14	0	0
004cb9d0	Unwind@004cb9d0	14	0	0
