0x00401000,FUN_00401000,OK,1,0,1,0,,
0x00401020,FUN_00401020,OK,0,0,0,0,,
0x00401060,FUN_00401060,OK,7,0,1,0,,
0x00401180,FUN_00401180,OK,5,0,6,0,,
0x00401420,FUN_00401420,OK,3,0,2,0,,
0x00401580,FUN_00401580,OK,2,0,0,0,,
0x004016a0,FUN_004016a0,OK,0,0,1,1,,004cc5d8
0x00401710,FUN_00401710,OK,10,0,6,0,,
0x00401970,FUN_00401970,OK,0,0,1,0,,
0x00401a40,FUN_00401a40,OK,3,0,1,1,,r004f3a88
0x00401ab0,FUN_00401ab0,OK,3,0,1,1,,r004f3a88
0x00401b20,FUN_00401b20,OK,4,0,4,2,,004cc824 r004f3a88
0x00401c00,FUN_00401c00,OK,1,0,3,0,,
0x00401c60,FUN_00401c60,OK,1,0,3,0,,
0x00401d50,FUN_00401d50,OK,4,0,3,1,,r004f36b8
0x00401e50,FUN_00401e50,OK,5,0,4,2,,r004f36b8 r004f36bc
0x00401f60,FUN_00401f60,OK,2,0,4,1,,004cc5dc
0x00402080,FUN_00402080,OK,0,0,0,0,,
0x00402090,FUN_00402090,OK,1,0,2,0,,
0x00402170,FUN_00402170,OK,1,0,2,0,,
0x00402250,FUN_00402250,OK,5,0,4,0,,
0x004024a0,FUN_004024a0,OK,0,0,6,1,,004cc5d8
0x004026d0,FUN_004026d0,OK,1,0,5,0,,
0x004028c0,FUN_004028c0,OK,1,0,4,0,,
0x00402b70,FUN_00402b70,OK,3,0,1,0,,
0x00402be0,FUN_00402be0,OK,1,0,6,0,,
0x00402d60,FUN_00402d60,OK,1,0,6,0,,
0x00402f10,FUN_00402f10,OK,1,0,2,0,,
0x00402f60,FUN_00402f60,OK,0,0,0,0,,
0x00402fd0,NetGraph_LoadAllForMission,OK,1,0,0,0,,
0x00402ff0,NetGraph_AllocAndAppend,OK,0,0,3,1,,004cc5dc
0x00403040,NetGraph_LoadFromZrdByIndex,OK,6,0,34,17,,004cc5c4 004cc5c8 r004cc5cc 004cc5dc r004da110 r004da120 r004da130 r004da140 r004da14c r004da15c r004da170 r004da180 r004da190 r004da1a0 r004da1ac r004da1bc r004da22c
0x00403510,NetGraph_LookupByIndex,OK,0,0,1,0,,
0x00403530,FUN_00403530,OK,0,0,0,0,,
0x00403550,FUN_00403550,OK,2,0,1,1,,004cc5dc
0x00403620,FUN_00403620,OK,3,0,1,0,,
0x004036f0,FUN_004036f0,OK,1,0,1,0,,
0x00403750,FUN_00403750,OK,0,0,1,0,,
0x004037c0,FUN_004037c0,OK,0,0,1,1,,r004cc5b4
0x00403800,FUN_00403800,OK,1,0,1,1,,004cc5b4
0x00403830,FUN_00403830,OK,1,0,0,0,,
0x00403870,NetGraph_FreeAll,OK,1,0,1,0,,
0x004038a0,FUN_004038a0,OK,2,0,1,0,,
0x00403930,FUN_00403930,OK,17,0,24,1,,004cc5c4
0x00403c10,FUN_00403c10,OK,2,0,3,0,,
0x00403c90,FUN_00403c90,OK,1,0,0,0,,
0x00403cb0,FUN_00403cb0,OK,2,0,3,3,,004cc868 004cc870 004cc878
0x00403d70,FUN_00403d70,OK,2,0,0,0,,
0x00403d90,FUN_00403d90,OK,2,0,0,0,,
0x00403db0,FUN_00403db0,OK,1,0,0,0,,
0x00403e20,FUN_00403e20,OK,2,0,1,0,,
0x00403eb0,FUN_00403eb0,OK,2,0,0,0,,
0x00403ed0,FUN_00403ed0,OK,6,0,3,0,,
0x00404070,FUN_00404070,OK,1,0,1,0,,
0x00404140,FUN_00404140,OK,1,0,1,1,,r004cc0b0
0x00404180,FUN_00404180,OK,4,0,13,4,,r004cc0b0 004cc5a4 004cc5a8 004cc5c4
0x00404400,FUN_00404400,OK,11,0,5,2,,004cc5c4 r004f0cc0
0x004045b0,FUN_004045b0,OK,1,0,1,0,,
0x00404640,FUN_00404640,OK,1,0,1,0,,
0x004046b0,FUN_004046b0,OK,0,0,0,0,,
0x004046d0,FUN_004046d0,OK,1,0,1,0,,
0x00404740,FUN_00404740,OK,0,0,2,0,,
0x00404780,FUN_00404780,OK,1,0,3,1,,004cc5a0
0x00404850,FUN_00404850,OK,0,0,0,0,,
0x004048a0,FUN_004048a0,OK,1,0,2,0,,
0x00404960,FUN_00404960,OK,1,0,2,0,,
0x004049d0,FUN_004049d0,OK,1,0,3,1,,004cc5a0
0x00404aa0,FUN_00404aa0,OK,5,0,2,0,,
0x00404b40,FUN_00404b40,OK,1,0,1,0,,
0x00404bd0,FUN_00404bd0,OK,1,0,7,1,,r004cc0b0
0x00404c50,FUN_00404c50,OK,0,0,2,1,,004cc0b0
0x00404c80,FUN_00404c80,OK,1,0,1,0,,
0x00404ca0,FUN_00404ca0,OK,0,0,0,0,,
0x00404cb0,FUN_00404cb0,OK,1,0,0,0,,
0x00404cd0,FUN_00404cd0,OK,0,0,0,0,,
0x00404cf0,FUN_00404cf0,OK,0,0,0,0,,
0x00404d00,FUN_00404d00,OK,0,0,0,0,,
0x00404d10,FUN_00404d10,OK,0,0,0,0,,
0x00404d20,FUN_00404d20,OK,0,0,0,0,,
0x00404d50,FUN_00404d50,OK,0,0,0,0,,
0x00404d60,FUN_00404d60,OK,0,0,0,0,,
0x00404d70,FUN_00404d70,OK,1,0,1,0,,
0x00404d90,FUN_00404d90,OK,0,0,0,0,,
0x00404dd0,FUN_00404dd0,OK,0,0,0,0,,
0x00404e10,FUN_00404e10,OK,0,0,0,0,,
0x00404e60,FUN_00404e60,OK,1,0,0,0,,
0x00404e80,FUN_00404e80,OK,0,0,0,0,,
0x00404e90,FUN_00404e90,OK,11,0,3,1,,r004f36bc
0x00405040,FUN_00405040,OK,10,0,24,1,,r004f36bc
0x00405650,FUN_00405650,OK,5,0,2,0,,
0x004057d0,FUN_004057d0,OK,2,0,1,1,,r004f36bc
0x00405870,FUN_00405870,OK,3,0,1,1,,r004f36bc
0x004059a0,FUN_004059a0,OK,5,0,13,1,,r004f36bc
0x00405c90,Vehicle_SetCameraViewState,OK,13,0,6,0,,
0x00405ee0,FUN_00405ee0,OK,7,0,2,1,,r004f36b8
0x00406110,FUN_00406110,OK,11,0,6,1,,r004f36b8
0x004063f0,FUN_004063f0,OK,1,0,1,1,,r004f36bc
0x00406430,Vehicle_DeactivatePlayerControlIfSinglePlayer,OK,1,0,1,0,,
0x00406450,Vehicle_ActivatePlayerControl,OK,0,0,2,0,,
0x00406470,FUN_00406470,OK,4,0,2,1,,r004f36b8
0x00406510,FUN_00406510,OK,2,0,7,0,,
0x00406610,FUN_00406610,OK,6,0,5,0,,
0x00406730,FUN_00406730,OK,1,0,1,0,,
0x004067a0,FUN_004067a0,OK,5,0,2,1,,r004f36b8
0x00406a00,FUN_00406a00,OK,0,0,2,2,,r004cc598 004cc59c
0x00406af0,Vehicle_ExitAimCameraAndNormalizeMode,OK,15,0,4,2,,r004f36d0 r004f36d4
0x00406cf0,FUN_00406cf0,OK,0,0,1,0,,
0x00406d20,FUN_00406d20,OK,10,0,9,0,,
0x00406e10,FUN_00406e10,OK,2,0,0,0,,
0x00406e30,FUN_00406e30,OK,3,0,1,0,,
0x00406ea0,FUN_00406ea0,OK,1,0,1,1,,r004e5ce8
0x00406eb0,FUN_00406eb0,OK,1,0,0,0,,
0x00406ed0,FUN_00406ed0,OK,0,0,1,0,,
0x00406ee0,FUN_00406ee0,OK,2,0,0,0,,
0x00406f00,FUN_00406f00,OK,0,0,3,0,,
0x00406f60,FUN_00406f60,OK,7,0,4,1,,r004da3d8
0x00407010,FUN_00407010,OK,13,0,2,1,,r004da3d8
0x004070e0,FUN_004070e0,OK,2,0,1,1,,r004f3ca8
0x00407100,FUN_00407100,OK,1,0,1,1,,r004f3ca8
0x00407110,FUN_00407110,OK,1,0,2,1,,r004f3ca8
0x00407130,FUN_00407130,OK,0,0,0,0,,
0x00407140,FUN_00407140,OK,0,0,0,0,,
0x00407150,FUN_00407150,OK,0,0,0,0,,
0x00407170,FUN_00407170,OK,1,0,1,0,,
0x00407190,FUN_00407190,OK,0,0,9,6,,004da4b8 r004da62c r004da634 r004da635 r004da636 r004da637
0x004071f0,FUN_004071f0,OK,2,0,0,0,,
0x00407220,FUN_00407220,OK,0,0,29,0,,
0x00407470,FUN_00407470,OK,2,0,20,6,,004da677 r004e5da8 r004e5dac r004e5db0 r004e5db4 r004e5db8
0x00407680,Settings_GetHardwarePresetOrDefault,OK,3,0,0,0,,
0x004076f0,FUN_004076f0,OK,0,0,0,0,,
0x00407700,RecoilApp_LoadUserSettings,OK,35,0,85,45,,004cc000 r004da694 r004da69c r004da6a4 r004da6b0 r004da6b8 r004da6c0 r004da6c8 r004da6d0 r004da6dc r004da6ec r004da6f4 r004da708 r004da718 r004da728 r004da734 r004da73c r004da748 r004da754 r004da760 r004da76c r004da778 r004da780 r004da78c r004da798 r004da7a4 r004da7b0 r004da7bc r004da7cc r004da7dc r004da7f0 r004da804 r004da814 r004da824 r004da834 r004da840 r004da850 r004da860 r004da86c r004da878 r004da888 r004da894 r004da8a4 r004da8b4 r004da8c0
0x00407e00,FUN_00407e00,OK,4,0,0,0,,
0x00407e20,Settings_StoreGameCtlOptions,OK,0,0,1,0,,
0x00407e30,FUN_00407e30,OK,0,0,1,0,,
0x00407e50,FUN_00407e50,OK,0,0,1,0,,
0x00407e60,FUN_00407e60,OK,0,0,1,0,,
0x00407e80,FUN_00407e80,OK,0,0,1,0,,
0x00407e90,FUN_00407e90,OK,0,0,1,0,,
0x00407eb0,FUN_00407eb0,OK,0,0,1,0,,
0x00407ec0,FUN_00407ec0,OK,1,0,1,0,,
0x00407ef0,FUN_00407ef0,OK,0,0,1,0,,
0x00407f10,Settings_StoreGameIntensity,OK,0,0,1,0,,
0x00407f20,FUN_00407f20,OK,0,0,1,0,,
0x00407f30,Settings_ApplyEffectsLevel,OK,1,0,3,0,,
0x00407f80,FUN_00407f80,OK,0,0,3,0,,
0x00407fa0,Settings_ApplyObjectLOD,OK,2,0,3,0,,
0x00408030,FUN_00408030,OK,0,0,3,0,,
0x00408050,Settings_ApplyMuteSound,OK,1,0,1,0,,
0x00408060,FUN_00408060,OK,0,0,1,0,,
0x00408070,Settings_ApplySoundVolume,OK,1,0,1,0,,
0x00408090,FUN_00408090,OK,0,0,1,0,,
0x004080a0,RecoilApp_ApplySoundAPISetting,OK,1,0,1,0,,
0x004080b0,RecoilApp_GetSoundAPICheckboxValue,OK,0,0,1,0,,
0x004080c0,Settings_StoreSoundLOD,OK,0,0,1,0,,
0x004080d0,FUN_004080d0,OK,0,0,1,0,,
0x004080e0,Settings_StoreTextureMemory,OK,0,0,3,0,,
0x00408100,FUN_00408100,OK,0,0,3,0,,
0x00408120,Settings_StorePlayerName,OK,0,0,2,1,,004cc5a0
0x00408190,FUN_00408190,OK,0,0,1,0,,
0x004081a0,Settings_ApplyGfxFlags,OK,2,0,4,1,,r004da8cc
0x004081f0,FUN_004081f0,OK,0,0,3,0,,
0x00408210,Settings_StoreCDAudio,OK,0,0,1,0,,
0x00408220,FUN_00408220,OK,0,0,1,0,,
0x00408230,Settings_SetNetworkFlag,OK,0,0,1,0,,
0x00408240,Settings_StoreNetworkModem,OK,0,0,1,0,,
0x00408250,Settings_StoreNetListen,OK,0,0,1,0,,
0x00408260,Settings_GetNetworkFlag,OK,0,0,1,0,,
0x00408270,FUN_00408270,OK,0,0,1,0,,
0x00408280,Settings_ApplyHWCardFlag,OK,0,0,2,0,,
0x00408290,Settings_StoreHWAPI,OK,0,0,1,0,,
0x004082a0,Settings_StoreFullScreen,OK,0,0,1,0,,
0x004082b0,Settings_StoreHUDFlag,OK,0,0,3,0,,
0x004082d0,Settings_ApplyHUDType,OK,1,0,3,0,,
0x00408300,FUN_00408300,OK,0,0,1,0,,
0x00408310,Settings_GetHWCardFlag,OK,0,0,1,0,,
0x00408320,FUN_00408320,OK,0,0,1,0,,
0x00408330,FUN_00408330,OK,0,0,1,0,,
0x00408340,FUN_00408340,OK,0,0,3,0,,
0x00408360,FUN_00408360,OK,0,0,3,0,,
0x00408380,FUN_00408380,OK,0,0,1,0,,
0x00408390,Settings_StoreJoystickEnabled,OK,0,0,1,0,,
0x004083a0,Settings_StoreJoystickNumAxes,OK,0,0,1,0,,
0x004083b0,Settings_StoreJoystickNumButtons,OK,0,0,1,0,,
0x004083c0,FUN_004083c0,OK,0,0,1,0,,
0x004083d0,FUN_004083d0,OK,0,0,0,0,,
0x00408400,FUN_00408400,OK,0,0,0,0,,
0x00408430,FUN_00408430,OK,0,0,0,0,,
0x00408480,FUN_00408480,OK,4,0,2,0,,
0x004084e0,FUN_004084e0,OK,0,0,1,0,,
0x00408500,FUN_00408500,OK,2,0,1,0,,
0x00408530,FUN_00408530,OK,3,0,1,0,,
0x00408570,FUN_00408570,OK,2,0,1,0,,
0x004085a0,FUN_004085a0,OK,0,0,1,0,,
0x004085b0,FUN_004085b0,OK,2,0,1,0,,
0x004085e0,FUN_004085e0,OK,3,0,1,0,,
0x00408620,FUN_00408620,OK,2,0,1,0,,
0x00408650,FUN_00408650,OK,0,0,1,0,,
0x00408660,FUN_00408660,OK,0,0,1,0,,
0x00408670,FUN_00408670,OK,0,0,1,0,,
0x00408680,FUN_00408680,OK,0,0,1,0,,
0x00408690,FUN_00408690,OK,0,0,1,0,,
0x004086a0,FUN_004086a0,OK,0,0,1,0,,
0x004086b0,FUN_004086b0,OK,0,0,1,0,,
0x004086c0,FUN_004086c0,OK,0,0,1,0,,
0x004086d0,FUN_004086d0,OK,0,0,1,0,,
0x004086e0,FUN_004086e0,OK,1,0,1,1,,r004e5d88
0x00408700,FUN_00408700,OK,1,0,1,1,,r004e5d88
0x00408720,Settings_ApplyVideoModePreset,OK,8,0,1,0,,
0x004089c0,FUN_004089c0,OK,2,0,3,0,,
0x00408a10,Settings_StoreWOLPasswordFlag,OK,0,0,1,0,,
0x00408a20,FUN_00408a20,OK,0,0,1,0,,
0x00408a30,FUN_00408a30,OK,12,0,18,0,,
0x00408c20,FUN_00408c20,OK,2,0,0,0,,
0x00408c40,FUN_00408c40,OK,2,0,0,0,,
0x00408c70,FUN_00408c70,OK,3,0,1,0,,
0x00408d30,FUN_00408d30,OK,1,0,1,1,,r004e5dd0
0x00408d40,FUN_00408d40,OK,1,0,0,0,,
0x00408d60,FUN_00408d60,OK,0,0,1,0,,
0x00408d70,FUN_00408d70,OK,2,0,0,0,,
0x00408d90,FUN_00408d90,OK,0,0,3,0,,
0x00408df0,FUN_00408df0,OK,8,0,1,0,,
0x00408ec0,FUN_00408ec0,OK,8,0,1,0,,
0x00408f50,FUN_00408f50,OK,5,0,0,0,,
0x00408fa0,FUN_00408fa0,OK,5,0,0,0,,
0x00408ff0,FUN_00408ff0,OK,1,0,2,1,,r004f3ca8
0x00409010,FUN_00409010,OK,0,0,0,0,,
0x00409040,FUN_00409040,OK,5,0,11,0,,
0x00409160,FUN_00409160,OK,2,0,1,1,,r004f3ca8
0x00409180,FUN_00409180,OK,3,0,3,1,,r004f3ca8
0x004091c0,FUN_004091c0,OK,2,0,0,0,,
0x004091e0,FUN_004091e0,OK,3,0,1,0,,
0x004092a0,FUN_004092a0,OK,4,0,1,0,,
0x00409360,FUN_00409360,OK,2,0,0,0,,
0x00409380,FUN_00409380,OK,4,0,5,1,,r004f3ca8
0x00409410,FUN_00409410,OK,1,0,0,0,,
0x00409470,FUN_00409470,OK,2,0,1,1,,004cd348
0x00409550,FUN_00409550,OK,0,0,0,0,,
0x00409570,FUN_00409570,OK,13,0,5,2,,r004da980 r004da990
0x00409910,FUN_00409910,OK,2,0,0,0,,
0x00409960,FUN_00409960,OK,1,0,1,1,,r004e5de0
0x00409970,FUN_00409970,OK,1,0,0,0,,
0x00409990,FUN_00409990,OK,0,0,1,0,,
0x004099a0,FUN_004099a0,OK,2,0,0,0,,
0x004099d0,FUN_004099d0,OK,2,0,0,0,,
0x004099f0,FUN_004099f0,OK,0,0,3,0,,
0x00409a60,FUN_00409a60,OK,2,0,1,0,,
0x00409ad0,FUN_00409ad0,OK,1,0,0,0,,
0x00409b00,FUN_00409b00,OK,1,0,2,1,,r004f3ca8
0x00409b20,FUN_00409b20,OK,2,0,0,0,,
0x00409b60,FUN_00409b60,OK,1,0,0,0,,
0x00409b90,FUN_00409b90,OK,5,0,0,0,,
0x00409ef0,FUN_00409ef0,OK,1,0,0,0,,
0x00409f00,FUN_00409f00,OK,5,0,0,0,,
0x0040a170,FUN_0040a170,OK,1,0,0,0,,
0x0040a1e0,FUN_0040a1e0,OK,1,0,0,0,,
0x0040a210,FUN_0040a210,OK,1,0,0,0,,
0x0040a240,FUN_0040a240,OK,2,0,0,0,,
0x0040a300,FUN_0040a300,OK,7,0,0,0,,
0x0040a590,FUN_0040a590,OK,2,0,0,0,,
0x0040a5b0,FUN_0040a5b0,OK,17,0,32,0,,
0x0040a920,FUN_0040a920,OK,2,0,0,0,,
0x0040a940,FUN_0040a940,OK,6,0,2,0,,
0x0040aa30,FUN_0040aa30,OK,6,0,2,0,,
0x0040ab20,FUN_0040ab20,OK,6,0,2,0,,
0x0040ac10,FUN_0040ac10,OK,6,0,2,0,,
0x0040ad00,FUN_0040ad00,OK,6,0,2,0,,
0x0040adf0,FUN_0040adf0,OK,9,0,2,0,,
0x0040b0a0,FUN_0040b0a0,OK,2,0,0,0,,
0x0040b0c0,FUN_0040b0c0,OK,2,0,0,0,,
0x0040b0e0,FUN_0040b0e0,OK,2,0,0,0,,
0x0040b100,FUN_0040b100,OK,2,0,0,0,,
0x0040b120,FUN_0040b120,OK,2,0,0,0,,
0x0040b3e0,FUN_0040b3e0,OK,8,0,0,0,,
0x0040b460,FUN_0040b460,OK,8,0,0,0,,
0x0040b4e0,FUN_0040b4e0,OK,6,0,0,0,,
0x0040b560,FUN_0040b560,OK,6,0,0,0,,
0x0040b5e0,FUN_0040b5e0,OK,2,0,0,0,,
0x0040b630,FUN_0040b630,OK,2,0,0,0,,
0x0040b680,FUN_0040b680,OK,16,0,0,0,,
0x0040b930,FUN_0040b930,OK,4,0,0,0,,
0x0040b960,FUN_0040b960,OK,2,0,0,0,,
0x0040b980,FUN_0040b980,OK,3,0,2,0,,
0x0040ba30,FUN_0040ba30,OK,2,0,0,0,,
0x0040ba60,FUN_0040ba60,OK,2,0,0,0,,
0x0040ba90,FUN_0040ba90,OK,1,0,0,0,,
0x0040bab0,FUN_0040bab0,OK,2,0,0,0,,
0x0040bae0,FUN_0040bae0,OK,1,0,0,0,,
0x0040bb00,FUN_0040bb00,OK,2,0,0,0,,
0x0040bb30,FUN_0040bb30,OK,1,0,0,0,,
0x0040bb50,FUN_0040bb50,OK,2,0,1,0,,
0x0040bb80,FUN_0040bb80,OK,1,0,1,0,,
0x0040bba0,FUN_0040bba0,OK,2,0,0,0,,
0x0040bbc0,FUN_0040bbc0,OK,2,0,0,0,,
0x0040bbe0,FUN_0040bbe0,OK,2,0,0,0,,
0x0040bc00,FUN_0040bc00,OK,2,0,0,0,,
0x0040bc30,FUN_0040bc30,OK,1,0,1,1,,r004e5df0
0x0040bc40,FUN_0040bc40,OK,1,0,0,0,,
0x0040bc60,FUN_0040bc60,OK,0,0,1,0,,
0x0040bc70,FUN_0040bc70,OK,2,0,0,0,,
0x0040bc90,FUN_0040bc90,OK,0,0,3,0,,
0x0040bcf0,FUN_0040bcf0,OK,3,0,1,0,,
0x0040bd60,FUN_0040bd60,OK,3,0,0,0,,
0x0040bda0,FUN_0040bda0,OK,1,0,2,1,,r004f3ca8
0x0040bdc0,FUN_0040bdc0,OK,0,0,0,0,,
0x0040bdf0,FUN_0040bdf0,OK,0,0,0,0,,
0x0040be00,FUN_0040be00,OK,1,0,1,1,,004cc5b4
0x0040be60,FUN_0040be60,OK,0,0,0,0,,
0x0040be90,FUN_0040be90,OK,1,0,0,0,,
0x0040bea0,FUN_0040bea0,OK,0,0,0,0,,
0x0040beb0,FUN_0040beb0,OK,0,0,0,0,,
0x0040bec0,FUN_0040bec0,OK,0,0,0,0,,
0x0040bf00,FUN_0040bf00,OK,0,0,1,1,,004cc5b4
0x0040bf20,FUN_0040bf20,OK,1,0,1,1,,004cc5b4
0x0040bf50,FUN_0040bf50,OK,1,0,1,1,,004cc5b4
0x0040bf80,FUN_0040bf80,OK,7,0,2,1,,004cc5e4
0x0040c190,FUN_0040c190,OK,0,0,0,0,,
0x0040c1c0,FUN_0040c1c0,OK,0,0,0,0,,
0x0040c1d0,FUN_0040c1d0,OK,1,0,1,1,,004cc5b4
0x0040c260,FUN_0040c260,OK,2,0,0,0,,
0x0040c280,FUN_0040c280,OK,5,0,2,0,,
0x0040c370,RecoilApp_ProbeDirectXCapabilityLevel,OK,0,0,19,5,,004cc0b4 004cc0b8 004cc0bc 004cc0c0 004cc16c
0x0040c6e0,FUN_0040c6e0,OK,3,0,1,1,,r004f3ca8
0x0040c720,OptionsPanel_BuildWidgets,OK,8,0,30,0,,
0x0040c9c0,FUN_0040c9c0,OK,2,0,0,0,,
0x0040c9e0,FUN_0040c9e0,OK,3,0,0,0,,
0x0040ca20,FUN_0040ca20,OK,2,0,0,0,,
0x0040ca40,FUN_0040ca40,OK,4,0,0,0,,
0x0040ca80,FUN_0040ca80,OK,2,0,0,0,,
0x0040cab0,FUN_0040cab0,OK,2,0,0,0,,
0x0040cad0,FUN_0040cad0,OK,2,0,0,0,,
0x0040caf0,FUN_0040caf0,OK,2,0,0,0,,
0x0040cb10,FUN_0040cb10,OK,2,0,0,0,,
0x0040cb30,FUN_0040cb30,OK,4,0,0,0,,
0x0040cb70,FUN_0040cb70,OK,2,0,0,0,,
0x0040cb90,FUN_0040cb90,OK,2,0,0,0,,
0x0040cbb0,FUN_0040cbb0,OK,2,0,0,0,,
0x0040cbd0,FUN_0040cbd0,OK,2,0,0,0,,
0x0040cbf0,FUN_0040cbf0,OK,2,0,0,0,,
0x0040cc10,FUN_0040cc10,OK,1,0,0,0,,
0x0040cc30,FUN_0040cc30,OK,3,0,0,0,,
0x0040cc60,FUN_0040cc60,OK,2,0,0,0,,
0x0040cc80,FUN_0040cc80,OK,4,0,0,0,,
0x0040ccc0,FUN_0040ccc0,OK,1,0,1,0,,
0x0040cd00,FUN_0040cd00,OK,3,0,1,1,,004ce228
0x0040cd30,FUN_0040cd30,OK,4,0,0,0,,
0x0040ce80,FUN_0040ce80,OK,2,0,0,0,,
0x0040cf00,FUN_0040cf00,OK,2,0,0,0,,
0x0040cf60,FUN_0040cf60,OK,5,0,1,0,,
0x0040d080,FUN_0040d080,OK,1,0,1,1,,r004e5e08
0x0040d090,FUN_0040d090,OK,1,0,0,0,,
0x0040d0b0,FUN_0040d0b0,OK,0,0,1,0,,
0x0040d0c0,FUN_0040d0c0,OK,2,0,0,0,,
0x0040d0e0,FUN_0040d0e0,OK,0,0,3,0,,
0x0040d150,OptionsScreen_Create,OK,2,0,1,0,,
0x0040d1c0,FUN_0040d1c0,OK,1,0,2,1,,r004f3ca8
0x0040d1f0,FUN_0040d1f0,OK,1,0,1,0,,
0x0040d200,FUN_0040d200,OK,1,0,0,0,,
0x0040d220,FUN_0040d220,OK,0,0,0,0,,
0x0040d270,FUN_0040d270,OK,1,0,1,1,,r004eda68
0x0040d280,FUN_0040d280,OK,1,0,0,0,,
0x0040d300,FUN_0040d300,OK,1,0,1,1,,r004ed718
0x0040d310,FUN_0040d310,OK,1,0,0,0,,
0x0040d330,FUN_0040d330,OK,2,0,1,0,,
0x0040d3b0,FUN_0040d3b0,OK,2,0,1,0,,
0x0040d410,FUN_0040d410,OK,1,0,1,1,,r004e5ed0
0x0040d420,FUN_0040d420,OK,1,0,0,0,,
0x0040d440,FUN_0040d440,OK,5,0,2,0,,
0x0040d590,FUN_0040d590,OK,2,0,1,0,,
0x0040d600,FUN_0040d600,OK,1,0,0,0,,
0x0040d610,FUN_0040d610,OK,1,0,2,0,,
0x0040d660,FUN_0040d660,OK,2,0,2,0,,
0x0040d6e0,FUN_0040d6e0,OK,1,0,2,0,,
0x0040d740,FUN_0040d740,OK,1,0,0,0,,
0x0040d760,FUN_0040d760,OK,1,0,0,0,,
0x0040d780,FUN_0040d780,OK,1,0,2,0,,
0x0040d7e0,FUN_0040d7e0,OK,8,0,6,0,,
0x0040d9d0,FUN_0040d9d0,OK,0,0,0,0,,
0x0040d9e0,FUN_0040d9e0,OK,1,0,1,0,,
0x0040da00,FUN_0040da00,OK,2,0,2,0,,
0x0040daa0,FUN_0040daa0,OK,2,0,0,0,,
0x0040dac0,FUN_0040dac0,OK,1,0,1,0,,
0x0040db00,FUN_0040db00,OK,1,0,0,0,,
0x0040db20,FUN_0040db20,OK,2,0,2,0,,
0x0040db90,FUN_0040db90,OK,0,0,0,0,,
0x0040dbd0,FUN_0040dbd0,OK,2,0,0,0,,
0x0040dbf0,FUN_0040dbf0,OK,3,0,9,1,,r004e5ed0
0x0040dcd0,FUN_0040dcd0,OK,7,0,11,0,,
0x0040e010,FUN_0040e010,OK,0,0,0,0,,
0x0040e040,FUN_0040e040,OK,0,0,0,0,,
0x0040e070,FUN_0040e070,OK,2,0,2,0,,
0x0040e140,FUN_0040e140,OK,4,0,6,0,,
0x0040e590,FUN_0040e590,OK,7,0,1,1,,004cc5a0
0x0040e800,FUN_0040e800,OK,1,0,1,0,,
0x0040e880,FUN_0040e880,OK,1,0,0,0,,
0x0040e910,FUN_0040e910,OK,1,0,0,0,,
0x0040ea60,FUN_0040ea60,OK,1,0,0,0,,
0x0040eab0,FUN_0040eab0,OK,2,0,1,1,,r004ed4e0
0x0040eae0,FUN_0040eae0,OK,0,0,1,0,,
0x0040eb00,FUN_0040eb00,OK,4,0,5,1,,r004e5ed0
0x0040ec90,FUN_0040ec90,OK,1,0,1,1,,r004e6dac
0x0040eca0,FUN_0040eca0,OK,0,0,1,0,,
0x0040ecc0,FUN_0040ecc0,OK,0,0,1,0,,
0x0040ece0,FUN_0040ece0,OK,2,0,1,0,,
0x0040ed10,FUN_0040ed10,OK,0,0,1,0,,
0x0040ed20,FUN_0040ed20,OK,3,0,2,0,,
0x0040ed80,FUN_0040ed80,OK,4,0,6,1,,r004e5ed0
0x0040ee60,FUN_0040ee60,OK,2,0,5,1,,004cc504
0x0040ef00,FUN_0040ef00,OK,0,0,2,0,,
0x0040ef60,FUN_0040ef60,OK,2,0,6,0,,
0x0040f040,FUN_0040f040,OK,1,0,1,0,,
0x0040f070,FUN_0040f070,OK,4,0,1,1,,r004e5ed0
0x0040f0f0,FUN_0040f0f0,OK,1,0,0,0,,
0x0040f130,FUN_0040f130,OK,0,0,2,0,,
0x0040f1a0,FUN_0040f1a0,OK,1,0,3,0,,
0x0040f200,FUN_0040f200,OK,3,0,3,1,,r004e5ed0
0x0040f2b0,FUN_0040f2b0,OK,2,0,0,0,,
0x0040f2e0,FUN_0040f2e0,OK,2,0,5,3,,r004e632c r004e63e8 r004e64a4
0x0040f3e0,FUN_0040f3e0,OK,1,0,3,3,,r004e632c r004e63e8 r004e64a4
0x0040f400,FUN_0040f400,OK,0,0,0,0,,
0x0040f460,FUN_0040f460,OK,0,0,0,0,,
0x0040f4c0,FUN_0040f4c0,OK,22,0,30,2,,r004dad14 r004e5ed0
0x0040f9e0,FUN_0040f9e0,OK,0,0,0,0,,
0x0040fa10,FUN_0040fa10,OK,0,0,0,0,,
0x0040fa20,FUN_0040fa20,OK,2,0,0,0,,
0x0040fa40,FUN_0040fa40,OK,2,0,3,0,,
0x0040fac0,FUN_0040fac0,OK,2,0,3,0,,
0x0040fb70,FUN_0040fb70,OK,1,0,1,0,,
0x0040fb90,HUD_BuildTimerSaveRecord,OK,1,0,1,1,,r004dad20
0x0040fbd0,FUN_0040fbd0,OK,13,0,30,8,,r004e6224 r004e6228 r004e622c r004e62f0 r004e657c r004e6bb0 r004ed718 r004eda68
0x0040fdd0,FUN_0040fdd0,OK,2,0,1,0,,
0x0040fe30,FUN_0040fe30,OK,2,0,2,0,,
0x0040fe90,FUN_0040fe90,OK,2,0,1,0,,
0x0040fef0,FUN_0040fef0,OK,2,0,1,0,,
0x0040ff50,FUN_0040ff50,OK,1,0,2,0,,
0x0040ff80,FUN_0040ff80,OK,7,0,23,4,,r004edb58 r004edb5c r0056bd20 r0056bd24
0x00410140,FUN_00410140,OK,0,0,1,0,,
0x00410160,FUN_00410160,OK,31,0,97,24,,004cc500 r004da2ac r004dad2c r004dad34 r004dad3c r004dad44 004dad4c r004dad58 r004dad60 r004dad6c r004dad78 r004dad80 r004dad90 r004dad98 r004dada8 r004dadb4 r004dadbc r004e5ed0 r004e7090 004e70d0 r004ed718 r004eda68 r0056bd20 r0056bd24
0x00410d10,FUN_00410d10,OK,2,0,15,0,,
0x00410e90,FUN_00410e90,OK,2,0,5,1,,r004e6ad0
0x00410ed0,FUN_00410ed0,OK,4,0,18,1,,r004e7090
0x00410fe0,FUN_00410fe0,OK,5,0,24,2,,r004e7090 r004f0cc0
0x00411170,FUN_00411170,OK,2,0,6,0,,
0x00411270,Input_Mouse_CursorRaycastDispatch,OK,13,0,30,5,,004cc674 004ce760 004ce764 r004f36b8 r004f36bc
0x00411720,FUN_00411720,OK,0,0,3,0,,
0x00411740,FUN_00411740,OK,0,0,1,0,,
0x00411750,FUN_00411750,OK,1,0,1,1,,r004e62f0
0x00411760,FUN_00411760,OK,1,0,8,1,,004cc500
0x004117f0,FUN_004117f0,OK,1,0,10,1,,004cc500
0x004118b0,FUN_004118b0,OK,0,0,7,0,,
0x00411900,FUN_00411900,OK,1,0,16,0,,
0x00411a20,FUN_00411a20,OK,0,0,9,0,,
0x00411ac0,FUN_00411ac0,OK,6,0,25,2,,r004e6ab0 r004ed718
0x00411eb0,FUN_00411eb0,OK,0,0,6,0,,
0x00411f10,FUN_00411f10,OK,2,0,7,1,,004cc500
0x00412050,FUN_00412050,OK,0,0,2,0,,
0x00412070,FUN_00412070,OK,4,0,16,0,,
0x004122c0,FUN_004122c0,OK,1,0,14,5,,r004e6ed0 r004e6f0c r004e6f8c 004e6fc0 r004e6fc4
0x004124b0,FUN_004124b0,OK,3,0,11,1,,004cc500
0x00412620,FUN_00412620,OK,0,0,2,0,,
0x00412650,FUN_00412650,OK,1,0,7,1,,004cc500
0x004126e0,FUN_004126e0,OK,1,0,6,1,,r004ea9e8
0x00412790,FUN_00412790,OK,1,0,2,1,,r004ea9e8
0x004127d0,FUN_004127d0,OK,1,0,3,0,,
0x00412820,FUN_00412820,OK,2,0,23,1,,004cc500
0x00412b60,FUN_00412b60,OK,3,0,3,0,,
0x00412bd0,FUN_00412bd0,OK,0,0,0,0,,
0x00412be0,FUN_00412be0,OK,1,0,0,0,,
0x00412bf0,FUN_00412bf0,OK,0,0,0,0,,
0x00412c00,FUN_00412c00,OK,0,0,0,0,,
0x00412c10,FUN_00412c10,OK,2,0,1,1,,r004dae0c
0x00412c60,FUN_00412c60,OK,10,0,13,7,,r004e6dac r004ea728 r004ea808 r004ea8e8 r004ea9c8 r004f0cc0 r004f36bc
0x00412db0,FUN_00412db0,OK,10,0,1,0,,
0x00412ea0,FUN_00412ea0,OK,3,0,3,0,,
0x00412f70,FUN_00412f70,OK,4,0,2,1,,r004dae14
0x00413080,FUN_00413080,OK,1,0,0,0,,
0x004130d0,FUN_004130d0,OK,11,0,19,5,,r004e61cc r004ea9e8 r004eae34 r004eb280 r004f36bc
0x004132b0,FUN_004132b0,OK,3,0,4,1,,r004e62f0
0x00413340,FUN_00413340,OK,7,0,15,5,,r004e5ed0 004eb61c r004eb64c r004ed4e0 r004f0cc0
0x004134e0,FUN_004134e0,OK,1,0,0,0,,
0x00413500,FUN_00413500,OK,2,0,5,2,,r004e6aa0 r004e6ab0
0x00413540,FUN_00413540,OK,1,0,10,3,,r004e5ed0 004eb61c r004eb64c
0x004135f0,FUN_004135f0,OK,0,0,0,0,,
0x00413630,FUN_00413630,OK,0,0,1,0,,
0x00413660,FUN_00413660,OK,2,0,3,0,,
0x004136b0,FUN_004136b0,OK,2,0,3,2,,r004ed718 r004eda68
0x00413700,FUN_00413700,OK,1,0,1,0,,
0x00413710,FUN_00413710,OK,1,0,0,0,,
0x00413730,FUN_00413730,OK,4,0,2,0,,
0x00413770,FUN_00413770,OK,1,0,1,0,,
0x004137a0,FUN_004137a0,OK,0,0,1,0,,
0x004137c0,FUN_004137c0,OK,1,0,1,0,,
0x004137f0,FUN_004137f0,OK,0,0,1,0,,
0x004138d0,FUN_004138d0,OK,1,0,1,0,,
0x004138f0,FUN_004138f0,OK,1,0,1,0,,
0x00413910,FUN_00413910,OK,1,0,2,0,,
0x00413950,FUN_00413950,OK,1,0,2,0,,
0x00413990,FUN_00413990,OK,0,0,1,0,,
0x00413a10,FUN_00413a10,OK,0,0,0,0,,
0x00413aa0,FUN_00413aa0,OK,0,0,0,0,,
0x00413ad0,FUN_00413ad0,OK,0,0,0,0,,
0x00413b10,FUN_00413b10,OK,1,0,0,0,,
0x00413c10,FUN_00413c10,OK,1,0,0,0,,
0x00413d30,FUN_00413d30,OK,2,0,4,0,,
0x00413eb0,FUN_00413eb0,OK,0,0,0,0,,
0x00413ec0,FUN_00413ec0,OK,3,0,2,1,,r004e5ed0
0x00413ff0,FUN_00413ff0,OK,1,0,0,0,,
0x00414070,FUN_00414070,OK,0,0,2,0,,
0x00414180,FUN_00414180,OK,3,0,9,3,,004cc4f4 r004cc4f8 004cc4fc
0x00414210,FUN_00414210,OK,0,0,25,0,,
0x00414300,FUN_00414300,OK,0,0,4,0,,
0x00414330,FUN_00414330,OK,2,0,3,1,,004cc5c4
0x00414390,FUN_00414390,OK,1,0,1,1,,r004ed4e0
0x004143a0,FUN_004143a0,OK,1,0,1,1,,r004ed4e0
0x004143b0,FUN_004143b0,OK,1,0,1,1,,r004ed4e0
0x004143c0,FUN_004143c0,OK,1,0,1,1,,r004ed4e0
0x00414590,FUN_00414590,OK,5,0,6,2,,r004cc4f0 004cc5a0
0x00414670,FUN_00414670,OK,0,0,0,0,,
0x004146a0,FUN_004146a0,OK,0,0,0,0,,
0x004146e0,FUN_004146e0,OK,0,0,0,0,,
0x00414710,FUN_00414710,OK,2,0,0,0,,
0x00414930,FUN_00414930,OK,1,0,0,0,,
0x00414980,FUN_00414980,OK,1,0,0,0,,
0x00414a70,FUN_00414a70,OK,1,0,1,1,,r004edb78
0x00414a80,FUN_00414a80,OK,1,0,0,0,,
0x00414ab0,FUN_00414ab0,OK,1,0,4,1,,004e48f8
0x00414b50,FUN_00414b50,OK,0,0,0,0,,
0x00414b60,FUN_00414b60,OK,0,0,1,0,,
0x00414b90,FUN_00414b90,OK,0,0,1,0,,
0x00414bc0,FUN_00414bc0,OK,8,0,26,0,,
0x00414f40,FUN_00414f40,OK,2,0,0,0,,
0x00414f60,FUN_00414f60,OK,2,0,0,0,,
0x00414f80,FUN_00414f80,OK,2,0,0,0,,
0x00414fa0,FUN_00414fa0,OK,3,0,1,1,,r004f3ca8
0x00414fc0,FUN_00414fc0,OK,2,0,0,0,,
0x00414fe0,FUN_00414fe0,OK,2,0,0,0,,
0x00415000,FUN_00415000,OK,2,0,0,0,,
0x00415020,FUN_00415020,OK,2,0,0,0,,
0x00415040,FUN_00415040,OK,2,0,1,0,,
0x00415110,FUN_00415110,OK,1,0,1,1,,r004edc58
0x00415120,FUN_00415120,OK,1,0,0,0,,
0x00415140,FUN_00415140,OK,2,0,1,0,,
0x00415170,FUN_00415170,OK,0,0,1,0,,
0x00415190,FUN_00415190,OK,2,0,0,0,,
0x004151b0,FUN_004151b0,OK,0,0,3,0,,
0x00415220,MainMenuScreen_Create,OK,10,0,6,2,,004cee50 r004da3d8
0x00415370,FUN_00415370,OK,5,0,0,0,,
0x004153d0,FUN_004153d0,OK,16,0,3,2,,004cc0b0 r004da3d8
0x00415630,FUN_00415630,OK,1,0,1,0,,
0x00415650,FUN_00415650,OK,1,0,3,1,,r004f3ca8
0x00415670,FUN_00415670,OK,0,0,1,0,,
0x00415680,FUN_00415680,OK,5,0,8,0,,
0x00415740,FUN_00415740,OK,3,0,4,1,,r004f3ca8
0x00415790,FUN_00415790,OK,2,0,0,0,,
0x004157b0,FUN_004157b0,OK,2,0,1,0,,
0x00415820,FUN_00415820,OK,1,0,1,1,,r004edc48
0x00415830,FUN_00415830,OK,1,0,0,0,,
0x00415850,FUN_00415850,OK,0,0,1,0,,
0x00415860,FUN_00415860,OK,2,0,0,0,,
0x00415880,FUN_00415880,OK,0,0,3,0,,
0x004158f0,FUN_004158f0,OK,2,0,1,0,,
0x00415960,FUN_00415960,OK,3,0,1,1,,004cc0b0
0x004159b0,FUN_004159b0,OK,1,0,2,1,,r004f3ca8
0x004159d0,FUN_004159d0,OK,0,0,0,0,,
0x004159e0,FUN_004159e0,OK,1,0,1,0,,
0x00415a80,FUN_00415a80,OK,1,0,1,0,,
0x00415aa0,FUN_00415aa0,OK,0,0,1,0,,
0x00415ab0,FUN_00415ab0,OK,1,0,0,0,,
0x00415ac0,FUN_00415ac0,OK,0,0,1,1,,004cc5b4
0x00415ae0,FUN_00415ae0,OK,2,0,0,0,,
0x00415b10,FUN_00415b10,OK,0,0,0,0,,
0x00415b40,FUN_00415b40,OK,0,0,0,0,,
0x00415b70,FUN_00415b70,OK,1,0,0,0,,
0x00415bd0,FUN_00415bd0,OK,2,0,2,2,,r004cc4e0 004cc5dc
0x00415c90,FUN_00415c90,OK,0,0,0,0,,
0x00415d30,FUN_00415d30,OK,9,0,6,4,,004f0c78 004f0c7c 004f0c88 004f0c8c
0x00415f40,FUN_00415f40,OK,1,0,0,0,,
0x00415fb0,FUN_00415fb0,OK,5,0,6,0,,
0x00416240,FUN_00416240,OK,0,0,0,0,,
0x00416290,FUN_00416290,OK,0,0,0,0,,
0x004162b0,FUN_004162b0,OK,1,0,0,0,,
0x00416390,FUN_00416390,OK,0,0,1,0,,
0x00416480,FUN_00416480,OK,7,0,14,2,,r00566868 00566950
0x00416650,FUN_00416650,OK,1,0,0,0,,
0x00416660,FUN_00416660,OK,3,0,0,0,,
0x004166e0,FUN_004166e0,OK,0,0,0,0,,
0x004167a0,FUN_004167a0,OK,3,0,1,1,,004cc5b4
0x004167e0,FUN_004167e0,OK,2,0,0,0,,
0x00416840,FUN_00416840,OK,1,0,0,0,,
0x004168d0,FUN_004168d0,OK,7,0,4,1,,r004cc4e0
0x004169d0,FUN_004169d0,OK,1,0,4,3,,004cc5b8 004cc5c0 004cc5e4
0x00416a30,FUN_00416a30,OK,1,0,0,0,,
0x00416ad0,FUN_00416ad0,OK,1,0,0,0,,
0x00416b30,FUN_00416b30,OK,2,0,1,0,,
0x00416be0,FUN_00416be0,OK,0,0,1,0,,
0x00416c90,FUN_00416c90,OK,0,0,0,0,,
0x00416d50,FUN_00416d50,OK,6,0,1,1,,r004f3a88
0x00416dd0,FUN_00416dd0,OK,1,0,0,0,,
0x00416e50,FUN_00416e50,OK,0,0,0,0,,
0x00416ef0,FUN_00416ef0,OK,0,0,0,0,,
0x00416f10,FUN_00416f10,OK,8,0,2,0,,
0x00417130,FUN_00417130,OK,5,0,2,0,,
0x00417220,FUN_00417220,OK,0,0,0,0,,
0x00417260,FUN_00417260,OK,2,0,5,4,,004cc5c4 r004daf5c r004daf6c r004daf78
0x004172c0,FUN_004172c0,OK,2,0,0,0,,
0x00417300,FUN_00417300,OK,1,0,0,0,,
0x00417360,FUN_00417360,OK,1,0,1,1,,r004f0cc0
0x00417370,FUN_00417370,OK,1,0,0,0,,
0x00417390,FUN_00417390,OK,3,0,1,0,,
0x00417430,Mission_BuildSaveRecord,OK,2,0,1,1,,r004daf9c
0x004174f0,FUN_004174f0,OK,15,0,2,0,,
0x00417640,FUN_00417640,OK,1,0,2,2,,r004dafb8 r004dafc4
0x004176b0,Mission_BuildLatePhaseFlag,OK,1,0,1,1,,r004dafcc
0x004176f0,FUN_004176f0,OK,2,0,1,1,,r0056bd58
0x00417770,FUN_00417770,OK,1,0,0,0,,
0x004177a0,FUN_004177a0,OK,1,0,0,0,,
0x004177d0,FUN_004177d0,OK,2,0,0,0,,
0x00417800,FUN_00417800,OK,0,0,0,0,,
0x00417810,FUN_00417810,OK,18,0,12,9,,004cc5c4 r004daffc r004db004 r004db00c r004db014 004db020 004db028 004db034 r004edb78
0x00417a00,FUN_00417a00,OK,30,0,16,8,,r004db054 r004db06c r004db074 r004db07c r004db088 r004db0a0 r004f0cc0 r004f3a88
0x00417d40,FUN_00417d40,OK,27,0,14,11,,r004cc5c4 r004db0ac r004db0c0 r004db0d0 r004db0f4 r004db108 r004db118 r004db128 r004db138 r004db14c r004db15c
0x00417ee0,FUN_00417ee0,OK,3,0,0,0,,
0x00417f60,FUN_00417f60,OK,1,0,0,0,,
0x00417f90,Mission_LoadObjectivesArray,OK,7,0,12,6,,004cc5a0 004cc5c4 r004db1d8 r004db1f0 r004db200 r004db210
0x00418230,Mission_LoadObjectiveTriggers,OK,8,0,11,7,,004cc5c4 r004db250 r004db260 r004db270 r004db2b0 r004db2ec r004db2f4
0x004184e0,Mission_ObjectiveStateMachine,OK,9,0,1,0,,
0x00418620,FUN_00418620,OK,5,0,1,0,,
0x004186f0,FUN_004186f0,OK,0,0,0,0,,
0x00418730,FUN_00418730,OK,2,0,0,0,,
0x00418760,Mission_ShowReviewScreen,OK,4,0,5,4,,004cc5c4 004cefe0 004cefe4 00779aa0
0x004188f0,FUN_004188f0,OK,2,0,1,0,,
0x00418940,FUN_00418940,OK,4,0,16,1,,004cc5c4
0x00418c30,FUN_00418c30,OK,1,0,1,0,,
0x00418c70,FUN_00418c70,OK,13,0,2,1,,r004f3a88
0x00418d40,Mission_TickAndCheckObjectiveCompletion,OK,13,0,7,0,,
0x00418fb0,FUN_00418fb0,OK,2,0,2,0,,
0x00419010,FUN_00419010,OK,2,0,3,1,,r004f3ca8
0x00419050,FUN_00419050,OK,9,0,21,8,,004cc5c4 r004db3f8 r004db408 r004db410 r004db41c r004db428 r004db448 r0056bd58
0x004192d0,FUN_004192d0,OK,8,0,2,0,,
0x004193c0,FUN_004193c0,OK,6,0,4,3,,r004db460 r004db46c 004db478
0x00419470,FUN_00419470,OK,0,0,0,0,,
0x00419490,FUN_00419490,OK,2,0,1,0,,
0x00419500,MPExitPanel_BuildWidgets,OK,15,0,5,1,,r0056bd24
0x00419650,FUN_00419650,OK,3,0,1,1,,r0056bd24
0x00419740,MPExitScreen_Create,OK,5,0,5,0,,
0x00419800,FUN_00419800,OK,3,0,2,1,,r004f3ca8
0x00419830,FUN_00419830,OK,2,0,2,1,,r004f3ca8
0x00419850,FUN_00419850,OK,2,0,0,0,,
0x00419870,FUN_00419870,OK,2,0,1,0,,
0x004198d0,FUN_004198d0,OK,12,0,2,2,,r004da3d8 r004f329c
0x00419940,FUN_00419940,OK,4,0,3,2,,004cc0b0 r004da3d8
0x00419990,FUN_00419990,OK,8,0,9,4,,004cc0b0 004cc4dc 004cc660 004cc664
0x00419aa0,MPNewGamePanel_BuildWidgets,OK,18,0,47,1,,004cc5c4
0x0041a160,FUN_0041a160,OK,3,0,2,1,,r004f3ca8
0x0041a190,FUN_0041a190,OK,4,0,3,0,,
0x0041a200,FUN_0041a200,OK,4,0,4,0,,
0x0041a290,FUN_0041a290,OK,0,0,0,0,,
0x0041a2a0,FUN_0041a2a0,OK,1,0,2,2,,004cc5d0 004cfb90
0x0041a2d0,FUN_0041a2d0,OK,2,0,3,2,,004cc5c4 004cc5d4
0x0041a350,FUN_0041a350,OK,2,0,2,1,,004cc5c4
0x0041a3d0,FUN_0041a3d0,OK,2,0,0,0,,
0x0041a400,FUN_0041a400,OK,6,0,1,0,,
0x0041a570,FUN_0041a570,OK,2,0,0,0,,
0x0041a590,FUN_0041a590,OK,2,0,0,0,,
0x0041a5b0,FUN_0041a5b0,OK,17,0,4,2,,r004f0cc0 r004f3ca8
0x0041a7b0,FUN_0041a7b0,OK,5,0,0,0,,
0x0041a820,FUN_0041a820,OK,3,0,2,1,,004cc5c4
0x0041a9c0,FUN_0041a9c0,OK,3,0,2,1,,004cc5c4
0x0041ab70,FUN_0041ab70,OK,1,0,1,1,,r004f32a0
0x0041ab80,FUN_0041ab80,OK,1,0,0,0,,
0x0041aba0,FUN_0041aba0,OK,0,0,1,0,,
0x0041abc0,FUN_0041abc0,OK,2,0,0,0,,
0x0041abe0,FUN_0041abe0,OK,0,0,3,0,,
0x0041ac50,MPNewGameScreen_Create,OK,12,0,2,1,,r004da3d8
0x0041ad20,FUN_0041ad20,OK,4,0,2,2,,004cc0b0 r004da3d8
0x0041ad80,FUN_0041ad80,OK,1,0,3,1,,r004f3ca8
0x0041ada0,FUN_0041ada0,OK,4,0,7,0,,
0x0041ae90,FUN_0041ae90,OK,2,0,0,0,,
0x0041aeb0,FUN_0041aeb0,OK,6,0,1,0,,
0x0041af50,FUN_0041af50,OK,3,0,0,0,,
0x0041b150,FUN_0041b150,OK,9,0,2,1,,r004cc65c
0x0041b510,FUN_0041b510,OK,4,0,2,2,,004cc654 r004cc65c
0x0041b660,FUN_0041b660,OK,2,0,0,0,,
0x0041b680,FUN_0041b680,OK,1,0,1,1,,004cc654
0x0041b6a0,FUN_0041b6a0,OK,6,0,0,0,,
0x0041b8d0,FUN_0041b8d0,OK,2,0,0,0,,
0x0041b8f0,FUN_0041b8f0,OK,2,0,0,0,,
0x0041b910,FUN_0041b910,OK,2,0,0,0,,
0x0041b930,FUN_0041b930,OK,2,0,0,0,,
0x0041b950,FUN_0041b950,OK,10,0,0,0,,
0x0041bab0,FUN_0041bab0,OK,0,0,1,0,,
0x0041bb30,FUN_0041bb30,OK,8,0,1,1,,r004db5ec
0x0041bbf0,FUN_0041bbf0,OK,11,0,0,0,,
0x0041bd20,FUN_0041bd20,OK,5,0,3,2,,r004f36d0 r004f36d4
0x0041bd80,NetExitPanel_BuildWidgets,OK,9,0,10,0,,
0x0041be70,FUN_0041be70,OK,1,0,2,1,,r004f3ca8
0x0041be90,FUN_0041be90,OK,2,0,0,0,,
0x0041beb0,FUN_0041beb0,OK,2,0,1,0,,
0x0041bf10,FUN_0041bf10,OK,2,0,1,0,,
0x0041bf40,FUN_0041bf40,OK,6,0,1,0,,
0x0041bfa0,FUN_0041bfa0,OK,6,0,1,0,,
0x0041c000,NetExitDialog_InitOnGameLoad,OK,2,0,2,0,,
0x0041c070,FUN_0041c070,OK,0,0,1,0,,
0x0041c080,FUN_0041c080,OK,0,0,2,0,,
0x0041c0a0,FUN_0041c0a0,OK,0,0,1,0,,
0x0041c0c0,FUN_0041c0c0,OK,1,0,2,2,,r004cc65c 004cc678
0x0041c130,FUN_0041c130,OK,1,0,1,1,,r004cc65c
0x0041c170,FUN_0041c170,OK,4,0,6,0,,
0x0041c270,FUN_0041c270,OK,2,0,0,0,,
0x0041c290,FUN_0041c290,OK,9,0,12,0,,
0x0041c3b0,FUN_0041c3b0,OK,5,0,0,0,,
0x0041c3e0,FUN_0041c3e0,OK,2,0,0,0,,
0x0041c400,FUN_0041c400,OK,4,0,1,0,,
0x0041c480,FUN_0041c480,OK,2,0,0,0,,
0x0041c4a0,FUN_0041c4a0,OK,2,0,0,0,,
0x0041c4c0,FUN_0041c4c0,OK,2,0,0,0,,
0x0041c4e0,FUN_0041c4e0,OK,2,0,0,0,,
0x0041c500,FUN_0041c500,OK,7,0,2,1,,r004f3ca8
0x0041c560,FUN_0041c560,OK,3,0,1,0,,
0x0041c5f0,FUN_0041c5f0,OK,0,0,3,0,,
0x0041c610,FUN_0041c610,OK,2,0,0,0,,
0x0041c630,FUN_0041c630,OK,0,0,3,0,,
0x0041c6a0,FUN_0041c6a0,OK,1,0,0,0,,
0x0041c6c0,FUN_0041c6c0,OK,1,0,2,1,,r004f3ca8
0x0041c6e0,FUN_0041c6e0,OK,4,0,5,0,,
0x0041c7d0,FUN_0041c7d0,OK,2,0,0,0,,
0x0041c7f0,FUN_0041c7f0,OK,4,0,1,0,,
0x0041c990,FUN_0041c990,OK,1,0,14,0,,
0x0041ca00,FUN_0041ca00,OK,1,0,0,0,,
0x0041ca30,FUN_0041ca30,OK,6,0,5,2,,r004cc65c 004db6d8
0x0041cb50,FUN_0041cb50,OK,1,0,1,1,,r004cc65c
0x0041cb90,FUN_0041cb90,OK,2,0,1,1,,r004cc65c
0x0041cbf0,FUN_0041cbf0,OK,2,0,0,0,,
0x0041cca0,FUN_0041cca0,OK,1,0,3,1,,004dbe80
0x0041ccd0,FUN_0041ccd0,OK,2,0,3,3,,r004f32f8 r004f3308 r004f3318
0x0041ccf0,FUN_0041ccf0,OK,9,0,18,10,,r004cc5c4 004db6e8 r004db6f0 r004db6f4 004db6fc r004dc16c r004dc174 r004dc17c r004dc184 r004dc1b8
0x0041ceb0,FUN_0041ceb0,OK,1,0,0,0,,
0x0041cef0,FUN_0041cef0,OK,1,0,0,0,,
0x0041cf30,FUN_0041cf30,OK,0,0,0,0,,
0x0041cf50,FUN_0041cf50,OK,6,0,10,1,,004cc5b4
0x0041d0c0,FUN_0041d0c0,OK,16,0,6,2,,004cc5c4 r004f0cc0
0x0041d220,FUN_0041d220,OK,14,0,7,1,,004cc5c4
0x0041d650,FUN_0041d650,OK,7,0,2,0,,
0x0041d8a0,FUN_0041d8a0,OK,2,0,1,1,,004cc5b4
0x0041d920,FUN_0041d920,OK,2,0,10,2,,004cc5dc 004dbe6c
0x0041da20,FUN_0041da20,OK,5,0,0,0,,
0x0041dab0,FUN_0041dab0,OK,5,0,2,1,,004cc5c4
0x0041db40,FUN_0041db40,OK,0,0,1,0,,
0x0041db60,FUN_0041db60,OK,5,0,5,1,,004cc4d8
0x0041dc30,FUN_0041dc30,OK,1,0,0,0,,
0x0041dc60,FUN_0041dc60,OK,9,0,2,2,,r004dc218 r004dc224
0x0041dd60,FUN_0041dd60,OK,0,0,9,6,,004dbe74 r004dc150 r004dc160 r004dc161 r004dc162 r004dc163
0x0041ddf0,FUN_0041ddf0,OK,2,0,3,0,,
0x0041de30,FUN_0041de30,OK,0,0,1,0,,
0x0041de70,FUN_0041de70,OK,12,0,25,5,,r004cc4d4 r004cc5dc 004dc054 004dc056 r004dc260
0x0041e1a0,FUN_0041e1a0,OK,1,0,1,0,,
0x0041e1c0,FUN_0041e1c0,OK,0,0,1,0,,
0x0041e1e0,FUN_0041e1e0,OK,0,0,8,6,,004dbe74 004dc150 004dc160 004dc161 004dc162 004dc163
0x0041e240,FUN_0041e240,OK,1,0,2,0,,
0x0041e270,FUN_0041e270,OK,1,0,0,0,,
0x0041e2f0,FUN_0041e2f0,OK,1,0,2,0,,
0x0041e330,FUN_0041e330,OK,6,0,3,1,,r004f3328
0x0041e430,FUN_0041e430,OK,0,0,1,0,,
0x0041e480,FUN_0041e480,OK,2,0,3,0,,
0x0041e540,FUN_0041e540,OK,0,0,0,0,,
0x0041e5d0,Engine_TimedEventQueueTick,OK,2,0,5,0,,
0x0041e6c0,FUN_0041e6c0,OK,11,0,0,0,,
0x0041e780,Pickup_BuildSaveRecords,OK,1,0,1,0,,
0x0041e840,FUN_0041e840,OK,2,0,3,1,,r004f3318
0x0041e890,FUN_0041e890,OK,3,0,4,0,,
0x0041e900,FUN_0041e900,OK,0,0,0,0,,
0x0041e930,FUN_0041e930,OK,0,0,0,0,,
0x0041e950,FUN_0041e950,OK,0,0,0,0,,
0x0041e960,FUN_0041e960,OK,0,0,1,0,,
0x0041e970,FUN_0041e970,OK,0,0,1,0,,
0x0041e980,FUN_0041e980,OK,0,0,9,5,,004dc038 004dc039 004dc03a 004dc050 004dc051
0x0041ea00,FUN_0041ea00,OK,0,0,4,0,,
0x0041ea30,FUN_0041ea30,OK,4,0,0,0,,
0x0041eb00,FUN_0041eb00,OK,1,0,1,1,,r004f3778
0x0041eb10,FUN_0041eb10,OK,1,0,0,0,,
0x0041eb30,FUN_0041eb30,OK,1,0,1,0,,
0x0041eb60,FUN_0041eb60,OK,1,0,1,1,,r004f3650
0x0041eb70,FUN_0041eb70,OK,1,0,0,0,,
0x0041eb90,FUN_0041eb90,OK,1,0,1,0,,
0x0041ebb0,FUN_0041ebb0,OK,2,0,0,0,,
0x0041ec40,FUN_0041ec40,OK,1,0,1,1,,r004f37b0
0x0041ec60,FUN_0041ec60,OK,1,0,0,0,,
0x0041ec90,FUN_0041ec90,OK,1,0,1,1,,r004f33a8
0x0041ecb0,FUN_0041ecb0,OK,1,0,0,0,,
0x0041ecd0,FUN_0041ecd0,OK,8,0,4,0,,
0x0041ef40,FUN_0041ef40,OK,0,0,4,0,,
0x0041ef60,FUN_0041ef60,OK,1,0,0,0,,
0x0041efa0,FUN_0041efa0,OK,3,0,2,0,,
0x0041f010,Player_FillSaveRecordFields,OK,2,0,5,0,,
0x0041f1d0,FUN_0041f1d0,OK,16,0,8,1,,r004f3a88
0x0041f5b0,FUN_0041f5b0,OK,1,0,3,2,,r004dacd8 r004dc2d4
0x0041f5f0,Player_BuildSaveRecord,OK,2,0,2,1,,r004f36a4
0x0041f6a0,Vehicle_BuildListSaveRecord,OK,1,0,2,0,,
0x0041fb80,FUN_0041fb80,OK,5,0,21,1,,r0056bd58
0x0041fd20,FUN_0041fd20,OK,4,0,9,1,,004cc5b4
0x0041fe40,FUN_0041fe40,OK,0,0,1,0,,
0x0041fe50,FUN_0041fe50,OK,2,0,3,0,,
0x0041fe90,Player_InitPhysicsGlobalsAndVehicleClasses,OK,51,0,107,29,,r004dc388 r004dc39c r004dc3a4 r004dc3b0 r004dc3c0 r004dc3d0 r004dc3dc r004dc3e8 r004dc3f4 r004dc400 r004dc40c r004dc418 r004dc424 r004dc430 r004dc448 r004dc458 r004dc468 r004dc478 r004dc488 r004dc494 r004dc4a8 r004dc4b4 r004dc4c0 r004dc4cc r004e5b50 r004f0cc0 r004f0db0 r0056bd24 r0056bd58
0x00420be0,FUN_00420be0,OK,5,0,2,1,,r004dc4d4
0x00420c60,FUN_00420c60,OK,7,0,3,1,,004dc4e0
0x00420d10,Vehicle_ResolveClassConfigAndNetAssignment,OK,18,0,34,16,,r004cc59c 004cc5c4 r004db5ec r004dc4f0 r004dc4f8 r004dc504 r004dc510 r004dc518 r004dc520 r004dc540 r004dc54c r004dc55c r004dc56c r004dc57c r004dc590 r004dc5a0
0x00421470,FUN_00421470,OK,5,0,18,12,,r004cc5c4 r004dc620 r004dc628 r004dc630 r004dc63c r004dc650 r004dc65c r004dc664 r004dc66c r004dc674 r004dc67c r004dc688
0x00421790,FUN_00421790,OK,2,0,1,0,,
0x00421830,FUN_00421830,OK,10,0,4,1,,r004f36b8
0x00421a40,FUN_00421a40,OK,6,0,1,1,,r004f36b8
0x00421ab0,Vehicle_SpawnInstanceFromConfig,OK,20,0,19,4,,004cc59c r004dc6c0 r004f0cc0 r004f36b8
0x00421d60,FUN_00421d60,OK,1,0,0,0,,
0x00421da0,FUN_00421da0,OK,1,0,0,0,,
0x00421de0,FUN_00421de0,OK,1,0,0,0,,
0x00421e20,FUN_00421e20,OK,1,0,4,3,,004cc4cc 004cc590 004cc5c4
0x00421ea0,FUN_00421ea0,OK,1,0,1,0,,
0x00421ed0,FUN_00421ed0,OK,3,0,2,1,,004cc5c4
0x004220f0,FUN_004220f0,OK,3,0,2,1,,004cc5c4
0x00422170,FUN_00422170,OK,5,0,18,17,,r004da14c r004da15c r004dc388 r004dc6e8 r004dc6f0 r004dc6f8 r004dc700 r004dc710 r004dc720 r004dc728 r004dc730 r004dc73c r004dc748 r004dc750 r004dc760 r004dc76c r004dc774
0x004226d0,Vehicle_LoadClassPhysicsConfig,OK,3,0,50,40,,r004cc5cc r004dc76c r004dc77c r004dc78c r004dc798 r004dc7a0 r004dc7a8 r004dc7b4 r004dc7bc r004dc7c4 r004dc7cc r004dc7d8 r004dc7e4 r004dc7f0 r004dc7fc r004dc808 r004dc814 r004dc820 r004dc82c r004dc838 r004dc844 r004dc850 r004dc85c r004dc868 r004dc874 r004dc880 r004dc88c r004dc898 r004dc8a0 r004dc8ac r004dc8b8 r004dc8c8 r004dc8d8 r004dc8e0 r004dc8f0 r004dc904 r004dc910 r004dc91c r004dc924 r004dc930
0x00423150,Name_StripNumericSuffix,OK,0,0,1,1,,004cc4d4
0x004231b0,FUN_004231b0,OK,8,0,2,0,,
0x00423380,FUN_00423380,OK,0,0,0,0,,
0x004233b0,FUN_004233b0,OK,0,0,0,0,,
0x00423400,FUN_00423400,OK,0,0,0,0,,
0x00423440,FUN_00423440,OK,1,0,0,0,,
0x00423450,FUN_00423450,OK,1,0,0,0,,
0x00423460,FUN_00423460,OK,8,0,1,1,,r004f3a98
0x00423530,FUN_00423530,OK,1,0,0,0,,
0x004236b0,FUN_004236b0,OK,2,0,8,0,,
0x00423b10,FUN_00423b10,OK,4,0,3,1,,r004f36b8
0x00423c20,FUN_00423c20,OK,3,0,4,0,,
0x00423fc0,FUN_00423fc0,OK,2,0,0,0,,
0x00424010,FUN_00424010,OK,0,0,0,0,,
0x00424110,FUN_00424110,OK,3,0,0,0,,
0x00424150,FUN_00424150,OK,4,0,4,1,,r004f36b8
0x00424210,FUN_00424210,OK,2,0,1,0,,
0x00424270,FUN_00424270,OK,9,0,8,1,,r004f36b4
0x004248e0,FUN_004248e0,OK,1,0,7,0,,
0x00424ac0,FUN_00424ac0,OK,3,0,2,0,,
0x00424bf0,FUN_00424bf0,OK,0,0,4,0,,
0x00424c90,FUN_00424c90,OK,1,0,0,0,,
0x00424d00,FUN_00424d00,OK,4,0,3,0,,
0x00424ed0,FUN_00424ed0,OK,3,0,0,0,,
0x00425060,FUN_00425060,OK,3,0,2,1,,004cc4d8
0x00425150,FUN_00425150,OK,1,0,2,0,,
0x004251f0,FUN_004251f0,OK,2,0,0,0,,
0x00425770,FUN_00425770,OK,1,0,2,0,,
0x00425920,FUN_00425920,OK,4,0,2,0,,
0x00425a20,Vehicle_ReadPlayerControlInput,OK,18,0,23,2,,004d0758 004f3ac4
0x00426330,Vehicle_ResetLookOffset,OK,1,0,0,0,,
0x00426350,FUN_00426350,OK,0,0,1,0,,
0x00426390,Vehicle_MainUpdateTick,OK,17,0,17,0,,
0x004266b0,Vehicle_DispatchMovementPhysics,OK,8,0,2,1,,r004f36b4
0x00426770,FUN_00426770,OK,27,0,12,0,,
0x00427140,FUN_00427140,OK,14,0,4,0,,
0x00427440,FUN_00427440,OK,9,0,14,0,,
0x004279f0,FUN_004279f0,OK,19,0,5,0,,
0x00427ec0,FUN_00427ec0,OK,9,0,13,1,,004d07b0
0x00428120,FUN_00428120,OK,10,0,1,0,,
0x00428350,FUN_00428350,OK,1,0,0,0,,
0x004283f0,FUN_004283f0,OK,0,0,2,0,,
0x00428490,FUN_00428490,OK,1,0,3,0,,
0x00428520,Vehicle_UpdateSubModePhysics,OK,18,0,12,0,,
0x004289f0,Vehicle_UpdateGroundClearanceAndAutoAmphib,OK,5,0,8,0,,
0x00428c20,FUN_00428c20,OK,1,0,8,1,,0056b428
0x00428d60,FUN_00428d60,OK,6,0,8,2,,r004f36b8 r004f3a88
0x004290f0,FUN_004290f0,OK,0,0,2,0,,
0x00429240,FUN_00429240,OK,0,0,2,0,,
0x00429430,FUN_00429430,OK,5,0,0,0,,
0x004294d0,FUN_004294d0,OK,1,0,0,0,,
0x00429560,FUN_00429560,OK,7,0,7,1,,0056b424
0x00429750,FUN_00429750,OK,1,0,3,0,,
0x00429870,FUN_00429870,OK,3,0,5,0,,
0x00429b40,FUN_00429b40,OK,2,0,5,0,,
0x00429d30,FUN_00429d30,OK,2,0,2,0,,
0x00429ed0,FUN_00429ed0,OK,1,0,0,0,,
0x00429ef0,FUN_00429ef0,OK,1,0,0,0,,
0x00429f20,FUN_00429f20,OK,0,0,4,0,,
0x00429f40,FUN_00429f40,OK,1,0,0,0,,
0x00429f80,FUN_00429f80,OK,2,0,2,0,,
0x0042a000,FUN_0042a000,OK,3,0,1,0,,
0x0042a070,FUN_0042a070,OK,8,0,5,0,,
0x0042a2c0,FUN_0042a2c0,OK,6,0,1,0,,
0x0042a480,FUN_0042a480,OK,0,0,2,0,,
0x0042a4a0,FUN_0042a4a0,OK,0,0,1,0,,
0x0042a4b0,FUN_0042a4b0,OK,0,0,1,0,,
0x0042a4d0,FUN_0042a4d0,OK,0,0,1,0,,
0x0042a4e0,FUN_0042a4e0,OK,1,0,1,1,,r004f3af0
0x0042a4f0,FUN_0042a4f0,OK,1,0,1,1,,r004f3af0
0x0042a500,FUN_0042a500,OK,3,0,2,1,,r004f3ad8
0x0042a550,FUN_0042a550,OK,5,0,1,0,,
0x0042a9d0,FUN_0042a9d0,OK,0,0,0,0,,
0x0042a9f0,FUN_0042a9f0,OK,1,0,5,4,,004d0848 004d084c 004f311c 00779aa0
0x0042aa40,FUN_0042aa40,OK,0,0,1,0,,
0x0042aa50,FUN_0042aa50,OK,5,0,17,4,,r004cc5c4 004d0850 004d0858 r004f3764
0x0042ac90,Vehicle_TransitionToTrackMode,OK,13,0,5,0,,
0x0042aeb0,Vehicle_TransitionToAmphibMode,OK,14,0,5,0,,
0x0042b0f0,Vehicle_TransitionToHoverMode,OK,11,0,5,0,,
0x0042b2a0,Vehicle_TransitionToSubMode,OK,14,0,4,0,,
0x0042b4a0,FUN_0042b4a0,OK,1,0,0,0,,
0x0042b4c0,Vehicle_TransitionToFlyModeUnused,OK,1,0,2,0,,
0x0042b520,Vehicle_RequestModeTransitionByEnum,OK,5,0,1,0,,
0x0042b5a0,FUN_0042b5a0,OK,2,0,5,0,,
0x0042b630,FUN_0042b630,OK,4,0,9,4,,r004db5ec r004dc3a4 r004dca70 r004dca7c
0x0042b6e0,FUN_0042b6e0,OK,1,0,0,0,,
0x0042b810,FUN_0042b810,OK,3,0,1,0,,
0x0042b8c0,FUN_0042b8c0,OK,1,0,1,0,,
0x0042b970,FUN_0042b970,OK,0,0,0,0,,
0x0042ba50,FUN_0042ba50,OK,2,0,1,1,,r004f36b8
0x0042bab0,Vehicle_ComputeAimYawToPoint,OK,1,0,0,0,,
0x0042bb30,Game_HandleStateEvent,OK,27,0,11,4,,r004dca88 r004dca90 r004dca98 r004f0cc0
0x0042be00,FUN_0042be00,OK,1,0,2,0,,
0x0042be70,FUN_0042be70,OK,3,0,1,1,,r004f36a4
0x0042bed0,FUN_0042bed0,OK,0,0,0,0,,
0x0042bf40,FUN_0042bf40,OK,3,0,3,1,,r004dcaa0
0x0042bf90,Vehicle_UpdateTrackModeContactAndBuoyancy,OK,9,0,3,0,,
0x0042c0d0,FUN_0042c0d0,OK,6,0,17,0,,
0x0042c2e0,FUN_0042c2e0,OK,2,0,7,0,,
0x0042c420,FUN_0042c420,OK,0,0,7,0,,
0x0042c520,FUN_0042c520,OK,2,0,4,0,,
0x0042c640,FUN_0042c640,OK,4,0,5,0,,
0x0042c8d0,FUN_0042c8d0,OK,2,0,5,0,,
0x0042ca40,FUN_0042ca40,OK,3,0,6,0,,
0x0042cb50,FUN_0042cb50,OK,1,0,4,0,,
0x0042cbd0,FUN_0042cbd0,OK,0,0,1,0,,
0x0042cc00,FUN_0042cc00,OK,2,0,10,0,,
0x0042cde0,FUN_0042cde0,OK,0,0,1,0,,
0x0042ce50,FUN_0042ce50,OK,1,0,2,0,,
0x0042cf60,FUN_0042cf60,OK,0,0,5,0,,
0x0042cf90,FUN_0042cf90,OK,6,0,21,2,,r004f36b8 r004f3a88
0x0042d320,FUN_0042d320,OK,4,0,7,0,,
0x0042d560,FUN_0042d560,OK,0,0,1,0,,
0x0042d5c0,Vehicle_UpdateWaterBuoyancyAndAutoTransition,OK,8,0,12,2,,r004f3734 r004f3740
0x0042da40,FUN_0042da40,OK,4,0,1,0,,
0x0042db50,FUN_0042db50,OK,0,0,0,0,,
0x0042dc30,FUN_0042dc30,OK,0,0,2,0,,
0x0042dcf0,FUN_0042dcf0,OK,0,0,2,0,,
0x0042dda0,FUN_0042dda0,OK,0,0,1,1,,r004cc0e8
0x0042de00,FUN_0042de00,OK,0,0,0,0,,
0x0042de30,FUN_0042de30,OK,1,0,1,1,,r004f3ca8
0x0042de40,FUN_0042de40,OK,1,0,0,0,,
0x0042de60,FUN_0042de60,OK,2,0,2,0,,
0x0042df10,FUN_0042df10,OK,1,0,2,0,,
0x0042df50,FUN_0042df50,OK,1,0,2,0,,
0x0042df90,FUN_0042df90,OK,0,0,1,0,,
0x0042dfa0,FUN_0042dfa0,OK,5,0,7,0,,
0x0042e070,FUN_0042e070,OK,1,0,2,0,,
0x0042e0b0,FUN_0042e0b0,OK,2,0,0,0,,
0x0042e0d0,FUN_0042e0d0,OK,2,0,0,0,,
0x0042e0f0,FUN_0042e0f0,OK,2,0,0,0,,
0x0042e110,FUN_0042e110,OK,2,0,1,0,,
0x0042e170,FUN_0042e170,OK,5,0,12,0,,
0x0042e220,RecoilApp_PostSubsystemInit,OK,16,0,7,4,,004cc4dc 004cc648 r004dcad4 r004f3ef8
0x0042e330,RecoilApp_InitVideoAndHSEDevice,OK,19,0,5,3,,004cc4dc r004cc4f8 004cc4fc
0x0042e430,FUN_0042e430,OK,13,0,0,0,,
0x0042e490,FUN_0042e490,OK,3,0,3,2,,r004dcb4c r004f0cc0
0x0042e4d0,FUN_0042e4d0,OK,3,0,1,1,,r004f0cc0
0x0042e5da,RecoilApp_BootstrapAndCDCheck,OK,22,0,21,14,,004cc0b4 004cc0dc 004cc0ec 004cc0f4 004cc0fc r004cc5a0 004cc5c4 r004cc660 r004cc664 r004dcb4c r004dcb5c r004dcb70 r004dcb74 004dcb9c
0x0042e990,FUN_0042e990,OK,2,0,6,5,,004cc628 004cc62c 004cc630 004cc634 004dcac8
0x0042ea20,FUN_0042ea20,OK,13,0,4,0,,
0x0042eac0,FUN_0042eac0,OK,2,0,4,1,,r004f3ca8
0x0042eb10,FUN_0042eb10,OK,1,0,0,0,,
0x0042eb20,FUN_0042eb20,OK,5,0,0,0,,
0x0042eb60,FUN_0042eb60,OK,1,0,0,0,,
0x0042eb70,FUN_0042eb70,OK,1,0,3,0,,
0x0042ebd0,FUN_0042ebd0,OK,2,0,0,0,,
0x0042ebf0,FUN_0042ebf0,OK,7,0,5,1,,004cc670
0x0042ec80,FUN_0042ec80,OK,2,0,2,1,,r004f3ca8
0x0042eca0,FUN_0042eca0,OK,1,0,0,0,,
0x0042ecb0,FUN_0042ecb0,OK,5,0,6,3,,r004cc5c4 r004dcb70 r004dcc3c
0x0042ed30,FUN_0042ed30,OK,1,0,3,0,,
0x0042ed90,FUN_0042ed90,OK,2,0,0,0,,
0x0042edb0,FUN_0042edb0,OK,5,0,5,1,,r004f0cc0
0x0042ee40,FUN_0042ee40,OK,0,0,0,0,,
0x0042ee50,FUN_0042ee50,OK,1,0,0,0,,
0x0042ee70,FUN_0042ee70,OK,2,0,2,1,,r004f3ca8
0x0042eea0,FUN_0042eea0,OK,0,0,1,0,,
0x0042eec0,FUN_0042eec0,OK,1,0,0,0,,
0x0042eecd,FUN_0042eecd,OK,0,0,0,0,,
0x0042eed0,FUN_0042eed0,OK,58,0,19,7,,004cc5b4 004cc624 r004dcc88 r004dcc90 r004dcca8 r004f0cc0 r004f0df8
0x0042f280,FUN_0042f280,OK,42,0,13,1,,r004f0cc0
0x0042f5e0,FUN_0042f5e0,OK,23,0,13,1,,004cee50
0x0042f890,FUN_0042f890,OK,1,0,0,0,,
0x0042f8e0,FUN_0042f8e0,OK,13,0,9,5,,004cc624 r004db14c r004dccc8 r004dccdc r004f0cc0
0x0042f9d0,FUN_0042f9d0,OK,3,0,1,1,,r004f3ca8
0x0042f9f0,FUN_0042f9f0,OK,3,0,0,0,,
0x0042fa80,FUN_0042fa80,OK,2,0,0,0,,
0x0042faa0,FUN_0042faa0,OK,0,0,0,0,,
0x0042fac0,FUN_0042fac0,OK,1,0,3,3,,004d0bb8 004d0bbc 004d0bc0
0x0042fb50,FUN_0042fb50,OK,1,0,8,7,,004d0bb8 004d0bc0 004d0bc4 004d0bc8 004d0bcc 004d0bd0 004d0bd8
0x0042fc90,FUN_0042fc90,OK,1,0,8,7,,004d0bb8 004d0bbc 004d0bc0 004d0bc4 004d0bc8 004d0bcc 004d0bd0
0x0042fdc0,FUN_0042fdc0,OK,1,0,10,0,,
0x0042ffa0,FUN_0042ffa0,OK,2,0,4,4,,004d0bb8 004d0bc0 004d0bdc r004d2850
0x00430070,FUN_00430070,OK,1,0,1,1,,r004d2850
0x00430100,FUN_00430100,OK,2,0,4,4,,004d0bb8 004d0bc0 004d0bdc r004d2880
0x004301e0,FUN_004301e0,OK,2,0,1,0,,
0x00430240,FUN_00430240,OK,0,0,1,0,,
0x00430250,FUN_00430250,OK,15,0,33,19,,004cc004 004cc00c 004cc0f8 004cc4c0 004cc5b4 r004cc5cc 004cc5e4 004cc60c 004cc610 r004cc614 r004cc618 004cc61c 004cc620 r004cc640 004cc644 004da97c 004dcac8 004dcd28 004dcd4c
0x004305f0,FUN_004305f0,OK,2,0,0,0,,
0x00430610,FUN_00430610,OK,2,0,4,0,,
0x00430680,FUN_00430680,OK,0,0,3,3,,004cc610 004cc66c 004cc69c
0x004306f0,FUN_004306f0,OK,1,0,3,0,,
0x004308c0,FUN_004308c0,OK,2,0,0,0,,
0x004309b0,FUN_004309b0,OK,2,0,0,0,,
0x004309d0,FUN_004309d0,OK,2,0,0,0,,
0x004309f0,FUN_004309f0,OK,2,0,0,0,,
0x00430a10,FUN_00430a10,OK,2,0,0,0,,
0x00430a30,FUN_00430a30,OK,2,0,0,0,,
0x00430a50,FUN_00430a50,OK,2,0,0,0,,
0x00430c30,FUN_00430c30,OK,3,0,1,0,,
0x00431330,FUN_00431330,OK,1,0,2,1,,004cc61c
0x00431380,FUN_00431380,OK,2,0,1,1,,004cc61c
0x00431610,FUN_00431610,OK,7,0,1,0,,
0x00431680,FUN_00431680,OK,6,0,0,0,,
0x00431730,FUN_00431730,OK,5,0,0,0,,
0x00431b50,FUN_00431b50,OK,1,0,1,0,,
0x00431b70,FUN_00431b70,OK,0,0,1,0,,
0x00431b80,FUN_00431b80,OK,2,0,0,0,,
0x00431ba0,FUN_00431ba0,OK,1,0,3,0,,
0x00431c50,FUN_00431c50,OK,2,0,6,0,,
0x00431dd0,FUN_00431dd0,OK,23,0,23,5,,004cc0b0 004cc4dc 004cc660 004cc664 r004dcfb4
0x004320b0,FUN_004320b0,OK,2,0,1,1,,r004cc0b0
0x004320f0,FUN_004320f0,OK,4,0,9,1,,r0056bd24
0x004321b0,FUN_004321b0,OK,1,0,1,0,,
0x004322a0,FUN_004322a0,OK,1,0,11,0,,
0x00432300,FUN_00432300,OK,14,0,46,1,,r004dcfbc
0x00432830,FUN_00432830,OK,0,0,1,0,,
0x00432860,FUN_00432860,OK,24,0,15,7,,004cc5c4 r004dc510 r004dc528 r004dc6c0 r004f36b8 r004f3f10 r0056bd24
0x00432ae0,FUN_00432ae0,OK,5,0,2,0,,
0x00432d60,FUN_00432d60,OK,6,0,1,1,,004d12a0
0x00432e70,FUN_00432e70,OK,3,0,2,0,,
0x00433000,FUN_00433000,OK,3,0,1,1,,r004f3a88
0x00433060,FUN_00433060,OK,5,0,0,0,,
0x004330f0,FUN_004330f0,OK,4,0,0,0,,
0x00433170,FUN_00433170,OK,5,0,3,0,,
0x00433200,FUN_00433200,OK,0,0,3,0,,
0x00433250,FUN_00433250,OK,4,0,9,2,,r004dcfd4 r004f3ca8
0x00433310,FUN_00433310,OK,5,0,4,0,,
0x00433390,FUN_00433390,OK,5,0,7,0,,
0x00433410,FUN_00433410,OK,6,0,7,1,,r004f3ca8
0x004334f0,FUN_004334f0,OK,4,0,4,2,,004cc5b4 004cc5dc
0x004335b0,FUN_004335b0,OK,7,0,5,0,,
0x004336f0,FUN_004336f0,OK,0,0,1,0,,
0x00433710,FUN_00433710,OK,0,0,2,0,,
0x00433730,FUN_00433730,OK,0,0,1,0,,
0x00433740,FUN_00433740,OK,0,0,1,0,,
0x00433750,FUN_00433750,OK,2,0,2,2,,004cc5b4 004cc5dc
0x00433840,FUN_00433840,OK,11,0,4,1,,r004f0cc0
0x004339d0,FUN_004339d0,OK,1,0,2,0,,
0x00433a40,FUN_00433a40,OK,0,0,0,0,,
0x00433a50,FUN_00433a50,OK,2,0,1,1,,r004dcd88
0x00433ad0,FUN_00433ad0,OK,5,0,9,0,,
0x00433b70,FUN_00433b70,OK,6,0,0,0,,
0x00433c30,FUN_00433c30,OK,4,0,8,0,,
0x00433ca0,FUN_00433ca0,OK,4,0,9,0,,
0x00433d40,FUN_00433d40,OK,5,0,0,0,,
0x00433de0,FUN_00433de0,OK,3,0,7,0,,
0x00433e40,FUN_00433e40,OK,2,0,4,0,,
0x00433e70,FUN_00433e70,OK,2,0,4,0,,
0x00433ea0,FUN_00433ea0,OK,3,0,2,2,,004cc5b4 004cc5dc
0x00434050,FUN_00434050,OK,2,0,7,0,,
0x004340c0,FUN_004340c0,OK,2,0,1,0,,
0x00434130,FUN_00434130,OK,2,0,8,0,,
0x00434370,FUN_00434370,OK,3,0,3,2,,004cc5b4 004cc5dc
0x00434430,FUN_00434430,OK,4,0,0,0,,
0x00434460,FUN_00434460,OK,2,0,6,0,,
0x00434550,FUN_00434550,OK,3,0,0,0,,
0x004345a0,FUN_004345a0,OK,2,0,1,0,,
0x00434650,FUN_00434650,OK,1,0,0,0,,
0x00434660,FUN_00434660,OK,0,0,1,1,,004cc108
0x00434680,FUN_00434680,OK,14,0,20,1,,004cc5c4
0x004348b0,FUN_004348b0,OK,4,0,0,0,,
0x004348f0,FUN_004348f0,OK,1,0,2,2,,004cc5d0 004d1598
0x00434950,FUN_00434950,OK,1,0,0,0,,
0x00434980,FUN_00434980,OK,2,0,0,0,,
0x004349a0,FUN_004349a0,OK,5,0,1,0,,
0x00434a80,FUN_00434a80,OK,5,0,1,0,,
0x00434b70,FUN_00434b70,OK,2,0,0,0,,
0x00434b90,FUN_00434b90,OK,14,0,20,1,,004cc5c4
0x00434dd0,FUN_00434dd0,OK,2,0,0,0,,
0x00434df0,FUN_00434df0,OK,5,0,1,0,,
0x00434ee0,FUN_00434ee0,OK,1,0,1,0,,
0x00434fb0,FUN_00434fb0,OK,7,0,6,3,,004cc4b8 004cc4bc 004cc5c4
0x00435140,FUN_00435140,OK,2,0,0,0,,
0x00435160,FUN_00435160,OK,2,0,0,0,,
0x004351b0,FUN_004351b0,OK,2,0,0,0,,
0x00435200,FUN_00435200,OK,2,0,0,0,,
0x00435220,FUN_00435220,OK,2,0,0,0,,
0x00435240,FUN_00435240,OK,7,0,5,3,,004cc4b8 004cc5c4 r004f3ca8
0x004353e0,FUN_004353e0,OK,0,0,0,0,,
0x004353f0,FUN_004353f0,OK,1,0,1,0,,
0x004355e0,FUN_004355e0,OK,6,0,3,2,,r004cc100 004cc104
0x00435a10,FUN_00435a10,OK,1,0,0,0,,
0x00435a40,FUN_00435a40,OK,1,0,1,1,,r004f3fb0
0x00435a50,FUN_00435a50,OK,1,0,0,0,,
0x00435a70,FUN_00435a70,OK,19,0,12,3,,004cc5c4 004cc5e4 r004f3ca8
0x00435c80,FUN_00435c80,OK,0,0,1,0,,
0x00435ca0,FUN_00435ca0,OK,2,0,0,0,,
0x00435cc0,FUN_00435cc0,OK,0,0,3,0,,
0x00435d20,FUN_00435d20,OK,10,0,5,2,,004cee50 r004da3d8
0x00435e80,FUN_00435e80,OK,6,0,1,0,,
0x00435ed0,FUN_00435ed0,OK,9,0,1,1,,r004da3d8
0x00435f50,FUN_00435f50,OK,2,0,4,1,,r004f3ca8
0x00435f80,FUN_00435f80,OK,2,0,5,1,,r004f3ca8
0x00435fd0,FUN_00435fd0,OK,2,0,0,0,,
0x004362f0,FUN_004362f0,OK,2,0,0,0,,
0x00436530,FUN_00436530,OK,1,0,0,0,,
0x00436580,FUN_00436580,OK,1,0,0,0,,
0x00436630,Turret_InitializeDefaults,OK,0,0,1,1,,r004cc4b4
0x004367a0,Turret_Construct,OK,22,0,32,26,,004cc5cc r004dad34 r004dad88 r004db5ec r004db654 r004db65c r004dd090 r004dd09c r004dd0a8 r004dd0b0 r004dd0bc r004dd0c8 r004dd0d4 r004dd0e4 r004dd0f4 r004dd10c r004dd118 r004dd128 r004dd130 r004dd13c r004dd14c r004dd158 r004dd168 r004dd178 r004dd180 r004dd18c
0x00436e00,FUN_00436e00,OK,2,0,0,0,,
0x00436e20,FUN_00436e20,OK,0,0,0,0,,
0x00436e40,Turret_UpdateAITick,OK,15,0,8,1,,r004cc4b4
0x00437430,FUN_00437430,OK,0,0,1,0,,
0x004374a0,FUN_004374a0,OK,9,0,6,1,,0056b424
0x00437730,FUN_00437730,OK,6,0,0,0,,
0x00437820,FUN_00437820,OK,7,0,5,0,,
0x00437990,FUN_00437990,OK,0,0,2,0,,
0x004379f0,FUN_004379f0,OK,2,0,3,1,,r004f41ec
0x00437aa0,FUN_00437aa0,OK,0,0,2,0,,
0x00437ab0,FUN_00437ab0,OK,1,0,0,0,,
0x00437ac0,Turret_SpawnAllFromConfig,OK,13,0,11,3,,r004dc54c r004dd13c r004dd194
0x00437d40,FUN_00437d40,OK,1,0,1,1,,r004f3fd0
0x00437d50,FUN_00437d50,OK,1,0,1,1,,r004f3fd0
0x00437d60,Turret_TakeDamage,OK,4,0,0,0,,
0x00437dc0,FUN_00437dc0,OK,5,0,5,0,,
0x00437e60,FUN_00437e60,OK,1,0,0,0,,
0x00437ea0,FUN_00437ea0,OK,3,0,0,0,,
0x00438020,FUN_00438020,OK,2,0,5,0,,
0x00438180,FUN_00438180,OK,1,0,4,0,,
0x004381d0,Engine_TweenInterpolationTick,OK,3,0,7,0,,
0x00438350,FUN_00438350,OK,4,0,3,0,,
0x004383e0,FUN_004383e0,OK,0,0,1,1,,004cc5dc
0x00438430,FUN_00438430,OK,1,0,1,1,,004cc5b4
0x004384e0,FUN_004384e0,OK,0,0,1,1,,004cc5dc
0x00438540,Vehicle_ActivateModeConfigNode,OK,1,0,0,0,,
0x004385a0,FUN_004385a0,OK,1,0,0,0,,
0x004385f0,FUN_004385f0,OK,1,0,0,0,,
0x00438630,FUN_00438630,OK,1,0,0,0,,
0x00438660,FUN_00438660,OK,1,0,0,0,,
0x00438690,Vehicle_StopModeTransitionSoundSlot,OK,1,0,0,0,,
0x004386c0,FUN_004386c0,OK,7,0,6,2,,004d1778 0056b424
0x00438920,FUN_00438920,OK,0,0,4,1,,004cc5dc
0x00438980,FUN_00438980,OK,0,0,1,0,,
0x00438990,FUN_00438990,OK,2,0,1,1,,r004db5ec
0x004389c0,FUN_004389c0,OK,5,0,0,0,,
0x00438a20,FUN_00438a20,OK,2,0,2,0,,
0x00438a70,FUN_00438a70,OK,1,0,0,0,,
0x00438a90,FUN_00438a90,OK,3,0,2,0,,
0x00438b10,FUN_00438b10,OK,1,0,1,0,,
0x00438b30,FUN_00438b30,OK,4,0,1,1,,r004f4210
0x00438b60,FUN_00438b60,OK,1,0,0,0,,
0x00438ba0,FUN_00438ba0,OK,14,0,9,3,,004cc59c r004cc5c4 r004dd1dc
0x004390d0,FUN_004390d0,OK,8,0,4,4,,r004dcfc8 r004dd200 r004dd208 r004dd210
0x00439260,FUN_00439260,OK,6,0,3,0,,
0x00439460,FUN_00439460,OK,5,0,3,0,,
0x00439540,FUN_00439540,OK,2,0,1,0,,
0x00439600,FUN_00439600,OK,1,0,0,0,,
0x00439690,FUN_00439690,OK,8,0,7,0,,
0x00439990,FUN_00439990,OK,2,0,0,0,,
0x004399c0,FUN_004399c0,OK,7,0,9,1,,r004f3748
0x00439b20,FUN_00439b20,OK,2,0,2,0,,
0x00439b70,FUN_00439b70,OK,1,0,3,1,,r004f3748
0x00439ba0,Weapon_UpdateDeployAnimState,OK,23,0,10,0,,
0x0043a400,FUN_0043a400,OK,4,0,4,0,,
0x0043a4f0,FUN_0043a4f0,OK,2,0,2,0,,
0x0043a600,FUN_0043a600,OK,8,0,6,1,,0056b424
0x0043a900,FUN_0043a900,OK,3,0,4,2,,004d17d0 0056b424
0x0043a980,FUN_0043a980,OK,1,0,1,0,,
0x0043aa30,FUN_0043aa30,OK,1,0,1,0,,
0x0043acf0,FUN_0043acf0,OK,2,0,1,0,,
0x0043afd0,FUN_0043afd0,OK,1,0,0,0,,
0x0043b1b0,FUN_0043b1b0,OK,1,0,0,0,,
0x0043b3e0,FUN_0043b3e0,OK,1,0,0,0,,
0x0043b500,FUN_0043b500,OK,0,0,6,0,,
0x0043b5d0,Vehicle_AdjustHealth,OK,1,0,2,0,,
0x0043b660,FUN_0043b660,OK,7,0,2,2,,004d17e4 004f3754
0x0043b730,FUN_0043b730,OK,3,0,3,1,,r004f373c
0x0043b790,FUN_0043b790,OK,1,0,1,0,,
0x0043b810,NetVehicle_TakeDamage,OK,2,0,0,0,,
0x0043b870,AIVehicle_TakeDamage,OK,17,0,9,0,,
0x0043bc40,FUN_0043bc40,OK,4,0,1,0,,
0x0043bcc0,Vehicle_TakeDamage,OK,23,0,13,1,,r004f36b4
0x0043c010,FUN_0043c010,OK,7,0,1,0,,
0x0043c0c0,FUN_0043c0c0,OK,4,0,0,0,,
0x0043c190,FUN_0043c190,OK,8,0,6,1,,r004f36b4
0x0043c2d0,FUN_0043c2d0,OK,1,0,2,0,,
0x0043c330,FUN_0043c330,OK,3,0,2,1,,r004f36b4
0x0043c430,FUN_0043c430,OK,5,0,2,0,,
0x0043c550,FUN_0043c550,OK,1,0,1,0,,
0x0043c630,FUN_0043c630,OK,0,0,0,0,,
0x0043c660,FUN_0043c660,OK,2,0,1,0,,
0x0043c800,FUN_0043c800,OK,1,0,0,0,,
0x0043c850,Vehicle_DeactivatePartsOnDeath,OK,8,0,0,0,,
0x0043c950,FUN_0043c950,OK,1,0,0,0,,
0x0043c9c0,FUN_0043c9c0,OK,1,0,0,0,,
0x0043ca20,Weapon_MountInit_LoadKillVerb,OK,3,0,3,3,,004cc4ac 004cc5a0 r004dd218
0x0043ca90,FUN_0043ca90,OK,2,0,1,1,,r004f0cc0
0x0043cc70,Weapon_BuildMineSaveRecords,OK,5,0,6,3,,r004cc5a0 004cc5c4 r004dd234
0x0043cf40,FUN_0043cf40,OK,0,0,2,1,,004cc5c4
0x0043cf90,FUN_0043cf90,OK,5,0,5,2,,004cc65c 004dd25c
0x0043d060,FUN_0043d060,OK,0,0,6,2,,004cc4a8 r004cc65c
0x0043d130,FUN_0043d130,OK,8,0,14,3,,004cc660 004cc708 004cc70c
0x0043d280,FUN_0043d280,OK,1,0,7,1,,r004cc0e4
0x0043d2e0,FUN_0043d2e0,OK,9,0,23,6,,r004cc0b0 r004cc10c 004cc110 004cc114 r004cc120 r004f5238
0x0043d650,FUN_0043d650,OK,3,0,0,0,,
0x0043d6a0,FUN_0043d6a0,OK,1,0,1,0,,
0x0043d6b0,FUN_0043d6b0,OK,1,0,0,0,,
0x0043d720,FUN_0043d720,OK,1,0,0,0,,
0x0043d740,FUN_0043d740,OK,3,0,6,0,,
0x0043d980,FUN_0043d980,OK,2,0,0,0,,
0x0043d9a0,FUN_0043d9a0,OK,6,0,1,0,,
0x0043db20,FUN_0043db20,OK,3,0,0,0,,
0x0043dcd0,FUN_0043dcd0,OK,11,0,4,2,,004cc658 r004cc65c
0x0043dfe0,FUN_0043dfe0,OK,2,0,5,0,,
0x0043e040,FUN_0043e040,OK,8,0,16,1,,004cc65c
0x0043e160,FUN_0043e160,OK,2,0,5,2,,r004cc0b0 004cc654
0x0043e3b0,FUN_0043e3b0,OK,3,0,8,2,,004cc65c r00538568
0x0043e450,FUN_0043e450,OK,3,0,3,0,,
0x0043e900,FUN_0043e900,OK,13,0,8,2,,004cc59c 004cc5a0
0x0043ebd0,FUN_0043ebd0,OK,0,0,1,1,,004cc65c
0x0043ee80,FUN_0043ee80,OK,4,0,1,1,,r004cc65c
0x0043efe0,FUN_0043efe0,OK,10,0,7,1,,r004f3ca8
0x0043f5d0,FUN_0043f5d0,OK,0,0,0,0,,
0x0043f610,FUN_0043f610,OK,3,0,4,1,,004cc0d8
0x0043f682,Catch@0043f682,OK,0,0,0,0,,
0x0043f68e,FUN_0043f68e,OK,0,0,1,0,,
0x0043f6b0,FUN_0043f6b0,OK,5,0,17,3,,004cc118 004cc5c4 r00538568
0x0043f830,FUN_0043f830,OK,4,0,6,2,,004cc0ec r004cc118
0x0043fa70,FUN_0043fa70,OK,1,0,2,0,,
0x0043fa90,FUN_0043fa90,OK,5,0,13,4,,004cc118 r004cc4c0 004cc5b4 004cc5e4
0x0043fde0,FUN_0043fde0,OK,1,0,6,3,,004cc118 r004cc4c0 004cc5e4
0x004404c0,FUN_004404c0,OK,15,0,11,4,,004cc65c 004cc660 r004ccd88 r004f0cc0
0x004407e0,FUN_004407e0,OK,6,0,4,2,,r004cc5d4 004cc65c
0x00440a30,FUN_00440a30,OK,6,0,4,2,,r004cc5d4 004cc65c
0x00441600,FUN_00441600,OK,0,0,1,1,,004cc0e8
0x00441620,FUN_00441620,OK,2,0,1,1,,004cc0cc
0x00441660,FUN_00441660,OK,1,0,1,0,,
0x00441680,FUN_00441680,OK,0,0,5,2,,004cc0cc 004cc0f0
0x004416f0,FUN_004416f0,OK,1,0,0,0,,
0x00441720,FUN_00441720,OK,1,0,0,0,,
0x00441750,FUN_00441750,OK,6,0,5,0,,
0x00441890,FUN_00441890,OK,2,0,0,0,,
0x004418b0,FUN_004418b0,OK,5,0,1,0,,
0x004419a0,FUN_004419a0,OK,3,0,0,0,,
0x00441c60,FUN_00441c60,OK,1,0,0,0,,
0x00441cb0,FUN_00441cb0,OK,11,0,2,0,,
0x00441f40,FUN_00441f40,OK,2,0,2,0,,
0x00442010,FUN_00442010,OK,1,0,1,1,,r004cc65c
0x00442080,FUN_00442080,OK,1,0,1,1,,004cc65c
0x00442100,FUN_00442100,OK,1,0,0,0,,
0x00442180,FUN_00442180,OK,2,0,1,0,,
0x004421d0,FUN_004421d0,OK,2,0,1,0,,
0x00442220,FUN_00442220,OK,1,0,1,0,,
0x00442240,FUN_00442240,OK,2,0,0,0,,
0x00442260,FUN_00442260,OK,0,0,1,0,,
0x00442270,FUN_00442270,OK,0,0,4,2,,004cc4a8 004cc690
0x004422a0,FUN_004422a0,OK,2,0,8,1,,004cc708
0x004422f0,FUN_004422f0,OK,1,0,3,0,,
0x00442530,FUN_00442530,OK,1,0,5,1,,r004cc6a8
0x004425c0,FUN_004425c0,OK,3,0,4,1,,004cc0d8
0x00442632,Catch@00442632,OK,0,0,0,0,,
0x0044263e,FUN_0044263e,OK,0,0,1,0,,
0x00442660,FUN_00442660,OK,1,0,2,0,,
0x00442680,FUN_00442680,OK,1,0,3,1,,004cc0b0
0x004426b0,FUN_004426b0,OK,1,0,4,1,,004cc6ac
0x00442720,FUN_00442720,OK,1,0,3,0,,
0x00442770,FUN_00442770,OK,0,0,1,1,,004cc0d8
0x00442790,FUN_00442790,OK,2,0,1,1,,004cc0cc
0x004427d0,FUN_004427d0,OK,1,0,1,0,,
0x004427f0,FUN_004427f0,OK,0,0,5,2,,004cc0cc 004cc0f0
0x00442860,FUN_00442860,OK,0,0,1,1,,004cc0f0
0x004428a0,RecoilApp_GetClassInfoPtr,OK,0,0,1,0,,
0x004428b0,FUN_004428b0,OK,2,0,1,0,,
0x004429b0,FUN_004429b0,OK,2,0,0,0,,
0x004429d0,RecoilApp_InitInstance,OK,3,0,1,1,,004cc6b0
0x00442a50,Engine_InitSubsystems,OK,13,0,13,1,,r004cc4dc
0x00442bc0,Engine_ShutdownSubsystems,OK,11,0,0,0,,
0x00442c00,FUN_00442c00,OK,0,0,0,0,,
0x00442c10,FUN_00442c10,OK,2,0,0,0,,
0x00442c70,RecoilApp_Constructor,OK,1,0,1,0,,
0x00442d00,RecoilApp_Run,OK,3,0,5,4,,004cc128 r004cc64c 004cc6b4 004cc6b8
0x0044300b,Catch@0044300b,OK,0,0,4,2,,004cc4b0 004cc648
0x00443032,Catch@00443032,OK,0,0,18,2,,004cc4b0 004cc648
0x004430cc,Catch@004430cc,OK,0,0,4,2,,004cc4b0 004cc648
0x00443140,FUN_00443140,OK,0,0,0,0,,
0x00443160,FUN_00443160,OK,4,0,0,0,,
0x00443310,FUN_00443310,OK,4,0,0,0,,
0x004434b0,FUN_004434b0,OK,4,0,0,0,,
0x00443650,FUN_00443650,OK,2,0,0,0,,
0x00443690,FUN_00443690,OK,2,0,0,0,,
0x00443700,FUN_00443700,OK,0,0,0,0,,
0x00443730,FUN_00443730,OK,2,0,2,0,,
0x004437a0,FUN_004437a0,OK,0,0,1,0,,
0x004437d0,FUN_004437d0,OK,3,0,2,0,,
0x00443810,FUN_00443810,OK,2,0,0,0,,
0x00443830,FUN_00443830,OK,3,0,4,0,,
0x00443900,FUN_00443900,OK,3,0,6,5,,004cc064 004cc06c 004cc08c 004cc0a4 004cc0a8
0x00443ab0,FUN_00443ab0,OK,5,0,0,0,,
0x00443b70,FUN_00443b70,OK,2,0,0,0,,
0x00443b90,FUN_00443b90,OK,1,0,3,0,,
0x00443be0,FUN_00443be0,OK,2,0,0,0,,
0x00443c00,FUN_00443c00,OK,1,0,3,0,,
0x00443c50,FUN_00443c50,OK,0,0,1,0,,
0x00443c60,FUN_00443c60,OK,0,0,1,0,,
0x00443c70,FUN_00443c70,OK,2,0,0,0,,
0x00443d20,FUN_00443d20,OK,7,0,7,1,,004cc504
0x00443f80,FUN_00443f80,OK,12,0,7,0,,
0x00444310,FUN_00444310,OK,6,0,3,0,,
0x004443e0,FUN_004443e0,OK,9,0,3,0,,
0x004444b0,FUN_004444b0,OK,8,0,9,1,,004cc504
0x00444890,FUN_00444890,OK,12,0,7,0,,
0x00444c50,FUN_00444c50,OK,6,0,4,0,,
0x00444d10,FUN_00444d10,OK,9,0,4,0,,
0x00444de0,Collision_RaycastSegment,OK,2,0,0,0,,
0x00444e90,Collision_GridDDATraversal,OK,8,0,23,1,,004cc504
0x004455f0,FUN_004455f0,OK,2,0,2,0,,
0x00445650,Collision_TestNodeHierarchy,OK,12,0,10,0,,
0x00445a00,Collision_TestUnusedNodeType8,OK,6,0,5,0,,
0x00445b20,Collision_TestCameraNode,OK,5,0,5,0,,
0x00445c20,Collision_TestLightNode,OK,9,0,5,0,,
0x00445d40,FUN_00445d40,OK,8,0,20,0,,
0x00445f60,FUN_00445f60,OK,2,0,10,1,,004cc504
0x00446440,FUN_00446440,OK,12,0,8,0,,
0x00446880,FUN_00446880,OK,6,0,4,0,,
0x00446970,FUN_00446970,OK,9,0,4,0,,
0x00446a80,Collision_FindTargetsInRadius,OK,18,0,14,1,,004cc5cc
0x00446ed0,FUN_00446ed0,OK,0,0,0,0,,
0x00446f60,FUN_00446f60,OK,15,0,11,1,,004cc5cc
0x004472c0,FUN_004472c0,OK,1,0,2,0,,
0x004473e0,FUN_004473e0,OK,1,0,2,0,,
0x00447540,FUN_00447540,OK,2,0,9,1,,r00539814
0x004476f0,FUN_004476f0,OK,2,0,11,1,,r00539810
0x004478c0,FUN_004478c0,OK,2,0,8,1,,004cc5c4
0x00447980,FUN_00447980,OK,7,0,3,0,,
0x00447a70,FUN_00447a70,OK,1,0,6,1,,r004cc5b4
0x00447b60,FUN_00447b60,OK,5,0,2,0,,
0x00447bc0,FUN_00447bc0,OK,2,0,2,0,,
0x00447c60,gwNodeSetActive,OK,2,0,3,0,,
0x00447d20,FUN_00447d20,OK,1,0,2,0,,
0x00447d70,FUN_00447d70,OK,1,0,2,0,,
0x00447dc0,FUN_00447dc0,OK,1,0,5,2,,004cc5a0 004cc5c4
0x00447e30,FUN_00447e30,OK,1,0,2,0,,
0x00447e60,FUN_00447e60,OK,5,0,2,0,,
0x00447f00,FUN_00447f00,OK,1,0,2,0,,
0x00447f30,FUN_00447f30,OK,3,0,4,1,,004cc5b4
0x00447fe0,FUN_00447fe0,OK,3,0,4,1,,004cc5b4
0x00448090,FUN_00448090,OK,3,0,2,0,,
0x00448100,FUN_00448100,OK,1,0,2,0,,
0x00448140,FUN_00448140,OK,1,0,2,0,,
0x00448180,FUN_00448180,OK,1,0,2,0,,
0x004481b0,FUN_004481b0,OK,1,0,2,0,,
0x004481f0,FUN_004481f0,OK,1,0,2,0,,
0x00448230,FUN_00448230,OK,1,0,2,0,,
0x00448270,FUN_00448270,OK,1,0,2,0,,
0x004482b0,FUN_004482b0,OK,1,0,2,0,,
0x004482f0,FUN_004482f0,OK,1,0,2,0,,
0x00448330,FUN_00448330,OK,1,0,2,0,,
0x00448360,FUN_00448360,OK,1,0,2,0,,
0x004483a0,FUN_004483a0,OK,1,0,2,0,,
0x004483f0,FUN_004483f0,OK,9,0,6,1,,004cc5c4
0x004484d0,FUN_004484d0,OK,2,0,1,1,,r004cc4ec
0x00448570,FUN_00448570,OK,13,0,5,1,,004cc5c4
0x00448660,FUN_00448660,OK,3,0,2,0,,
0x00448760,FUN_00448760,OK,1,0,3,0,,
0x004487c0,FUN_004487c0,OK,2,0,3,0,,
0x00448920,Render_ExpandNodeAABBToCorners,OK,4,0,3,0,,
0x00448cc0,FUN_00448cc0,OK,9,0,2,0,,
0x00448e90,FUN_00448e90,OK,7,0,2,0,,
0x004491b0,FUN_004491b0,OK,2,0,2,0,,
0x00449420,FUN_00449420,OK,2,0,2,0,,
0x00449480,FUN_00449480,OK,7,0,8,1,,r004cc5c4
0x004497b0,Anim_ResolveObjectWorldPosition,OK,4,0,0,0,,
0x00449850,FUN_00449850,OK,6,0,1,0,,
0x004498e0,FUN_004498e0,OK,7,0,5,2,,r00566868 00566950
0x00449ab0,FUN_00449ab0,OK,1,0,2,0,,
0x00449af0,FUN_00449af0,OK,1,0,2,0,,
0x00449b40,FUN_00449b40,OK,1,0,0,0,,
0x00449ba0,FUN_00449ba0,OK,0,0,4,0,,
0x00449be0,FUN_00449be0,OK,4,0,3,1,,004cc4ac
0x00449c90,FUN_00449c90,OK,2,0,2,0,,
0x00449cd0,FUN_00449cd0,OK,2,0,2,0,,
0x00449d20,FUN_00449d20,OK,1,0,4,0,,
0x00449da0,FUN_00449da0,OK,0,0,1,0,,
0x00449db0,FUN_00449db0,OK,0,0,1,0,,
0x00449dc0,FUN_00449dc0,OK,0,0,1,0,,
0x00449dd0,FUN_00449dd0,OK,1,0,4,0,,
0x00449e80,FUN_00449e80,OK,0,0,0,0,,
0x00449e90,FUN_00449e90,OK,0,0,0,0,,
0x00449ea0,FUN_00449ea0,OK,2,0,4,0,,
0x00449f50,FUN_00449f50,OK,2,0,0,0,,
0x00449fb0,FUN_00449fb0,OK,2,0,4,0,,
0x0044a060,FUN_0044a060,OK,1,0,4,0,,
0x0044a0f0,FUN_0044a0f0,OK,2,0,4,0,,
0x0044a1a0,FUN_0044a1a0,OK,2,0,4,0,,
0x0044a250,Camera_GetWorldPosition,OK,1,0,4,0,,
0x0044a2f0,FUN_0044a2f0,OK,1,0,4,0,,
0x0044a380,FUN_0044a380,OK,1,0,4,0,,
0x0044a410,Camera_SetAspectRatio,OK,1,0,7,0,,
0x0044a580,Camera_GetAspectRatio,OK,1,0,4,0,,
0x0044a610,Camera_SetFOV,OK,1,0,6,0,,
0x0044a760,Camera_GetFOV,OK,1,0,4,0,,
0x0044a7f0,FUN_0044a7f0,OK,1,0,4,0,,
0x0044a870,FUN_0044a870,OK,1,0,5,0,,
0x0044a910,FUN_0044a910,OK,1,0,4,0,,
0x0044a980,FUN_0044a980,OK,1,0,4,0,,
0x0044a9f0,Camera_UpdateNodeValidated,OK,2,0,3,0,,
0x0044aa30,Camera_UpdateFrustumAndTransform,OK,3,0,1,0,,
0x0044abf0,FUN_0044abf0,OK,7,0,6,0,,
0x0044ada0,Render_ProcessCameraNode,OK,7,0,5,0,,
0x0044af60,Render_ProcessSoundNode,OK,7,0,5,0,,
0x0044b140,Render_ProcessLightNode,OK,7,0,5,0,,
0x0044b300,Render_ProcessObject3DNode,OK,14,0,20,1,,r00539978
0x0044b710,Render_ProcessUnusedNodeType8,OK,7,0,5,0,,
0x0044b8c0,Render_ProcessLodDistanceNode,OK,9,0,19,0,,
0x0044bea0,Render_ProcessGroupNode,OK,4,0,2,0,,
0x0044bfb0,Render_ProcessChildBitmaskNode,OK,4,0,2,0,,
0x0044c0e0,Render_DispatchNodeByType,OK,9,0,3,2,,r004cc4f8 004cc5bc
0x0044c1b0,FUN_0044c1b0,OK,1,0,4,0,,
0x0044c230,FUN_0044c230,OK,2,0,3,0,,
0x0044c3c0,FUN_0044c3c0,OK,14,0,29,4,,004cc5c4 r00566868 00566950 0056d264
0x0044c8e0,FUN_0044c8e0,OK,14,0,31,4,,004cc5c4 r00566868 00566950 0056d264
0x0044ce70,Render_CullAndQueueSceneObjects,OK,9,0,19,3,,004cc59c 004d2370 0056d264
0x0044d200,FUN_0044d200,OK,1,0,1,0,,
0x0044d240,FUN_0044d240,OK,2,0,0,0,,
0x0044d260,FUN_0044d260,OK,1,0,4,0,,
0x0044d320,FUN_0044d320,OK,3,0,1,0,,
0x0044d3a0,Render_CameraFrame_SW,OK,25,0,12,0,,
0x0044d600,Render_CameraFrame_HW,OK,27,0,15,0,,
0x0044d990,FUN_0044d990,OK,1,0,0,0,,
0x0044d9e0,FUN_0044d9e0,OK,3,0,3,0,,
0x0044daa0,FUN_0044daa0,OK,3,0,3,1,,004cc4ac
0x0044db10,FUN_0044db10,OK,2,0,3,0,,
0x0044db60,FUN_0044db60,OK,2,0,3,0,,
0x0044dbb0,FUN_0044dbb0,OK,1,0,4,0,,
0x0044dc30,FUN_0044dc30,OK,1,0,6,0,,
0x0044dd90,FUN_0044dd90,OK,1,0,4,0,,
0x0044de10,FUN_0044de10,OK,1,0,4,0,,
0x0044de80,FUN_0044de80,OK,1,0,4,0,,
0x0044df00,Object3D_SetScale,OK,3,0,4,0,,
0x0044dfd0,Object3D_GetScale,OK,1,0,3,0,,
0x0044e030,Object3D_SetRotation,OK,3,0,4,0,,
0x0044e110,FUN_0044e110,OK,1,0,3,0,,
0x0044e170,FUN_0044e170,OK,3,0,4,0,,
0x0044e270,FUN_0044e270,OK,1,0,4,0,,
0x0044e300,Object3D_SetPosition,OK,3,0,4,0,,
0x0044e3d0,FUN_0044e3d0,OK,3,0,5,0,,
0x0044e4f0,FUN_0044e4f0,OK,3,0,4,0,,
0x0044e5b0,FUN_0044e5b0,OK,1,0,4,0,,
0x0044e630,FUN_0044e630,OK,0,0,4,1,,004cc4ac
0x0044e690,FUN_0044e690,OK,0,0,2,0,,
0x0044e6d0,FUN_0044e6d0,OK,0,0,2,1,,r004cc5b4
0x0044e700,FUN_0044e700,OK,1,0,19,0,,
0x0044e920,FUN_0044e920,OK,2,0,18,0,,
0x0044ea70,FUN_0044ea70,OK,2,0,5,2,,r00539bb8 r00539bc4
0x0044eaa0,FUN_0044eaa0,OK,1,0,1,0,,
0x0044eb00,FUN_0044eb00,OK,3,0,0,0,,
0x0044eb50,FUN_0044eb50,OK,3,0,1,0,,
0x0044eba0,FUN_0044eba0,OK,1,0,1,0,,
0x0044ebe0,FUN_0044ebe0,OK,2,0,2,0,,
0x0044ec30,FUN_0044ec30,OK,2,0,2,0,,
0x0044ec80,FUN_0044ec80,OK,3,0,0,0,,
0x0044ec90,FUN_0044ec90,OK,0,0,1,0,,
0x0044ecb0,FUN_0044ecb0,OK,0,0,3,1,,r004cc4dc
0x0044ecf0,NodeRegistry_LookupByName,OK,0,0,1,0,,
0x0044ed50,Render_GetCameraListEntry,OK,0,0,1,0,,
0x0044ed60,FUN_0044ed60,OK,1,0,1,0,,
0x0044ed90,NodeRegistry_Insert,OK,2,0,2,0,,
0x0044ee10,FUN_0044ee10,OK,2,0,2,0,,
0x0044eea0,FUN_0044eea0,OK,2,0,1,0,,
0x0044eed0,FUN_0044eed0,OK,0,0,17,0,,
0x0044f000,FUN_0044f000,OK,2,0,4,1,,004cc5c4
0x0044f120,FUN_0044f120,OK,4,0,5,0,,
0x0044f1d0,FUN_0044f1d0,OK,23,0,3,1,,r004cc5b4
0x0044f630,Render_DispatchCameraList,OK,3,0,4,2,,r004cc4f8 004cc5bc
0x0044f690,FUN_0044f690,OK,1,0,2,0,,
0x0044f6f0,FUN_0044f6f0,OK,1,0,1,0,,
0x0044f740,FUN_0044f740,OK,1,0,0,0,,
0x0044f7a0,FUN_0044f7a0,OK,5,0,5,2,,004cc4ac 004cc4dc
0x0044f870,FUN_0044f870,OK,2,0,2,0,,
0x0044f8b0,FUN_0044f8b0,OK,1,0,4,0,,
0x0044f930,FUN_0044f930,OK,1,0,4,0,,
0x0044f9c0,FUN_0044f9c0,OK,1,0,4,0,,
0x0044fa40,FUN_0044fa40,OK,1,0,4,0,,
0x0044fad0,FUN_0044fad0,OK,1,0,4,0,,
0x0044fb40,FUN_0044fb40,OK,1,0,4,0,,
0x0044fbd0,FUN_0044fbd0,OK,1,0,6,0,,
0x0044fcf0,FUN_0044fcf0,OK,2,0,5,0,,
0x0044fdd0,FUN_0044fdd0,OK,4,0,3,1,,004cc4ac
0x0044fe50,FUN_0044fe50,OK,2,0,2,0,,
0x0044fe90,FUN_0044fe90,OK,1,0,4,0,,
0x0044ff10,FUN_0044ff10,OK,1,0,4,0,,
0x0044ff90,FUN_0044ff90,OK,3,0,4,0,,
0x00450030,FUN_00450030,OK,1,0,1,1,,004cc4ec
0x004500b0,FUN_004500b0,OK,2,0,0,0,,
0x004501c0,FUN_004501c0,OK,2,0,1,1,,004cc4ac
0x00450240,FUN_00450240,OK,2,0,1,1,,r004cc5b4
0x004502b0,FUN_004502b0,OK,7,0,5,2,,004cc5c4 r004ddea0
0x00450510,FUN_00450510,OK,1,0,0,0,,
0x00450530,FUN_00450530,OK,13,0,0,0,,
0x00450650,FUN_00450650,OK,1,0,3,3,,004cc504 004d2398 004d239c
0x00450790,FUN_00450790,OK,1,0,3,3,,004d2398 004d239c 004d23a0
0x00450840,FUN_00450840,OK,1,0,1,1,,004d23a8
0x00450a00,FUN_00450a00,OK,1,0,3,0,,
0x00450a70,FUN_00450a70,OK,2,0,3,0,,
0x00450ae0,FUN_00450ae0,OK,0,0,0,0,,
0x00450af0,FUN_00450af0,OK,0,0,0,0,,
0x00450b20,FUN_00450b20,OK,0,0,0,0,,
0x00450b40,FUN_00450b40,OK,0,0,0,0,,
0x00450b60,FUN_00450b60,OK,0,0,0,0,,
0x00450b80,FUN_00450b80,OK,0,0,0,0,,
0x00450b90,FUN_00450b90,OK,0,0,0,0,,
0x00450ba0,FUN_00450ba0,OK,0,0,0,0,,
0x00450bc0,FUN_00450bc0,OK,0,0,0,0,,
0x00450be0,FUN_00450be0,OK,0,0,0,0,,
0x00450c00,FUN_00450c00,OK,0,0,0,0,,
0x00450c30,FUN_00450c30,OK,0,0,0,0,,
0x00450c60,FUN_00450c60,OK,3,0,6,1,,004cc4ac
0x00450e40,FUN_00450e40,OK,0,0,1,1,,004cc5b4
0x00450f00,FUN_00450f00,OK,0,0,0,0,,
0x00450f20,FUN_00450f20,OK,1,0,2,0,,
0x00450f60,FUN_00450f60,OK,2,0,1,1,,004cc4ec
0x004510e0,FUN_004510e0,OK,3,0,0,0,,
0x00451240,FUN_00451240,OK,3,0,2,0,,
0x00451360,FUN_00451360,OK,0,0,1,1,,004cc4ec
0x00451410,FUN_00451410,OK,1,0,5,1,,004cc5c4
0x00451540,Light_PrepareFrameLightList,OK,1,0,0,0,,
0x00451560,Light_UpdateAllInNode,OK,1,0,0,0,,
0x00451590,FUN_00451590,OK,0,0,1,1,,004cc4ec
0x00451640,FUN_00451640,OK,1,0,5,1,,004cc5c4
0x00451770,Sound_ProcessWorldNodeEmitters,OK,1,0,0,0,,
0x004517a0,GWWorld_BuildSaveRecords,OK,6,0,2,1,,r00539c30
0x004518b0,FUN_004518b0,OK,1,0,3,0,,
0x004518e0,FUN_004518e0,OK,1,0,0,0,,
0x004518f0,FUN_004518f0,OK,0,0,1,0,,
0x00451900,FUN_00451900,OK,1,0,8,2,,004cc5dc r004de530
0x00451a00,FUN_00451a00,OK,3,0,6,1,,004cc5b4
0x00451a60,FUN_00451a60,OK,6,0,2,0,,
0x00451b20,FUN_00451b20,OK,4,0,3,0,,
0x00451bd0,FUN_00451bd0,OK,16,0,17,0,,
0x00451f70,FUN_00451f70,OK,12,0,3,0,,
0x004520c0,FUN_004520c0,OK,1,0,2,0,,
0x004520e0,FUN_004520e0,OK,1,0,2,0,,
0x00452100,FUN_00452100,OK,11,0,3,0,,
0x00452230,FUN_00452230,OK,1,0,2,0,,
0x00452250,FUN_00452250,OK,7,0,3,0,,
0x004523c0,FUN_004523c0,OK,1,0,2,0,,
0x004523e0,FUN_004523e0,OK,1,0,2,0,,
0x00452400,FUN_00452400,OK,9,0,4,0,,
0x00452500,FUN_00452500,OK,2,0,4,0,,
0x00452560,FUN_00452560,OK,2,0,5,0,,
0x004525d0,FUN_004525d0,OK,0,0,1,0,,
0x00452650,Render_ComputeBoundingSphereFromCorners,OK,0,0,1,0,,
0x00452770,FUN_00452770,OK,1,0,0,0,,
0x00452810,FUN_00452810,OK,1,0,0,0,,
0x00452860,FUN_00452860,OK,2,0,0,0,,
0x004528a0,FUN_004528a0,OK,2,0,0,0,,
0x004528b0,FUN_004528b0,OK,2,0,0,0,,
0x004528e0,FUN_004528e0,OK,2,0,0,0,,
0x00452920,FUN_00452920,OK,2,0,3,0,,
0x00452970,FUN_00452970,OK,2,0,3,0,,
0x004529c0,FUN_004529c0,OK,4,0,3,1,,004cc4ac
0x00452ab0,FUN_00452ab0,OK,5,0,7,2,,004cc5b4 004cc5c4
0x00452b80,FUN_00452b80,OK,2,0,2,0,,
0x00452bc0,FUN_00452bc0,OK,2,0,6,2,,004cc5a0 004cc5c4
0x00452c60,gwSoundNodeSetActive,OK,3,0,3,0,,
0x00452d00,FUN_00452d00,OK,1,0,3,0,,
0x00452d60,FUN_00452d60,OK,1,0,3,0,,
0x00452dc0,gwSoundNodeProcessPlay,OK,7,0,3,0,,
0x00452ec0,FUN_00452ec0,OK,4,0,4,2,,r00566868 00566950
0x00452fd0,FUN_00452fd0,OK,4,0,3,1,,004cc4ac
0x00453110,FUN_00453110,OK,3,0,7,2,,004cc5b4 004cc5c4
0x004531c0,FUN_004531c0,OK,2,0,2,0,,
0x00453200,FUN_00453200,OK,1,0,3,0,,
0x00453250,FUN_00453250,OK,1,0,3,0,,
0x004532a0,FUN_004532a0,OK,1,0,3,0,,
0x004532f0,FUN_004532f0,OK,1,0,3,0,,
0x00453350,FUN_00453350,OK,1,0,3,0,,
0x004533b0,FUN_004533b0,OK,1,0,3,0,,
0x00453400,Light_SetFalloffRange,OK,1,0,8,1,,004cc5c4
0x00453500,Light_GetFalloffRange,OK,1,0,3,0,,
0x00453560,FUN_00453560,OK,1,0,3,0,,
0x004535c0,FUN_004535c0,OK,1,0,3,0,,
0x00453620,FUN_00453620,OK,5,0,4,2,,r00566868 00566950
0x00453880,Light_TransformToViewSpace,OK,6,0,7,2,,r00566868 00566950
0x00453a40,Light_GetColor,OK,1,0,3,0,,
0x00453aa0,Light_SetColor,OK,2,0,3,0,,
0x00453b10,FUN_00453b10,OK,2,0,2,0,,
0x00453b40,FUN_00453b40,OK,2,0,2,0,,
0x00453b80,FUN_00453b80,OK,2,0,3,0,,
0x00453bd0,FUN_00453bd0,OK,4,0,4,0,,
0x00453c90,FUN_00453c90,OK,0,0,0,0,,
0x00453d20,FUN_00453d20,OK,1,0,1,1,,004d23d8
0x00453ee0,FUN_00453ee0,OK,3,0,3,1,,004cc4ac
0x00453f40,FUN_00453f40,OK,2,0,4,1,,004cc4ec
0x00454000,FUN_00454000,OK,2,0,3,0,,
0x004540c0,FUN_004540c0,OK,1,0,3,0,,
0x00454100,FUN_00454100,OK,1,0,3,0,,
0x00454140,FUN_00454140,OK,1,0,3,0,,
0x00454180,FUN_00454180,OK,1,0,3,0,,
0x004541c0,FUN_004541c0,OK,1,0,4,0,,
0x004542a0,FUN_004542a0,OK,1,0,1,1,,004cc4ac
0x00454320,FUN_00454320,OK,1,0,0,0,,
0x00454330,FUN_00454330,OK,0,0,0,0,,
0x00454340,FUN_00454340,OK,0,0,0,0,,
0x00454360,FUN_00454360,OK,0,0,1,0,,
0x00454370,FUN_00454370,OK,0,0,1,0,,
0x004543a0,FUN_004543a0,OK,1,0,1,0,,
0x004543d0,FUN_004543d0,OK,0,0,1,0,,
0x004543f0,FUN_004543f0,OK,2,0,6,2,,004cc4ec 004cc594
0x004544b0,FUN_004544b0,OK,3,0,14,1,,004cc594
0x00454890,FUN_00454890,OK,3,0,11,5,,r004cc490 004cc4a0 004cc594 r004cc5b4 004cc5dc
0x00454a50,FUN_00454a50,OK,6,0,13,5,,004cc490 r004cc4a0 r004cc594 004cc5b8 004cc5c0
0x00454bf0,FUN_00454bf0,OK,2,0,3,1,,004cc4e0
0x00454c60,FUN_00454c60,OK,13,0,15,3,,004cc4ac 004cc4e0 004cc5dc
0x00455350,FUN_00455350,OK,3,0,9,3,,004cc4e0 004cc4ec 004cc5dc
0x00455520,FUN_00455520,OK,6,0,12,2,,r004cc490 004cc5c0
0x004556a0,FUN_004556a0,OK,1,0,8,3,,004cc4e0 004cc5b8 004cc5c0
0x00455730,FUN_00455730,OK,2,0,3,1,,004cc5c0
0x004557a0,FUN_004557a0,OK,7,0,4,2,,004cc490 004cc4e0
0x004558f0,FUN_004558f0,OK,24,0,40,15,,004cc488 004cc48c 004cc4ac 004cc4ec 004cc5dc r004df3c8 r004df3f4 r004df400 r004df410 r004df420 r004df430 r004df438 r004df440 r004df448 r004df450
0x00455dd0,FUN_00455dd0,OK,5,0,0,0,,
0x00455e40,FUN_00455e40,OK,2,0,4,1,,r004cc5b4
0x00455ea0,FUN_00455ea0,OK,1,0,1,1,,r004cc5b4
0x00455ed0,FUN_00455ed0,OK,0,0,2,0,,
0x00455ef0,FUN_00455ef0,OK,10,0,6,0,,
0x00456010,FUN_00456010,OK,5,0,8,0,,
0x004563d0,FUN_004563d0,OK,1,0,3,1,,004cc5dc
0x00456450,FUN_00456450,OK,1,0,1,1,,004cc5b4
0x004564b0,FUN_004564b0,OK,6,0,5,3,,r004cc5b4 004cc5dc r004df59c
0x00456ad0,FUN_00456ad0,OK,1,0,1,1,,r004cc5b4
0x00456b00,FUN_00456b00,OK,0,0,2,0,,
0x00456b20,FUN_00456b20,OK,11,0,4,0,,
0x00456c50,FUN_00456c50,OK,1,0,1,0,,
0x00456c80,FUN_00456c80,OK,5,0,8,0,,
0x00457040,FUN_00457040,OK,1,0,3,1,,004cc5dc
0x004570e0,FUN_004570e0,OK,1,0,1,1,,004cc5b4
0x00457140,FUN_00457140,OK,5,0,5,3,,r004cc5b4 004cc5dc r004df59c
0x004575f0,FUN_004575f0,OK,1,0,1,1,,r00539e00
0x00457660,FUN_00457660,OK,1,0,5,0,,
0x004576a0,FUN_004576a0,OK,1,0,0,0,,
0x004576e0,FUN_004576e0,OK,2,0,4,2,,004cc47c 004cc480
0x00457750,FUN_00457750,OK,9,2,2,1,00447e60 004820f0,r004df59c
0x00457840,FUN_00457840,OK,5,0,4,0,,
0x00457ae0,FUN_00457ae0,OK,1,0,4,0,,
0x00457b40,DEClient_BuildHazardSaveRecords,OK,1,0,6,2,,r004cc5c4 r004dd244
0x00457c50,FUN_00457c50,OK,0,0,2,0,,
0x00457cc0,FUN_00457cc0,OK,1,0,5,2,,004cc47c 004cc480
0x00457d90,FUN_00457d90,OK,2,0,3,2,,004cc47c 004cc480
0x00457e80,FUN_00457e80,OK,4,0,4,2,,r004cc47c r004cc480
0x00457fe0,FUN_00457fe0,OK,2,0,4,2,,004cc47c r004cc480
0x00458510,FUN_00458510,OK,2,0,4,2,,004cc47c 004cc480
0x004585a0,FUN_004585a0,OK,2,0,4,2,,004cc47c r004cc480
0x004588c0,FUN_004588c0,OK,0,0,4,2,,r004cc47c r004cc480
0x00458970,FUN_00458970,OK,0,0,4,2,,r004cc47c r004cc480
0x00458a30,FUN_00458a30,OK,0,0,0,0,,
0x00458a70,FUN_00458a70,OK,0,0,0,0,,
0x00458aa0,FUN_00458aa0,OK,0,0,2,0,,
0x00458ac0,FUN_00458ac0,OK,0,0,1,0,,
0x00458ae0,FUN_00458ae0,OK,0,0,1,0,,
0x00458af0,FUN_00458af0,OK,0,0,4,0,,
0x00458b20,FUN_00458b20,OK,0,0,2,0,,
0x00458b50,FUN_00458b50,OK,1,0,1,0,,
0x00458c10,Anim_PlaceAndScaleAlongSegment_Static,OK,5,0,1,0,,
0x00458ce0,Anim_PlaceAndScaleAlongSegment_Animated,OK,5,0,1,0,,
0x00458e10,FUN_00458e10,OK,3,0,0,0,,
0x00458eb0,FUN_00458eb0,OK,2,0,0,0,,
0x00458f70,FUN_00458f70,OK,6,0,1,1,,r00575db8
0x00459080,FUN_00459080,OK,15,0,1,1,,r00575db8
0x00459280,AnimEvent_FadeLightColorAndRange,OK,5,0,4,0,,
0x00459510,FUN_00459510,OK,4,0,1,1,,r00575db8
0x00459580,FUN_00459580,OK,7,0,0,0,,
0x004596c0,AnimEvent_AnimateCameraOptics,OK,8,0,1,0,,
0x00459ae0,FUN_00459ae0,OK,10,0,0,0,,
0x00459cb0,FUN_00459cb0,OK,1,0,0,0,,
0x00459ce0,FUN_00459ce0,OK,5,0,0,0,,
0x00459e30,FUN_00459e30,OK,1,0,0,0,,
0x00459e70,AnimEvent_SpawnPhysicsDebris,OK,16,0,20,2,,r00566868 00566950
0x0045a920,FUN_0045a920,OK,1,0,2,1,,r00575db8
0x0045a9d0,FUN_0045a9d0,OK,10,0,4,0,,
0x0045ae30,FUN_0045ae30,OK,0,0,0,0,,
0x0045ae90,FUN_0045ae90,OK,10,0,0,0,,
0x0045b120,FUN_0045b120,OK,2,0,1,0,,
0x0045b210,FUN_0045b210,OK,2,0,0,0,,
0x0045b280,FUN_0045b280,OK,3,0,1,0,,
0x0045b3b0,FUN_0045b3b0,OK,1,0,0,0,,
0x0045b410,FUN_0045b410,OK,1,0,0,0,,
0x0045b440,FUN_0045b440,OK,2,0,0,0,,
0x0045b4a0,AnimEvent_StretchSegmentBetweenAnchors,OK,3,0,1,0,,
0x0045b8b0,FUN_0045b8b0,OK,2,0,2,0,,
0x0045bb00,FUN_0045bb00,OK,0,0,0,0,,
0x0045bbb0,FUN_0045bbb0,OK,0,0,0,0,,
0x0045bc60,FUN_0045bc60,OK,5,0,2,0,,
0x0045bf60,FUN_0045bf60,OK,2,0,1,1,,r00575db8
0x0045bfd0,FUN_0045bfd0,OK,2,0,1,1,,r00575db8
0x0045c040,FUN_0045c040,OK,3,0,3,0,,
0x0045c100,FUN_0045c100,OK,1,0,2,0,,
0x0045c1a0,FUN_0045c1a0,OK,1,0,2,0,,
0x0045c240,FUN_0045c240,OK,0,0,2,0,,
0x0045c2f0,FUN_0045c2f0,OK,0,0,0,0,,
0x0045c310,FUN_0045c310,OK,1,0,2,0,,
0x0045c3c0,AnimEvent_EvaluateConditionChain,OK,2,0,5,0,,
0x0045c530,Anim_ProximityClearanceTest,OK,5,0,1,1,,r00575db8
0x0045c640,Anim_SquaredDistanceToEventAnchor,OK,1,0,4,0,,
0x0045c6b0,FUN_0045c6b0,OK,0,0,0,0,,
0x0045c6e0,FUN_0045c6e0,OK,0,0,0,0,,
0x0045c6f0,FUN_0045c6f0,OK,0,0,0,0,,
0x0045c710,FUN_0045c710,OK,3,0,5,0,,
0x0045c920,AnimEvent_ScreenShakeRect,OK,8,0,4,0,,
0x0045cbc0,FUN_0045cbc0,OK,2,0,1,0,,
0x0045cc00,FUN_0045cc00,OK,38,0,4,0,,
0x0045d000,FUN_0045d000,OK,0,0,2,0,,
0x0045d240,FUN_0045d240,OK,4,0,0,0,,
0x0045d310,FUN_0045d310,OK,5,0,0,0,,
0x0045d3d0,FUN_0045d3d0,OK,5,0,1,1,,r00575db8
0x0045d570,FUN_0045d570,OK,8,0,0,0,,
0x0045d6b0,FUN_0045d6b0,OK,1,0,0,0,,
0x0045d6c0,FUN_0045d6c0,OK,4,0,1,1,,r00575db8
0x0045d770,FUN_0045d770,OK,1,0,1,0,,
0x0045d7a0,FUN_0045d7a0,OK,0,0,0,0,,
0x0045d7b0,FUN_0045d7b0,OK,6,0,1,0,,
0x0045d930,FUN_0045d930,OK,9,0,4,1,,004cc5c4
0x0045db20,FUN_0045db20,OK,0,0,2,0,,
0x0045dc70,FUN_0045dc70,OK,1,0,0,0,,
0x0045dcb0,FUN_0045dcb0,OK,6,0,1,0,,
0x0045dde0,FUN_0045dde0,OK,1,0,0,0,,
0x0045de00,FUN_0045de00,OK,6,0,1,0,,
0x0045df70,FUN_0045df70,OK,1,0,0,0,,
0x0045df90,FUN_0045df90,OK,6,0,0,0,,
0x0045e0b0,FUN_0045e0b0,OK,1,0,0,0,,
0x0045e0d0,FUN_0045e0d0,OK,0,0,0,0,,
0x0045e0f0,FUN_0045e0f0,OK,0,0,1,0,,
0x0045e100,FUN_0045e100,OK,2,0,22,5,,004cc488 004cc48c r004cc5d8 r004df740 r004df74c
0x0045e200,FUN_0045e200,OK,0,0,1,0,,
0x0045e210,FUN_0045e210,OK,1,0,5,0,,
0x0045e270,FUN_0045e270,OK,0,0,1,0,,
0x0045e280,FUN_0045e280,OK,0,0,0,0,,
0x0045e300,FUN_0045e300,OK,0,0,0,0,,
0x0045e380,FUN_0045e380,OK,5,0,3,1,,r004cc4ec
0x0045e4a0,FUN_0045e4a0,OK,4,0,3,1,,r004cc4ec
0x0045e5c0,FUN_0045e5c0,OK,4,0,0,0,,
0x0045e650,FUN_0045e650,OK,1,0,0,0,,
0x0045e6d0,FUN_0045e6d0,OK,2,0,3,0,,
0x0045e730,FUN_0045e730,OK,10,0,9,2,,004cc4ac 004cc5c4
0x0045ed80,FUN_0045ed80,OK,4,0,2,0,,
0x0045efb0,Anim_LoadFile,OK,14,0,24,6,,004cc4e0 r004cc508 004cc5b4 004cc5b8 004cc5c0 004cc5dc
0x0045fb30,FUN_0045fb30,OK,12,0,7,1,,r004cc5c4
0x0045fd10,FUN_0045fd10,OK,3,0,1,1,,r004cc5b4
0x0045fe50,FUN_0045fe50,OK,2,0,8,1,,r004cc5b4
0x0045fef0,FUN_0045fef0,OK,1,0,1,0,,
0x0045ff10,FUN_0045ff10,OK,0,0,2,0,,
0x0045ffa0,FUN_0045ffa0,OK,0,0,2,0,,
0x00460010,FUN_00460010,OK,0,0,0,0,,
0x00460020,FUN_00460020,OK,1,0,9,0,,
0x00460060,FUN_00460060,OK,2,0,0,0,,
0x00460070,FUN_00460070,OK,18,0,24,7,,004cc4ac r004cc4f8 004cc5bc r004dac64 r004db654 r004df900 r004df908
0x00460330,FUN_00460330,OK,5,0,5,1,,r004cc5b4
0x004603d0,FUN_004603d0,OK,0,0,3,1,,004cc5b4
0x00460400,FUN_00460400,OK,0,0,3,1,,r004cc5cc
0x00460470,FUN_00460470,OK,0,0,1,0,,
0x00460480,FUN_00460480,OK,0,0,1,0,,
0x004606d0,FUN_004606d0,OK,16,0,10,0,,
0x00460ae0,FUN_00460ae0,OK,0,0,6,2,,004cc5b4 r004cc5dc
0x00460bc0,Anim_BuildRunningInstanceSaveRecord,OK,4,0,4,3,,004cc594 004cc5a0 004cc5c4
0x00460f80,FUN_00460f80,OK,1,0,3,0,,
0x00461430,Anim_BuildNodeSaveRecords,OK,7,0,8,2,,004cc5a0 004cc5c4
0x00461800,FUN_00461800,OK,0,0,0,0,,
0x00461840,FUN_00461840,OK,3,0,0,0,,
0x00461870,FUN_00461870,OK,6,0,0,0,,
0x00461970,FUN_00461970,OK,3,0,4,1,,004cc5a0
0x00461a90,FUN_00461a90,OK,0,0,1,0,,
0x00461aa0,FUN_00461aa0,OK,3,0,4,1,,004cc5a0
0x00461ba0,FUN_00461ba0,OK,3,0,2,1,,004cc5a0
0x00461d00,FUN_00461d00,OK,3,0,4,1,,004cc5a0
0x00461eb0,FUN_00461eb0,OK,0,0,2,0,,
0x00461ec0,FUN_00461ec0,OK,2,0,0,0,,
0x00461f00,FUN_00461f00,OK,4,0,1,0,,
0x00461f50,FUN_00461f50,OK,5,0,2,1,,r00575a54
0x00462050,FUN_00462050,OK,1,0,1,1,,r00575a58
0x004620d0,FUN_004620d0,OK,3,0,3,1,,r00575a4c
0x00462130,FUN_00462130,OK,2,0,4,1,,004cc5dc
0x00462280,FUN_00462280,OK,0,0,2,0,,
0x004622f0,FUN_004622f0,OK,1,0,2,0,,
0x00462310,FUN_00462310,OK,0,0,3,0,,
0x00462330,FUN_00462330,OK,0,0,1,1,,004cc5e4
0x00462360,FUN_00462360,OK,0,0,1,1,,004cc5b4
0x00462370,FUN_00462370,OK,2,0,2,1,,r004cc6e8
0x004624f0,FUN_004624f0,OK,1,0,1,1,,r004cc6e8
0x00462540,FUN_00462540,OK,0,0,0,0,,
0x00462570,FUN_00462570,OK,1,0,3,1,,004cc6ec
0x004625e0,FUN_004625e0,OK,1,0,1,0,,
0x00462630,FUN_00462630,OK,1,0,1,1,,004cc5b4
0x00462660,FUN_00462660,OK,0,0,0,0,,
0x004626b0,FUN_004626b0,OK,14,0,45,4,,004cc5a0 004cc5e4 r004dfc04 r004dfc10
0x00462e30,FUN_00462e30,OK,0,0,0,0,,
0x00462e70,FUN_00462e70,OK,2,0,0,0,,
0x00462e90,FUN_00462e90,OK,3,0,0,0,,
0x00462ed0,FUN_00462ed0,OK,0,0,0,0,,
0x00462ee0,FUN_00462ee0,OK,0,0,0,0,,
0x00462f00,FUN_00462f00,OK,1,0,0,0,,
0x00462f10,FUN_00462f10,OK,0,0,0,0,,
0x00462f50,FUN_00462f50,OK,3,0,0,0,,
0x00462f90,FUN_00462f90,OK,7,0,1,1,,r004dfc70
0x00463000,FUN_00463000,OK,4,0,0,0,,
0x004630a0,FUN_004630a0,OK,1,0,2,1,,004cc6d8
0x004630e0,FUN_004630e0,OK,1,0,2,1,,004cc6d8
0x00463120,FUN_00463120,OK,1,0,0,0,,
0x00463130,FUN_00463130,OK,0,0,7,1,,004cc5e4
0x004631d0,FUN_004631d0,OK,2,0,0,0,,
0x004631f0,FUN_004631f0,OK,1,0,7,1,,004cc5e4
0x004632a0,FUN_004632a0,OK,1,0,4,1,,004cc5b4
0x00463300,FUN_00463300,OK,1,0,0,0,,
0x00463320,FUN_00463320,OK,4,0,2,0,,
0x004633a0,FUN_004633a0,OK,1,0,0,0,,
0x004633c0,FUN_004633c0,OK,1,0,1,0,,
0x00463410,FUN_00463410,OK,1,0,0,0,,
0x00463440,FUN_00463440,OK,10,0,4,0,,
0x00463550,FUN_00463550,OK,1,0,0,0,,
0x00463570,FUN_00463570,OK,1,0,6,3,,004cc4ac 004cc508 004cc5c4
0x00463650,FUN_00463650,OK,2,0,0,0,,
0x00463670,FUN_00463670,OK,0,0,4,1,,004cc5b4
0x004636d0,FUN_004636d0,OK,5,0,2,0,,
0x00463790,FUN_00463790,OK,3,0,1,0,,
0x00463820,FUN_00463820,OK,2,0,0,0,,
0x00463850,FUN_00463850,OK,0,0,1,0,,
0x00463870,FUN_00463870,OK,9,0,3,0,,
0x00463920,FUN_00463920,OK,5,0,0,0,,
0x00463950,FUN_00463950,OK,6,0,2,0,,
0x004639e0,FUN_004639e0,OK,6,0,2,0,,
0x00463a70,FUN_00463a70,OK,6,0,2,0,,
0x00463b00,FUN_00463b00,OK,4,0,9,2,,004cc4ac 004cc5c4
0x00463bf0,FUN_00463bf0,OK,2,0,0,0,,
0x00463c10,FUN_00463c10,OK,2,0,4,1,,004cc5b4
0x00463c90,FUN_00463c90,OK,0,0,0,0,,
0x00463ca0,FUN_00463ca0,OK,1,0,0,0,,
0x00463cc0,FUN_00463cc0,OK,9,0,0,0,,
0x00463d50,FUN_00463d50,OK,3,0,2,2,,004cc0e8 004cc5e4
0x00463dd0,FUN_00463dd0,OK,5,0,3,2,,004cc0f0 r004cc5b4
0x00463ef0,FUN_00463ef0,OK,10,0,6,1,,r004cc4ac
0x004641a0,FUN_004641a0,OK,7,0,6,1,,r004cc4ac
0x004643a0,FUN_004643a0,OK,6,0,5,2,,004cc0c4 004cc0d0
0x00464540,FUN_00464540,OK,4,0,2,0,,
0x00464670,FUN_00464670,OK,0,0,0,0,,
0x00464680,FUN_00464680,OK,7,0,4,1,,004cc4ac
0x00464790,FUN_00464790,OK,2,0,0,0,,
0x004647d0,FUN_004647d0,OK,1,0,1,1,,004cc5b4
0x00464810,FUN_00464810,OK,17,0,5,2,,r004cc4f8 004cc5bc
0x00464b30,FUN_00464b30,OK,0,0,1,1,,r004cc5b4
0x00464b90,FUN_00464b90,OK,4,0,5,2,,r004cc4f8 004cc5bc
0x00464c90,FUN_00464c90,OK,1,0,0,0,,
0x00464ea0,FUN_00464ea0,OK,1,0,1,0,,
0x00464f70,FUN_00464f70,OK,4,0,9,2,,r004cc4f8 004cc5bc
0x00465ac0,FUN_00465ac0,OK,8,0,7,2,,r004cc4f8 004cc5bc
0x00467600,FUN_00467600,OK,0,0,1,1,,004cc4ac
0x00467630,FUN_00467630,OK,0,0,1,1,,004cc5b4
0x00467660,FUN_00467660,OK,0,0,1,1,,004cc4ec
0x004676c0,FUN_004676c0,OK,2,0,2,0,,
0x00467710,FUN_00467710,OK,3,0,5,2,,r004cc4f8 004cc5bc
0x004680b0,FUN_004680b0,OK,1,0,0,0,,
0x004681a0,FUN_004681a0,OK,2,0,3,0,,
0x004682c0,FUN_004682c0,OK,1,0,4,2,,r004cc4f8 004cc5bc
0x004683a0,FUN_004683a0,OK,0,0,0,0,,
0x00468410,FUN_00468410,OK,0,0,0,0,,
0x00468470,FUN_00468470,OK,0,0,0,0,,
0x00468580,FUN_00468580,OK,2,0,4,2,,r004cc4f8 004cc5bc
0x00468650,FUN_00468650,OK,3,0,2,0,,
0x00468700,FUN_00468700,OK,0,0,1,1,,004cc4ec
0x004687b0,FUN_004687b0,OK,2,0,5,2,,r004cc4f8 004cc5bc
0x00468a10,FUN_00468a10,OK,0,0,2,0,,
0x00468c40,FUN_00468c40,OK,2,0,6,2,,r004cc4f8 004cc5bc
0x00468fa0,FUN_00468fa0,OK,1,0,7,0,,
0x004693a0,FUN_004693a0,OK,1,0,0,0,,
0x004693c0,FUN_004693c0,OK,0,0,0,0,,
0x00469430,FUN_00469430,OK,0,0,0,0,,
0x00469450,FUN_00469450,OK,0,0,2,0,,
0x00469560,FUN_00469560,OK,0,0,1,0,,
0x00469960,FUN_00469960,OK,0,0,2,0,,
0x00469a30,FUN_00469a30,OK,3,0,0,0,,
0x00469ae0,FUN_00469ae0,OK,0,0,0,0,,
0x00469af0,FUN_00469af0,OK,0,0,0,0,,
0x00469b60,FUN_00469b60,OK,0,0,1,0,,
0x00469ca0,FUN_00469ca0,OK,0,0,1,0,,
0x00469d60,FUN_00469d60,OK,0,0,1,0,,
0x00469e50,FUN_00469e50,OK,0,0,0,0,,
0x00469e90,FUN_00469e90,OK,0,0,2,0,,
0x0046a080,FUN_0046a080,OK,1,0,0,0,,
0x0046a130,FUN_0046a130,OK,2,0,0,0,,
0x0046a1f0,FUN_0046a1f0,OK,1,0,3,0,,
0x0046a5e0,FUN_0046a5e0,OK,0,0,0,0,,
0x0046a600,FUN_0046a600,OK,0,0,0,0,,
0x0046a620,FUN_0046a620,OK,0,0,2,0,,
0x0046a690,FUN_0046a690,OK,3,0,3,2,,r004cc5d8 004d2650
0x0046a770,FUN_0046a770,OK,4,0,2,0,,
0x0046a7f0,FUN_0046a7f0,OK,1,0,1,1,,004cc5dc
0x0046a8e0,FUN_0046a8e0,OK,0,0,2,0,,
0x0046a9c0,FUN_0046a9c0,OK,0,0,0,0,,
0x0046aa40,FUN_0046aa40,OK,2,0,1,1,,004cc5dc
0x0046aab0,FUN_0046aab0,OK,1,0,1,1,,004cc4ec
0x0046ab10,FUN_0046ab10,OK,1,0,1,1,,r004cc5b4
0x0046ab40,FUN_0046ab40,OK,1,0,0,0,,
0x0046ab90,FUN_0046ab90,OK,2,0,2,2,,004cc4e8 004cc4ec
0x0046ac80,FUN_0046ac80,OK,0,0,3,0,,
0x0046ae40,FUN_0046ae40,OK,3,0,1,1,,004cc5b4
0x0046af00,FUN_0046af00,OK,0,0,1,1,,004cc5dc
0x0046af20,FUN_0046af20,OK,0,0,1,1,,r004cc5b4
0x0046af40,FUN_0046af40,OK,8,0,0,0,,
0x0046b030,FUN_0046b030,OK,6,0,6,1,,004cc5b4
0x0046b1f0,FUN_0046b1f0,OK,9,0,6,4,,004cc4ac 004cc4ec r004cc5b4 r004cc5dc
0x0046b550,FUN_0046b550,OK,2,0,2,0,,
0x0046b650,FUN_0046b650,OK,0,0,1,1,,004cc4ec
0x0046b6d0,FUN_0046b6d0,OK,20,0,5,1,,004cc5b4
0x0046ba90,FUN_0046ba90,OK,4,0,3,1,,004cc5b4
0x0046bb30,FUN_0046bb30,OK,2,0,1,1,,004cc5b4
0x0046bb90,FUN_0046bb90,OK,7,0,6,1,,004cc5b4
0x0046bd50,FUN_0046bd50,OK,2,0,1,0,,
0x0046be20,FUN_0046be20,OK,0,0,2,0,,
0x0046bf30,FUN_0046bf30,OK,0,0,0,0,,
0x0046bf70,FUN_0046bf70,OK,0,0,0,0,,
0x0046bfc0,FUN_0046bfc0,OK,1,0,4,0,,
0x0046c070,FUN_0046c070,OK,5,0,10,2,,r004cc5b4 004cc5dc
0x0046c390,FUN_0046c390,OK,1,0,1,0,,
0x0046c3a0,FUN_0046c3a0,OK,0,0,3,0,,
0x0046c570,FUN_0046c570,OK,0,0,4,0,,
0x0046c5b0,FUN_0046c5b0,OK,0,0,0,0,,
0x0046c620,FUN_0046c620,OK,1,0,1,0,,
0x0046c720,FUN_0046c720,OK,0,0,1,1,,r004cc5b4
0x0046c760,FUN_0046c760,OK,3,0,8,4,,r004cc4f8 004cc5b4 004cc5bc r004cc5dc
0x0046cb50,FUN_0046cb50,OK,2,0,9,4,,r004cc4f8 004cc5b4 004cc5bc 004cc5dc
0x0046ced0,FUN_0046ced0,OK,0,0,0,0,,
0x0046d310,FUN_0046d310,OK,0,0,1,0,,
0x0046d340,FUN_0046d340,OK,0,0,1,0,,
0x0046d360,FUN_0046d360,OK,2,0,9,3,,004cc594 004cc5b4 004cc5dc
0x0046d420,FUN_0046d420,OK,2,0,8,1,,004cc4e0
0x0046d4c0,FUN_0046d4c0,OK,0,0,1,0,,
0x0046d4d0,FUN_0046d4d0,OK,0,0,10,0,,
0x0046d550,FUN_0046d550,OK,0,0,8,2,,r004e06e0 r004e0720
0x0046d5a0,FUN_0046d5a0,OK,1,0,1,0,,
0x0046d5b0,FUN_0046d5b0,OK,0,0,1,0,,
0x0046d5c0,FUN_0046d5c0,OK,0,0,1,0,,
0x0046d5d0,FUN_0046d5d0,OK,3,0,13,1,,r004cc5b4
0x0046d6b0,FUN_0046d6b0,OK,1,0,3,1,,r004cc5b4
0x0046d730,FUN_0046d730,OK,0,0,3,1,,r004cc5c0
0x0046d780,FUN_0046d780,OK,0,0,4,2,,004cc5b4 004cc5c0
0x0046d810,FUN_0046d810,OK,2,0,4,1,,004cc494
0x0046d870,FUN_0046d870,OK,1,0,0,0,,
0x0046d900,FUN_0046d900,OK,3,0,0,0,,
0x0046d940,FUN_0046d940,OK,2,0,5,2,,004cc490 004cc4c8
0x0046da40,FUN_0046da40,OK,1,0,7,3,,004cc4ec 004cc5c4 004e07ed
0x0046dae0,FUN_0046dae0,OK,3,0,9,5,,r004cc4e0 004cc4ec 004cc5b4 004cc5c0 004cc5dc
0x0046dd30,FUN_0046dd30,OK,1,0,6,3,,004cc490 004cc4c8 004cc5b4
0x0046de50,FUN_0046de50,OK,7,0,14,0,,
0x0046df50,FUN_0046df50,OK,2,0,20,2,,004cc4ec r004cc5c4
0x0046e250,FUN_0046e250,OK,1,0,0,0,,
0x0046e290,FUN_0046e290,OK,0,0,1,0,,
0x0046e2c0,FUN_0046e2c0,OK,0,0,3,1,,r004cc5d0
0x0046e380,FUN_0046e380,OK,1,0,1,1,,r004cc494
0x0046e3e0,FUN_0046e3e0,OK,4,0,6,1,,004cc59c
0x0046e4e0,FUN_0046e4e0,OK,2,0,7,0,,
0x0046e680,FUN_0046e680,OK,0,0,2,0,,
0x0046e720,FUN_0046e720,OK,2,0,8,1,,004cc4ec
0x0046e8d0,FUN_0046e8d0,OK,1,0,3,1,,004cc4ec
0x0046e960,FUN_0046e960,OK,1,0,0,0,,
0x0046e9b0,FUN_0046e9b0,OK,1,0,3,3,,r004cc5b4 004cc5dc 004d2694
0x0046eb20,FUN_0046eb20,OK,2,0,9,3,,r004da7dc r004da7f0 r0056bbe8
0x0046eb90,FUN_0046eb90,OK,1,0,0,0,,
0x0046eba0,FUN_0046eba0,OK,1,0,0,0,,
0x0046ebb0,FUN_0046ebb0,OK,2,0,1,0,,
0x0046ebd0,FUN_0046ebd0,OK,2,0,1,0,,
0x0046ec00,FUN_0046ec00,OK,0,0,1,1,,004cc5dc
0x0046ec20,FUN_0046ec20,OK,0,0,0,0,,
0x0046ec30,FUN_0046ec30,OK,0,0,0,0,,
0x0046ec40,FUN_0046ec40,OK,1,0,0,0,,
0x0046ec60,FUN_0046ec60,OK,0,0,0,0,,
0x0046ec70,FUN_0046ec70,OK,0,0,0,0,,
0x0046ec90,FUN_0046ec90,OK,0,0,0,0,,
0x0046ecc0,FUN_0046ecc0,OK,1,0,2,1,,004cc5b4
0x0046ecf0,FUN_0046ecf0,OK,0,0,1,1,,r004cc5b4
0x0046ed70,FUN_0046ed70,OK,3,0,1,1,,004cc4e0
0x0046ede0,FUN_0046ede0,OK,4,0,2,2,,r004cc4e0 004cc5dc
0x0046ef70,FUN_0046ef70,OK,4,0,1,1,,004cc5dc
0x0046efc0,FUN_0046efc0,OK,0,0,1,0,,
0x0046efe0,FUN_0046efe0,OK,7,0,9,3,,004cc5dc r004dadb4 r004e0888
0x0046f130,FUN_0046f130,OK,1,0,0,0,,
0x0046f210,FUN_0046f210,OK,0,0,1,0,,
0x0046f260,FUN_0046f260,OK,1,0,0,0,,
0x0046f300,Input_Keyboard_CreateDevice,OK,3,0,11,2,,004cc4ac r004e08cc
0x0046f420,Input_Keyboard_ShutdownDevice,OK,0,0,3,1,,004cc5b4
0x0046f450,Input_Keyboard_InitialPollAndClear,OK,1,0,9,1,,r004e08cc
0x0046f690,Input_Keyboard_PollAndTranslate,OK,2,0,8,1,,r004e08cc
0x0046f970,Input_Keyboard_SetCharCallback,OK,0,0,2,0,,
0x0046f980,Input_Keyboard_ConsumeKeyEdge,OK,0,0,1,0,,
0x0046f9b0,FUN_0046f9b0,OK,0,0,1,0,,
0x0046f9d0,FUN_0046f9d0,OK,0,0,1,0,,
0x0046f9f0,FUN_0046f9f0,OK,0,0,4,0,,
0x0046fa10,Input_Keyboard_WaitForKeyPress,OK,1,0,5,1,,r004e08cc
0x0046fba0,Input_Keyboard_ScancodeToAscii,OK,1,0,2,0,,
0x0046fd20,FUN_0046fd20,OK,0,0,78,0,,
0x00470020,FUN_00470020,OK,0,0,5,2,,004cc698 004cc6c8
0x00470060,FUN_00470060,OK,1,0,4,1,,004cc670
0x004700a0,FUN_004700a0,OK,2,0,8,0,,
0x00470150,Input_Mouse_RecenterCursor,OK,1,0,6,0,,
0x00470180,FUN_00470180,OK,1,0,2,0,,
0x00470190,FUN_00470190,OK,0,0,1,0,,
0x004701a0,FUN_004701a0,OK,0,0,7,0,,
0x004701f0,Input_Mouse_CreateDevice,OK,3,0,12,0,,
0x004702e0,Input_GetMouseButtonEdgeState,OK,0,0,2,0,,
0x00470310,Input_Mouse_SetAcquired,OK,0,0,2,0,,
0x00470360,FUN_00470360,OK,1,0,3,0,,
0x004703a0,Input_GetMouseButtonEdgeTable,OK,0,0,1,0,,
0x004703b0,Input_Mouse_Poll,OK,1,0,1,0,,
0x004703c0,Input_Mouse_PollAndTranslate,OK,4,0,20,0,,
0x004704f0,Input_Mouse_UpdateCursorPosition,OK,1,0,17,2,,004e08f4 004e08f8
0x004705f0,FUN_004705f0,OK,0,0,3,0,,
0x00470610,FUN_00470610,OK,1,0,14,0,,
0x00470670,FUN_00470670,OK,0,0,1,0,,
0x00470680,FUN_00470680,OK,3,0,0,0,,
0x004706c0,FUN_004706c0,OK,1,0,2,2,,004cc4ac r004cc5a0
0x004707a0,FUN_004707a0,OK,0,0,1,1,,r004cc5b4
0x00470820,FUN_00470820,OK,2,0,0,0,,
0x004708f0,FUN_004708f0,OK,2,0,2,2,,r004cc4ac r004e0904
0x00470960,FUN_00470960,OK,0,0,1,1,,r004cc5b4
0x004709d0,FUN_004709d0,OK,2,0,0,0,,
0x00470a10,FUN_00470a10,OK,0,0,0,0,,
0x00470a40,Input_GetPrimaryKeyBinding,OK,0,0,0,0,,
0x00470a60,Input_GetSecondaryKeyBinding,OK,0,0,0,0,,
0x00470a80,Input_GetJoystickButtonBinding,OK,0,0,0,0,,
0x00470aa0,Input_GetMouseButtonBinding,OK,0,0,0,0,,
0x00470ac0,FUN_00470ac0,OK,0,0,0,0,,
0x00470ad0,FUN_00470ad0,OK,0,0,0,0,,
0x00470ae0,FUN_00470ae0,OK,2,0,0,0,,
0x00470b00,FUN_00470b00,OK,0,0,0,0,,
0x00470b10,FUN_00470b10,OK,0,0,0,0,,
0x00470b20,FUN_00470b20,OK,0,0,0,0,,
0x00470b80,FUN_00470b80,OK,0,0,0,0,,
0x00470bf0,FUN_00470bf0,OK,0,0,0,0,,
0x00470c60,FUN_00470c60,OK,0,0,0,0,,
0x00470cd0,FUN_00470cd0,OK,4,0,1,1,,004cc5a0
0x00470d40,Input_Mouse_DispatchButtonEdgeHandlers,OK,2,0,0,0,,
0x00470db0,FUN_00470db0,OK,2,0,0,0,,
0x00470df0,FUN_00470df0,OK,3,0,0,0,,
0x00470eb0,Input_QueryActionState,OK,7,0,0,0,,
0x00470f50,FUN_00470f50,OK,0,0,1,1,,004cc5a0
0x00470f80,FUN_00470f80,OK,0,0,6,1,,r004cc4f0
0x00471040,FUN_00471040,OK,0,0,3,1,,004cc5a0
0x00471070,FUN_00471070,OK,0,0,3,1,,004cc5a0
0x004710a0,FUN_004710a0,OK,6,0,2,0,,
0x00471120,FUN_00471120,OK,0,0,240,0,,
0x004715e0,FUN_004715e0,OK,0,0,16,0,,
0x00471640,FUN_00471640,OK,0,0,6,0,,
0x00471660,FUN_00471660,OK,4,0,1,0,,
0x004716b0,FUN_004716b0,OK,1,0,1,1,,r00565ea0
0x004716c0,FUN_004716c0,OK,1,0,1,1,,r00565ea0
0x004716d0,FUN_004716d0,OK,1,0,1,1,,r00565ea0
0x004716e0,FUN_004716e0,OK,1,0,1,1,,r00565ea0
0x004716f0,FUN_004716f0,OK,1,0,1,1,,r00565ea0
0x00471700,FUN_00471700,OK,1,0,1,1,,r00565ea0
0x00471710,FUN_00471710,OK,1,0,1,1,,r00565ea0
0x00471720,FUN_00471720,OK,1,0,1,1,,r00565ea0
0x00471730,FUN_00471730,OK,1,0,1,1,,r00565ea0
0x00471740,FUN_00471740,OK,1,0,1,1,,r00565ea0
0x00471750,FUN_00471750,OK,1,0,1,1,,r00565ea0
0x00471760,FUN_00471760,OK,1,0,1,1,,r00565ea0
0x00471770,FUN_00471770,OK,1,0,1,1,,r00565ea0
0x00471780,FUN_00471780,OK,1,0,1,1,,r00565ea0
0x00471790,FUN_00471790,OK,1,0,1,1,,r00565ea0
0x004717c0,FUN_004717c0,OK,1,0,1,1,,r00565ea0
0x004717d0,Input_QueryAction,OK,1,0,1,1,,r00565ea0
0x004717e0,FUN_004717e0,OK,1,0,1,1,,r00565ea0
0x00471800,FUN_00471800,OK,1,0,1,1,,r00565ea0
0x00471820,FUN_00471820,OK,1,0,1,1,,r00565ea0
0x00471840,FUN_00471840,OK,1,0,1,1,,r00565ea0
0x00471860,FUN_00471860,OK,3,0,5,0,,
0x00471950,FUN_00471950,OK,3,0,4,0,,
0x004719f0,FUN_004719f0,OK,1,0,1,1,,r00561cb0
0x00471a00,FUN_00471a00,OK,1,0,0,0,,
0x00471a20,FUN_00471a20,OK,1,0,0,0,,
0x00471ab0,FUN_00471ab0,OK,0,0,0,0,,
0x00471b50,zInInit,OK,7,0,9,1,,r004e0c9c
0x00471c10,FUN_00471c10,OK,3,0,2,0,,
0x00471c50,FUN_00471c50,OK,3,0,0,0,,
0x00471cd0,FUN_00471cd0,OK,1,0,1,0,,
0x00471d10,FUN_00471d10,OK,0,0,1,0,,
0x00471d20,FUN_00471d20,OK,1,0,2,0,,
0x00471d50,FUN_00471d50,OK,1,0,2,0,,
0x00471d80,FUN_00471d80,OK,0,0,1,0,,
0x00471da0,FUN_00471da0,OK,1,0,2,0,,
0x00471dd0,FUN_00471dd0,OK,0,0,1,0,,
0x00471de0,Input_PollAllDevices,OK,3,0,6,0,,
0x00471e40,Input_Joystick_CreateDevice,OK,2,0,7,0,,
0x00471fb0,FUN_00471fb0,OK,0,0,1,0,,
0x00471fd0,FUN_00471fd0,OK,3,0,5,0,,
0x004721a0,FUN_004721a0,OK,0,0,1,0,,
0x004721e0,FUN_004721e0,OK,0,0,1,0,,
0x00472230,FUN_00472230,OK,0,0,1,0,,
0x00472280,FUN_00472280,OK,0,0,1,0,,
0x004722b0,FUN_004722b0,OK,0,0,1,0,,
0x004722c0,Input_Joystick_Poll,OK,3,0,18,0,,
0x00472390,FUN_00472390,OK,0,0,1,0,,
0x004723a0,Input_GetJoystickButtonEdgeState,OK,0,0,2,0,,
0x004723d0,FUN_004723d0,OK,3,0,0,0,,
0x00472410,FUN_00472410,OK,0,0,11,0,,
0x00472450,FUN_00472450,OK,0,0,1,0,,
0x00472480,FUN_00472480,OK,0,0,1,0,,
0x00472490,FUN_00472490,OK,1,0,20,1,,004cc5c4
0x00472670,FUN_00472670,OK,0,0,3,0,,
0x004726d0,FUN_004726d0,OK,0,0,3,0,,
0x00472730,FUN_00472730,OK,0,0,2,0,,
0x00472770,FUN_00472770,OK,0,0,0,0,,
0x004727a0,FUN_004727a0,OK,0,0,2,0,,
0x004727f0,Math_NormalizeHorizontalVector,OK,0,0,2,0,,
0x00472860,FUN_00472860,OK,0,0,2,0,,
0x00472960,FUN_00472960,OK,0,0,1,0,,
0x004729b0,FUN_004729b0,OK,1,0,0,0,,
0x004729f0,FUN_004729f0,OK,2,0,0,0,,
0x00472a10,FUN_00472a10,OK,1,0,6,0,,
0x00472cc0,FUN_00472cc0,OK,0,0,2,0,,
0x00472ed0,FUN_00472ed0,OK,0,0,2,2,,r00566850 r00566854
0x00472ef0,zTransformStackPushAndCopy,OK,0,0,6,4,,r00566868 0056686c r00566950 00566954
0x00472f30,zTransformStackPushRef,OK,0,0,4,2,,0056686c 00566954
0x00472f60,zTransformStackPop,OK,0,0,2,0,,
0x00472f90,FUN_00472f90,OK,1,0,1,1,,r005668e8
0x00472fa0,FUN_00472fa0,OK,1,0,1,1,,r00566920
0x00472fb0,FUN_00472fb0,OK,8,0,5,3,,r00566864 r00566868 r0056694c
0x00473060,FUN_00473060,OK,10,0,8,3,,r00566864 r00566868 r0056694c
0x004731f0,FUN_004731f0,OK,2,0,2,2,,r004e0e88 r00566864
0x00473210,FUN_00473210,OK,0,0,2,1,,r00566868
0x00473230,FUN_00473230,OK,0,0,2,1,,r00566868
0x00473240,FUN_00473240,OK,0,0,2,1,,r00566950
0x00473250,FUN_00473250,OK,0,0,4,2,,r00566868 00566950
0x00473280,FUN_00473280,OK,0,0,4,2,,r00566868 00566950
0x004732f0,FUN_004732f0,OK,0,0,4,2,,r00566868 00566950
0x00473370,zTransformConcatenateLocal,OK,0,0,4,2,,r00566868 00566950
0x00473690,FUN_00473690,OK,0,0,4,2,,r00566868 00566950
0x004737e0,Transform_TranslateLocal,OK,0,0,4,2,,r00566868 00566950
0x00473970,Transform_RotateXLocal,OK,0,0,5,2,,r00566868 00566950
0x00473b10,Transform_RotateYLocal,OK,0,0,5,2,,r00566868 00566950
0x00473cc0,Transform_RotateZLocal,OK,0,0,5,2,,r00566868 00566950
0x00473e60,FUN_00473e60,OK,0,0,20,0,,
0x00473fc0,FUN_00473fc0,OK,0,0,4,0,,
0x00474010,FUN_00474010,OK,1,0,5,2,,004d2950 00566950
0x00474260,FUN_00474260,OK,0,0,1,0,,
0x004743e0,FUN_004743e0,OK,0,0,2,0,,
0x00474400,FUN_00474400,OK,0,0,17,0,,
0x004744f0,FUN_004744f0,OK,0,0,0,0,,
0x00474580,FUN_00474580,OK,1,0,0,0,,
0x004745c0,FUN_004745c0,OK,0,0,0,0,,
0x004745e0,FUN_004745e0,OK,0,0,4,2,,r00566868 00566950
0x00474670,FUN_00474670,OK,0,0,4,2,,r00566868 r00566950
0x00474710,FUN_00474710,OK,0,0,4,2,,r00566868 r00566950
0x004747d0,FUN_004747d0,OK,0,0,4,2,,r00566868 00566950
0x00474870,FUN_00474870,OK,0,0,0,0,,
0x00474b20,FUN_00474b20,OK,0,0,5,0,,
0x00474b70,FUN_00474b70,OK,0,0,6,0,,
0x00474bc0,FUN_00474bc0,OK,0,0,5,0,,
0x00474c20,FUN_00474c20,OK,4,0,4,2,,r00566868 00566950
0x00474d10,Math_ComputeLookAtPitchYaw,OK,0,0,0,0,,
0x00474d90,FUN_00474d90,OK,0,0,0,0,,
0x00474de0,FUN_00474de0,OK,0,0,1,0,,
0x00474e10,FUN_00474e10,OK,3,0,2,0,,
0x00474ec0,FUN_00474ec0,OK,0,0,1,0,,
0x00474f40,FUN_00474f40,OK,0,0,1,0,,
0x00474fc0,FUN_00474fc0,OK,1,0,9,0,,
0x00475070,FUN_00475070,OK,1,0,0,0,,
0x00475130,FUN_00475130,OK,0,0,2,0,,
0x00475210,FUN_00475210,OK,1,0,1,0,,
0x004753e0,FUN_004753e0,OK,0,0,4,0,,
0x004757c0,FUN_004757c0,OK,0,0,2,0,,
0x00475910,FUN_00475910,OK,0,0,0,0,,
0x004759d0,FUN_004759d0,OK,0,0,0,0,,
0x00475a80,FUN_00475a80,OK,0,0,1,0,,
0x00475b80,FUN_00475b80,OK,0,0,2,0,,
0x00475c40,FUN_00475c40,OK,2,0,66,2,,r004da834 r004da888
0x00475e60,FUN_00475e60,OK,1,0,0,0,,
0x00475e70,FUN_00475e70,OK,1,0,10,1,,004cc5dc
0x00475f60,FUN_00475f60,OK,1,0,3,0,,
0x00475fa0,FUN_00475fa0,OK,2,0,5,1,,004cc5b4
0x00475ff0,FUN_00475ff0,OK,1,0,3,0,,
0x00476020,FUN_00476020,OK,0,0,2,0,,
0x00476030,FUN_00476030,OK,0,0,1,0,,
0x00476040,FUN_00476040,OK,0,0,4,0,,
0x00476070,FUN_00476070,OK,0,0,1,0,,
0x00476080,FUN_00476080,OK,0,0,1,0,,
0x00476090,FUN_00476090,OK,0,0,2,0,,
0x004760b0,FUN_004760b0,OK,0,0,2,0,,
0x004760d0,FUN_004760d0,OK,1,0,2,0,,
0x00476120,FUN_00476120,OK,0,0,7,0,,
0x00476170,FUN_00476170,OK,0,0,1,0,,
0x00476180,FUN_00476180,OK,0,0,1,0,,
0x00476190,FUN_00476190,OK,0,0,5,0,,
0x004761d0,FUN_004761d0,OK,0,0,1,0,,
0x004761e0,FUN_004761e0,OK,0,0,5,0,,
0x00476220,FUN_00476220,OK,0,0,5,0,,
0x00476260,FUN_00476260,OK,0,0,5,0,,
0x004762a0,FUN_004762a0,OK,0,0,1,0,,
0x004762b0,FUN_004762b0,OK,0,0,1,0,,
0x004762c0,FUN_004762c0,OK,1,0,4,0,,
0x004762f0,FUN_004762f0,OK,1,0,1,1,,r0057d938
0x00476300,FUN_00476300,OK,0,0,3,0,,
0x00476320,FUN_00476320,OK,0,0,0,0,,
0x00476340,FUN_00476340,OK,0,0,0,0,,
0x00476370,FUN_00476370,OK,0,0,1,0,,
0x00476400,Render_IsNodeTypeEnabledForRender,OK,0,0,4,0,,
0x00476460,FUN_00476460,OK,0,0,1,0,,
0x00476470,FUN_00476470,OK,0,0,1,0,,
0x00476480,Render_ProjectWorldPointToScreen,OK,4,0,15,2,,r00566868 00566950
0x004766a0,FUN_004766a0,OK,1,0,7,1,,r00576258
0x00476700,FUN_00476700,OK,7,0,13,2,,r00566868 00566950
0x00476a50,FUN_00476a50,OK,3,0,22,2,,r00566868 r00566950
0x00476cf0,Render_ShadeAndQueueObjectPolygons_SW,OK,33,0,56,4,,r00566868 00566950 0057d1d0 r0057d3cc
0x00477b30,Render_ShadeAndQueueObjectPolygons,OK,27,0,65,2,,r00566868 00566950
0x00478c70,Render_TestBoundSphereAgainstFrustum,OK,0,0,1,0,,
0x00478fc0,FUN_00478fc0,OK,1,0,1,0,,
0x00479020,FUN_00479020,OK,3,0,13,2,,r00566868 r00566950
0x004791c0,FUN_004791c0,OK,1,0,5,2,,004cc500 004cc504
0x00479660,FUN_00479660,OK,2,0,12,0,,
0x00479c50,FUN_00479c50,OK,0,0,1,0,,
0x00479c60,FUN_00479c60,OK,0,0,3,0,,
0x00479c80,FUN_00479c80,OK,0,0,1,0,,
0x00479c90,FUN_00479c90,OK,0,0,2,0,,
0x00479cb0,FUN_00479cb0,OK,0,0,1,0,,
0x00479cc0,FUN_00479cc0,OK,0,0,3,0,,
0x00479ce0,FUN_00479ce0,OK,7,0,22,0,,
0x00479f90,FUN_00479f90,OK,0,0,21,0,,
0x0047a0c0,FUN_0047a0c0,OK,7,0,0,0,,
0x0047a1d0,FUN_0047a1d0,OK,3,0,0,0,,
0x0047a200,FUN_0047a200,OK,0,0,7,0,,
0x0047a4e0,FUN_0047a4e0,OK,0,0,16,0,,
0x0047aa80,FUN_0047aa80,OK,0,0,8,0,,
0x0047af60,FUN_0047af60,OK,0,0,11,0,,
0x0047b540,FUN_0047b540,OK,0,0,9,0,,
0x0047bd30,FUN_0047bd30,OK,0,0,21,0,,
0x0047cdc0,FUN_0047cdc0,OK,0,0,6,0,,
0x0047d3f0,FUN_0047d3f0,OK,0,0,8,0,,
0x0047dfb0,FUN_0047dfb0,OK,0,0,10,0,,
0x0047e900,FUN_0047e900,OK,0,0,17,0,,
0x0047efd0,FUN_0047efd0,OK,0,0,27,0,,
0x004803b0,FUN_004803b0,OK,0,0,4,0,,
0x004804c0,FUN_004804c0,OK,0,0,3,0,,
0x004804e0,FUN_004804e0,OK,0,0,9,6,,004cc50c r004cc510 004cc514 r004cc518 004e1190 004e1198
0x004805b0,FUN_004805b0,OK,0,0,1,0,,
0x004805e0,FUN_004805e0,OK,0,0,1,0,,
0x00480600,FUN_00480600,OK,2,0,11,4,,004cc4ec 004cc594 r004cc5b4 004cc5dc
0x004808c0,FUN_004808c0,OK,3,0,11,3,,004cc4e0 004cc4ec 004cc5dc
0x00480ae0,FUN_00480ae0,OK,1,0,7,2,,004cc5dc r005669f0
0x00480bf0,FUN_00480bf0,OK,1,0,4,0,,
0x00480c40,FUN_00480c40,OK,0,0,0,0,,
0x00480c80,FUN_00480c80,OK,0,0,0,0,,
0x00480ca0,FUN_00480ca0,OK,2,0,3,0,,
0x00480d20,FUN_00480d20,OK,0,0,0,0,,
0x00480d80,FUN_00480d80,OK,1,0,3,1,,r00566a1c
0x00480dc0,FUN_00480dc0,OK,1,0,5,1,,r004cc5b4
0x00480ec0,FUN_00480ec0,OK,0,0,4,1,,r004cc5b4
0x00480f10,FUN_00480f10,OK,2,0,7,1,,004cc5b4
0x00480f60,FUN_00480f60,OK,0,0,0,0,,
0x00480f80,FUN_00480f80,OK,1,0,0,0,,
0x00480fd0,FUN_00480fd0,OK,1,0,4,0,,
0x00481040,FUN_00481040,OK,0,0,0,0,,
0x00481050,FUN_00481050,OK,1,0,2,1,,r004cc4ec
0x00481100,FUN_00481100,OK,0,0,0,0,,
0x00481140,FUN_00481140,OK,2,0,7,0,,
0x00481220,FUN_00481220,OK,1,0,2,0,,
0x00481260,FUN_00481260,OK,1,0,2,0,,
0x004812c0,FUN_004812c0,OK,1,0,9,2,,004cc4ac 004cc5dc
0x00481420,FUN_00481420,OK,0,0,2,0,,
0x00481460,FUN_00481460,OK,3,0,3,1,,r004cc5dc
0x00481530,FUN_00481530,OK,0,0,1,0,,
0x00481540,FUN_00481540,OK,0,0,1,0,,
0x00481550,FUN_00481550,OK,0,0,1,0,,
0x00481560,FUN_00481560,OK,0,0,1,0,,
0x00481570,FUN_00481570,OK,0,0,1,0,,
0x004815a0,FUN_004815a0,OK,0,0,1,0,,
0x004815c0,FUN_004815c0,OK,2,0,11,5,,r004cc490 004cc4a0 004cc594 004cc5b4 004cc5dc
0x00481aa0,FUN_00481aa0,OK,5,0,5,2,,004cc490 004cc4e0
0x00481bc0,FUN_00481bc0,OK,1,0,3,1,,r004cc4e0
0x00481c50,FUN_00481c50,OK,4,0,12,3,,004cc4e0 r004cc5dc 004d2ab0
0x00481fa0,FUN_00481fa0,OK,3,0,10,3,,004cc4e0 004cc4ec 004cc5dc
0x00482080,FUN_00482080,OK,1,0,5,0,,
0x004820f0,FUN_004820f0,OK,1,0,3,0,,
0x00482160,FUN_00482160,OK,0,0,1,1,,004cc5b4
0x00482270,FUN_00482270,OK,5,0,4,4,,004cc4ac 004cc4ec 004cc5b4 004cc5dc
0x004826a0,FUN_004826a0,OK,0,0,0,0,,
0x004826b0,FUN_004826b0,OK,0,0,0,0,,
0x004826d0,FUN_004826d0,OK,0,0,0,0,,
0x004826f0,FUN_004826f0,OK,0,0,0,0,,
0x00482700,FUN_00482700,OK,0,0,0,0,,
0x00482710,FUN_00482710,OK,0,0,0,0,,
0x00482720,FUN_00482720,OK,1,0,9,2,,004cc4ec r004cc5c4
0x00482860,FUN_00482860,OK,1,0,8,2,,r004cc4ec r004cc5c4
0x00482a10,FUN_00482a10,OK,1,0,9,2,,004cc4ec r004cc5c4
0x00482b40,FUN_00482b40,OK,1,0,1,0,,
0x00482c60,FUN_00482c60,OK,0,0,3,0,,
0x00482db0,FUN_00482db0,OK,1,0,1,0,,
0x00482e30,FUN_00482e30,OK,0,0,3,0,,
0x00482fe0,FUN_00482fe0,OK,1,0,0,0,,
0x00483240,FUN_00483240,OK,2,0,2,0,,
0x00483510,FUN_00483510,OK,1,0,4,2,,004cc504 004d2aec
0x00483610,FUN_00483610,OK,1,0,0,0,,
0x00483650,FUN_00483650,OK,10,0,10,3,,004cc4ec 004cc504 004cc5dc
0x00483a60,FUN_00483a60,OK,1,0,0,0,,
0x00483ad0,FUN_00483ad0,OK,2,0,1,0,,
0x00483b80,FUN_00483b80,OK,1,0,1,0,,
0x00483e60,FUN_00483e60,OK,1,0,0,0,,
0x00483f80,FUN_00483f80,OK,0,0,3,3,,004cc4ec r004cc5b4 r004cc5dc
0x00484140,FUN_00484140,OK,0,0,0,0,,
0x00484170,FUN_00484170,OK,0,0,0,0,,
0x004841b0,FUN_004841b0,OK,1,0,0,0,,
0x004841f0,FUN_004841f0,OK,1,0,0,0,,
0x00484230,FUN_00484230,OK,0,0,0,0,,
0x00484250,FUN_00484250,OK,1,0,6,3,,r004cc4f8 004cc5bc 004cc5c4
0x004842b0,FUN_004842b0,OK,0,0,0,0,,
0x004842f0,FUN_004842f0,OK,1,0,0,0,,
0x00484310,FUN_00484310,OK,1,0,0,0,,
0x00484330,FUN_00484330,OK,1,0,0,0,,
0x00484350,FUN_00484350,OK,0,0,0,0,,
0x004843b0,FUN_004843b0,OK,3,0,0,0,,
0x00484860,FUN_00484860,OK,0,0,2,0,,
0x00484960,FUN_00484960,OK,2,0,13,2,,r00566868 00566950
0x00484b70,FUN_00484b70,OK,1,0,3,0,,
0x00484e00,FUN_00484e00,OK,2,0,13,2,,r00566868 00566950
0x00484fc0,Collision_TestMeshPolygons,OK,3,0,12,2,,r00566868 00566950
0x00485380,FUN_00485380,OK,1,0,12,0,,
0x004856d0,FUN_004856d0,OK,1,0,3,0,,
0x004857f0,Collision_RayPolygonTest,OK,1,0,3,0,,
0x00485d10,Collision_RayPolygonTestWithUV,OK,3,0,2,0,,
0x00486290,FUN_00486290,OK,1,0,2,0,,
0x004869a0,FUN_004869a0,OK,4,0,2,0,,
0x00487350,FUN_00487350,OK,3,0,13,2,,r00566868 00566950
0x00487540,FUN_00487540,OK,1,0,12,0,,
0x00487900,FUN_00487900,OK,1,0,3,0,,
0x004879c0,FUN_004879c0,OK,0,0,3,0,,
0x00487a30,FUN_00487a30,OK,1,0,34,0,,
0x00487c50,FUN_00487c50,OK,2,0,19,0,,
0x00487f10,FUN_00487f10,OK,15,0,36,2,,r0057d3ec r0057d968
0x00488d60,FUN_00488d60,OK,10,0,26,1,,r0057d968
0x004894f0,FUN_004894f0,OK,0,0,2,0,,
0x00489540,FUN_00489540,OK,1,0,8,0,,
0x004896d0,FUN_004896d0,OK,2,0,15,0,,
0x00489920,FUN_00489920,OK,1,0,11,0,,
0x00489a90,FUN_00489a90,OK,3,0,17,1,,r0057d938
0x00489d00,FUN_00489d00,OK,5,0,12,0,,
0x00489e10,FUN_00489e10,OK,7,0,8,1,,004cc5b4
0x00489f30,FUN_00489f30,OK,1,0,2,2,,r004cc5b4 r0056ab30
0x00489f70,FUN_00489f70,OK,0,0,1,0,,
0x00489f80,FUN_00489f80,OK,0,0,1,0,,
0x00489fa0,FUN_00489fa0,OK,1,0,2,1,,004cc5b4
0x0048a030,FUN_0048a030,OK,1,0,1,0,,
0x0048a0d0,FUN_0048a0d0,OK,2,0,5,1,,r004e1860
0x0048a130,FUN_0048a130,OK,1,0,1,0,,
0x0048a140,FUN_0048a140,OK,1,0,2,1,,r004e1860
0x0048a180,FUN_0048a180,OK,4,0,8,2,,r004cc59c r004e1860
0x0048a220,FUN_0048a220,OK,3,0,4,1,,r004e1860
0x0048a2c0,FUN_0048a2c0,OK,1,0,1,1,,r0056ab30
0x0048a2e0,FUN_0048a2e0,OK,1,0,1,1,,r0056ab30
0x0048a310,FUN_0048a310,OK,1,0,3,1,,r004e1860
0x0048a350,FUN_0048a350,OK,1,0,14,4,,004cc4dc r004cc4f8 004cc5bc r004e1860
0x0048a410,FUN_0048a410,OK,2,0,10,4,,004cc5b4 004cc5dc 004cc5e4 r004e1860
0x0048a520,FUN_0048a520,OK,2,0,27,1,,004cc664
0x0048a980,FUN_0048a980,OK,1,0,3,1,,r004e1860
0x0048a9c0,FUN_0048a9c0,OK,6,0,23,3,,004cc5a0 004cc664 r004e1860
0x0048acf0,FUN_0048acf0,OK,1,0,3,1,,r004e1860
0x0048ad30,FUN_0048ad30,OK,1,0,3,1,,r004e1860
0x0048ad70,FUN_0048ad70,OK,1,0,5,1,,r004e1860
0x0048ae10,FUN_0048ae10,OK,1,0,3,1,,r004e1860
0x0048ae70,FUN_0048ae70,OK,3,0,8,1,,r004cc4ec
0x0048afa0,FUN_0048afa0,OK,1,0,1,1,,004cc5a0
0x0048afe0,FUN_0048afe0,OK,6,0,13,1,,004cc5a0
0x0048b3a0,FUN_0048b3a0,OK,7,0,4,2,,004cc4ac 004cc5e4
0x0048b5e0,FUN_0048b5e0,OK,1,0,3,3,,004cc5dc 004cc5e4 r0056ab30
0x0048b730,FUN_0048b730,OK,2,0,8,2,,004cc708 004cc70c
0x0048b7f0,FUN_0048b7f0,OK,0,0,1,1,,004cc710
0x0048b860,FUN_0048b860,OK,6,0,3,2,,004cc5b4 004cc5dc
0x0048b940,FUN_0048b940,OK,0,0,3,0,,
0x0048b980,FUN_0048b980,OK,0,0,1,0,,
0x0048b9a0,FUN_0048b9a0,OK,1,0,1,0,,
0x0048b9d0,FUN_0048b9d0,OK,0,0,1,0,,
0x0048b9e0,FUN_0048b9e0,OK,2,0,2,0,,
0x0048ba60,FUN_0048ba60,OK,0,0,1,0,,
0x0048bab0,FUN_0048bab0,OK,0,0,1,0,,
0x0048bb20,FUN_0048bb20,OK,0,0,5,0,,
0x0048bbe0,FUN_0048bbe0,OK,3,0,19,5,,004cc0c8 004cc4ac r004cc5b4 004cc5dc 004cc5e4
0x0048be10,FUN_0048be10,OK,1,0,1,0,,
0x0048be70,FUN_0048be70,OK,1,0,2,0,,
0x0048bee0,FUN_0048bee0,OK,0,0,1,1,,r004cc5b4
0x0048bf10,FUN_0048bf10,OK,0,0,0,0,,
0x0048bf40,FUN_0048bf40,OK,1,0,2,0,,
0x0048bfb0,FUN_0048bfb0,OK,1,0,3,0,,
0x0048bfe0,FUN_0048bfe0,OK,1,0,0,0,,
0x0048c060,FUN_0048c060,OK,2,0,1,0,,
0x0048c080,FUN_0048c080,OK,2,0,1,0,,
0x0048c0a0,FUN_0048c0a0,OK,1,0,2,0,,
0x0048c120,FUN_0048c120,OK,1,0,2,0,,
0x0048c200,FUN_0048c200,OK,0,0,1,0,,
0x0048c250,FUN_0048c250,OK,1,0,58,1,,004cc5c4
0x0048c7d0,FUN_0048c7d0,OK,2,0,1,0,,
0x0048c800,FUN_0048c800,OK,1,0,2,1,,004cc5dc
0x0048c820,FUN_0048c820,OK,2,0,2,0,,
0x0048c890,FUN_0048c890,OK,2,0,2,1,,r004cc5b4
0x0048c8e0,FUN_0048c8e0,OK,1,0,3,0,,
0x0048c950,FUN_0048c950,OK,0,0,1,1,,004cc5dc
0x0048c970,FUN_0048c970,OK,1,0,1,1,,004cc5b4
0x0048c9a0,FUN_0048c9a0,OK,0,0,0,0,,
0x0048c9c0,FUN_0048c9c0,OK,2,0,0,0,,
0x0048ca10,FUN_0048ca10,OK,1,0,0,0,,
0x0048ca30,FUN_0048ca30,OK,2,0,0,0,,
0x0048ca70,FUN_0048ca70,OK,2,0,0,0,,
0x0048cae0,FUN_0048cae0,OK,1,0,0,0,,
0x0048cb00,FUN_0048cb00,OK,0,0,0,0,,
0x0048cb30,FUN_0048cb30,OK,0,0,0,0,,
0x0048cb70,FUN_0048cb70,OK,1,0,0,0,,
0x0048cbd0,FUN_0048cbd0,OK,0,0,0,0,,
0x0048cc20,FUN_0048cc20,OK,0,0,0,0,,
0x0048cc50,FUN_0048cc50,OK,1,0,0,0,,
0x0048cc60,FUN_0048cc60,OK,0,0,0,0,,
0x0048cc70,FUN_0048cc70,OK,2,0,2,0,,
0x0048cca0,FUN_0048cca0,OK,3,0,1,0,,
0x0048cce0,FUN_0048cce0,OK,2,0,1,0,,
0x0048cd10,FUN_0048cd10,OK,3,0,2,0,,
0x0048cd40,FUN_0048cd40,OK,4,0,1,1,,r0056b180
0x0048cda0,FUN_0048cda0,OK,0,0,1,1,,004cc5dc
0x0048cdc0,Settings_OpenDetailPresetFile,OK,3,0,7,1,,004cc4cc
0x0048ce40,FUN_0048ce40,OK,1,0,1,1,,004cc5b4
0x0048ce60,FUN_0048ce60,OK,1,0,1,1,,004cc5b4
0x0048cec0,ConfigTree_FindChildByName,OK,1,0,0,0,,
0x0048cf70,ConfigTree_FindChildByName_Vec3,OK,1,0,0,0,,
0x0048cf80,FUN_0048cf80,OK,1,0,0,0,,
0x0048cfb0,FUN_0048cfb0,OK,1,0,0,0,,
0x0048d030,FUN_0048d030,OK,1,0,0,0,,
0x0048d080,FUN_0048d080,OK,3,0,4,2,,r004cc134 004cc5dc
0x0048d1c0,FUN_0048d1c0,OK,3,0,1,0,,
0x0048d210,Zar_OpenAndRegisterArchive,OK,6,0,3,0,,
0x0048d2c0,FUN_0048d2c0,OK,5,0,2,0,,
0x0048d340,FUN_0048d340,OK,2,0,11,2,,r004cc5d8 004cc5dc
0x0048d3e0,FUN_0048d3e0,OK,0,0,3,1,,r004cc5b4
0x0048d420,FUN_0048d420,OK,0,0,5,0,,
0x0048d450,FUN_0048d450,OK,0,0,3,0,,
0x0048d4b0,FUN_0048d4b0,OK,0,0,3,0,,
0x0048d510,FUN_0048d510,OK,0,0,4,0,,
0x0048d5f0,FUN_0048d5f0,OK,0,0,4,0,,
0x0048d6d0,FUN_0048d6d0,OK,1,0,11,0,,
0x0048d7a0,FUN_0048d7a0,OK,2,0,20,2,,004d2d88 004d2d90
0x0048d910,FUN_0048d910,OK,2,0,9,1,,004cc5d8
0x0048da60,FUN_0048da60,OK,0,0,10,0,,
0x0048daf0,FUN_0048daf0,OK,3,0,12,0,,
0x0048e380,FUN_0048e380,OK,1,0,5,0,,
0x0048e670,FUN_0048e670,OK,1,0,5,0,,
0x0048e870,FUN_0048e870,OK,1,0,5,0,,
0x0048ea00,FUN_0048ea00,OK,3,0,0,0,,
0x0048ea20,FUN_0048ea20,OK,2,0,5,0,,
0x0048eb80,FUN_0048eb80,OK,2,0,5,0,,
0x0048ec90,FUN_0048ec90,OK,1,0,2,2,,r0056b1c8 r0056b1cc
0x0048ed60,FUN_0048ed60,OK,1,0,6,3,,004d2dac 004d2db0 004d2db4
0x0048f500,FUN_0048f500,OK,2,0,2,0,,
0x0048f560,FUN_0048f560,OK,0,0,5,0,,
0x0048fd80,zRndrInit,OK,3,0,57,3,,r004da834 r004da888 r0056bbe8
0x0048ff60,FUN_0048ff60,OK,1,0,0,0,,
0x0048ff70,FUN_0048ff70,OK,2,0,0,0,,
0x0048ff80,FUN_0048ff80,OK,6,0,33,0,,
0x004902b0,FUN_004902b0,OK,0,0,0,0,,
0x00490330,FUN_00490330,OK,0,0,0,0,,
0x00490340,FUN_00490340,OK,0,0,11,0,,
0x004903c0,FUN_004903c0,OK,0,0,2,0,,
0x004903e0,FUN_004903e0,OK,0,0,2,0,,
0x004903f0,FUN_004903f0,OK,0,0,5,0,,
0x00490430,FUN_00490430,OK,0,0,6,0,,
0x00490480,FUN_00490480,OK,0,0,3,0,,
0x004904a0,FUN_004904a0,OK,0,0,3,0,,
0x004904d0,FUN_004904d0,OK,0,0,6,0,,
0x00490520,FUN_00490520,OK,1,0,8,1,,r004cc4ac
0x00490590,FUN_00490590,OK,1,0,10,0,,
0x00490600,FUN_00490600,OK,0,0,1,0,,
0x00490610,FUN_00490610,OK,1,0,1,0,,
0x00490710,FUN_00490710,OK,0,0,8,0,,
0x00490780,FUN_00490780,OK,0,0,3,1,,r004cc5b4
0x004907c0,FUN_004907c0,OK,0,0,3,0,,
0x00490ae0,FUN_00490ae0,OK,1,0,6,0,,
0x004912a0,FUN_004912a0,OK,0,0,5,0,,
0x00491840,FUN_00491840,OK,1,0,4,0,,
0x00491da0,FUN_00491da0,OK,0,0,1,0,,
0x00491dd0,FUN_00491dd0,OK,1,0,3,0,,
0x00492000,FUN_00492000,OK,0,0,15,0,,
0x004927d0,FUN_004927d0,OK,0,0,7,0,,
0x00492f00,FUN_00492f00,OK,0,0,15,0,,
0x004936d0,FUN_004936d0,OK,0,0,10,0,,
0x00493df0,FUN_00493df0,OK,1,0,34,0,,
0x00494af0,FUN_00494af0,OK,1,0,34,0,,
0x00495850,FUN_00495850,OK,3,0,61,1,,r00631fb0
0x004969d0,FUN_004969d0,OK,2,0,39,0,,
0x00497ac0,FUN_00497ac0,OK,2,0,40,0,,
0x00498bd0,FUN_00498bd0,OK,0,0,2,1,,r00632050
0x00498c00,FUN_00498c00,OK,0,0,2,1,,r00632050
0x00498c40,FUN_00498c40,OK,2,0,1,0,,
0x00498cb0,FUN_00498cb0,OK,1,0,11,0,,
0x00498f90,FUN_00498f90,OK,0,0,2,1,,r00632050
0x00498fb0,FUN_00498fb0,OK,1,0,3,0,,
0x00499020,FUN_00499020,OK,0,0,4,1,,r00632050
0x00499130,FUN_00499130,OK,1,0,3,2,,004d2e18 004d2e20
0x004992b0,FUN_004992b0,OK,0,0,1,0,,
0x004992d0,FUN_004992d0,OK,0,0,1,0,,
0x004993a0,FUN_004993a0,OK,0,0,1,0,,
0x00499500,FUN_00499500,OK,1,0,2,1,,004d2e04
0x004997d0,FUN_004997d0,OK,0,0,1,0,,
0x00499810,FUN_00499810,OK,0,0,1,0,,
0x004998a0,FUN_004998a0,OK,0,0,1,0,,
0x00499930,FUN_00499930,OK,2,0,2,1,,004d2e40
0x00499990,FUN_00499990,OK,1,0,1,0,,
0x00499a00,FUN_00499a00,OK,1,0,1,0,,
0x00499a20,FUN_00499a20,OK,2,0,33,0,,
0x00499c40,FUN_00499c40,OK,3,0,46,0,,
0x00499ec0,FUN_00499ec0,OK,5,1,45,2,004969d0,004d2e40 r00631fb0
0x0049a2b0,FUN_0049a2b0,OK,4,0,22,0,,
0x0049a490,FUN_0049a490,OK,8,0,53,25,,005cb578 005cb59c 005cb5c0 r005cb5c8 005cb5cc r005cb5e4 r005cb5e8 r005cb5ec r005cb5f0 r005cb5f4 r005cb6ec r005cb6f0 005cba04 005cba28 005cba4c r005cba50 r005cba54 005cba58 r005cba70 r005cba74 r005cbb78 005cbb7c r005cbb80 r005cbb84 r005cbb88
0x0049a830,FUN_0049a830,OK,0,0,8,0,,
0x0049a8b0,FUN_0049a8b0,OK,0,0,1,0,,
0x0049a8c0,FUN_0049a8c0,OK,1,0,3,0,,
0x0049a910,FUN_0049a910,OK,0,0,1,0,,
0x0049a920,FUN_0049a920,OK,1,0,9,0,,
0x0049a9c0,FUN_0049a9c0,OK,0,0,10,0,,
0x0049aa30,FUN_0049aa30,OK,1,0,1,1,,r00631cd0
0x0049aa40,FUN_0049aa40,OK,0,0,5,0,,
0x0049aa90,FUN_0049aa90,OK,1,0,10,0,,
0x0049afb0,FUN_0049afb0,OK,1,0,3,0,,
0x0049b020,FUN_0049b020,OK,1,0,12,5,,004d2e58 r0056b250 r0056b254 r0056b258 r0056b25c
0x0049b1a0,FUN_0049b1a0,OK,1,0,2,0,,
0x0049b1e0,FUN_0049b1e0,OK,3,0,14,0,,
0x0049b350,FUN_0049b350,OK,3,0,14,0,,
0x0049b4c0,FUN_0049b4c0,OK,0,0,7,0,,
0x0049b530,FUN_0049b530,OK,0,0,7,0,,
0x0049b5a0,FUN_0049b5a0,OK,3,0,14,0,,
0x0049b710,FUN_0049b710,OK,0,0,7,0,,
0x0049b780,FUN_0049b780,OK,0,0,6,0,,
0x0049b7e0,FUN_0049b7e0,OK,0,0,6,0,,
0x0049bbf0,FUN_0049bbf0,OK,0,0,7,0,,
0x0049c020,FUN_0049c020,OK,0,0,8,0,,
0x0049c150,FUN_0049c150,OK,0,0,7,0,,
0x0049c230,FUN_0049c230,OK,0,0,8,0,,
0x0049c360,FUN_0049c360,OK,0,0,7,0,,
0x0049c560,FUN_0049c560,OK,0,0,7,0,,
0x0049c760,FUN_0049c760,OK,0,0,7,0,,
0x0049c860,FUN_0049c860,OK,0,0,7,0,,
0x0049c970,FUN_0049c970,OK,0,0,9,0,,
0x0049ca90,FUN_0049ca90,OK,0,0,9,0,,
0x0049cbb0,FUN_0049cbb0,OK,1,0,20,0,,
0x0049cea0,FUN_0049cea0,OK,1,0,20,0,,
0x0049d1a0,FUN_0049d1a0,OK,0,0,8,0,,
0x0049d3b0,FUN_0049d3b0,OK,0,0,8,0,,
0x0049d5c0,FUN_0049d5c0,OK,0,0,8,0,,
0x0049d6e0,FUN_0049d6e0,OK,0,0,8,0,,
0x0049d810,FUN_0049d810,OK,0,0,10,0,,
0x0049d950,FUN_0049d950,OK,0,0,10,0,,
0x0049da80,FUN_0049da80,OK,1,0,21,0,,
0x0049ddb0,FUN_0049ddb0,OK,1,0,21,0,,
0x0049e0e0,FUN_0049e0e0,OK,0,0,0,0,,
0x0049e140,FUN_0049e140,OK,0,0,16,0,,
0x0049e200,FUN_0049e200,OK,0,0,3,0,,
0x0049e300,FUN_0049e300,OK,0,0,3,0,,
0x0049e400,FUN_0049e400,OK,1,0,9,0,,
0x0049e560,FUN_0049e560,OK,1,0,9,0,,
0x0049e6c0,FUN_0049e6c0,OK,0,0,6,0,,
0x0049ea40,FUN_0049ea40,OK,0,0,8,0,,
0x0049ea80,FUN_0049ea80,OK,0,0,17,0,,
0x0049ec20,FUN_0049ec20,OK,0,0,17,0,,
0x0049edc0,FUN_0049edc0,OK,0,0,7,0,,
0x0049f180,FUN_0049f180,OK,0,0,9,0,,
0x0049f620,FUN_0049f620,OK,2,0,8,0,,
0x0049f6d0,Sound_AllocateVoiceSlot,OK,2,0,1,0,,
0x0049f6f0,Sound_DuplicateA3DVoice,OK,1,0,5,4,,004cc4ec 004cc5b4 004cc5dc r004e2206
0x0049f830,Sound_DuplicateHardwareBuffer,OK,0,0,4,3,,004cc4ec 004cc5b4 004cc5dc
0x0049f960,Sound_PlayResourceAuto,OK,2,0,2,0,,
0x0049f9a0,FUN_0049f9a0,OK,1,0,4,1,,004e2204
0x0049fa00,FUN_0049fa00,OK,0,0,0,0,,
0x0049fa10,Sound_StartVoice,OK,3,0,1,0,,
0x0049fa60,Sound_StartVoice_Mode1,OK,5,0,6,1,,r004e2206
0x0049fbb0,FUN_0049fbb0,OK,4,0,5,1,,r004e2206
0x0049fcf0,Sound_PlayResourceSimple,OK,2,0,3,0,,
0x0049fd50,Sound_PlayResourceVariant,OK,1,0,2,0,,
0x0049fda0,Sound_StopOrRestoreVoice,OK,3,0,6,1,,r004e2206
0x0049fec0,FUN_0049fec0,OK,2,0,2,1,,r004e2206
0x0049fff0,FUN_0049fff0,OK,6,0,3,0,,
0x004a0300,FUN_004a0300,OK,0,0,1,0,,
0x004a0380,FUN_004a0380,OK,2,0,2,1,,r004e2206
0x004a0400,FUN_004a0400,OK,1,0,1,1,,r004e2206
0x004a0490,FUN_004a0490,OK,3,0,3,0,,
0x004a0500,FUN_004a0500,OK,1,0,1,0,,
0x004a0590,FUN_004a0590,OK,1,0,1,0,,
0x004a05f0,FUN_004a05f0,OK,1,0,0,0,,
0x004a0670,FUN_004a0670,OK,3,0,4,0,,
0x004a07a0,FUN_004a07a0,OK,0,0,2,0,,
0x004a07c0,FUN_004a07c0,OK,1,0,0,0,,
0x004a07f0,FUN_004a07f0,OK,0,0,1,0,,
0x004a0810,FUN_004a0810,OK,0,0,4,0,,
0x004a0830,FUN_004a0830,OK,1,0,0,0,,
0x004a0860,FUN_004a0860,OK,2,0,0,0,,
0x004a0870,FUN_004a0870,OK,2,0,0,0,,
0x004a0880,FUN_004a0880,OK,2,0,2,0,,
0x004a08d0,FUN_004a08d0,OK,0,0,2,0,,
0x004a0900,FUN_004a0900,OK,0,0,2,0,,
0x004a0920,FUN_004a0920,OK,0,0,2,0,,
0x004a0990,FUN_004a0990,OK,2,0,3,0,,
0x004a09e0,FUN_004a09e0,OK,6,0,6,2,,004cc4ac 004cc5e4
0x004a0c00,FUN_004a0c00,OK,1,0,1,1,,r004cc5b4
0x004a0c40,FUN_004a0c40,OK,12,0,7,1,,r0056b364
0x004a0e40,FUN_004a0e40,OK,1,0,0,0,,
0x004a0e90,FUN_004a0e90,OK,0,0,0,0,,
0x004a0ec0,FUN_004a0ec0,OK,0,0,1,0,,
0x004a0fb0,FUN_004a0fb0,OK,6,0,1,0,,
0x004a1090,FUN_004a1090,OK,0,0,1,0,,
0x004a10b0,FUN_004a10b0,OK,0,0,1,0,,
0x004a10d0,FUN_004a10d0,OK,0,0,1,0,,
0x004a10e0,FUN_004a10e0,OK,2,0,4,1,,r004e225c
0x004a11d0,FUN_004a11d0,OK,2,0,2,0,,
0x004a1240,FUN_004a1240,OK,0,0,0,0,,
0x004a1250,FUN_004a1250,OK,0,0,0,0,,
0x004a1270,FUN_004a1270,OK,0,0,0,0,,
0x004a1290,Sound_SetAPIModePreInit,OK,0,0,2,0,,
0x004a12b0,Sound_GetAPIMode,OK,0,0,1,0,,
0x004a12c0,zSndInit,OK,1,0,27,3,,r004da798 r004da7a4 r004da7b0
0x004a13d0,FUN_004a13d0,OK,7,0,2,0,,
0x004a1420,zSnd_CreateDevice,OK,8,0,8,1,,r004e2288
0x004a1510,FUN_004a1510,OK,11,0,13,5,,r004e22dc r004e22ec r004e22f4 r004e2304 r004e2310
0x004a1870,FUN_004a1870,OK,11,0,23,18,,004cc5e4 r004da618 r004da624 r004df804 r004e22dc r004e22ec r004e22f4 r004e2304 r004e2310 r004e231c r004e2320 r004e2328 r004e2330 r004e2338 r004e2344 r004e2350 r004e235c r004e2364
0x004a1d10,Sound_InitA3DDevice,OK,1,0,15,4,,004cc4dc 004cc708 004cc70c r004e2290
0x004a1e50,zSnd_CreateDeviceAndPrimaryBuffer,OK,2,0,5,1,,r004e2290
0x004a1f40,FUN_004a1f40,OK,3,0,7,1,,004cc710
0x004a2020,FUN_004a2020,OK,1,0,3,0,,
0x004a2050,FUN_004a2050,OK,1,0,0,0,,
0x004a20d0,FUN_004a20d0,OK,4,0,18,6,,004cc5e4 r004cc6d4 004cc6dc 004cc6e0 r004cc6e8 r004e23f0
0x004a2490,FUN_004a2490,OK,0,0,9,0,,
0x004a24d0,FUN_004a24d0,OK,2,0,6,2,,004cc5b4 004cc6e8
0x004a25e0,FUN_004a25e0,OK,2,0,0,0,,
0x004a2600,FUN_004a2600,OK,1,0,9,2,,004cc6e8 r004e23f0
0x004a26b0,FUN_004a26b0,OK,1,0,4,0,,
0x004a26f0,FUN_004a26f0,OK,2,0,5,2,,004cc6e8 r004e23f0
0x004a2750,FUN_004a2750,OK,2,0,7,2,,004cc6e8 r004e23f0
0x004a27d0,FUN_004a27d0,OK,0,0,2,0,,
0x004a27f0,FUN_004a27f0,OK,2,0,6,2,,004cc6e0 r004e23f0
0x004a2880,FUN_004a2880,OK,2,0,6,2,,004cc6e4 r004e23f0
0x004a2930,FUN_004a2930,OK,0,0,2,0,,
0x004a2950,FUN_004a2950,OK,0,0,8,0,,
0x004a2a30,FUN_004a2a30,OK,2,0,1,0,,
0x004a2a70,FUN_004a2a70,OK,2,0,2,0,,
0x004a2b40,FUN_004a2b40,OK,3,0,16,1,,r004e2426
0x004a2e70,FUN_004a2e70,OK,0,0,1,0,,
0x004a2e80,FUN_004a2e80,OK,0,0,3,0,,
0x004a2ea0,FUN_004a2ea0,OK,2,0,1,0,,
0x004a2ec0,FUN_004a2ec0,OK,1,0,3,2,,r004cc5dc r004e2450
0x004a3180,FUN_004a3180,OK,2,0,4,1,,r004cc5dc
0x004a34e0,FUN_004a34e0,OK,2,0,2,1,,r004e2450
0x004a3590,FUN_004a3590,OK,2,0,2,1,,r004e2450
0x004a3620,FUN_004a3620,OK,0,0,1,0,,
0x004a3690,FUN_004a3690,OK,0,0,2,1,,r004cc5b4
0x004a3850,FUN_004a3850,OK,3,0,4,2,,004cc4ac 004cc5b4
0x004a3910,FUN_004a3910,OK,1,0,1,1,,004cc5b4
0x004a3940,FUN_004a3940,OK,1,0,6,0,,
0x004a39a0,FUN_004a39a0,OK,1,0,0,0,,
0x004a3a80,FUN_004a3a80,OK,1,0,2,0,,
0x004a3ad0,FUN_004a3ad0,OK,4,0,10,0,,
0x004a3c20,FUN_004a3c20,OK,2,0,2,0,,
0x004a3d20,FUN_004a3d20,OK,5,0,4,0,,
0x004a3e50,FUN_004a3e50,OK,1,0,0,0,,
0x004a3e90,FUN_004a3e90,OK,0,0,0,0,,
0x004a3ea0,FUN_004a3ea0,OK,0,0,4,3,,r004cc4f8 004cc5bc 004cc6ec
0x004a3ef0,FUN_004a3ef0,OK,1,0,60,1,,004cc5c4
0x004a4330,FUN_004a4330,OK,1,0,17,1,,004cc5c4
0x004a44c0,FUN_004a44c0,OK,1,0,1,0,,
0x004a4530,FUN_004a4530,OK,3,0,1,0,,
0x004a4590,FUN_004a4590,OK,3,0,19,2,,004cc4ac 004cc4ec
0x004a49b0,FUN_004a49b0,OK,3,0,12,2,,004cc4ac 004d2f40
0x004a4c40,Sound_StreamCue_TickDispatch,OK,4,0,2,0,,
0x004a4cb0,Sound_StreamCue_State0_SelectVariant,OK,1,0,0,0,,
0x004a4d10,Sound_StreamCue_PickWeightedRandomVariant,OK,0,0,5,1,,004cc5d8
0x004a4ea0,Sound_StreamCue_State1_PlaySequenceEvents,OK,3,0,6,0,,
0x004a4fd0,Sound_StreamCue_State2_ReplayGapWait,OK,1,0,1,0,,
0x004a5020,Sound_StreamCue_State3_Cooldown,OK,0,0,1,0,,
0x004a5050,Sound_ServiceActiveStreamCues,OK,3,0,4,1,,r0056b410
0x004a50a0,FUN_004a50a0,OK,5,0,5,1,,r004cc5b4
0x004a51f0,FUN_004a51f0,OK,1,0,1,1,,r0056b410
0x004a5230,Sound_StartStreamResourceSimple,OK,1,0,0,0,,
0x004a5250,Sound_StartStreamResource,OK,5,0,4,3,,004cc5dc r0056b410 r0056b414
0x004a5350,Sound_StreamCueSubsystem_LazyInit,OK,3,0,4,0,,
0x004a53d0,Sound_StartStreamResourceAtPosition,OK,1,0,0,0,,
0x004a53f0,FUN_004a53f0,OK,1,0,1,1,,004cc5e4
0x004a5440,FUN_004a5440,OK,1,0,1,1,,004cc5b4
0x004a5460,FUN_004a5460,OK,0,0,0,0,,
0x004a5540,FUN_004a5540,OK,2,0,5,4,,004cc4ac 004cc4e0 004cc5b8 004cc5c0
0x004a55c0,FUN_004a55c0,OK,0,0,1,1,,004cc5b4
0x004a5600,FUN_004a5600,OK,2,0,1,1,,004cc4ac
0x004a5670,FUN_004a5670,OK,1,0,7,0,,
0x004a56d0,FUN_004a56d0,OK,1,0,10,0,,
0x004a5780,FUN_004a5780,OK,0,0,14,5,,004cc13c r004cc4f8 004cc4fc r004cc51c 004cc5bc
0x004a5980,FUN_004a5980,OK,1,0,2,2,,004cc0ec 004cc520
0x004a59a0,FUN_004a59a0,OK,0,0,1,0,,
0x004a59b0,FUN_004a59b0,OK,0,0,2,0,,
0x004a59e0,CDCheck_FindDiscDrive,OK,0,0,6,4,,004cc160 004cc164 004cc508 r004cc5c4
0x004a5ad0,FUN_004a5ad0,OK,0,0,5,2,,004cc0b8 004cc0bc
0x004a5b00,FUN_004a5b00,OK,0,0,2,1,,004cc16c
0x004a5b20,FUN_004a5b20,OK,0,0,1,0,,
0x004a5b40,FUN_004a5b40,OK,2,0,0,0,,
0x004a5b60,GetMessageByID,OK,0,0,4,3,,004cc0f4 004cc0fc 004cc5a0
0x004a5bf0,FUN_004a5bf0,OK,1,0,1,0,,
0x004a5c20,FUN_004a5c20,OK,0,0,1,1,,004cc524
0x004a5c50,FUN_004a5c50,OK,0,0,2,2,,r004cc490 r004cc4a0
0x004a5ca0,FUN_004a5ca0,OK,2,0,0,0,,
0x004a5cc0,FUN_004a5cc0,OK,2,0,0,0,,
0x004a5ce0,FUN_004a5ce0,OK,4,0,5,3,,r004cc4c0 004cc5b4 004cc5e4
0x004a5df0,FUN_004a5df0,OK,1,0,1,0,,
0x004a5e10,FUN_004a5e10,OK,1,0,2,2,,r004cc5b4 r0056bb8c
0x004a5e50,FUN_004a5e50,OK,1,0,10,2,,r004cc4cc r004cc5c4
0x004a5f50,FUN_004a5f50,OK,1,0,1,1,,004cc5b8
0x004a5f90,WildcardName_InitDigitExpansion,OK,0,0,17,2,,r004cc5c4 r0056bb88
0x004a6070,WildcardName_NextDigitCombination,OK,0,0,7,1,,r004cc5c4
0x004a6100,FUN_004a6100,OK,1,0,0,0,,
0x004a6110,FUN_004a6110,OK,0,0,2,2,,004cc134 004cc5dc
0x004a6190,FUN_004a6190,OK,0,0,0,0,,
0x004a61b0,FUN_004a61b0,OK,1,0,1,1,,004cc5b4
0x004a61d0,Zar_OpenFile,OK,2,0,6,4,,004cc0dc 004cc0f4 004cc0fc 004cc130
0x004a6270,FUN_004a6270,OK,0,0,1,1,,004cc130
0x004a62b0,FUN_004a62b0,OK,2,0,1,1,,004cc0e4
0x004a62f0,Zar_GrowTocBuffer,OK,0,0,1,1,,004cc4ec
0x004a6330,FUN_004a6330,OK,0,0,1,1,,004cc5b4
0x004a6360,Zar_WriteFooterAndClose,OK,0,0,2,2,,r004cc138 004cc144
0x004a63f0,Zar_ParseFooterAndTOC,OK,1,0,3,3,,r004cc134 r004cc144 004cc14c
0x004a64d0,Zar_WriteEntry,OK,1,0,4,4,,004cc138 004cc144 004cc14c r004cc5a0
0x004a65d0,FUN_004a65d0,OK,0,0,1,1,,004cc4c8
0x004a6630,FUN_004a6630,OK,1,0,1,1,,004cc144
0x004a6670,FUN_004a6670,OK,1,0,2,2,,004cc134 004cc144
0x004a66e0,FUN_004a66e0,OK,0,0,1,0,,
0x004a66f0,FUN_004a66f0,OK,1,0,1,0,,
0x004a6710,FUN_004a6710,OK,0,0,1,0,,
0x004a6720,Render_GetScreenWidth,OK,0,0,1,0,,
0x004a6730,Render_GetScreenHeight,OK,0,0,1,0,,
0x004a6740,FUN_004a6740,OK,0,0,1,0,,
0x004a6750,FUN_004a6750,OK,0,0,0,0,,
0x004a6760,FUN_004a6760,OK,0,0,0,0,,
0x004a6770,FUN_004a6770,OK,3,0,5,0,,
0x004a67d0,FUN_004a67d0,OK,0,0,1,1,,r00632200
0x004a67e0,FUN_004a67e0,OK,0,0,1,0,,
0x004a67f0,FUN_004a67f0,OK,0,0,1,0,,
0x004a6800,FUN_004a6800,OK,0,0,1,0,,
0x004a6810,FUN_004a6810,OK,0,0,1,0,,
0x004a6820,FUN_004a6820,OK,0,0,1,0,,
0x004a6830,FUN_004a6830,OK,0,0,1,1,,r00632220
0x004a6840,FUN_004a6840,OK,3,0,8,0,,
0x004a68d0,FUN_004a68d0,OK,0,0,1,1,,r00632220
0x004a68e0,FUN_004a68e0,OK,0,0,1,1,,r00632240
0x004a68f0,FUN_004a68f0,OK,0,0,1,1,,r00632240
0x004a6900,FUN_004a6900,OK,0,0,3,0,,
0x004a6930,FUN_004a6930,OK,0,0,10,8,,004cc09c 004cc0a0 004cc610 004cc68c r004cc69c 004cc6b0 004cc6bc 004cc6c4
0x004a69c0,FUN_004a69c0,OK,0,0,0,0,,
0x004a69e0,FUN_004a69e0,OK,4,0,5,1,,r004e3054
0x004a6b40,FUN_004a6b40,OK,0,0,2,0,,
0x004a6b60,FUN_004a6b60,OK,0,0,1,0,,
0x004a6b70,FUN_004a6b70,OK,0,0,1,0,,
0x004a6b80,FUN_004a6b80,OK,0,0,1,0,,
0x004a6b90,FUN_004a6b90,OK,0,0,3,0,,
0x004a6bb0,FUN_004a6bb0,OK,0,0,3,0,,
0x004a6bd0,FUN_004a6bd0,OK,0,0,3,0,,
0x004a6bf0,FUN_004a6bf0,OK,0,0,12,0,,
0x004a6ca0,FUN_004a6ca0,OK,0,0,5,0,,
0x004a6cf0,FUN_004a6cf0,OK,0,0,5,0,,
0x004a6d40,FUN_004a6d40,OK,1,0,6,1,,004d2f58
0x004a6db0,FUN_004a6db0,OK,0,0,16,0,,
0x004a6e80,FUN_004a6e80,OK,5,0,13,1,,004cc5dc
0x004a6fe0,FUN_004a6fe0,OK,3,0,13,1,,004cc5dc
0x004a71c0,FUN_004a71c0,OK,0,0,4,0,,
0x004a7200,FUN_004a7200,OK,0,0,5,0,,
0x004a7220,FUN_004a7220,OK,0,0,4,0,,
0x004a7250,FUN_004a7250,OK,0,0,6,0,,
0x004a7300,FUN_004a7300,OK,0,0,4,0,,
0x004a7330,FUN_004a7330,OK,0,0,6,0,,
0x004a73a0,FUN_004a73a0,OK,0,0,6,0,,
0x004a7410,FUN_004a7410,OK,0,0,2,0,,
0x004a7490,FUN_004a7490,OK,2,0,3,0,,
0x004a74d0,FUN_004a74d0,OK,1,0,1,0,,
0x004a74f0,FUN_004a74f0,OK,1,0,1,0,,
0x004a7530,Render_BringUpDirectDraw,OK,5,0,10,0,,
0x004a75e0,FUN_004a75e0,OK,0,0,0,0,,
0x004a75f0,FUN_004a75f0,OK,5,0,22,2,,004cc678 r004e3338
0x004a7700,FUN_004a7700,OK,0,0,5,2,,004cc670 r004cc6c8
0x004a7740,FUN_004a7740,OK,0,0,3,1,,004cc678
0x004a77a0,Render_InstallDrawDispatchTable,OK,1,0,45,0,,
0x004a7990,Render_ApplyResolutionPreset,OK,0,0,9,0,,
0x004a7af0,FUN_004a7af0,OK,1,0,2,0,,
0x004a7b20,FUN_004a7b20,OK,0,0,1,0,,
0x004a7b30,FUN_004a7b30,OK,0,0,1,0,,
0x004a7b40,DDraw_BootstrapDeviceEnumeration,OK,1,0,3,0,,
0x004a7b60,FUN_004a7b60,OK,1,0,12,1,,r004e30e8
0x004a7d20,DDraw_EnsureDeviceCreated,OK,2,0,0,0,,
0x004a7d40,DDraw_ReleaseDevice,OK,2,0,1,0,,
0x004a7d70,FUN_004a7d70,OK,0,0,2,0,,
0x004a7d90,FUN_004a7d90,OK,1,0,3,1,,r004e30e8
0x004a7dd0,FUN_004a7dd0,OK,1,0,3,1,,r004e30e8
0x004a7e10,FUN_004a7e10,OK,5,0,6,1,,r004e30e8
0x004a7fc0,FUN_004a7fc0,OK,1,0,2,0,,
0x004a8030,FUN_004a8030,OK,1,0,2,0,,
0x004a8060,FUN_004a8060,OK,1,0,1,1,,r004e30e8
0x004a80c0,FUN_004a80c0,OK,1,0,1,1,,r004e30e8
0x004a8100,FUN_004a8100,OK,1,0,1,1,,r004e30e8
0x004a8160,FUN_004a8160,OK,1,0,1,1,,r004e30e8
0x004a81a0,FUN_004a81a0,OK,1,0,2,1,,r004e30e8
0x004a8220,FUN_004a8220,OK,1,0,4,1,,r004e30e8
0x004a83d0,DDraw_CreateOffscreenSurfaceAndQuery,OK,2,0,3,1,,r004e30e8
0x004a8500,FUN_004a8500,OK,1,0,2,2,,004cc5b4 r004e30e8
0x004a8720,DDraw_SetCooperativeLevelAndDisplayMode,OK,1,0,6,1,,r004e30e8
0x004a8800,DDraw_CreateAndQueryInterface,OK,2,0,4,1,,r004e30e8
0x004a8870,FUN_004a8870,OK,1,0,4,0,,
0x004a88b0,FUN_004a88b0,OK,0,0,1,0,,
0x004a88f0,Render_CreatePrimarySurfacesAndZBuffer,OK,6,0,16,4,,r004da834 r004da888 r004e30e8 r0056bbe8
0x004a8b20,FUN_004a8b20,OK,6,0,14,4,,r004da834 r004da888 r004e30e8 r0056bbe8
0x004a8dc0,FUN_004a8dc0,OK,3,0,11,1,,r004e30e8
0x004a8f80,Render_DetectSurfacePixelFormat,OK,4,0,3,0,,
0x004a9060,FUN_004a9060,OK,2,0,3,3,,r00632200 r00632220 r00632240
0x004a90e0,FUN_004a90e0,OK,1,0,4,1,,r004e30e8
0x004a9160,FUN_004a9160,OK,1,0,3,1,,r004e30e8
0x004a91b0,Render_ReleaseDeviceInterfaces,OK,1,0,13,1,,r004e30e8
0x004a9300,FUN_004a9300,OK,2,0,5,1,,r00635d0c
0x004a9390,DDraw_EnumerateGraphicsDevices,OK,2,0,3,2,,004cc4dc r004e30e8
0x004a93d0,DDraw_EnumDevicesCallback,OK,4,0,33,5,,r004cc4dc r004cc4f8 004cc4fc r004cc5a0 r004e30e8
0x004a95e0,FUN_004a95e0,OK,1,0,9,4,,r004cc4dc r004cc4f8 004cc4fc r004e30e8
0x004a96b0,FUN_004a96b0,OK,2,0,12,4,,004cc4dc r004cc4f8 004cc4fc r004cc5a0
0x004a9890,FUN_004a9890,OK,1,0,3,1,,r004e30e8
0x004a9900,FUN_004a9900,OK,0,0,1,0,,
0x004a9910,FUN_004a9910,OK,0,0,1,0,,
0x004a9940,FUN_004a9940,OK,0,0,2,0,,
0x004a9ac0,FUN_004a9ac0,OK,1,0,4,1,,r004e3374
0x004a9b40,FUN_004a9b40,OK,1,0,2,1,,r004e3374
0x004a9b70,FUN_004a9b70,OK,1,0,4,1,,r004e3374
0x004a9c20,Render_CreateD3DDevice,OK,3,0,21,1,,r004e3374
0x004aa0f0,D3DTextureBinding_CreateFromImage,OK,8,0,18,1,,r00632158
0x004aa600,FUN_004aa600,OK,3,0,1,0,,
0x004aa6f0,FUN_004aa6f0,OK,0,0,4,0,,
0x004aa900,FUN_004aa900,OK,0,0,0,0,,
0x004aa980,FUN_004aa980,OK,0,0,2,1,,004cc5b4
0x004aa9d0,FUN_004aa9d0,OK,0,0,1,1,,004cc4ac
0x004aa9e0,FUN_004aa9e0,OK,0,0,3,0,,
0x004aab30,FUN_004aab30,OK,1,0,5,4,,004d3360 006321f4 006321f8 006321fc
0x004aab90,Render_QueuePolygon_Untextured,OK,2,0,54,0,,
0x004aaef0,Render_QueuePolygon_UntexturedGouraud,OK,2,0,49,0,,
0x004ab320,Render_QueuePolygon_UntexturedLit,OK,3,0,35,0,,
0x004ab6d0,Render_QueuePolygon_SingleTextured,OK,3,0,63,0,,
0x004abb20,Render_QueuePolygon_SingleTexturedLit,OK,3,0,78,0,,
0x004ac370,Render_QueuePolygon_SingleTexturedLitGradient,OK,3,0,77,0,,
0x004acbd0,Render_DrawPolygonImmediate,OK,1,0,16,1,,r004e3374
0x004accc0,FUN_004accc0,OK,0,0,18,4,,00633644 00633648 00633664 00633668
0x004acd00,FUN_004acd00,OK,1,0,22,1,,004d3380
0x004ace30,Render_FlushSortedDrawQueue,OK,1,0,18,1,,r004e3374
0x004ad120,Render_FlushQuadDrawQueue,OK,0,0,8,0,,
0x004ad250,Render_FlushMainDrawQueue,OK,1,0,19,7,,r004e3374 r006b7118 r006b7928 r006b792c r006b7930 006b7938 r006b7948
0x004ad680,FUN_004ad680,OK,0,0,0,0,,
0x004ad6a0,FUN_004ad6a0,OK,1,0,148,1,,r004cc5c4
0x004ae380,FUN_004ae380,OK,1,0,0,0,,
0x004ae3c0,FUN_004ae3c0,OK,0,0,2,0,,
0x004ae450,FUN_004ae450,OK,0,0,2,0,,
0x004ae4a0,FUN_004ae4a0,OK,0,0,2,0,,
0x004ae4b0,FUN_004ae4b0,OK,1,0,0,0,,
0x004ae4e0,FUN_004ae4e0,OK,2,0,0,0,,
0x004ae530,FUN_004ae530,OK,2,0,1,0,,
0x004ae590,FUN_004ae590,OK,5,0,2,0,,
0x004ae660,FUN_004ae660,OK,14,0,14,2,,004cc5d8 r00778920
0x004aeaa0,FUN_004aeaa0,OK,4,0,2,1,,r00778920
0x004aeb50,FUN_004aeb50,OK,4,0,1,1,,r00778920
0x004aebc0,FUN_004aebc0,OK,1,0,0,0,,
0x004aebf0,FUN_004aebf0,OK,2,0,2,0,,
0x004aed00,FUN_004aed00,OK,5,0,5,1,,r00778920
0x004aee40,FUN_004aee40,OK,8,0,7,1,,004cc5d8
0x004aefb0,FUN_004aefb0,OK,5,0,0,0,,
0x004af060,Weapon_ProjectileUpdateTick,OK,39,0,53,2,,r004cc4b4 004cc5d8
0x004b0530,FUN_004b0530,OK,0,0,3,0,,
0x004b0600,FUN_004b0600,OK,1,0,1,1,,r00779a8c
0x004b0620,FUN_004b0620,OK,1,0,1,1,,r00779a90
0x004b0640,FUN_004b0640,OK,1,0,1,1,,r00779a94
0x004b0660,FUN_004b0660,OK,2,0,3,3,,004cc5d8 004d3394 00779a7c
0x004b0710,FUN_004b0710,OK,2,0,3,3,,004cc5d8 004d3394 00779a7c
0x004b07d0,Weapon_ProjectileImpact_ApplyDamage,OK,6,0,3,0,,
0x004b0980,FUN_004b0980,OK,1,0,0,0,,
0x004b09d0,FUN_004b09d0,OK,2,0,1,1,,r00778920
0x004b0a50,Weapon_ApplyRadiusDamageFalloff,OK,1,0,10,0,,
0x004b0ba0,FUN_004b0ba0,OK,3,0,8,0,,
0x004b0ca0,FUN_004b0ca0,OK,2,0,0,0,,
0x004b0e20,FUN_004b0e20,OK,7,0,6,1,,r00778920
0x004b0f70,FUN_004b0f70,OK,5,0,0,0,,
0x004b0fd0,FUN_004b0fd0,OK,1,0,1,1,,004cc5d8
0x004b1030,FUN_004b1030,OK,1,0,1,1,,004cc5d8
0x004b1090,Weapon_InitSubsystem,OK,1,0,22,1,,r004e42f0
0x004b1140,Weapon_BuildSubsystemSaveRecord,OK,1,0,2,1,,r004e42f8
0x004b1160,Weapon_RefreshDamageAttributionCache,OK,0,0,2,0,,
0x004b1180,FUN_004b1180,OK,1,0,0,0,,
0x004b1190,Weapon_LoadMountArrayFromConfig,OK,18,0,82,50,,004cc4ac 004cc5c4 r004cc5e4 r004db408 r004db654 r004dd0bc r004df450 r004df804 004e1190 004e1198 r004e4354 r004e436c r004e4380 r004e4390 r004e43a4 r004e43ac r004e43c0 r004e43c8 r004e43e8 r004e43f0 r004e43fc r004e4408 r004e441c r004e4428 r004e4438 r004e4448 r004e4458 r004e4464 r004e447c r004e448c r004e4494 r004e449c r004e44a8 r004e44bc r004e44cc r004e44d4 r004e44e8 r004e44f0 r004e4500 r004e4508 r004e4514 r004e4524 r004e4534 r004e453c r004e4548 r004e455c r004e456c r004e4580 r004e4590 r004e45d0
0x004b1d80,FUN_004b1d80,OK,0,0,1,0,,
0x004b1d90,FUN_004b1d90,OK,3,0,14,1,,r004cc5b4
0x004b1ec0,FUN_004b1ec0,OK,5,0,4,3,,004cc4ac 004cc5c4 r00778920
0x004b1f90,FUN_004b1f90,OK,0,0,1,1,,004cc5b4
0x004b1fa0,FUN_004b1fa0,OK,5,0,8,8,,r004dc17c r004dd178 r004df80c r004e4610 r004e4620 r004e462c r004e463c r004e4650
0x004b2130,FUN_004b2130,OK,3,0,0,0,,
0x004b2160,FUN_004b2160,OK,4,0,2,1,,r004e4658
0x004b21c0,FUN_004b21c0,OK,0,0,0,0,,
0x004b21e0,FUN_004b21e0,OK,1,0,1,0,,
0x004b2210,FUN_004b2210,OK,2,0,4,0,,
0x004b22d0,FUN_004b22d0,OK,3,0,0,0,,
0x004b2300,FUN_004b2300,OK,4,0,8,0,,
0x004b2520,FUN_004b2520,OK,3,0,2,1,,r00778920
0x004b2570,FUN_004b2570,OK,2,0,2,1,,r00778920
0x004b25a0,FUN_004b25a0,OK,2,0,1,1,,004cc4ac
0x004b25f0,FUN_004b25f0,OK,1,0,0,0,,
0x004b2630,FUN_004b2630,OK,2,0,1,1,,004cc5b4
0x004b2670,FUN_004b2670,OK,1,0,0,0,,
0x004b26b0,FUN_004b26b0,OK,1,0,1,1,,004cc4ac
0x004b26f0,Weapon_ApplyDamageToTarget,OK,2,0,14,0,,
0x004b2880,FUN_004b2880,OK,0,0,7,0,,
0x004b28e0,FUN_004b28e0,OK,0,0,2,0,,
0x004b2900,FUN_004b2900,OK,0,0,1,0,,
0x004b2910,FUN_004b2910,OK,0,0,1,0,,
0x004b2920,FUN_004b2920,OK,0,0,1,0,,
0x004b2930,FUN_004b2930,OK,0,0,1,0,,
0x004b2940,FUN_004b2940,OK,0,0,1,0,,
0x004b2960,Settings_LoadFromRegistry,OK,1,0,11,4,,004cc004 r004cc00c 004cc010 004e466c
0x004b2bf0,Settings_SaveToRegistry,OK,1,0,11,4,,004cc004 r004cc008 r004cc014 004e466c
0x004b2e80,Settings_RegisterNode,OK,1,0,4,3,,r004cc4ac 004cc5b4 004cc5e4
0x004b2f50,FUN_004b2f50,OK,1,0,2,0,,
0x004b2fa0,FUN_004b2fa0,OK,0,0,1,0,,
0x004b2fc0,FUN_004b2fc0,OK,0,0,1,0,,
0x004b2fe0,FUN_004b2fe0,OK,0,0,0,0,,
0x004b3020,FUN_004b3020,OK,0,0,0,0,,
0x004b3050,FUN_004b3050,OK,0,0,0,0,,
0x004b3090,FUN_004b3090,OK,0,0,2,0,,
0x004b30b0,FUN_004b30b0,OK,10,0,0,0,,
0x004b3160,FUN_004b3160,OK,1,0,1,1,,004cc5a0
0x004b31b0,FUN_004b31b0,OK,1,0,0,0,,
0x004b31c0,FUN_004b31c0,OK,1,0,0,0,,
0x004b31f0,FUN_004b31f0,OK,2,0,0,0,,
0x004b3210,FUN_004b3210,OK,0,0,0,0,,
0x004b3220,FUN_004b3220,OK,1,0,0,0,,
0x004b3230,FUN_004b3230,OK,0,0,1,1,,004cc148
0x004b3260,Settings_InitPathsAndAutoLoad,OK,1,0,7,1,,r004cc5e4
0x004b32c0,Settings_Shutdown,OK,0,0,6,1,,r004cc5b4
0x004b3380,Settings_FindNodeByName,OK,0,0,1,0,,
0x004b33f0,FUN_004b33f0,OK,0,0,0,0,,
0x004b3420,FUN_004b3420,OK,6,0,1,0,,
0x004b3480,FUN_004b3480,OK,1,0,3,0,,
0x004b3510,FUN_004b3510,OK,0,0,0,0,,
0x004b3550,FUN_004b3550,OK,0,0,0,0,,
0x004b35a0,FUN_004b35a0,OK,0,0,0,0,,
0x004b35f0,FUN_004b35f0,OK,0,0,0,0,,
0x004b3640,FUN_004b3640,OK,0,0,3,1,,r004e468c
0x004b36f0,FUN_004b36f0,OK,5,0,1,1,,r004e46a0
0x004b37f0,FUN_004b37f0,OK,0,0,2,2,,r004cc150 004cc154
0x004b38e0,FUN_004b38e0,OK,0,0,5,5,,004cc0e0 004cc128 r004cc150 004cc154 004cc15c
0x004b3b00,FUN_004b3b00,OK,0,0,0,0,,
0x004b3b20,FUN_004b3b20,OK,0,0,0,0,,
0x004b3b50,FUN_004b3b50,OK,3,0,3,3,,004cc0e0 004cc128 004cc15c
0x004b3ca0,FUN_004b3ca0,OK,0,0,0,0,,
0x004b3ce0,FUN_004b3ce0,OK,2,0,0,0,,
0x004b3d00,FUN_004b3d00,OK,1,0,1,0,,
0x004b3d50,FUN_004b3d50,OK,1,0,3,0,,
0x004b3da0,FUN_004b3da0,OK,1,0,0,0,,
0x004b3dd0,FUN_004b3dd0,OK,0,0,0,0,,
0x004b3e30,FUN_004b3e30,OK,2,0,0,0,,
0x004b3e70,FUN_004b3e70,OK,0,0,0,0,,
0x004b3e90,FUN_004b3e90,OK,0,0,1,0,,
0x004b3fb0,FUN_004b3fb0,OK,1,0,1,0,,
0x004b4030,FUN_004b4030,OK,0,0,0,0,,
0x004b4070,FUN_004b4070,OK,1,0,2,0,,
0x004b40c0,FUN_004b40c0,OK,0,0,1,0,,
0x004b4120,FUN_004b4120,OK,0,0,0,0,,
0x004b4180,FUN_004b4180,OK,0,0,1,0,,
0x004b4190,FUN_004b4190,OK,0,0,0,0,,
0x004b41b0,FUN_004b41b0,OK,0,0,0,0,,
0x004b41e0,FUN_004b41e0,OK,0,0,1,0,,
0x004b4280,FUN_004b4280,OK,0,0,1,0,,
0x004b42c0,FUN_004b42c0,OK,0,0,0,0,,
0x004b42f0,FUN_004b42f0,OK,1,0,2,1,,r004cc52c
0x004b4370,FUN_004b4370,OK,1,0,1,0,,
0x004b4390,FUN_004b4390,OK,1,0,1,1,,004cc5a0
0x004b43d0,FUN_004b43d0,OK,1,0,1,1,,004cc5a0
0x004b4410,FUN_004b4410,OK,0,0,0,0,,
0x004b4420,FUN_004b4420,OK,0,0,0,0,,
0x004b4460,FUN_004b4460,OK,0,0,0,0,,
0x004b44e0,FUN_004b44e0,OK,1,0,0,0,,
0x004b4530,FUN_004b4530,OK,1,0,0,0,,
0x004b4550,FUN_004b4550,OK,1,0,0,0,,
0x004b4560,FUN_004b4560,OK,0,0,0,0,,
0x004b4570,FUN_004b4570,OK,0,0,0,0,,
0x004b4590,FUN_004b4590,OK,0,0,0,0,,
0x004b45e0,FUN_004b45e0,OK,0,0,0,0,,
0x004b4620,FUN_004b4620,OK,2,0,2,0,,
0x004b47a0,FUN_004b47a0,OK,0,0,1,0,,
0x004b47b0,FUN_004b47b0,OK,1,0,1,0,,
0x004b4810,FUN_004b4810,OK,1,0,0,0,,
0x004b49e0,FUN_004b49e0,OK,3,0,4,0,,
0x004b4a90,FUN_004b4a90,OK,2,0,0,0,,
0x004b4ab0,FUN_004b4ab0,OK,0,0,0,0,,
0x004b4ac0,FUN_004b4ac0,OK,3,0,3,0,,
0x004b4b50,FUN_004b4b50,OK,1,0,2,2,,004cc5d0 004d34b0
0x004b4ba0,FUN_004b4ba0,OK,0,0,0,0,,
0x004b4c50,FUN_004b4c50,OK,1,0,0,0,,
0x004b4c90,FUN_004b4c90,OK,1,0,0,0,,
0x004b4ca0,FUN_004b4ca0,OK,5,0,0,0,,
0x004b4e40,FUN_004b4e40,OK,1,0,0,0,,
0x004b4e60,FUN_004b4e60,OK,3,0,0,0,,
0x004b4ed0,FUN_004b4ed0,OK,1,0,0,0,,
0x004b4ee0,FUN_004b4ee0,OK,2,0,3,0,,
0x004b50a0,FUN_004b50a0,OK,2,0,0,0,,
0x004b50c0,FUN_004b50c0,OK,5,0,2,0,,
0x004b52f0,FUN_004b52f0,OK,0,0,0,0,,
0x004b5310,FUN_004b5310,OK,1,0,0,0,,
0x004b5350,FUN_004b5350,OK,1,0,0,0,,
0x004b5630,FUN_004b5630,OK,2,0,0,0,,
0x004b5740,FUN_004b5740,OK,1,0,0,0,,
0x004b5860,FUN_004b5860,OK,1,0,0,0,,
0x004b5900,FUN_004b5900,OK,4,0,0,0,,
0x004b59f0,FUN_004b59f0,OK,12,0,15,10,,r004db428 r004dc17c r004e46d0 r004e46dc r004e46e4 r004e46ec r004e46f4 r004e46fc r004e4708 r004e4710
0x004b6fc0,FUN_004b6fc0,OK,1,0,1,0,,
0x004b7000,FUN_004b7000,OK,2,0,0,0,,
0x004b7020,FUN_004b7020,OK,3,0,2,0,,
0x004b70b0,FUN_004b70b0,OK,0,0,0,0,,
0x004b70c0,FUN_004b70c0,OK,1,0,0,0,,
0x004b7210,FUN_004b7210,OK,2,0,0,0,,
0x004b7250,FUN_004b7250,OK,2,0,0,0,,
0x004b7290,FUN_004b7290,OK,2,0,0,0,,
0x004b72c0,FUN_004b72c0,OK,1,0,0,0,,
0x004b7340,FUN_004b7340,OK,9,0,12,6,,r004e46f4 r004e4708 r004e471c r004e4728 r004e4738 r004e4740
0x004b7d60,FUN_004b7d60,OK,1,0,1,0,,
0x004b7dc0,FUN_004b7dc0,OK,2,0,0,0,,
0x004b7de0,FUN_004b7de0,OK,1,0,2,0,,
0x004b7e60,FUN_004b7e60,OK,1,0,0,0,,
0x004b7ee0,FUN_004b7ee0,OK,1,0,0,0,,
0x004b7f20,FUN_004b7f20,OK,0,0,0,0,,
0x004b7f80,FUN_004b7f80,OK,0,0,0,0,,
0x004b7fd0,FUN_004b7fd0,OK,3,0,3,0,,
0x004b8100,FUN_004b8100,OK,0,0,0,0,,
0x004b8200,FUN_004b8200,OK,4,0,1,0,,
0x004b82e0,FUN_004b82e0,OK,6,0,5,5,,r004e4708 r004e4738 r004e4748 r004e4750 r004e475c
0x004b8450,FUN_004b8450,OK,1,0,1,0,,
0x004b84b0,FUN_004b84b0,OK,2,0,0,0,,
0x004b84d0,FUN_004b84d0,OK,2,0,1,0,,
0x004b8520,FUN_004b8520,OK,1,0,0,0,,
0x004b85c0,FUN_004b85c0,OK,3,0,1,1,,r004e4764
0x004b8650,FUN_004b8650,OK,1,0,0,0,,
0x004b86b0,FUN_004b86b0,OK,1,0,0,0,,
0x004b8760,FUN_004b8760,OK,1,0,1,0,,
0x004b87a0,FUN_004b87a0,OK,2,0,0,0,,
0x004b87c0,FUN_004b87c0,OK,1,0,1,0,,
0x004b87d0,FUN_004b87d0,OK,1,0,0,0,,
0x004b87e0,FUN_004b87e0,OK,1,0,0,0,,
0x004b87f0,FUN_004b87f0,OK,2,0,0,0,,
0x004b8850,FUN_004b8850,OK,3,0,1,1,,r004e4770
0x004b8a90,FUN_004b8a90,OK,1,0,0,0,,
0x004b8af0,FUN_004b8af0,OK,1,0,0,0,,
0x004b8b10,FUN_004b8b10,OK,1,0,1,0,,
0x004b8b40,FUN_004b8b40,OK,2,0,0,0,,
0x004b8b60,FUN_004b8b60,OK,1,0,2,0,,
0x004b8be0,FUN_004b8be0,OK,4,0,2,1,,r004e477c
0x004b8cf0,FUN_004b8cf0,OK,1,0,0,0,,
0x004b8d30,FUN_004b8d30,OK,2,0,3,0,,
0x004b8de0,FUN_004b8de0,OK,4,0,5,5,,r004e4784 r004e4790 r004e479c r004e47a4 r004e47b0
0x004b90e0,FUN_004b90e0,OK,3,0,1,0,,
0x004b92c0,FUN_004b92c0,OK,3,0,0,0,,
0x004b9320,FUN_004b9320,OK,1,0,0,0,,
0x004b9330,FUN_004b9330,OK,0,0,1,0,,
0x004b9520,FUN_004b9520,OK,0,0,0,0,,
0x004b9540,FUN_004b9540,OK,4,0,4,1,,r004da69c
0x004b9710,FUN_004b9710,OK,2,0,0,0,,
0x004b9740,FUN_004b9740,OK,2,0,0,0,,
0x004b9760,FUN_004b9760,OK,4,0,2,0,,
0x004b9850,FUN_004b9850,OK,4,0,0,0,,
0x004b98d0,FUN_004b98d0,OK,2,0,0,0,,
0x004b9900,FUN_004b9900,OK,16,0,19,10,,r004dadb4 r004dfc04 r004e4708 r004e47c0 r004e47d4 r004e47dc r004e47e4 r004e47f4 r004e4808 r004e4824
0x004ba070,FUN_004ba070,OK,1,0,1,1,,r004e4838
0x004ba0c0,FUN_004ba0c0,OK,1,0,0,0,,
0x004ba0e0,FUN_004ba0e0,OK,5,0,8,8,,r004db428 r004e4708 r004e4710 r004e475c r004e4840 r004e484c r004e4858 r004e4864
0x004ba350,FUN_004ba350,OK,1,0,0,0,,
0x004ba380,FUN_004ba380,OK,1,0,0,0,,
0x004ba3a0,FUN_004ba3a0,OK,0,0,0,0,,
0x004ba3c0,FUN_004ba3c0,OK,0,0,0,0,,
0x004ba3e0,FUN_004ba3e0,OK,1,0,0,0,,
0x004ba400,FUN_004ba400,OK,0,0,0,0,,
0x004ba410,FUN_004ba410,OK,2,0,0,0,,
0x004ba470,FUN_004ba470,OK,1,0,0,0,,
0x004ba4d0,FUN_004ba4d0,OK,0,0,0,0,,
0x004ba510,FUN_004ba510,OK,2,0,0,0,,
0x004ba740,FUN_004ba740,OK,1,0,3,1,,004cc098
0x004ba830,FUN_004ba830,OK,2,0,0,0,,
0x004ba850,FUN_004ba850,OK,1,0,5,3,,004cc090 004cc094 004cc5a0
0x004ba9e0,FUN_004ba9e0,OK,1,0,3,3,,004cc090 004cc094 004cc5a0
0x004bab40,FUN_004bab40,OK,1,0,4,1,,004cc070
0x004babb0,FUN_004babb0,OK,0,0,2,2,,004cc070 004cc088
0x004bac10,FUN_004bac10,OK,8,0,12,10,,004cc06c r004cc078 r004cc07c 004cc080 004cc084 004cc08c 004cc0a4 004cc0dc 004cc5dc 004cc67c
0x004bb0c0,FUN_004bb0c0,OK,1,0,3,0,,
0x004bb1c0,FUN_004bb1c0,OK,0,0,7,6,,004cc06c 004cc08c 004cc0a4 004cc5b4 004cc5e4 004cc67c
0x004bb2a0,FUN_004bb2a0,OK,0,0,4,4,,004cc06c 004cc074 004cc08c 004cc0a4
0x004bb3d0,FUN_004bb3d0,OK,1,0,0,0,,
0x004bb440,FUN_004bb440,OK,0,0,0,0,,
0x004bb460,FUN_004bb460,OK,1,0,0,0,,
0x004bb540,FUN_004bb540,OK,1,0,3,3,,004cc530 004cc5a0 004cc5cc
0x004bb5e0,FUN_004bb5e0,OK,1,0,3,3,,004cc530 004cc5a0 004cc5cc
0x004bb680,FUN_004bb680,OK,1,0,2,2,,r004cc5a0 004cc5cc
0x004bb710,FUN_004bb710,OK,0,0,0,0,,
0x004bb740,FUN_004bb740,OK,2,0,0,0,,
0x004bb790,FUN_004bb790,OK,7,0,5,0,,
0x004bb960,FUN_004bb960,OK,2,0,0,0,,
0x004bb980,FUN_004bb980,OK,0,0,0,0,,
0x004bb9f0,FUN_004bb9f0,OK,1,0,0,0,,
0x004bbaa0,FUN_004bbaa0,OK,0,0,0,0,,
0x004bbac0,FUN_004bbac0,OK,0,0,0,0,,
0x004bbb20,FUN_004bbb20,OK,1,0,0,0,,
0x004bbbe0,FUN_004bbbe0,OK,1,0,0,0,,
0x004bbca0,FUN_004bbca0,OK,6,1,2,0,004bc3a0,
0x004bbe90,FUN_004bbe90,OK,1,0,0,0,,
0x004bbed0,FUN_004bbed0,OK,0,0,1,0,,
0x004bbfa0,FUN_004bbfa0,OK,1,0,0,0,,
0x004bbff0,FUN_004bbff0,OK,4,0,0,0,,
0x004bc320,FUN_004bc320,OK,1,0,0,0,,
0x004bc3a0,FUN_004bc3a0,OK,1,0,0,0,,
0x004bc410,FUN_004bc410,OK,1,0,1,0,,
0x004bc480,FUN_004bc480,OK,1,0,1,0,,
0x004bc4c0,FUN_004bc4c0,OK,1,0,0,0,,
0x004bc4e0,FUN_004bc4e0,OK,0,0,0,0,,
0x004bc510,FUN_004bc510,OK,1,0,1,0,,
0x004bc540,FUN_004bc540,OK,1,0,1,0,,
0x004bc550,FUN_004bc550,OK,0,0,0,0,,
0x004bc560,FUN_004bc560,OK,0,0,0,0,,
0x004bc570,FUN_004bc570,OK,2,0,0,0,,
0x004bc760,FUN_004bc760,OK,0,0,1,0,,
0x004bc780,FUN_004bc780,OK,0,0,2,0,,
0x004bc7b0,FUN_004bc7b0,OK,0,0,1,0,,
0x004bc7c0,FUN_004bc7c0,OK,0,0,0,0,,
0x004bc810,FUN_004bc810,OK,0,0,0,0,,
0x004bc860,FUN_004bc860,OK,1,0,0,0,,
0x004bc8d0,FUN_004bc8d0,OK,0,0,0,0,,
0x004bc900,FUN_004bc900,OK,0,0,0,0,,
0x004bc930,FUN_004bc930,OK,0,0,2,0,,
0x004bc980,FUN_004bc980,OK,1,0,0,0,,
0x004bc9b0,FUN_004bc9b0,OK,1,0,0,0,,
0x004bc9f0,FUN_004bc9f0,OK,1,0,1,0,,
0x004bcb50,FUN_004bcb50,OK,2,0,3,0,,
0x004bcbe0,FUN_004bcbe0,OK,1,0,3,1,,004cc5a0
0x004bcc80,FUN_004bcc80,OK,1,0,1,1,,004cc5a0
0x004bccf0,FUN_004bccf0,OK,1,0,1,1,,004cc4a8
0x004bcd40,FUN_004bcd40,OK,0,0,0,0,,
0x004bcd80,FUN_004bcd80,OK,1,0,0,0,,
0x004bcdc0,FUN_004bcdc0,OK,1,0,0,0,,
0x004bcdf0,FUN_004bcdf0,OK,2,0,0,0,,
0x004bce30,FUN_004bce30,OK,2,0,0,0,,
0x004bcea0,FUN_004bcea0,OK,1,0,0,0,,
0x004bcf20,FUN_004bcf20,OK,2,0,2,0,,
0x004bcf80,FUN_004bcf80,OK,1,0,0,0,,
0x004bcff0,FUN_004bcff0,OK,1,0,0,0,,
0x004bd020,FUN_004bd020,OK,3,0,3,0,,
0x004bd110,FUN_004bd110,OK,0,0,0,0,,
0x004bd160,FUN_004bd160,OK,2,0,1,0,,
0x004bd280,FUN_004bd280,OK,1,0,1,1,,r0056bd24
0x004bd2a0,FUN_004bd2a0,OK,0,0,1,0,,
0x004bd2d0,FUN_004bd2d0,OK,3,0,3,0,,
0x004bd3d0,FUN_004bd3d0,OK,0,0,0,0,,
0x004bd410,FUN_004bd410,OK,0,0,0,0,,
0x004bd440,FUN_004bd440,OK,0,0,0,0,,
0x004bd470,FUN_004bd470,OK,0,0,3,0,,
0x004bd4d0,FUN_004bd4d0,OK,8,0,0,0,,
0x004bd660,FUN_004bd660,OK,2,0,3,0,,
0x004bd6f0,FUN_004bd6f0,OK,0,0,4,0,,
0x004bd720,FUN_004bd720,OK,1,0,2,0,,
0x004bd800,FUN_004bd800,OK,0,0,0,0,,
0x004bd840,FUN_004bd840,OK,2,0,0,0,,
0x004bd880,FUN_004bd880,OK,1,0,2,0,,
0x004bd9c0,FUN_004bd9c0,OK,0,0,0,0,,
0x004bd9f0,FUN_004bd9f0,OK,1,0,2,0,,
0x004bdb30,FUN_004bdb30,OK,0,0,0,0,,
0x004bdb60,FUN_004bdb60,OK,1,0,0,0,,
0x004bdbc0,FUN_004bdbc0,OK,1,0,0,0,,
0x004bdc00,FUN_004bdc00,OK,0,0,0,0,,
0x004bdc40,FUN_004bdc40,OK,1,0,0,0,,
0x004bdc70,FUN_004bdc70,OK,7,0,6,1,,r004cc5dc
0x004bde20,FUN_004bde20,OK,2,0,0,0,,
0x004bde40,FUN_004bde40,OK,2,0,5,0,,
0x004bdee0,FUN_004bdee0,OK,0,0,7,1,,r004cc5d8
0x004bdfd0,FUN_004bdfd0,OK,7,0,5,1,,004d3e80
0x004be210,FUN_004be210,OK,0,0,0,0,,
0x004be280,FUN_004be280,OK,1,0,1,0,,
0x004be2c0,FUN_004be2c0,OK,2,0,0,0,,
0x004be2f0,FUN_004be2f0,OK,14,0,13,1,,004d3e7c
0x004be810,FUN_004be810,OK,1,0,1,0,,
0x004be850,FUN_004be850,OK,2,0,0,0,,
0x004be870,FUN_004be870,OK,1,0,1,0,,
0x004be880,FUN_004be880,OK,14,0,11,1,,004d3e7c
0x004bed30,FUN_004bed30,OK,1,0,0,0,,
0x004bed50,FUN_004bed50,OK,0,0,0,0,,
0x004bed90,ScreenFX_AllocateRectSlot,OK,1,0,0,0,,
0x004bee00,FUN_004bee00,OK,0,0,0,0,,
0x004bee20,FUN_004bee20,OK,0,0,0,0,,
0x004bee50,FUN_004bee50,OK,1,0,1,1,,r0056bd58
0x004bee60,FUN_004bee60,OK,1,0,0,0,,
0x004beee0,FUN_004beee0,OK,1,0,1,1,,r0056bd58
0x004bef10,ScreenFX_QueueFlashRect,OK,1,0,1,1,,r0056bd58
0x004bef40,FUN_004bef40,OK,1,0,1,1,,r0056bd58
0x004bef50,FUN_004bef50,OK,1,0,1,1,,r0056bd58
0x004bef70,FUN_004bef70,OK,1,0,1,1,,r0056bd58
0x004bef90,FUN_004bef90,OK,4,0,5,0,,
0x004bf060,FUN_004bf060,OK,18,0,13,1,,004cc5dc
0x004bf540,FUN_004bf540,OK,2,0,0,0,,
0x004bf560,FUN_004bf560,OK,5,0,3,1,,004cc5b4
0x004bf630,FUN_004bf630,OK,15,0,3,0,,
0x004bf7c0,FUN_004bf7c0,OK,0,0,0,0,,
0x004bf7e0,FUN_004bf7e0,OK,0,0,0,0,,
0x004bf800,FUN_004bf800,OK,1,0,0,0,,
0x004bf820,FUN_004bf820,OK,1,0,0,0,,
0x004bf840,FUN_004bf840,OK,2,0,2,0,,
0x004bf8b0,FUN_004bf8b0,OK,0,0,0,0,,
0x004bf900,FUN_004bf900,OK,2,0,0,0,,
0x004bf980,FUN_004bf980,OK,2,0,2,0,,
0x004bfa00,FUN_004bfa00,OK,2,0,0,0,,
0x004bfa20,FUN_004bfa20,OK,2,0,1,0,,
0x004bfa50,FUN_004bfa50,OK,2,0,0,0,,
0x004bfa70,FUN_004bfa70,OK,2,0,0,0,,
0x004bfa90,FUN_004bfa90,OK,2,0,0,0,,
0x004bfae0,FUN_004bfae0,OK,5,0,1,1,,004cc5dc
0x004bfb70,FUN_004bfb70,OK,2,0,0,0,,
0x004bfba0,FUN_004bfba0,OK,1,0,0,0,,
0x004bfc60,FUN_004bfc60,OK,1,0,0,0,,
0x004bfcb0,FUN_004bfcb0,OK,2,0,0,0,,
0x004bfcd0,FUN_004bfcd0,OK,2,0,3,0,,
0x004bfd40,FUN_004bfd40,OK,3,0,3,2,,r004cc508 r004cc5a0
0x004bfe20,FUN_004bfe20,OK,0,0,0,0,,
0x004bfe40,FUN_004bfe40,OK,3,0,0,0,,
0x004bfe90,FUN_004bfe90,OK,1,0,0,0,,
0x004bfec0,FUN_004bfec0,OK,1,0,0,0,,
0x004bff00,FUN_004bff00,OK,0,0,0,0,,
0x004bffb0,FUN_004bffb0,OK,0,0,0,0,,
0x004bffe0,FUN_004bffe0,OK,1,0,1,0,,
0x004c0010,FUN_004c0010,OK,1,0,0,0,,
0x004c0030,FUN_004c0030,OK,1,0,1,0,,
0x004c0050,FUN_004c0050,OK,1,0,1,0,,
0x004c0070,FUN_004c0070,OK,1,0,1,0,,
0x004c0080,FUN_004c0080,OK,1,0,1,0,,
0x004c00a0,FUN_004c00a0,OK,1,0,1,0,,
0x004c00c0,FUN_004c00c0,OK,1,0,1,0,,
0x004c00e0,FUN_004c00e0,OK,1,0,1,0,,
0x004c0100,FUN_004c0100,OK,2,0,2,0,,
0x004c0180,FUN_004c0180,OK,2,0,1,0,,
0x004c01b0,FUN_004c01b0,OK,2,0,1,0,,
0x004c0260,FUN_004c0260,OK,0,0,0,0,,
0x004c0280,FUN_004c0280,OK,1,0,0,0,,
0x004c0370,FUN_004c0370,OK,4,0,0,0,,
0x004c0400,FUN_004c0400,OK,6,0,4,2,,r004cc4c0 r004cc5a0
0x004c0620,FUN_004c0620,OK,0,0,0,0,,
0x004c0630,SaveGame_WriteNamedEntry,OK,1,0,3,1,,004cc5c4
0x004c06a0,FUN_004c06a0,OK,0,0,0,0,,
0x004c06c0,FUN_004c06c0,OK,0,0,0,0,,
0x004c0700,SaveGame_FlushTempFileToEntry,OK,1,0,8,8,,004cc490 004cc49c 004cc4a0 004cc4e0 004cc4fc 004cc538 004cc5b4 004cc5dc
0x004c0780,FUN_004c0780,OK,0,0,4,4,,004cc49c 004cc4fc 004cc534 004cc594
0x004c07c0,FUN_004c07c0,OK,0,0,1,1,,004cc538
0x004c07d0,FUN_004c07d0,OK,9,0,1,0,,
0x004c0b60,FUN_004c0b60,OK,0,0,0,0,,
0x004c0ba0,FUN_004c0ba0,OK,0,0,0,0,,
0x004c0bd0,FUN_004c0bd0,OK,1,0,0,0,,
0x004c0ce0,FUN_004c0ce0,OK,0,0,0,0,,
0x004c0d20,FUN_004c0d20,OK,1,0,4,2,,r004cc5dc r004cc5e4
0x004c0e50,FUN_004c0e50,OK,2,0,3,1,,r004cc5b4
0x004c0f70,FUN_004c0f70,OK,5,0,1,1,,004cc5b4
0x004c1020,FUN_004c1020,OK,2,0,2,0,,
0x004c1090,FUN_004c1090,OK,4,0,2,1,,004cc5b4
0x004c1160,FUN_004c1160,OK,0,0,3,3,,r004cc4e0 r004cc53c 004cc5dc
0x004c1250,FUN_004c1250,OK,1,0,7,3,,004cc4f0 004cc5a0 r004cc5d0
0x004c13c0,FUN_004c13c0,OK,0,0,6,5,,r004cc540 r004cc544 004cc5d0 004cc5dc 004cc5e4
0x004c1500,FUN_004c1500,OK,5,0,6,4,,004cc490 004cc4a0 004cc5b8 004cc5c0
0x004c15f0,FUN_004c15f0,OK,0,0,0,0,,
0x004c1670,FUN_004c1670,OK,0,0,1,1,,r004cc5b4
0x004c16c0,FUN_004c16c0,OK,0,0,1,1,,r004cc5b4
0x004c1710,FUN_004c1710,OK,1,0,4,0,,
0x004c1780,FUN_004c1780,OK,1,0,2,2,,004cc4ec r004cc5e4
0x004c1870,FUN_004c1870,OK,0,0,3,1,,r004cc4dc
0x004c18c0,FUN_004c18c0,OK,0,0,1,1,,004cc4ec
0x004c1940,FUN_004c1940,OK,0,0,0,0,,
0x004c1960,FUN_004c1960,OK,0,0,1,1,,004cc5b4
0x004c1990,FUN_004c1990,OK,1,0,0,0,,
0x004c19c0,FUN_004c19c0,OK,1,0,3,1,,r004cc4c8
0x004c1a00,FUN_004c1a00,OK,1,0,2,1,,004cc548
0x004c1a20,FUN_004c1a20,OK,1,0,1,1,,004cc5d4
0x004c1a40,FUN_004c1a40,OK,0,0,0,0,,
0x004c1ab0,FUN_004c1ab0,OK,1,0,3,0,,
0x004c1b20,FUN_004c1b20,OK,0,0,0,0,,
0x004c1b30,FUN_004c1b30,OK,0,0,0,0,,
0x004c1b50,FUN_004c1b50,OK,1,0,3,1,,004cc5cc
0x004c1c50,FUN_004c1c50,OK,11,0,24,5,,004cc4b8 r004cc54c r004cc5b4 r004cc5cc 004cc5e4
0x004c2030,FUN_004c2030,OK,2,0,2,0,,
0x004c20a0,FUN_004c20a0,OK,158,0,199,15,,004cc158 004cc4dc 004cc5cc 004e4ad4 004e4ae8 004e4afc 004e4b14 004e4c68 004e4c7c 004e54c0 004e54e4 004e5550 004e55f4 004e5628 004e58f0
0x004c5480,FUN_004c5480,OK,0,0,1,1,,004cc5cc
0x004c54b0,FUN_004c54b0,OK,0,0,0,0,,
0x004c5510,FUN_004c5510,OK,0,0,0,0,,
0x004c5520,FUN_004c5520,OK,0,0,0,0,,
0x004c5550,FUN_004c5550,OK,2,0,6,5,,r004cc4e0 004cc4ec 004cc508 004cc5b4 004cc5c0
0x004c5740,FUN_004c5740,OK,0,0,5,4,,004cc490 004cc4c8 004cc508 004cc550
0x004c5820,FUN_004c5820,OK,1,0,3,0,,
0x004c58c0,FUN_004c58c0,OK,1,0,0,0,,
0x004c58e0,FUN_004c58e0,OK,6,5,1,1,00447dc0 00447f30 0044daa0 004760d0 004c5b76,r004e5af8
0x004c59e0,FUN_004c59e0,OK,2,0,0,0,,
0x004c5ec0,FUN_004c5ec0,OK,1,0,2,0,,
0x004c5f39,FUN_004c5f39,OK,1,0,0,0,,
0x004c5f70,FUN_004c5f70,OK,0,0,2,0,,
0x004c6000,FUN_004c6000,OK,1,0,2,0,,
0x004c6078,FUN_004c6078,OK,1,0,0,0,,
0x004c60b0,FUN_004c60b0,OK,1,0,3,1,,004cc560
0x004c60e0,FUN_004c60e0,OK,1,0,0,0,,
0x004c6100,FUN_004c6100,OK,0,0,0,0,,
0x004c6140,entry,OK,4,0,24,10,,004cc0d4 004cc168 004cc4b0 r004cc56c 004cc570 004cc57c 004cc580 004cc584 r004cc588 004cc58c
0x004c6300,FUN_004c6300,OK,2,0,0,0,,
0x004c6350,FUN_004c6350,OK,1,0,0,0,,
0x004c7f00,FUN_004c7f00,OK,2,0,1,0,,
0x004c7fd0,FUN_004c7fd0,OK,1,0,11,5,,004cc4e0 r004cc4f8 004cc5b8 004cc5bc 004cc5c0
0x004c8070,FUN_004c8070,OK,0,0,5,0,,
0x004c81c0,FUN_004c81c0,OK,1,0,0,0,,
0x004c81d8,FUN_004c81d8,OK,1,0,1,1,,004cc5e0
0x004c8230,Unwind@004c8230,OK,1,0,0,0,,
0x004c8238,Unwind@004c8238,OK,1,0,0,0,,
0x004c8246,Unwind@004c8246,OK,1,0,0,0,,
0x004c8254,Unwind@004c8254,OK,1,0,0,0,,
0x004c8262,Unwind@004c8262,OK,1,0,0,0,,
0x004c8270,Unwind@004c8270,OK,1,0,0,0,,
0x004c827e,Unwind@004c827e,OK,1,0,0,0,,
0x004c8286,Unwind@004c8286,OK,1,0,0,0,,
0x004c8294,Unwind@004c8294,OK,1,0,0,0,,
0x004c82a2,Unwind@004c82a2,OK,1,0,0,0,,
0x004c82b0,Unwind@004c82b0,OK,1,0,0,0,,
0x004c82e0,Unwind@004c82e0,OK,1,0,0,0,,
0x004c8300,Unwind@004c8300,OK,1,0,0,0,,
0x004c8320,Unwind@004c8320,OK,1,0,0,0,,
0x004c8328,Unwind@004c8328,OK,1,0,0,0,,
0x004c8336,Unwind@004c8336,OK,1,0,0,0,,
0x004c8344,Unwind@004c8344,OK,1,0,0,0,,
0x004c8352,Unwind@004c8352,OK,1,0,0,0,,
0x004c8360,Unwind@004c8360,OK,1,0,0,0,,
0x004c836e,Unwind@004c836e,OK,1,0,0,0,,
0x004c837c,Unwind@004c837c,OK,1,0,0,0,,
0x004c838a,Unwind@004c838a,OK,1,0,0,0,,
0x004c8398,Unwind@004c8398,OK,1,0,0,0,,
0x004c83b0,Unwind@004c83b0,OK,1,0,0,0,,
0x004c83d0,Unwind@004c83d0,OK,1,0,0,0,,
0x004c83f0,Unwind@004c83f0,OK,1,0,0,0,,
0x004c8410,Unwind@004c8410,OK,1,0,0,0,,
0x004c8430,Unwind@004c8430,OK,1,0,0,0,,
0x004c8450,Unwind@004c8450,OK,1,0,0,0,,
0x004c8458,Unwind@004c8458,OK,1,0,0,0,,
0x004c8466,Unwind@004c8466,OK,1,0,0,0,,
0x004c846e,Unwind@004c846e,OK,1,0,0,0,,
0x004c8490,Unwind@004c8490,OK,1,0,0,0,,
0x004c8498,Unwind@004c8498,OK,1,0,0,0,,
0x004c84b0,Unwind@004c84b0,OK,1,0,0,0,,
0x004c84d0,Unwind@004c84d0,OK,1,0,0,0,,
0x004c84f0,Unwind@004c84f0,OK,1,0,0,0,,
0x004c8510,Unwind@004c8510,OK,1,0,0,0,,
0x004c8518,Unwind@004c8518,OK,1,0,0,0,,
0x004c8526,Unwind@004c8526,OK,1,0,0,0,,
0x004c8534,Unwind@004c8534,OK,1,0,0,0,,
0x004c8542,Unwind@004c8542,OK,1,0,0,0,,
0x004c8550,Unwind@004c8550,OK,1,0,0,0,,
0x004c855e,Unwind@004c855e,OK,1,0,0,0,,
0x004c856c,Unwind@004c856c,OK,1,0,0,0,,
0x004c8590,Unwind@004c8590,OK,1,0,0,0,,
0x004c8598,Unwind@004c8598,OK,1,0,0,0,,
0x004c85a6,Unwind@004c85a6,OK,1,0,0,0,,
0x004c85b4,Unwind@004c85b4,OK,1,0,0,0,,
0x004c85c2,Unwind@004c85c2,OK,1,0,0,0,,
0x004c85d0,Unwind@004c85d0,OK,1,0,0,0,,
0x004c85de,Unwind@004c85de,OK,1,0,0,0,,
0x004c8600,Unwind@004c8600,OK,1,0,0,0,,
0x004c8620,Unwind@004c8620,OK,1,0,0,0,,
0x004c8640,Unwind@004c8640,OK,1,0,0,0,,
0x004c8648,Unwind@004c8648,OK,1,0,0,0,,
0x004c8656,Unwind@004c8656,OK,1,0,0,0,,
0x004c8664,Unwind@004c8664,OK,1,0,0,0,,
0x004c8680,Unwind@004c8680,OK,1,0,0,0,,
0x004c86a0,Unwind@004c86a0,OK,1,0,0,0,,
0x004c86a8,Unwind@004c86a8,OK,1,0,0,0,,
0x004c86b6,Unwind@004c86b6,OK,1,0,0,0,,
0x004c86c4,Unwind@004c86c4,OK,1,0,0,0,,
0x004c86e0,Unwind@004c86e0,OK,1,0,0,0,,
0x004c86eb,Unwind@004c86eb,OK,1,0,0,0,,
0x004c8700,Unwind@004c8700,OK,1,0,0,0,,
0x004c8720,Unwind@004c8720,OK,1,0,0,0,,
0x004c8740,Unwind@004c8740,OK,1,0,0,0,,
0x004c8748,Unwind@004c8748,OK,1,0,0,0,,
0x004c8756,Unwind@004c8756,OK,1,0,0,0,,
0x004c8764,Unwind@004c8764,OK,1,0,0,0,,
0x004c8772,Unwind@004c8772,OK,1,0,0,0,,
0x004c8780,Unwind@004c8780,OK,1,0,0,0,,
0x004c878e,Unwind@004c878e,OK,1,0,0,0,,
0x004c879c,Unwind@004c879c,OK,1,0,0,0,,
0x004c87aa,Unwind@004c87aa,OK,1,0,0,0,,
0x004c87b8,Unwind@004c87b8,OK,1,0,0,0,,
0x004c87c6,Unwind@004c87c6,OK,1,0,0,0,,
0x004c87d4,Unwind@004c87d4,OK,1,0,0,0,,
0x004c87e2,Unwind@004c87e2,OK,1,0,0,0,,
0x004c87f0,Unwind@004c87f0,OK,1,0,0,0,,
0x004c87fe,Unwind@004c87fe,OK,1,0,0,0,,
0x004c8820,Unwind@004c8820,OK,1,0,0,0,,
0x004c8828,Unwind@004c8828,OK,1,0,0,0,,
0x004c8836,Unwind@004c8836,OK,1,0,0,0,,
0x004c8850,Unwind@004c8850,OK,1,0,0,0,,
0x004c8858,Unwind@004c8858,OK,1,0,0,0,,
0x004c8866,Unwind@004c8866,OK,1,0,0,0,,
0x004c8880,Unwind@004c8880,OK,1,0,0,0,,
0x004c8888,Unwind@004c8888,OK,1,0,0,0,,
0x004c8896,Unwind@004c8896,OK,1,0,0,0,,
0x004c88b0,Unwind@004c88b0,OK,1,0,0,0,,
0x004c88b8,Unwind@004c88b8,OK,1,0,0,0,,
0x004c88c6,Unwind@004c88c6,OK,1,0,0,0,,
0x004c88e0,Unwind@004c88e0,OK,1,0,0,0,,
0x004c88e8,Unwind@004c88e8,OK,1,0,0,0,,
0x004c88f6,Unwind@004c88f6,OK,1,0,0,0,,
0x004c8910,Unwind@004c8910,OK,1,0,0,0,,
0x004c8918,Unwind@004c8918,OK,1,0,0,0,,
0x004c8926,Unwind@004c8926,OK,1,0,0,0,,
0x004c8934,Unwind@004c8934,OK,1,0,0,0,,
0x004c8942,Unwind@004c8942,OK,1,0,0,0,,
0x004c8950,Unwind@004c8950,OK,1,0,0,0,,
0x004c895e,Unwind@004c895e,OK,1,0,0,0,,
0x004c896c,Unwind@004c896c,OK,1,0,0,0,,
0x004c897a,Unwind@004c897a,OK,1,0,0,0,,
0x004c8988,Unwind@004c8988,OK,1,0,0,0,,
0x004c8996,Unwind@004c8996,OK,1,0,0,0,,
0x004c89a4,Unwind@004c89a4,OK,1,0,0,0,,
0x004c89b2,Unwind@004c89b2,OK,1,0,0,0,,
0x004c89c0,Unwind@004c89c0,OK,1,0,0,0,,
0x004c89ce,Unwind@004c89ce,OK,1,0,0,0,,
0x004c89d6,Unwind@004c89d6,OK,1,0,0,0,,
0x004c89e4,Unwind@004c89e4,OK,1,0,0,0,,
0x004c89f2,Unwind@004c89f2,OK,1,0,0,0,,
0x004c89fa,Unwind@004c89fa,OK,1,0,0,0,,
0x004c8a08,Unwind@004c8a08,OK,1,0,0,0,,
0x004c8a16,Unwind@004c8a16,OK,1,0,0,0,,
0x004c8a1e,Unwind@004c8a1e,OK,1,0,0,0,,
0x004c8a2c,Unwind@004c8a2c,OK,1,0,0,0,,
0x004c8a3a,Unwind@004c8a3a,OK,1,0,0,0,,
0x004c8a42,Unwind@004c8a42,OK,1,0,0,0,,
0x004c8a50,Unwind@004c8a50,OK,1,0,0,0,,
0x004c8a5e,Unwind@004c8a5e,OK,1,0,0,0,,
0x004c8a66,Unwind@004c8a66,OK,1,0,0,0,,
0x004c8a74,Unwind@004c8a74,OK,1,0,0,0,,
0x004c8a90,Unwind@004c8a90,OK,1,0,0,0,,
0x004c8ab0,Unwind@004c8ab0,OK,1,0,0,0,,
0x004c8ad0,Unwind@004c8ad0,OK,1,0,0,0,,
0x004c8af0,Unwind@004c8af0,OK,1,0,0,0,,
0x004c8af8,Unwind@004c8af8,OK,1,0,0,0,,
0x004c8b06,Unwind@004c8b06,OK,1,0,0,0,,
0x004c8b20,Unwind@004c8b20,OK,1,0,0,0,,
0x004c8b28,Unwind@004c8b28,OK,1,0,0,0,,
0x004c8b36,Unwind@004c8b36,OK,1,0,0,0,,
0x004c8b44,Unwind@004c8b44,OK,1,0,0,0,,
0x004c8b52,Unwind@004c8b52,OK,1,0,0,0,,
0x004c8b60,Unwind@004c8b60,OK,1,0,0,0,,
0x004c8b6e,Unwind@004c8b6e,OK,1,0,0,0,,
0x004c8b7c,Unwind@004c8b7c,OK,1,0,0,0,,
0x004c8b8a,Unwind@004c8b8a,OK,1,0,0,0,,
0x004c8b98,Unwind@004c8b98,OK,1,0,0,0,,
0x004c8ba6,Unwind@004c8ba6,OK,1,0,0,0,,
0x004c8bb4,Unwind@004c8bb4,OK,1,0,0,0,,
0x004c8bc2,Unwind@004c8bc2,OK,1,0,0,0,,
0x004c8bd0,Unwind@004c8bd0,OK,1,0,0,0,,
0x004c8bf0,Unwind@004c8bf0,OK,1,0,0,0,,
0x004c8bf8,Unwind@004c8bf8,OK,1,0,0,0,,
0x004c8c06,Unwind@004c8c06,OK,1,0,0,0,,
0x004c8c14,Unwind@004c8c14,OK,1,0,0,0,,
0x004c8c22,Unwind@004c8c22,OK,1,0,0,0,,
0x004c8c30,Unwind@004c8c30,OK,1,0,0,0,,
0x004c8c3e,Unwind@004c8c3e,OK,1,0,0,0,,
0x004c8c4c,Unwind@004c8c4c,OK,1,0,0,0,,
0x004c8c5a,Unwind@004c8c5a,OK,1,0,0,0,,
0x004c8c68,Unwind@004c8c68,OK,1,0,0,0,,
0x004c8c76,Unwind@004c8c76,OK,1,0,0,0,,
0x004c8c84,Unwind@004c8c84,OK,1,0,0,0,,
0x004c8c92,Unwind@004c8c92,OK,1,0,0,0,,
0x004c8cb0,Unwind@004c8cb0,OK,1,0,0,0,,
0x004c8cd0,Unwind@004c8cd0,OK,1,0,0,0,,
0x004c8cf0,Unwind@004c8cf0,OK,1,0,0,0,,
0x004c8d10,Unwind@004c8d10,OK,1,0,0,0,,
0x004c8d18,Unwind@004c8d18,OK,1,0,0,0,,
0x004c8d26,Unwind@004c8d26,OK,1,0,0,0,,
0x004c8d34,Unwind@004c8d34,OK,1,0,0,0,,
0x004c8d50,Unwind@004c8d50,OK,1,0,0,0,,
0x004c8d70,Unwind@004c8d70,OK,1,0,0,0,,
0x004c8d78,Unwind@004c8d78,OK,1,0,0,0,,
0x004c8d83,Unwind@004c8d83,OK,1,0,0,0,,
0x004c8d91,Unwind@004c8d91,OK,1,0,0,0,,
0x004c8d9f,Unwind@004c8d9f,OK,1,0,0,0,,
0x004c8dad,Unwind@004c8dad,OK,1,0,0,0,,
0x004c8dbb,Unwind@004c8dbb,OK,1,0,0,0,,
0x004c8dc9,Unwind@004c8dc9,OK,1,0,0,0,,
0x004c8dd7,Unwind@004c8dd7,OK,1,0,0,0,,
0x004c8de2,Unwind@004c8de2,OK,1,0,0,0,,
0x004c8ded,Unwind@004c8ded,OK,1,0,0,0,,
0x004c8dfb,Unwind@004c8dfb,OK,1,0,0,0,,
0x004c8e09,Unwind@004c8e09,OK,1,0,0,0,,
0x004c8e17,Unwind@004c8e17,OK,1,0,0,0,,
0x004c8e30,Unwind@004c8e30,OK,1,0,0,0,,
0x004c8e38,Unwind@004c8e38,OK,1,0,0,0,,
0x004c8e50,Unwind@004c8e50,OK,1,0,0,0,,
0x004c8e70,Unwind@004c8e70,OK,1,0,0,0,,
0x004c8e7b,Unwind@004c8e7b,OK,1,0,0,0,,
0x004c8e89,Unwind@004c8e89,OK,1,0,0,0,,
0x004c8e97,Unwind@004c8e97,OK,1,0,0,0,,
0x004c8eb0,Unwind@004c8eb0,OK,1,0,0,0,,
0x004c8ed0,Unwind@004c8ed0,OK,1,0,0,0,,
0x004c8ed8,Unwind@004c8ed8,OK,1,0,0,0,,
0x004c8ef0,Unwind@004c8ef0,OK,1,0,0,0,,
0x004c8ef8,Unwind@004c8ef8,OK,1,0,0,0,,
0x004c8f03,Unwind@004c8f03,OK,1,0,0,0,,
0x004c8f11,Unwind@004c8f11,OK,1,0,0,0,,
0x004c8f1f,Unwind@004c8f1f,OK,1,0,0,0,,
0x004c8f2a,Unwind@004c8f2a,OK,1,0,0,0,,
0x004c8f38,Unwind@004c8f38,OK,1,0,0,0,,
0x004c8f46,Unwind@004c8f46,OK,1,0,0,0,,
0x004c8f54,Unwind@004c8f54,OK,1,0,0,0,,
0x004c8f62,Unwind@004c8f62,OK,1,0,0,0,,
0x004c8f6d,Unwind@004c8f6d,OK,1,0,0,0,,
0x004c8f7b,Unwind@004c8f7b,OK,1,0,0,0,,
0x004c8f89,Unwind@004c8f89,OK,1,0,0,0,,
0x004c8f97,Unwind@004c8f97,OK,1,0,0,0,,
0x004c8fa5,Unwind@004c8fa5,OK,1,0,0,0,,
0x004c8fc0,Unwind@004c8fc0,OK,1,0,0,0,,
0x004c8fc8,Unwind@004c8fc8,OK,1,0,0,0,,
0x004c8fe0,Unwind@004c8fe0,OK,1,0,0,0,,
0x004c8fe8,Unwind@004c8fe8,OK,1,0,0,0,,
0x004c9000,Unwind@004c9000,OK,1,0,0,0,,
0x004c9008,Unwind@004c9008,OK,1,0,0,0,,
0x004c9020,Unwind@004c9020,OK,1,0,0,0,,
0x004c9028,Unwind@004c9028,OK,1,0,0,0,,
0x004c9033,Unwind@004c9033,OK,1,0,0,0,,
0x004c903e,Unwind@004c903e,OK,1,0,0,0,,
0x004c9046,Unwind@004c9046,OK,1,0,0,0,,
0x004c9051,Unwind@004c9051,OK,1,0,0,0,,
0x004c9070,Unwind@004c9070,OK,1,0,0,0,,
0x004c9078,Unwind@004c9078,OK,1,0,0,0,,
0x004c9090,Unwind@004c9090,OK,1,0,0,0,,
0x004c9098,Unwind@004c9098,OK,1,0,0,0,,
0x004c90b0,Unwind@004c90b0,OK,1,0,0,0,,
0x004c90b8,Unwind@004c90b8,OK,1,0,0,0,,
0x004c90d0,Unwind@004c90d0,OK,1,0,0,0,,
0x004c90d8,Unwind@004c90d8,OK,1,0,0,0,,
0x004c9100,Unwind@004c9100,OK,1,0,0,0,,
0x004c910b,Unwind@004c910b,OK,1,0,0,0,,
0x004c9116,Unwind@004c9116,OK,1,0,0,0,,
0x004c911e,Unwind@004c911e,OK,1,0,0,0,,
0x004c9137,Unwind@004c9137,OK,1,0,0,0,,
0x004c9142,Unwind@004c9142,OK,1,0,0,0,,
0x004c914d,Unwind@004c914d,OK,1,0,0,0,,
0x004c9155,Unwind@004c9155,OK,1,0,0,0,,
0x004c9163,Unwind@004c9163,OK,1,0,0,0,,
0x004c916e,Unwind@004c916e,OK,1,0,0,0,,
0x004c9179,Unwind@004c9179,OK,1,0,0,0,,
0x004c9184,Unwind@004c9184,OK,1,0,0,0,,
0x004c918c,Unwind@004c918c,OK,1,0,0,0,,
0x004c9197,Unwind@004c9197,OK,1,0,0,0,,
0x004c91a2,Unwind@004c91a2,OK,1,0,0,0,,
0x004c91aa,Unwind@004c91aa,OK,1,0,0,0,,
0x004c91b5,Unwind@004c91b5,OK,1,0,0,0,,
0x004c91bd,Unwind@004c91bd,OK,1,0,0,0,,
0x004c91c8,Unwind@004c91c8,OK,1,0,0,0,,
0x004c91d0,Unwind@004c91d0,OK,1,0,0,0,,
0x004c91db,Unwind@004c91db,OK,1,0,0,0,,
0x004c91f0,Unwind@004c91f0,OK,1,0,0,0,,
0x004c9210,Unwind@004c9210,OK,1,0,0,0,,
0x004c9230,Unwind@004c9230,OK,1,0,0,0,,
0x004c9250,Unwind@004c9250,OK,1,0,0,0,,
0x004c9270,Unwind@004c9270,OK,1,0,0,0,,
0x004c9290,Unwind@004c9290,OK,1,0,0,0,,
0x004c92b0,Unwind@004c92b0,OK,1,0,0,0,,
0x004c92b8,Unwind@004c92b8,OK,1,0,0,0,,
0x004c92d0,Unwind@004c92d0,OK,1,0,0,0,,
0x004c92d8,Unwind@004c92d8,OK,1,0,0,0,,
0x004c92e3,Unwind@004c92e3,OK,1,0,0,0,,
0x004c92eb,Unwind@004c92eb,OK,1,0,0,0,,
0x004c92f9,Unwind@004c92f9,OK,1,0,0,0,,
0x004c9307,Unwind@004c9307,OK,1,0,0,0,,
0x004c9320,Unwind@004c9320,OK,1,0,0,0,,
0x004c9328,Unwind@004c9328,OK,1,0,0,0,,
0x004c9336,Unwind@004c9336,OK,1,0,0,0,,
0x004c9344,Unwind@004c9344,OK,1,0,0,0,,
0x004c9352,Unwind@004c9352,OK,1,0,0,0,,
0x004c9360,Unwind@004c9360,OK,1,0,0,0,,
0x004c936e,Unwind@004c936e,OK,1,0,0,0,,
0x004c937c,Unwind@004c937c,OK,1,0,0,0,,
0x004c938a,Unwind@004c938a,OK,1,0,0,0,,
0x004c93b0,Unwind@004c93b0,OK,1,0,0,0,,
0x004c93b8,Unwind@004c93b8,OK,1,0,0,0,,
0x004c93c6,Unwind@004c93c6,OK,1,0,0,0,,
0x004c93d4,Unwind@004c93d4,OK,1,0,0,0,,
0x004c93e2,Unwind@004c93e2,OK,1,0,0,0,,
0x004c93f0,Unwind@004c93f0,OK,1,0,0,0,,
0x004c93fe,Unwind@004c93fe,OK,1,0,0,0,,
0x004c940c,Unwind@004c940c,OK,1,0,0,0,,
0x004c9430,Unwind@004c9430,OK,1,0,0,0,,
0x004c9450,Unwind@004c9450,OK,1,0,0,0,,
0x004c9458,Unwind@004c9458,OK,1,0,0,0,,
0x004c9470,Unwind@004c9470,OK,1,0,0,0,,
0x004c9478,Unwind@004c9478,OK,1,0,0,0,,
0x004c9486,Unwind@004c9486,OK,1,0,0,0,,
0x004c94a0,Unwind@004c94a0,OK,1,0,0,0,,
0x004c94a8,Unwind@004c94a8,OK,1,0,0,0,,
0x004c94c0,Unwind@004c94c0,OK,1,0,0,0,,
0x004c94e0,Unwind@004c94e0,OK,1,0,0,0,,
0x004c9500,Unwind@004c9500,OK,1,0,0,0,,
0x004c9520,Unwind@004c9520,OK,1,0,0,0,,
0x004c9528,Unwind@004c9528,OK,1,0,0,0,,
0x004c9536,Unwind@004c9536,OK,1,0,0,0,,
0x004c9544,Unwind@004c9544,OK,1,0,0,0,,
0x004c9560,Unwind@004c9560,OK,1,0,0,0,,
0x004c9580,Unwind@004c9580,OK,1,0,0,0,,
0x004c958b,Unwind@004c958b,OK,1,0,0,0,,
0x004c95a0,Unwind@004c95a0,OK,1,0,0,0,,
0x004c95c0,Unwind@004c95c0,OK,1,0,0,0,,
0x004c95c8,Unwind@004c95c8,OK,1,0,0,0,,
0x004c95d6,Unwind@004c95d6,OK,1,0,0,0,,
0x004c95f0,Unwind@004c95f0,OK,1,0,0,0,,
0x004c95fb,Unwind@004c95fb,OK,1,0,0,0,,
0x004c9603,Unwind@004c9603,OK,1,0,0,0,,
0x004c9620,Unwind@004c9620,OK,1,0,0,0,,
0x004c9628,Unwind@004c9628,OK,1,0,0,0,,
0x004c9640,Unwind@004c9640,OK,1,0,0,0,,
0x004c9648,Unwind@004c9648,OK,1,0,0,0,,
0x004c9656,Unwind@004c9656,OK,1,0,0,0,,
0x004c9664,Unwind@004c9664,OK,1,0,0,0,,
0x004c9672,Unwind@004c9672,OK,1,0,0,0,,
0x004c9680,Unwind@004c9680,OK,1,0,0,0,,
0x004c968e,Unwind@004c968e,OK,1,0,0,0,,
0x004c969c,Unwind@004c969c,OK,1,0,0,0,,
0x004c96aa,Unwind@004c96aa,OK,1,0,0,0,,
0x004c96b8,Unwind@004c96b8,OK,1,0,0,0,,
0x004c96c6,Unwind@004c96c6,OK,1,0,0,0,,
0x004c96d4,Unwind@004c96d4,OK,1,0,0,0,,
0x004c96e2,Unwind@004c96e2,OK,1,0,0,0,,
0x004c96f0,Unwind@004c96f0,OK,1,0,0,0,,
0x004c96fe,Unwind@004c96fe,OK,1,0,0,0,,
0x004c970c,Unwind@004c970c,OK,1,0,0,0,,
0x004c971a,Unwind@004c971a,OK,1,0,0,0,,
0x004c9728,Unwind@004c9728,OK,1,0,0,0,,
0x004c9736,Unwind@004c9736,OK,1,0,0,0,,
0x004c9744,Unwind@004c9744,OK,1,0,0,0,,
0x004c9760,Unwind@004c9760,OK,1,0,0,0,,
0x004c9780,Unwind@004c9780,OK,1,0,0,0,,
0x004c97a0,Unwind@004c97a0,OK,1,0,0,0,,
0x004c97a8,Unwind@004c97a8,OK,1,0,0,0,,
0x004c97b6,Unwind@004c97b6,OK,1,0,0,0,,
0x004c97c4,Unwind@004c97c4,OK,1,0,0,0,,
0x004c97d2,Unwind@004c97d2,OK,1,0,0,0,,
0x004c97e0,Unwind@004c97e0,OK,1,0,0,0,,
0x004c97ee,Unwind@004c97ee,OK,1,0,0,0,,
0x004c97fc,Unwind@004c97fc,OK,1,0,0,0,,
0x004c980a,Unwind@004c980a,OK,1,0,0,0,,
0x004c9818,Unwind@004c9818,OK,1,0,0,0,,
0x004c9826,Unwind@004c9826,OK,1,0,0,0,,
0x004c9834,Unwind@004c9834,OK,1,0,0,0,,
0x004c9842,Unwind@004c9842,OK,1,0,0,0,,
0x004c9850,Unwind@004c9850,OK,1,0,0,0,,
0x004c985e,Unwind@004c985e,OK,1,0,0,0,,
0x004c986c,Unwind@004c986c,OK,1,0,0,0,,
0x004c987a,Unwind@004c987a,OK,1,0,0,0,,
0x004c9888,Unwind@004c9888,OK,1,0,0,0,,
0x004c9896,Unwind@004c9896,OK,1,0,0,0,,
0x004c98b0,Unwind@004c98b0,OK,1,0,0,0,,
0x004c98d0,Unwind@004c98d0,OK,1,0,0,0,,
0x004c98f0,Unwind@004c98f0,OK,1,0,0,0,,
0x004c98f8,Unwind@004c98f8,OK,1,0,0,0,,
0x004c9903,Unwind@004c9903,OK,1,0,0,0,,
0x004c9911,Unwind@004c9911,OK,1,0,0,0,,
0x004c991f,Unwind@004c991f,OK,1,0,0,0,,
0x004c992d,Unwind@004c992d,OK,1,0,0,0,,
0x004c993b,Unwind@004c993b,OK,1,0,0,0,,
0x004c9960,Unwind@004c9960,OK,1,0,0,0,,
0x004c9968,Unwind@004c9968,OK,1,0,0,0,,
0x004c9973,Unwind@004c9973,OK,1,0,0,0,,
0x004c9981,Unwind@004c9981,OK,1,0,0,0,,
0x004c998f,Unwind@004c998f,OK,1,0,0,0,,
0x004c999d,Unwind@004c999d,OK,1,0,0,0,,
0x004c99c0,Unwind@004c99c0,OK,1,0,0,0,,
0x004c99e0,Unwind@004c99e0,OK,1,0,0,0,,
0x004c99e8,Unwind@004c99e8,OK,1,0,0,0,,
0x004c99f6,Unwind@004c99f6,OK,1,0,0,0,,
0x004c9a10,Unwind@004c9a10,OK,1,0,0,0,,
0x004c9a18,Unwind@004c9a18,OK,1,0,0,0,,
0x004c9a30,Unwind@004c9a30,OK,1,0,0,0,,
0x004c9a50,Unwind@004c9a50,OK,1,0,0,0,,
0x004c9a58,Unwind@004c9a58,OK,1,0,0,0,,
0x004c9a70,Unwind@004c9a70,OK,1,0,0,0,,
0x004c9a78,Unwind@004c9a78,OK,1,0,0,0,,
0x004c9a86,Unwind@004c9a86,OK,1,0,0,0,,
0x004c9a94,Unwind@004c9a94,OK,1,0,0,0,,
0x004c9aa2,Unwind@004c9aa2,OK,1,0,0,0,,
0x004c9ac0,Unwind@004c9ac0,OK,1,0,0,0,,
0x004c9ac8,Unwind@004c9ac8,OK,1,0,0,0,,
0x004c9ad6,Unwind@004c9ad6,OK,1,0,0,0,,
0x004c9ae4,Unwind@004c9ae4,OK,1,0,0,0,,
0x004c9b00,Unwind@004c9b00,OK,1,0,0,0,,
0x004c9b20,Unwind@004c9b20,OK,1,0,0,0,,
0x004c9b40,Unwind@004c9b40,OK,1,0,0,0,,
0x004c9b48,Unwind@004c9b48,OK,1,0,0,0,,
0x004c9b53,Unwind@004c9b53,OK,1,0,0,0,,
0x004c9b61,Unwind@004c9b61,OK,1,0,0,0,,
0x004c9b6f,Unwind@004c9b6f,OK,1,0,0,0,,
0x004c9b7d,Unwind@004c9b7d,OK,1,0,0,0,,
0x004c9ba0,Unwind@004c9ba0,OK,1,0,0,0,,
0x004c9ba8,Unwind@004c9ba8,OK,1,0,0,0,,
0x004c9bb3,Unwind@004c9bb3,OK,1,0,0,0,,
0x004c9bc1,Unwind@004c9bc1,OK,1,0,0,0,,
0x004c9bcf,Unwind@004c9bcf,OK,1,0,0,0,,
0x004c9bf0,Unwind@004c9bf0,OK,1,0,0,0,,
0x004c9c10,Unwind@004c9c10,OK,1,0,0,0,,
0x004c9c30,Unwind@004c9c30,OK,1,0,0,0,,
0x004c9c50,Unwind@004c9c50,OK,1,0,0,0,,
0x004c9c58,Unwind@004c9c58,OK,1,0,0,0,,
0x004c9c70,Unwind@004c9c70,OK,1,0,0,0,,
0x004c9c90,Unwind@004c9c90,OK,1,0,0,0,,
0x004c9c98,Unwind@004c9c98,OK,1,0,0,0,,
0x004c9cb0,Unwind@004c9cb0,OK,1,0,0,0,,
0x004c9cbb,Unwind@004c9cbb,OK,1,0,0,0,,
0x004c9cc3,Unwind@004c9cc3,OK,1,0,0,0,,
0x004c9ce0,Unwind@004c9ce0,OK,1,0,0,0,,
0x004c9ce8,Unwind@004c9ce8,OK,1,0,0,0,,
0x004c9d00,Unwind@004c9d00,OK,1,0,0,0,,
0x004c9d08,Unwind@004c9d08,OK,1,0,0,0,,
0x004c9d20,Unwind@004c9d20,OK,1,0,0,0,,
0x004c9d28,Unwind@004c9d28,OK,1,0,0,0,,
0x004c9d36,Unwind@004c9d36,OK,1,0,0,0,,
0x004c9d44,Unwind@004c9d44,OK,1,0,0,0,,
0x004c9d52,Unwind@004c9d52,OK,1,0,0,0,,
0x004c9d60,Unwind@004c9d60,OK,1,0,0,0,,
0x004c9d68,Unwind@004c9d68,OK,1,0,0,0,,
0x004c9d70,Unwind@004c9d70,OK,1,0,0,0,,
0x004c9d90,Unwind@004c9d90,OK,1,0,0,0,,
0x004c9db0,Unwind@004c9db0,OK,1,0,0,0,,
0x004c9dd0,Unwind@004c9dd0,OK,1,0,0,0,,
0x004c9dd8,Unwind@004c9dd8,OK,1,0,0,0,,
0x004c9de6,Unwind@004c9de6,OK,1,0,0,0,,
0x004c9dee,Unwind@004c9dee,OK,1,0,0,0,,
0x004c9dfc,Unwind@004c9dfc,OK,1,0,0,0,,
0x004c9e0a,Unwind@004c9e0a,OK,1,0,0,0,,
0x004c9e18,Unwind@004c9e18,OK,1,0,0,0,,
0x004c9e30,Unwind@004c9e30,OK,1,0,0,0,,
0x004c9e50,Unwind@004c9e50,OK,1,0,0,0,,
0x004c9e70,Unwind@004c9e70,OK,1,0,0,0,,
0x004c9e90,Unwind@004c9e90,OK,1,0,0,0,,
0x004c9eb0,Unwind@004c9eb0,OK,1,0,0,0,,
0x004c9eb8,Unwind@004c9eb8,OK,1,0,0,0,,
0x004c9ed0,Unwind@004c9ed0,OK,1,0,0,0,,
0x004c9ef0,Unwind@004c9ef0,OK,1,0,0,0,,
0x004c9f10,Unwind@004c9f10,OK,1,0,0,0,,
0x004c9f18,Unwind@004c9f18,OK,1,0,0,0,,
0x004c9f26,Unwind@004c9f26,OK,1,0,0,0,,
0x004c9f2e,Unwind@004c9f2e,OK,1,0,0,0,,
0x004c9f36,Unwind@004c9f36,OK,1,0,0,0,,
0x004c9f50,Unwind@004c9f50,OK,1,0,0,0,,
0x004c9f58,Unwind@004c9f58,OK,1,0,0,0,,
0x004c9f70,Unwind@004c9f70,OK,1,0,0,0,,
0x004c9f90,Unwind@004c9f90,OK,1,0,0,0,,
0x004c9f9b,Unwind@004c9f9b,OK,1,0,0,0,,
0x004c9fa6,Unwind@004c9fa6,OK,1,0,0,0,,
0x004c9fb1,Unwind@004c9fb1,OK,1,0,0,0,,
0x004c9fbc,Unwind@004c9fbc,OK,1,0,0,0,,
0x004c9fc7,Unwind@004c9fc7,OK,1,0,0,0,,
0x004c9fd2,Unwind@004c9fd2,OK,1,0,0,0,,
0x004c9fda,Unwind@004c9fda,OK,1,0,0,0,,
0x004c9fe5,Unwind@004c9fe5,OK,1,0,0,0,,
0x004c9ff0,Unwind@004c9ff0,OK,1,0,0,0,,
0x004c9ffb,Unwind@004c9ffb,OK,1,0,0,0,,
0x004ca006,Unwind@004ca006,OK,1,0,0,0,,
0x004ca011,Unwind@004ca011,OK,1,0,0,0,,
0x004ca01c,Unwind@004ca01c,OK,1,0,0,0,,
0x004ca027,Unwind@004ca027,OK,1,0,0,0,,
0x004ca032,Unwind@004ca032,OK,1,0,0,0,,
0x004ca03d,Unwind@004ca03d,OK,1,0,0,0,,
0x004ca048,Unwind@004ca048,OK,1,0,0,0,,
0x004ca050,Unwind@004ca050,OK,1,0,0,0,,
0x004ca05b,Unwind@004ca05b,OK,1,0,0,0,,
0x004ca066,Unwind@004ca066,OK,1,0,0,0,,
0x004ca071,Unwind@004ca071,OK,1,0,0,0,,
0x004ca07c,Unwind@004ca07c,OK,1,0,0,0,,
0x004ca087,Unwind@004ca087,OK,1,0,0,0,,
0x004ca092,Unwind@004ca092,OK,1,0,0,0,,
0x004ca09d,Unwind@004ca09d,OK,1,0,0,0,,
0x004ca0a8,Unwind@004ca0a8,OK,1,0,0,0,,
0x004ca0b3,Unwind@004ca0b3,OK,1,0,0,0,,
0x004ca0be,Unwind@004ca0be,OK,1,0,0,0,,
0x004ca0c6,Unwind@004ca0c6,OK,1,0,0,0,,
0x004ca0d1,Unwind@004ca0d1,OK,1,0,0,0,,
0x004ca0dc,Unwind@004ca0dc,OK,1,0,0,0,,
0x004ca0e7,Unwind@004ca0e7,OK,1,0,0,0,,
0x004ca0f2,Unwind@004ca0f2,OK,1,0,0,0,,
0x004ca0fd,Unwind@004ca0fd,OK,1,0,0,0,,
0x004ca120,Unwind@004ca120,OK,1,0,0,0,,
0x004ca140,Unwind@004ca140,OK,1,0,0,0,,
0x004ca160,Unwind@004ca160,OK,1,0,0,0,,
0x004ca168,Unwind@004ca168,OK,1,0,0,0,,
0x004ca176,Unwind@004ca176,OK,1,0,0,0,,
0x004ca184,Unwind@004ca184,OK,1,0,0,0,,
0x004ca192,Unwind@004ca192,OK,1,0,0,0,,
0x004ca1a0,Unwind@004ca1a0,OK,1,0,0,0,,
0x004ca1a8,Unwind@004ca1a8,OK,1,0,0,0,,
0x004ca1b6,Unwind@004ca1b6,OK,1,0,0,0,,
0x004ca1be,Unwind@004ca1be,OK,1,0,0,0,,
0x004ca1e0,Unwind@004ca1e0,OK,1,0,0,0,,
0x004ca1e8,Unwind@004ca1e8,OK,1,0,0,0,,
0x004ca1f6,Unwind@004ca1f6,OK,1,0,0,0,,
0x004ca204,Unwind@004ca204,OK,1,0,0,0,,
0x004ca212,Unwind@004ca212,OK,1,0,0,0,,
0x004ca220,Unwind@004ca220,OK,1,0,0,0,,
0x004ca240,Unwind@004ca240,OK,1,0,0,0,,
0x004ca248,Unwind@004ca248,OK,1,0,0,0,,
0x004ca250,Unwind@004ca250,OK,1,0,0,0,,
0x004ca25e,Unwind@004ca25e,OK,1,0,0,0,,
0x004ca26c,Unwind@004ca26c,OK,1,0,0,0,,
0x004ca27a,Unwind@004ca27a,OK,1,0,0,0,,
0x004ca288,Unwind@004ca288,OK,1,0,0,0,,
0x004ca2a0,Unwind@004ca2a0,OK,1,0,0,0,,
0x004ca2a8,Unwind@004ca2a8,OK,1,0,0,0,,
0x004ca2b6,Unwind@004ca2b6,OK,1,0,0,0,,
0x004ca2c4,Unwind@004ca2c4,OK,1,0,0,0,,
0x004ca2d2,Unwind@004ca2d2,OK,1,0,0,0,,
0x004ca2e0,Unwind@004ca2e0,OK,1,0,0,0,,
0x004ca2e8,Unwind@004ca2e8,OK,1,0,0,0,,
0x004ca2f6,Unwind@004ca2f6,OK,1,0,0,0,,
0x004ca2fe,Unwind@004ca2fe,OK,1,0,0,0,,
0x004ca320,Unwind@004ca320,OK,1,0,0,0,,
0x004ca328,Unwind@004ca328,OK,1,0,0,0,,
0x004ca330,Unwind@004ca330,OK,1,0,0,0,,
0x004ca33e,Unwind@004ca33e,OK,1,0,0,0,,
0x004ca34c,Unwind@004ca34c,OK,1,0,0,0,,
0x004ca35a,Unwind@004ca35a,OK,1,0,0,0,,
0x004ca368,Unwind@004ca368,OK,1,0,0,0,,
0x004ca380,Unwind@004ca380,OK,1,0,0,0,,
0x004ca3a0,Unwind@004ca3a0,OK,1,0,0,0,,
0x004ca3a8,Unwind@004ca3a8,OK,1,0,0,0,,
0x004ca3b3,Unwind@004ca3b3,OK,1,0,0,0,,
0x004ca3d0,Unwind@004ca3d0,OK,1,0,0,0,,
0x004ca3f0,Unwind@004ca3f0,OK,1,0,0,0,,
0x004ca410,Unwind@004ca410,OK,1,0,0,0,,
0x004ca430,Unwind@004ca430,OK,1,0,0,0,,
0x004ca450,Unwind@004ca450,OK,1,0,0,0,,
0x004ca45b,Unwind@004ca45b,OK,1,0,0,0,,
0x004ca470,Unwind@004ca470,OK,1,0,0,0,,
0x004ca478,Unwind@004ca478,OK,1,0,0,0,,
0x004ca483,Unwind@004ca483,OK,1,0,0,0,,
0x004ca491,Unwind@004ca491,OK,1,0,0,0,,
0x004ca49f,Unwind@004ca49f,OK,1,0,0,0,,
0x004ca4ad,Unwind@004ca4ad,OK,1,0,0,0,,
0x004ca4bb,Unwind@004ca4bb,OK,1,0,0,0,,
0x004ca4c9,Unwind@004ca4c9,OK,1,0,0,0,,
0x004ca4d7,Unwind@004ca4d7,OK,1,0,0,0,,
0x004ca4e5,Unwind@004ca4e5,OK,1,0,0,0,,
0x004ca4f3,Unwind@004ca4f3,OK,1,0,0,0,,
0x004ca501,Unwind@004ca501,OK,1,0,0,0,,
0x004ca50f,Unwind@004ca50f,OK,1,0,0,0,,
0x004ca51d,Unwind@004ca51d,OK,1,0,0,0,,
0x004ca52b,Unwind@004ca52b,OK,1,0,0,0,,
0x004ca539,Unwind@004ca539,OK,1,0,0,0,,
0x004ca547,Unwind@004ca547,OK,1,0,0,0,,
0x004ca555,Unwind@004ca555,OK,1,0,0,0,,
0x004ca563,Unwind@004ca563,OK,1,0,0,0,,
0x004ca571,Unwind@004ca571,OK,1,0,0,0,,
0x004ca590,Unwind@004ca590,OK,1,0,0,0,,
0x004ca598,Unwind@004ca598,OK,1,0,0,0,,
0x004ca5a3,Unwind@004ca5a3,OK,1,0,0,0,,
0x004ca5b1,Unwind@004ca5b1,OK,1,0,0,0,,
0x004ca5bf,Unwind@004ca5bf,OK,1,0,0,0,,
0x004ca5cd,Unwind@004ca5cd,OK,1,0,0,0,,
0x004ca5db,Unwind@004ca5db,OK,1,0,0,0,,
0x004ca5e9,Unwind@004ca5e9,OK,1,0,0,0,,
0x004ca5f7,Unwind@004ca5f7,OK,1,0,0,0,,
0x004ca605,Unwind@004ca605,OK,1,0,0,0,,
0x004ca613,Unwind@004ca613,OK,1,0,0,0,,
0x004ca621,Unwind@004ca621,OK,1,0,0,0,,
0x004ca62f,Unwind@004ca62f,OK,1,0,0,0,,
0x004ca63d,Unwind@004ca63d,OK,1,0,0,0,,
0x004ca64b,Unwind@004ca64b,OK,1,0,0,0,,
0x004ca659,Unwind@004ca659,OK,1,0,0,0,,
0x004ca667,Unwind@004ca667,OK,1,0,0,0,,
0x004ca675,Unwind@004ca675,OK,1,0,0,0,,
0x004ca683,Unwind@004ca683,OK,1,0,0,0,,
0x004ca691,Unwind@004ca691,OK,1,0,0,0,,
0x004ca6b0,Unwind@004ca6b0,OK,1,0,0,0,,
0x004ca6b8,Unwind@004ca6b8,OK,1,0,0,0,,
0x004ca6c0,Unwind@004ca6c0,OK,1,0,0,0,,
0x004ca6c8,Unwind@004ca6c8,OK,1,0,0,0,,
0x004ca6d0,Unwind@004ca6d0,OK,1,0,0,0,,
0x004ca6d8,Unwind@004ca6d8,OK,1,0,0,0,,
0x004ca6e0,Unwind@004ca6e0,OK,1,0,0,0,,
0x004ca700,Unwind@004ca700,OK,1,0,0,0,,
0x004ca720,Unwind@004ca720,OK,1,0,0,0,,
0x004ca740,Unwind@004ca740,OK,1,0,0,0,,
0x004ca74b,Unwind@004ca74b,OK,1,0,0,0,,
0x004ca756,Unwind@004ca756,OK,1,0,0,0,,
0x004ca761,Unwind@004ca761,OK,1,0,0,0,,
0x004ca76c,Unwind@004ca76c,OK,1,0,0,0,,
0x004ca777,Unwind@004ca777,OK,1,0,0,0,,
0x004ca782,Unwind@004ca782,OK,1,0,0,0,,
0x004ca78d,Unwind@004ca78d,OK,1,0,0,0,,
0x004ca798,Unwind@004ca798,OK,1,0,0,0,,
0x004ca7a3,Unwind@004ca7a3,OK,1,0,0,0,,
0x004ca7ae,Unwind@004ca7ae,OK,1,0,0,0,,
0x004ca7b9,Unwind@004ca7b9,OK,1,0,0,0,,
0x004ca7c4,Unwind@004ca7c4,OK,1,0,0,0,,
0x004ca7cf,Unwind@004ca7cf,OK,1,0,0,0,,
0x004ca7da,Unwind@004ca7da,OK,1,0,0,0,,
0x004ca7e5,Unwind@004ca7e5,OK,1,0,0,0,,
0x004ca7f0,Unwind@004ca7f0,OK,1,0,0,0,,
0x004ca7fb,Unwind@004ca7fb,OK,1,0,0,0,,
0x004ca806,Unwind@004ca806,OK,1,0,0,0,,
0x004ca811,Unwind@004ca811,OK,1,0,0,0,,
0x004ca819,Unwind@004ca819,OK,1,0,0,0,,
0x004ca821,Unwind@004ca821,OK,1,0,0,0,,
0x004ca829,Unwind@004ca829,OK,1,0,0,0,,
0x004ca834,Unwind@004ca834,OK,1,0,0,0,,
0x004ca83f,Unwind@004ca83f,OK,1,0,0,0,,
0x004ca84a,Unwind@004ca84a,OK,1,0,0,0,,
0x004ca855,Unwind@004ca855,OK,1,0,0,0,,
0x004ca860,Unwind@004ca860,OK,1,0,0,0,,
0x004ca86b,Unwind@004ca86b,OK,1,0,0,0,,
0x004ca876,Unwind@004ca876,OK,1,0,0,0,,
0x004ca881,Unwind@004ca881,OK,1,0,0,0,,
0x004ca88c,Unwind@004ca88c,OK,1,0,0,0,,
0x004ca897,Unwind@004ca897,OK,1,0,0,0,,
0x004ca8a2,Unwind@004ca8a2,OK,1,0,0,0,,
0x004ca8ad,Unwind@004ca8ad,OK,1,0,0,0,,
0x004ca8b8,Unwind@004ca8b8,OK,1,0,0,0,,
0x004ca8c3,Unwind@004ca8c3,OK,1,0,0,0,,
0x004ca8ce,Unwind@004ca8ce,OK,1,0,0,0,,
0x004ca8d9,Unwind@004ca8d9,OK,1,0,0,0,,
0x004ca8e4,Unwind@004ca8e4,OK,1,0,0,0,,
0x004ca8ec,Unwind@004ca8ec,OK,1,0,0,0,,
0x004ca8f4,Unwind@004ca8f4,OK,1,0,0,0,,
0x004ca910,Unwind@004ca910,OK,1,0,0,0,,
0x004ca91b,Unwind@004ca91b,OK,1,0,0,0,,
0x004ca930,Unwind@004ca930,OK,1,0,0,0,,
0x004ca93b,Unwind@004ca93b,OK,1,0,0,0,,
0x004ca946,Unwind@004ca946,OK,1,0,0,0,,
0x004ca960,Unwind@004ca960,OK,1,0,0,0,,
0x004ca968,Unwind@004ca968,OK,1,0,0,0,,
0x004ca970,Unwind@004ca970,OK,1,0,0,0,,
0x004ca978,Unwind@004ca978,OK,1,0,0,0,,
0x004ca980,Unwind@004ca980,OK,1,0,0,0,,
0x004ca988,Unwind@004ca988,OK,1,0,0,0,,
0x004ca990,Unwind@004ca990,OK,1,0,0,0,,
0x004ca998,Unwind@004ca998,OK,1,0,0,0,,
0x004ca9b0,Unwind@004ca9b0,OK,1,0,0,0,,
0x004ca9b8,Unwind@004ca9b8,OK,1,0,0,0,,
0x004ca9c0,Unwind@004ca9c0,OK,1,0,0,0,,
0x004ca9c8,Unwind@004ca9c8,OK,1,0,0,0,,
0x004ca9d0,Unwind@004ca9d0,OK,1,0,0,0,,
0x004ca9d8,Unwind@004ca9d8,OK,1,0,0,0,,
0x004ca9e0,Unwind@004ca9e0,OK,1,0,0,0,,
0x004ca9e8,Unwind@004ca9e8,OK,1,0,0,0,,
0x004caa00,Unwind@004caa00,OK,1,0,0,0,,
0x004caa20,Unwind@004caa20,OK,1,0,0,0,,
0x004caa28,Unwind@004caa28,OK,1,0,0,0,,
0x004caa33,Unwind@004caa33,OK,1,0,0,0,,
0x004caa41,Unwind@004caa41,OK,1,0,0,0,,
0x004caa4f,Unwind@004caa4f,OK,1,0,0,0,,
0x004caa5d,Unwind@004caa5d,OK,1,0,0,0,,
0x004caa75,Unwind@004caa75,OK,1,0,0,0,,
0x004caa8d,Unwind@004caa8d,OK,1,0,0,0,,
0x004caaa5,Unwind@004caaa5,OK,1,0,0,0,,
0x004caad0,Unwind@004caad0,OK,1,0,0,0,,
0x004caad8,Unwind@004caad8,OK,1,0,0,0,,
0x004caae3,Unwind@004caae3,OK,1,0,0,0,,
0x004caaf1,Unwind@004caaf1,OK,1,0,0,0,,
0x004caaff,Unwind@004caaff,OK,1,0,0,0,,
0x004cab0d,Unwind@004cab0d,OK,1,0,0,0,,
0x004cab25,Unwind@004cab25,OK,1,0,0,0,,
0x004cab3d,Unwind@004cab3d,OK,1,0,0,0,,
0x004cab60,Unwind@004cab60,OK,1,0,0,0,,
0x004cab6b,Unwind@004cab6b,OK,1,0,0,0,,
0x004cab76,Unwind@004cab76,OK,1,0,0,0,,
0x004cab81,Unwind@004cab81,OK,1,0,0,0,,
0x004cab8c,Unwind@004cab8c,OK,1,0,0,0,,
0x004cab94,Unwind@004cab94,OK,1,0,0,0,,
0x004cab9c,Unwind@004cab9c,OK,1,0,0,0,,
0x004cabaf,Unwind@004cabaf,OK,1,0,0,0,,
0x004cabc2,Unwind@004cabc2,OK,1,0,0,0,,
0x004cabd5,Unwind@004cabd5,OK,1,0,0,0,,
0x004cabe0,Unwind@004cabe0,OK,1,0,0,0,,
0x004cabeb,Unwind@004cabeb,OK,1,0,0,0,,
0x004cabf6,Unwind@004cabf6,OK,1,0,0,0,,
0x004cabfe,Unwind@004cabfe,OK,1,0,0,0,,
0x004cac06,Unwind@004cac06,OK,1,0,0,0,,
0x004cac19,Unwind@004cac19,OK,1,0,0,0,,
0x004cac2c,Unwind@004cac2c,OK,1,0,0,0,,
0x004cac50,Unwind@004cac50,OK,1,0,0,0,,
0x004cac70,Unwind@004cac70,OK,1,0,0,0,,
0x004cac90,Unwind@004cac90,OK,1,0,0,0,,
0x004cac9b,Unwind@004cac9b,OK,1,0,0,0,,
0x004cacb0,Unwind@004cacb0,OK,1,0,0,0,,
0x004cace0,Unwind@004cace0,OK,1,0,0,0,,
0x004cad00,Unwind@004cad00,OK,1,0,0,0,,
0x004cad08,Unwind@004cad08,OK,1,0,0,0,,
0x004cad20,Unwind@004cad20,OK,1,0,0,0,,
0x004cad40,Unwind@004cad40,OK,1,0,0,0,,
0x004cad60,Unwind@004cad60,OK,1,0,0,0,,
0x004cad80,Unwind@004cad80,OK,0,0,0,0,,
0x004cada0,Unwind@004cada0,OK,0,0,0,0,,
0x004cada9,Unwind@004cada9,OK,0,0,0,0,,
0x004cadc0,Unwind@004cadc0,OK,0,0,0,0,,
0x004cade0,Unwind@004cade0,OK,0,0,0,0,,
0x004cae00,Unwind@004cae00,OK,0,0,0,0,,
0x004cae20,Unwind@004cae20,OK,0,0,0,0,,
0x004cae40,Unwind@004cae40,OK,0,0,0,0,,
0x004cae60,Unwind@004cae60,OK,1,0,0,0,,
0x004cae6b,Unwind@004cae6b,OK,1,0,0,0,,
0x004cae76,Unwind@004cae76,OK,1,0,0,0,,
0x004cae81,Unwind@004cae81,OK,1,0,0,0,,
0x004cae8c,Unwind@004cae8c,OK,1,0,0,0,,
0x004cae97,Unwind@004cae97,OK,1,0,0,0,,
0x004caea2,Unwind@004caea2,OK,1,0,0,0,,
0x004caead,Unwind@004caead,OK,1,0,0,0,,
0x004caeb8,Unwind@004caeb8,OK,1,0,0,0,,
0x004caec3,Unwind@004caec3,OK,1,0,0,0,,
0x004caece,Unwind@004caece,OK,1,0,0,0,,
0x004caed9,Unwind@004caed9,OK,1,0,0,0,,
0x004caee4,Unwind@004caee4,OK,1,0,0,0,,
0x004caf00,Unwind@004caf00,OK,1,0,0,0,,
0x004caf20,Unwind@004caf20,OK,1,0,0,0,,
0x004caf40,Unwind@004caf40,OK,1,0,0,0,,
0x004caf60,Unwind@004caf60,OK,1,0,0,0,,
0x004caf80,Unwind@004caf80,OK,1,0,0,0,,
0x004cafa0,Unwind@004cafa0,OK,1,0,0,0,,
0x004cafc0,Unwind@004cafc0,OK,1,0,0,0,,
0x004cafc8,Unwind@004cafc8,OK,1,0,0,0,,
0x004cafe0,Unwind@004cafe0,OK,1,0,0,0,,
0x004cb000,Unwind@004cb000,OK,1,0,0,0,,
0x004cb020,Unwind@004cb020,OK,1,0,0,0,,
0x004cb040,Unwind@004cb040,OK,1,0,0,0,,
0x004cb060,Unwind@004cb060,OK,1,0,0,0,,
0x004cb080,Unwind@004cb080,OK,1,0,0,0,,
0x004cb0a0,Unwind@004cb0a0,OK,1,0,0,0,,
0x004cb0c0,Unwind@004cb0c0,OK,1,0,0,0,,
0x004cb0e0,Unwind@004cb0e0,OK,1,0,0,0,,
0x004cb100,Unwind@004cb100,OK,1,0,0,0,,
0x004cb120,Unwind@004cb120,OK,1,0,0,0,,
0x004cb140,Unwind@004cb140,OK,1,0,0,0,,
0x004cb148,Unwind@004cb148,OK,1,0,0,0,,
0x004cb160,Unwind@004cb160,OK,1,0,0,0,,
0x004cb180,Unwind@004cb180,OK,1,0,0,0,,
0x004cb1a0,Unwind@004cb1a0,OK,1,0,0,0,,
0x004cb1c0,Unwind@004cb1c0,OK,1,0,0,0,,
0x004cb1e0,Unwind@004cb1e0,OK,1,0,0,0,,
0x004cb200,Unwind@004cb200,OK,1,0,0,0,,
0x004cb220,Unwind@004cb220,OK,1,0,0,0,,
0x004cb240,Unwind@004cb240,OK,1,0,0,0,,
0x004cb248,Unwind@004cb248,OK,1,0,0,0,,
0x004cb256,Unwind@004cb256,OK,1,0,0,0,,
0x004cb270,Unwind@004cb270,OK,1,0,0,0,,
0x004cb278,Unwind@004cb278,OK,1,0,0,0,,
0x004cb286,Unwind@004cb286,OK,1,0,0,0,,
0x004cb2a0,Unwind@004cb2a0,OK,1,0,0,0,,
0x004cb2a8,Unwind@004cb2a8,OK,1,0,0,0,,
0x004cb2b6,Unwind@004cb2b6,OK,1,0,0,0,,
0x004cb2c4,Unwind@004cb2c4,OK,1,0,0,0,,
0x004cb2d2,Unwind@004cb2d2,OK,1,0,0,0,,
0x004cb2f0,Unwind@004cb2f0,OK,1,0,0,0,,
0x004cb2f8,Unwind@004cb2f8,OK,1,0,0,0,,
0x004cb306,Unwind@004cb306,OK,1,0,0,0,,
0x004cb314,Unwind@004cb314,OK,1,0,0,0,,
0x004cb322,Unwind@004cb322,OK,1,0,0,0,,
0x004cb340,Unwind@004cb340,OK,1,0,0,0,,
0x004cb34b,Unwind@004cb34b,OK,1,0,0,0,,
0x004cb356,Unwind@004cb356,OK,1,0,0,0,,
0x004cb361,Unwind@004cb361,OK,1,0,0,0,,
0x004cb36c,Unwind@004cb36c,OK,1,0,0,0,,
0x004cb377,Unwind@004cb377,OK,1,0,0,0,,
0x004cb382,Unwind@004cb382,OK,1,0,0,0,,
0x004cb38d,Unwind@004cb38d,OK,1,0,0,0,,
0x004cb3b0,Unwind@004cb3b0,OK,1,0,0,0,,
0x004cb3d0,Unwind@004cb3d0,OK,1,0,0,0,,
0x004cb3db,Unwind@004cb3db,OK,1,0,0,0,,
0x004cb3e6,Unwind@004cb3e6,OK,1,0,0,0,,
0x004cb3f1,Unwind@004cb3f1,OK,1,0,0,0,,
0x004cb3fc,Unwind@004cb3fc,OK,1,0,0,0,,
0x004cb420,Unwind@004cb420,OK,1,0,0,0,,
0x004cb440,Unwind@004cb440,OK,1,0,0,0,,
0x004cb460,Unwind@004cb460,OK,1,0,0,0,,
0x004cb480,Unwind@004cb480,OK,1,0,0,0,,
0x004cb4a0,Unwind@004cb4a0,OK,1,0,0,0,,
0x004cb4c0,Unwind@004cb4c0,OK,1,0,0,0,,
0x004cb4e0,Unwind@004cb4e0,OK,1,0,0,0,,
0x004cb500,Unwind@004cb500,OK,1,0,0,0,,
0x004cb508,Unwind@004cb508,OK,1,0,0,0,,
0x004cb513,Unwind@004cb513,OK,1,0,0,0,,
0x004cb52e,Unwind@004cb52e,OK,1,0,0,0,,
0x004cb549,Unwind@004cb549,OK,1,0,0,0,,
0x004cb570,Unwind@004cb570,OK,1,0,0,0,,
0x004cb578,Unwind@004cb578,OK,1,0,0,0,,
0x004cb583,Unwind@004cb583,OK,1,0,0,0,,
0x004cb59e,Unwind@004cb59e,OK,1,0,0,0,,
0x004cb5b9,Unwind@004cb5b9,OK,1,0,0,0,,
0x004cb5e0,Unwind@004cb5e0,OK,1,0,0,0,,
0x004cb600,Unwind@004cb600,OK,1,0,0,0,,
0x004cb620,Unwind@004cb620,OK,1,0,0,0,,
0x004cb640,Unwind@004cb640,OK,1,0,0,0,,
0x004cb64b,Unwind@004cb64b,OK,1,0,0,0,,
0x004cb65c,Unwind@004cb65c,OK,1,0,0,0,,
0x004cb680,Unwind@004cb680,OK,1,0,0,0,,
0x004cb6a0,Unwind@004cb6a0,OK,1,0,0,0,,
0x004cb6c0,Unwind@004cb6c0,OK,1,0,0,0,,
0x004cb6e0,Unwind@004cb6e0,OK,1,0,0,0,,
0x004cb700,Unwind@004cb700,OK,1,0,0,0,,
0x004cb708,Unwind@004cb708,OK,1,0,0,0,,
0x004cb730,Unwind@004cb730,OK,1,0,0,0,,
0x004cb738,Unwind@004cb738,OK,1,0,0,0,,
0x004cb760,Unwind@004cb760,OK,1,0,0,0,,
0x004cb780,Unwind@004cb780,OK,1,0,0,0,,
0x004cb7a0,Unwind@004cb7a0,OK,1,0,0,0,,
0x004cb7a8,Unwind@004cb7a8,OK,1,0,0,0,,
0x004cb7c0,Unwind@004cb7c0,OK,1,0,0,0,,
0x004cb7c8,Unwind@004cb7c8,OK,1,0,0,0,,
0x004cb7d3,Unwind@004cb7d3,OK,1,0,0,0,,
0x004cb800,Unwind@004cb800,OK,1,0,0,0,,
0x004cb808,Unwind@004cb808,OK,1,0,0,0,,
0x004cb816,Unwind@004cb816,OK,1,0,0,0,,
0x004cb824,Unwind@004cb824,OK,1,0,0,0,,
0x004cb832,Unwind@004cb832,OK,1,0,0,0,,
0x004cb840,Unwind@004cb840,OK,1,0,0,0,,
0x004cb860,Unwind@004cb860,OK,1,0,0,0,,
0x004cb868,Unwind@004cb868,OK,1,0,0,0,,
0x004cb876,Unwind@004cb876,OK,1,0,0,0,,
0x004cb884,Unwind@004cb884,OK,1,0,0,0,,
0x004cb892,Unwind@004cb892,OK,1,0,0,0,,
0x004cb8a0,Unwind@004cb8a0,OK,1,0,0,0,,
0x004cb8c0,Unwind@004cb8c0,OK,1,0,0,0,,
0x004cb8e0,Unwind@004cb8e0,OK,1,0,0,0,,
0x004cb900,Unwind@004cb900,OK,1,0,0,0,,
0x004cb920,Unwind@004cb920,OK,1,0,0,0,,
0x004cb940,Unwind@004cb940,OK,1,0,0,0,,
0x004cb94b,Unwind@004cb94b,OK,1,0,0,0,,
0x004cb960,Unwind@004cb960,OK,1,0,0,0,,
0x004cb980,Unwind@004cb980,OK,1,0,0,0,,
0x004cb98b,Unwind@004cb98b,OK,1,0,0,0,,
0x004cb9b0,Unwind@004cb9b0,OK,1,0,0,0,,
0x004cb9d0,Unwind@004cb9d0,OK,1,0,0,0,,
