global,func,kind
0x004cc738,0x00401000,A
0x004f3a88,0x00401060,R
0x004cc810,0x00401180,R
0x004cc810,0x00401180,R
0x004cc814,0x00401180,R
0x004cc818,0x00401180,R
0x004cc818,0x00401180,R
0x004da0c0,0x00401180,R
0x004da0c4,0x00401180,R
0x004cc81c,0x00401180,R
0x004cc814,0x00401420,R
0x004cc814,0x00401420,R
0x004cc820,0x00401420,R
0x004cc5d8,0x004016a0,R
0x004f3a88,0x00401710,R
0x004f3760,0x00401710,R
0x004cc810,0x00401710,R
0x004da0c8,0x00401710,R
0x004da0cc,0x00401710,R
0x004da0d0,0x00401710,R
0x004f3a88,0x00401710,R
0x004f3760,0x00401710,R
0x004cc810,0x00401970,R
0x004cc810,0x00401970,R
0x004f3a88,0x00401a40,R
0x004f3a88,0x00401a40,R
0x004f3a88,0x00401ab0,R
0x004f3a88,0x00401ab0,R
0x004f36ac,0x00401b20,R
0x004f3760,0x00401b20,R
0x004f3a88,0x00401b20,R
0x004cc824,0x00401b20,R
0x004f36ac,0x00401c00,R
0x0056b428,0x00401c00,R
0x004cc828,0x00401c00,R
0x004f3a88,0x00401c60,R
0x004f36ac,0x00401c60,R
0x004f3760,0x00401c60,R
0x004f3760,0x00401c60,R
0x004f3a88,0x00401d50,R
0x0057da28,0x00401d50,W
0x004f36b8,0x00401d50,R
0x004f3a88,0x00401e50,R
0x004f36bc,0x00401e50,R
0x0057da28,0x00401e50,W
0x004f36b8,0x00401e50,R
0x004cc82c,0x00401f60,R
0x004cc5dc,0x00401f60,R
0x004cc5dc,0x00401f60,R
0x004f3760,0x00401f60,R
0x004cc830,0x00401f60,R
0x004f3a88,0x00402090,R
0x004cc810,0x00402090,R
0x004cc810,0x00402090,R
0x004f3a88,0x00402170,R
0x004cc810,0x00402170,R
0x004cc810,0x00402170,R
0x004f3760,0x00402250,R
0x004f3760,0x00402250,R
0x004f3760,0x00402250,R
0x004f3760,0x00402250,R
0x004cc834,0x00402250,R
0x004f3a88,0x00402250,R
0x004cc820,0x00402250,R
0x004cc820,0x00402250,R
0x004f3760,0x00402250,R
0x004f3760,0x00402250,R
0x004f3a88,0x00402250,R
0x004f3a88,0x00402250,R
0x004f3a88,0x00402250,R
0x004cc834,0x00402250,R
0x004f3a88,0x00402250,R
0x004f3760,0x00402250,R
0x004cc814,0x004024a0,R
0x004cc814,0x004024a0,R
0x004cc810,0x004024a0,R
0x004cc5d8,0x004024a0,R
0x004cc838,0x004024a0,R
0x004cc820,0x004024a0,R
0x004cc83c,0x004024a0,R
0x004da0e4,0x004026d0,R
0x004da0e8,0x004026d0,R
0x004da0e4,0x004026d0,R
0x004da0e8,0x004026d0,R
0x004cc810,0x004026d0,R
0x004cc810,0x004026d0,R
0x004cc814,0x004026d0,R
0x004cc818,0x004026d0,R
0x004cc818,0x004026d0,R
0x004cc814,0x004028c0,R
0x004cc814,0x004028c0,R
0x004cc810,0x004028c0,R
0x004cc810,0x004028c0,R
0x004cc810,0x004028c0,R
0x004cc810,0x004028c0,R
0x004cc81c,0x004028c0,R
0x004cc814,0x004028c0,R
0x004cc818,0x004028c0,R
0x004cc818,0x004028c0,R
0x004f3760,0x00402b70,R
0x004cc844,0x00402be0,R
0x004f3760,0x00402be0,R
0x004cc848,0x00402be0,R
0x004cc810,0x00402be0,R
0x004cc810,0x00402be0,R
0x004cc814,0x00402be0,R
0x004cc818,0x00402be0,R
0x004cc818,0x00402be0,R
0x004cc844,0x00402d60,R
0x004f3760,0x00402d60,R
0x004cc84c,0x00402d60,R
0x004cc810,0x00402d60,R
0x004cc810,0x00402d60,R
0x004cc814,0x00402d60,R
0x004cc818,0x00402d60,R
0x004cc818,0x00402d60,R
0x004f3a7c,0x00402f10,R
0x004f36ac,0x00402f10,W
0x004cc5dc,0x00402ff0,R
0x004e5c58,0x00402ff0,R
0x004e5c5c,0x00402ff0,R
0x004e5c5c,0x00402ff0,W
0x004e5c58,0x00402ff0,W
0x004e5c5c,0x00402ff0,W
0x004cc5c4,0x00403040,R
0x004da23c,0x00403040,A
0x004da234,0x00403040,A
0x004da22c,0x00403040,A
0x004da208,0x00403040,A
0x004da1e8,0x00403040,A
0x004da1e0,0x00403040,A
0x004da1d8,0x00403040,A
0x004cc5c8,0x00403040,R
0x004cc5cc,0x00403040,R
0x004da1d4,0x00403040,A
0x004da1d0,0x00403040,A
0x004da1cc,0x00403040,A
0x004da1c8,0x00403040,A
0x004da1bc,0x00403040,A
0x004da1ac,0x00403040,A
0x004da1a0,0x00403040,A
0x004da190,0x00403040,A
0x004da180,0x00403040,A
0x004da170,0x00403040,A
0x004da15c,0x00403040,A
0x004da14c,0x00403040,A
0x004da140,0x00403040,A
0x004da130,0x00403040,A
0x004da120,0x00403040,A
0x004da110,0x00403040,A
0x004cc5c8,0x00403040,R
0x004cc5cc,0x00403040,R
0x004da10c,0x00403040,A
0x004da108,0x00403040,A
0x004da104,0x00403040,A
0x004da100,0x00403040,A
0x004da0fc,0x00403040,A
0x004da0f8,0x00403040,A
0x004da0ec,0x00403040,A
0x004cc5c4,0x00403040,R
0x004cc5dc,0x00403040,R
0x004e5c58,0x00403510,R
0x004cc5dc,0x00403550,R
0x004cc850,0x00403620,R
0x004cc858,0x004036f0,R
0x004f3a7c,0x00403750,R
0x004cc5b4,0x004037c0,R
0x004cc5b4,0x00403800,R
0x004e5c58,0x00403870,R
0x004e5c58,0x00403870,W
0x004e5c58,0x00403870,R
0x004cc860,0x004038a0,R
0x004da24c,0x00403930,W
0x004cc910,0x00403930,A
0x004cc898,0x00403930,A
0x004cc8b8,0x00403930,R
0x004da320,0x00403930,A
0x004cc888,0x00403930,A
0x004cc5c4,0x00403930,R
0x004da310,0x00403930,A
0x004da2fc,0x00403930,A
0x004da2ec,0x00403930,A
0x004da2d8,0x00403930,A
0x004da2c8,0x00403930,A
0x004da2b8,0x00403930,A
0x004da2ac,0x00403930,A
0x004da298,0x00403930,A
0x004da28c,0x00403930,A
0x004da280,0x00403930,A
0x004da274,0x00403930,A
0x004da268,0x00403930,A
0x004da25c,0x00403930,A
0x004da250,0x00403930,A
0x004cc88c,0x00403930,R
0x0056b424,0x00403930,R
0x004cc998,0x00403c10,A
0x004cc9f8,0x00403c10,R
0x004cc868,0x00403cb0,R
0x004cc870,0x00403cb0,R
0x004cc878,0x00403cb0,R
0x004cc888,0x00403ed0,A
0x004cc88c,0x00403ed0,R
0x004e5cb8,0x00404070,W
0x004cc0b0,0x00404140,R
0x0056bbf8,0x00404180,W
0x004da378,0x00404180,A
0x004e5c70,0x00404180,A
0x004e5cb4,0x00404180,W
0x004cc5c4,0x00404180,R
0x004e5c70,0x00404180,A
0x004e5c64,0x00404180,W
0x004e5c60,0x00404180,W
0x004cc5a4,0x00404180,R
0x004cc5a8,0x00404180,R
0x004da350,0x00404180,A
0x004da32c,0x00404180,A
0x004e5c60,0x00404180,R
0x004cc0b0,0x00404180,R
0x004e5c60,0x00404180,R
0x004f0cc0,0x00404400,A
0x004da384,0x00404400,A
0x004cc5c4,0x00404400,R
0x004f0dec,0x00404400,R
0x004f0cc0,0x00404400,A
0x004f0dec,0x00404400,R
0x004e5c6c,0x00404400,W
0x004cca84,0x004045b0,A
0x004cca88,0x00404640,A
0x004cca8c,0x004046d0,A
0x004cc87c,0x00404740,R
0x004cc870,0x00404740,R
0x004cca90,0x00404780,A
0x004cc5a0,0x00404780,R
0x004cca94,0x004048a0,A
0x004cc880,0x00404960,R
0x004cc860,0x00404960,R
0x004cca98,0x004049d0,A
0x004cc5a0,0x004049d0,R
0x004e5cb0,0x00404aa0,R
0x004e5cb0,0x00404aa0,W
0x004e5cb0,0x00404aa0,W
0x004da24c,0x00404aa0,W
0x004cca9c,0x00404b40,A
0x004e5c6c,0x00404bd0,R
0x004e5cb8,0x00404bd0,R
0x004e5c6c,0x00404bd0,R
0x004e5c64,0x00404bd0,R
0x004e5c60,0x00404bd0,W
0x004cc0b0,0x00404bd0,R
0x004e5c64,0x00404bd0,R
0x004e5cb4,0x00404bd0,R
0x004e5cb4,0x00404bd0,W
0x0056bbf8,0x00404bd0,W
0x004e5cb4,0x00404c50,R
0x004cc0b0,0x00404c50,R
0x004e5cb4,0x00404c80,R
0x004cca10,0x00404d70,A
0x004e5cd8,0x00404e90,R
0x004e5cc0,0x00404e90,W
0x004f36bc,0x00404e90,R
0x004e5cd8,0x00404e90,W
0x004e5cc0,0x00404e90,R
0x004f36f0,0x00405040,R
0x004f36f8,0x00405040,R
0x004f36f4,0x00405040,R
0x004ccaa0,0x00405040,R
0x0056b424,0x00405040,R
0x004ccaa0,0x00405040,R
0x004f36fc,0x00405040,R
0x0056b424,0x00405040,R
0x0056b424,0x00405040,R
0x004ccaa8,0x00405040,R
0x004ccaa0,0x00405040,R
0x004f3700,0x00405040,R
0x0056b424,0x00405040,R
0x004ccab0,0x00405040,R
0x004ccab4,0x00405040,R
0x004ccab8,0x00405040,R
0x004ccabc,0x00405040,R
0x004da3a0,0x00405040,R
0x004da39c,0x00405040,R
0x004da398,0x00405040,R
0x004ccac0,0x00405040,R
0x004ccac4,0x00405040,R
0x0056b424,0x00405040,R
0x004ccab8,0x00405040,R
0x004da398,0x00405040,W
0x004ccaa0,0x00405040,R
0x004ccac8,0x00405040,R
0x004f3704,0x00405040,R
0x0056b424,0x00405040,R
0x004ccad0,0x00405040,R
0x004ccab8,0x00405040,R
0x004ccad4,0x00405040,R
0x004ccad8,0x00405040,R
0x004ccadc,0x00405040,R
0x0056b424,0x00405040,R
0x004ccab8,0x00405040,R
0x004ccad4,0x00405040,R
0x004ccaa0,0x00405040,R
0x004ccaa0,0x00405040,R
0x004f36bc,0x00405040,R
0x004f36bc,0x00405040,R
0x004f36bc,0x00405650,R
0x004f36c0,0x00405650,R
0x004f36bc,0x00405650,R
0x004f36bc,0x004057d0,R
0x004f36bc,0x004057d0,R
0x004f36bc,0x00405870,R
0x004f36f4,0x004059a0,R
0x004f36f0,0x004059a0,R
0x004ccaa0,0x004059a0,R
0x004f3700,0x004059a0,R
0x004f370c,0x004059a0,R
0x0056b424,0x004059a0,R
0x004f3714,0x004059a0,R
0x004f3710,0x004059a0,R
0x004ccae0,0x004059a0,R
0x004ccaa0,0x004059a0,R
0x004ccae4,0x004059a0,R
0x004ccab8,0x004059a0,R
0x004f36bc,0x004059a0,R
0x004ccae8,0x004059a0,R
0x004f36bc,0x004059a0,R
0x004f36a8,0x00405c90,R
0x004e5cc4,0x00405c90,R
0x004e5cc4,0x00405c90,W
0x004f36bc,0x00405c90,R
0x004f36bc,0x00405c90,R
0x004f36bc,0x00405c90,R
0x004f3650,0x00405c90,R
0x004f3650,0x00405c90,A
0x004f36bc,0x00405c90,R
0x004f36a8,0x00405c90,R
0x004f3650,0x00405c90,R
0x004f3650,0x00405c90,A
0x004f3ab0,0x00405c90,A
0x004f3ab0,0x00405c90,R
0x0057da28,0x00405c90,W
0x004f36a8,0x00405c90,R
0x004ccb04,0x00405ee0,R
0x004f36b8,0x00405ee0,R
0x0057da28,0x00406110,R
0x0057da28,0x00406110,A
0x004da3a4,0x00406110,R
0x004f36b8,0x00406110,R
0x004da3a4,0x00406110,R
0x004da3a4,0x00406110,R
0x004da3a4,0x00406110,R
0x004ccb08,0x00406110,R
0x0057da28,0x00406110,W
0x004f36b8,0x00406110,R
0x004ccb0c,0x00406110,R
0x004e5cc0,0x00406110,W
0x004f36bc,0x004063f0,R
0x004f36a8,0x00406430,R
0x004f36a8,0x00406430,W
0x004f3a88,0x00406450,R
0x004f36a8,0x00406450,W
0x004f36b8,0x00406470,R
0x004e5cc0,0x00406470,W
0x004f36a8,0x00406510,R
0x004f3ab0,0x00406510,W
0x004f3ab1,0x00406510,R
0x004f3ab2,0x00406510,R
0x004f3ab0,0x00406510,R
0x004f3ab1,0x00406510,A
0x004f3ab0,0x00406510,R
0x004f3ab0,0x00406510,W
0x004f3ab0,0x00406510,R
0x004f3ab1,0x00406510,R
0x004f3ab2,0x00406510,R
0x004f3718,0x00406510,W
0x004f3718,0x00406510,R
0x004f36bc,0x00406510,R
0x004f3ab0,0x00406510,A
0x004f3ab0,0x00406510,W
0x0057da28,0x00406510,W
0x004f3ab0,0x00406510,A
0x004f3138,0x00406610,R
0x004f3a88,0x00406610,R
0x004f36bc,0x00406610,R
0x004ccb10,0x00406610,R
0x004f36b8,0x00406610,R
0x004f36bc,0x00406610,R
0x004f3128,0x00406730,R
0x004f36b8,0x004067a0,R
0x004ccaf8,0x004067a0,R
0x004cc598,0x00406a00,R
0x004cc59c,0x00406a00,R
0x004f3a88,0x00406af0,R
0x004f3a88,0x00406af0,R
0x004f36d4,0x00406af0,R
0x004f36d0,0x00406af0,R
0x004f3a88,0x00406af0,R
0x004f3a88,0x00406af0,R
0x004f3a88,0x00406af0,R
0x004f3a88,0x00406af0,R
0x004f3a88,0x00406af0,R
0x0056b428,0x00406af0,R
0x004f3a88,0x00406af0,R
0x004f3a88,0x00406af0,R
0x004f3a88,0x00406af0,R
0x0056b428,0x00406af0,R
0x004f3a88,0x00406af0,R
0x004f3a88,0x00406af0,R
0x004f3a88,0x00406af0,R
0x004f3a88,0x00406cf0,R
0x004ccca0,0x00406d20,A
0x004ccc10,0x00406d20,A
0x004e5ce0,0x00406d20,A
0x004da3c4,0x00406d20,A
0x004da3b8,0x00406d20,A
0x004ccc00,0x00406d20,A
0x004da3b4,0x00406d20,A
0x004da3a8,0x00406d20,A
0x004e5ce8,0x00406ea0,A
0x004ccd28,0x00406ed0,A
0x004ccd28,0x00406f00,A
0x004ccd50,0x00406f00,A
0x0056bbe8,0x00406f60,R
0x0056bbfc,0x00406f60,R
0x004da3d8,0x00406f60,A
0x004da3d8,0x00407010,A
0x004f3ca8,0x004070e0,A
0x004f3ca8,0x00407100,A
0x004e5ce8,0x00407110,A
0x004f3ca8,0x00407110,A
0x004da3e0,0x00407190,A
0x004da3e0,0x00407190,R
0x004da3e8,0x00407190,R
0x004da634,0x00407190,R
0x004da636,0x00407190,R
0x004da62c,0x00407190,R
0x004da635,0x00407190,R
0x004da637,0x00407190,R
0x004da62d,0x00407190,R
0x004da4b8,0x00407190,A
0x004da3e4,0x00407190,R
0x004da654,0x00407220,A
0x004da654,0x00407220,R
0x004da656,0x00407220,R
0x004da655,0x00407220,R
0x004da657,0x00407220,R
0x004da650,0x00407220,A
0x004da650,0x00407220,R
0x004da652,0x00407220,R
0x004da651,0x00407220,R
0x004da653,0x00407220,R
0x004da64c,0x00407220,A
0x004da64c,0x00407220,R
0x004da64e,0x00407220,R
0x004da64d,0x00407220,R
0x004da64f,0x00407220,R
0x004da648,0x00407220,A
0x004da648,0x00407220,R
0x004da64a,0x00407220,R
0x004da649,0x00407220,R
0x004da64b,0x00407220,R
0x004da644,0x00407220,A
0x004da644,0x00407220,R
0x004da646,0x00407220,R
0x004da645,0x00407220,R
0x004da647,0x00407220,R
0x004da640,0x00407220,A
0x004da640,0x00407220,R
0x004da642,0x00407220,R
0x004da641,0x00407220,R
0x004da643,0x00407220,R
0x004da63c,0x00407220,A
0x004da63c,0x00407220,R
0x004da63e,0x00407220,R
0x004da63d,0x00407220,R
0x004da63f,0x00407220,R
0x004ccd98,0x00407220,R
0x004da688,0x00407470,A
0x004da688,0x00407470,R
0x004da68a,0x00407470,R
0x004da689,0x00407470,R
0x004da68b,0x00407470,R
0x004e5da8,0x00407470,R
0x004da680,0x00407470,A
0x004da680,0x00407470,R
0x004da682,0x00407470,R
0x004da681,0x00407470,R
0x004da683,0x00407470,R
0x004e5dac,0x00407470,R
0x004da674,0x00407470,A
0x004da674,0x00407470,R
0x004da676,0x00407470,R
0x004da675,0x00407470,R
0x004da677,0x00407470,R
0x004e5db8,0x00407470,R
0x004da66c,0x00407470,A
0x004da66c,0x00407470,R
0x004da66e,0x00407470,R
0x004da66d,0x00407470,R
0x004da66f,0x00407470,R
0x004e5db4,0x00407470,R
0x004da660,0x00407470,A
0x004da660,0x00407470,R
0x004da662,0x00407470,R
0x004da661,0x00407470,R
0x004da663,0x00407470,R
0x004e5db0,0x00407470,R
0x004da658,0x00407470,A
0x004da658,0x00407470,R
0x004da65a,0x00407470,R
0x004da659,0x00407470,R
0x004da65b,0x00407470,R
0x004e5d00,0x00407700,A
0x004e5d00,0x00407700,W
0x004e5d04,0x00407700,W
0x004da8c0,0x00407700,A
0x004e5d98,0x00407700,A
0x004da8b4,0x00407700,A
0x004e5d58,0x00407700,W
0x004da8a4,0x00407700,A
0x004e5d00,0x00407700,W
0x004da8a4,0x00407700,A
0x004e5dcc,0x00407700,W
0x004da894,0x00407700,A
0x004e5d04,0x00407700,W
0x004da894,0x00407700,A
0x004e5dcc,0x00407700,W
0x004da888,0x00407700,A
0x004e5d08,0x00407700,W
0x004e5db0,0x00407700,R
0x004e5dcc,0x00407700,W
0x004da878,0x00407700,A
0x004da86c,0x00407700,A
0x004da860,0x00407700,A
0x004da850,0x00407700,A
0x004da840,0x00407700,A
0x004da834,0x00407700,A
0x004e5d0c,0x00407700,W
0x004e5db0,0x00407700,R
0x004e5dcc,0x00407700,W
0x004da878,0x00407700,A
0x004da86c,0x00407700,A
0x004da860,0x00407700,A
0x004da824,0x00407700,A
0x004da840,0x00407700,A
0x004da814,0x00407700,A
0x004e5d10,0x00407700,W
0x004da814,0x00407700,A
0x004e5dcc,0x00407700,W
0x004da804,0x00407700,A
0x004e5d14,0x00407700,W
0x004da804,0x00407700,A
0x004e5dcc,0x00407700,W
0x004da7f0,0x00407700,A
0x004e5d18,0x00407700,W
0x004da7f0,0x00407700,A
0x004e5dcc,0x00407700,W
0x004da7dc,0x00407700,A
0x004e5d1c,0x00407700,W
0x004da7dc,0x00407700,A
0x004e5dcc,0x00407700,W
0x004da7cc,0x00407700,A
0x004e5d3c,0x00407700,W
0x004da7bc,0x00407700,A
0x004e5d48,0x00407700,W
0x004da7b0,0x00407700,A
0x004e5d40,0x00407700,W
0x004da7a4,0x00407700,A
0x004e5d44,0x00407700,W
0x004da798,0x00407700,A
0x004e5d38,0x00407700,W
0x004da798,0x00407700,A
0x004da78c,0x00407700,A
0x004e5d34,0x00407700,W
0x004da780,0x00407700,A
0x004e5d4c,0x00407700,W
0x004cc000,0x00407700,R
0x004da778,0x00407700,A
0x004e5d50,0x00407700,W
0x004da76c,0x00407700,A
0x004e5d54,0x00407700,W
0x004da760,0x00407700,A
0x004e5d20,0x00407700,W
0x004da760,0x00407700,A
0x004e5dcc,0x00407700,W
0x004da754,0x00407700,A
0x004e5d24,0x00407700,W
0x004da754,0x00407700,A
0x004e5dcc,0x00407700,W
0x004da748,0x00407700,A
0x004e5d28,0x00407700,W
0x004da748,0x00407700,A
0x004e5dcc,0x00407700,W
0x004da73c,0x00407700,A
0x004e5d2c,0x00407700,W
0x004da73c,0x00407700,A
0x004e5dcc,0x00407700,W
0x004da734,0x00407700,A
0x004e5d5c,0x00407700,W
0x004da728,0x00407700,A
0x004e5d60,0x00407700,W
0x004da718,0x00407700,A
0x004e5d94,0x00407700,W
0x004da708,0x00407700,A
0x004e5d64,0x00407700,W
0x004da6f4,0x00407700,A
0x004e5d68,0x00407700,W
0x004da6ec,0x00407700,A
0x004e5d74,0x00407700,W
0x004da6dc,0x00407700,A
0x004e5d90,0x00407700,W
0x004da6d0,0x00407700,A
0x004e5d78,0x00407700,W
0x004da6c8,0x00407700,A
0x004da6c0,0x00407700,A
0x004e5d7c,0x00407700,W
0x004da6b8,0x00407700,A
0x004e5d80,0x00407700,W
0x004da6b0,0x00407700,A
0x004e5d84,0x00407700,W
0x004da6a4,0x00407700,A
0x004e5d88,0x00407700,W
0x004da69c,0x00407700,A
0x004e5d6c,0x00407700,W
0x004e5d30,0x00407700,W
0x004da69c,0x00407700,A
0x004da694,0x00407700,A
0x004e5d70,0x00407700,W
0x004e5d7c,0x00407700,R
0x004e5d80,0x00407700,R
0x004e5d84,0x00407700,R
0x004e5d88,0x00407700,R
0x004e5dcc,0x00407700,W
0x004e5d3c,0x00407e20,R
0x004e5d3c,0x00407e30,R
0x004e5d3c,0x00407e50,R
0x004e5d3c,0x00407e60,R
0x004e5d3c,0x00407e80,R
0x004e5d3c,0x00407e90,R
0x004e5d3c,0x00407eb0,R
0x004e5d3c,0x00407ec0,R
0x004e5d3c,0x00407ef0,R
0x004e5d48,0x00407f10,R
0x004e5d48,0x00407f20,R
0x004e5dcc,0x00407f30,R
0x004e5d04,0x00407f30,R
0x004e5d00,0x00407f30,R
0x004e5dcc,0x00407f80,R
0x004e5d04,0x00407f80,R
0x004e5d00,0x00407f80,R
0x004e5dcc,0x00407fa0,R
0x004e5d14,0x00407fa0,R
0x004e5d10,0x00407fa0,R
0x004e5dcc,0x00408030,R
0x004e5d14,0x00408030,R
0x004e5d10,0x00408030,R
0x004e5d40,0x00408050,R
0x004e5d40,0x00408060,R
0x004e5d44,0x00408070,R
0x004e5d44,0x00408090,R
0x004e5d34,0x004080a0,R
0x004e5d34,0x004080b0,R
0x004e5d38,0x004080c0,R
0x004e5d38,0x004080d0,R
0x004e5dcc,0x004080e0,R
0x004e5d1c,0x004080e0,R
0x004e5d18,0x004080e0,R
0x004e5dcc,0x00408100,R
0x004e5d1c,0x00408100,R
0x004e5d18,0x00408100,R
0x004e5d4c,0x00408120,R
0x004cc5a0,0x00408120,R
0x004e5d4c,0x00408120,R
0x004e5d4c,0x00408190,R
0x004e5dcc,0x004081a0,R
0x004e5d0c,0x004081a0,R
0x004e5d08,0x004081a0,R
0x004da8cc,0x004081a0,A
0x004e5dcc,0x004081f0,R
0x004e5d0c,0x004081f0,R
0x004e5d08,0x004081f0,R
0x004e5d50,0x00408210,R
0x004e5d50,0x00408220,R
0x004e5d74,0x00408230,R
0x004e5d90,0x00408240,R
0x004e5d78,0x00408250,R
0x004e5d74,0x00408260,R
0x004e5d90,0x00408270,R
0x004e5d58,0x00408280,R
0x004e5dcc,0x00408280,W
0x004e5d5c,0x00408290,R
0x004e5d54,0x004082a0,R
0x004e5dcc,0x004082b0,R
0x004e5d24,0x004082b0,R
0x004e5d20,0x004082b0,R
0x004e5dcc,0x004082d0,R
0x004e5d2c,0x004082d0,R
0x004e5d28,0x004082d0,R
0x004e5d6c,0x00408300,R
0x004e5d58,0x00408310,R
0x004e5d5c,0x00408320,R
0x004e5d54,0x00408330,R
0x004e5dcc,0x00408340,R
0x004e5d24,0x00408340,R
0x004e5d20,0x00408340,R
0x004e5dcc,0x00408360,R
0x004e5d2c,0x00408360,R
0x004e5d28,0x00408360,R
0x004e5d6c,0x00408380,R
0x004e5d60,0x00408390,R
0x004e5d64,0x004083a0,R
0x004e5d68,0x004083b0,R
0x004e5d60,0x004083c0,R
0x004e5d7c,0x00408480,R
0x004e5d80,0x00408480,R
0x004e5d7c,0x004084e0,R
0x004e5d80,0x00408500,R
0x004e5d80,0x00408530,R
0x004e5d80,0x00408570,R
0x004e5d80,0x004085a0,R
0x004e5d84,0x004085b0,R
0x004e5d84,0x004085e0,R
0x004e5d84,0x00408620,R
0x004e5d84,0x00408650,R
0x004e5d84,0x00408660,R
0x004e5d84,0x00408670,R
0x004e5d84,0x00408680,R
0x004e5d84,0x00408690,R
0x004e5d70,0x004086a0,R
0x004e5d30,0x004086b0,R
0x004e5d88,0x004086c0,R
0x004e5d88,0x004086d0,R
0x004e5d88,0x004086e0,R
0x004e5d88,0x00408700,R
0x004e5d30,0x00408720,R
0x004e5d30,0x00408720,R
0x004e5d30,0x00408720,R
0x004e5d30,0x00408720,R
0x004e5d30,0x00408720,R
0x004e5d30,0x00408720,R
0x004e5d30,0x00408720,R
0x004e5d80,0x004089c0,R
0x004e5d84,0x004089c0,R
0x004ccda4,0x004089c0,R
0x004ccda4,0x004089c0,R
0x004e5d94,0x00408a10,R
0x004e5d94,0x00408a20,R
0x004cd0f0,0x00408a30,A
0x004cd068,0x00408a30,A
0x004ccfe0,0x00408a30,A
0x004ccf58,0x00408a30,A
0x004cced0,0x00408a30,A
0x004cce48,0x00408a30,A
0x004ccdc0,0x00408a30,A
0x004da93c,0x00408a30,A
0x004da3b8,0x00408a30,A
0x004ccdb0,0x00408a30,A
0x004da934,0x00408a30,A
0x004da924,0x00408a30,A
0x004da910,0x00408a30,A
0x004da900,0x00408a30,A
0x004da8f0,0x00408a30,A
0x004da8e4,0x00408a30,A
0x004da8d8,0x00408a30,A
0x004e5dd0,0x00408d30,A
0x004cd178,0x00408d60,A
0x004cd178,0x00408d90,A
0x004ccd50,0x00408d90,A
0x004f3a88,0x00408ec0,R
0x004e5dd0,0x00408ff0,A
0x004f3ca8,0x00408ff0,A
0x004cd2c0,0x00409040,A
0x004cd238,0x00409040,A
0x004cd1b0,0x00409040,A
0x004da96c,0x00409040,A
0x004da3b8,0x00409040,A
0x004cd1a0,0x00409040,A
0x004e5dec,0x00409040,R
0x004da964,0x00409040,A
0x004da95c,0x00409040,A
0x004da94c,0x00409040,A
0x004f3ca8,0x00409160,A
0x004f3ca8,0x00409180,A
0x004f3e78,0x00409180,A
0x004f3ca8,0x00409180,A
0x004f3d7c,0x00409180,W
0x004cd348,0x00409380,R
0x004e5dec,0x00409380,R
0x004f3ca8,0x00409380,A
0x004f3e78,0x00409380,A
0x004f3ca8,0x00409380,A
0x004f3d7c,0x00409380,W
0x004f3ca8,0x00409380,A
0x004cd348,0x00409470,R
0x004da99c,0x00409570,A
0x004da990,0x00409570,A
0x004da980,0x00409570,A
0x004da97c,0x00409570,A
0x004e5de0,0x00409960,A
0x004cd350,0x00409990,A
0x004cd350,0x004099f0,A
0x004ccd50,0x004099f0,A
0x004e5de0,0x00409b00,A
0x004f3ca8,0x00409b00,A
0x004cd9f8,0x0040a5b0,A
0x004cd970,0x0040a5b0,A
0x004cd8e8,0x0040a5b0,A
0x004cd860,0x0040a5b0,A
0x004cd7d8,0x0040a5b0,A
0x004cd750,0x0040a5b0,A
0x004cd6c8,0x0040a5b0,A
0x004cd640,0x0040a5b0,A
0x004cd5b8,0x0040a5b0,A
0x004cd530,0x0040a5b0,A
0x004cd4a8,0x0040a5b0,A
0x004cd420,0x0040a5b0,A
0x004cd388,0x0040a5b0,A
0x004daa88,0x0040a5b0,A
0x004da3b8,0x0040a5b0,A
0x004cd378,0x0040a5b0,A
0x004daa78,0x0040a5b0,A
0x004daa68,0x0040a5b0,A
0x004daa58,0x0040a5b0,A
0x004daa48,0x0040a5b0,A
0x004daa38,0x0040a5b0,A
0x004daa2c,0x0040a5b0,A
0x004daa1c,0x0040a5b0,A
0x004daa10,0x0040a5b0,A
0x004da9fc,0x0040a5b0,A
0x004da9e8,0x0040a5b0,A
0x004da9d4,0x0040a5b0,A
0x004da9c0,0x0040a5b0,A
0x004da9b4,0x0040a5b0,A
0x004da9a4,0x0040a5b0,A
0x004cd3e8,0x0040a5b0,R
0x004cda80,0x0040a940,A
0x004cda80,0x0040aa30,A
0x004cda80,0x0040ab20,A
0x004cda80,0x0040ac10,A
0x004cda80,0x0040ad00,A
0x004cda80,0x0040adf0,A
0x004cda80,0x0040adf0,A
0x004cda80,0x0040adf0,A
0x004cda80,0x0040adf0,A
0x004cda80,0x0040adf0,A
0x004da97c,0x0040b980,A
0x004e5ce0,0x0040b980,A
0x004e5e00,0x0040bb50,R
0x004e5e00,0x0040bb80,R
0x004e5df0,0x0040bc30,A
0x004cdb08,0x0040bc60,A
0x004cdb08,0x0040bc90,A
0x004ccd50,0x0040bc90,A
0x004e5df0,0x0040bda0,A
0x004f3ca8,0x0040bda0,A
0x004cc5b4,0x0040be00,R
0x004cc5b4,0x0040bf00,R
0x004cc5b4,0x0040bf20,R
0x004cc5b4,0x0040bf50,R
0x004cc5e4,0x0040bf80,R
0x004cc5b4,0x0040c1d0,R
0x004cda80,0x0040c280,A
0x004cc0c0,0x0040c370,R
0x004dabf4,0x0040c370,A
0x004cc0b8,0x0040c370,R
0x004dabd4,0x0040c370,A
0x004cc0b4,0x0040c370,R
0x004dabc0,0x0040c370,A
0x004cc0bc,0x0040c370,R
0x004cc16c,0x0040c370,R
0x004dab98,0x0040c370,A
0x004cc0b4,0x0040c370,R
0x004cc0b8,0x0040c370,R
0x004dab8c,0x0040c370,A
0x004cc16c,0x0040c370,R
0x004dab78,0x0040c370,A
0x004cc0bc,0x0040c370,R
0x004cc16c,0x0040c370,R
0x004dab58,0x0040c370,A
0x004cc0b4,0x0040c370,R
0x004cc16c,0x0040c370,R
0x004dab40,0x0040c370,A
0x004cc0b4,0x0040c370,R
0x004d2f98,0x0040c370,A
0x004cc16c,0x0040c370,R
0x004dab28,0x0040c370,A
0x004cc0b4,0x0040c370,R
0x004dabf4,0x0040c370,A
0x004dabd4,0x0040c370,A
0x004cc0b4,0x0040c370,R
0x004cc16c,0x0040c370,R
0x004dabc0,0x0040c370,A
0x004cc0bc,0x0040c370,R
0x004cc16c,0x0040c370,R
0x004dab98,0x0040c370,A
0x004cc0b4,0x0040c370,R
0x004dab0c,0x0040c370,A
0x004cc0b4,0x0040c370,R
0x004daaf0,0x0040c370,A
0x004cc0b4,0x0040c370,R
0x004d2fd8,0x0040c370,A
0x004d2fe8,0x0040c370,A
0x004f3ca8,0x0040c6e0,A
0x004ce1a0,0x0040c720,A
0x004ce118,0x0040c720,A
0x004ce090,0x0040c720,A
0x004ce008,0x0040c720,A
0x004cdf80,0x0040c720,A
0x004cdef8,0x0040c720,A
0x004cde70,0x0040c720,A
0x004cdde8,0x0040c720,A
0x004cdd60,0x0040c720,A
0x004cdcd8,0x0040c720,A
0x004cdc50,0x0040c720,A
0x004cdbc8,0x0040c720,A
0x004cdb40,0x0040c720,A
0x004dacac,0x0040c720,A
0x004da3b8,0x0040c720,A
0x004cdb30,0x0040c720,A
0x004da95c,0x0040c720,A
0x004daca0,0x0040c720,A
0x004dac94,0x0040c720,A
0x004dac8c,0x0040c720,A
0x004dac7c,0x0040c720,A
0x004dac6c,0x0040c720,A
0x004dac64,0x0040c720,A
0x004dac54,0x0040c720,A
0x004dac44,0x0040c720,A
0x004dac34,0x0040c720,A
0x004dac24,0x0040c720,A
0x004dac14,0x0040c720,A
0x004dac00,0x0040c720,A
0x004ce224,0x0040ccc0,R
0x004ce228,0x0040cd00,R
0x004e5e08,0x0040d080,A
0x004ce230,0x0040d0b0,A
0x004ce230,0x0040d0e0,A
0x004ccd50,0x0040d0e0,A
0x004e5e08,0x0040d1c0,A
0x004f3ca8,0x0040d1c0,A
0x004ed714,0x0040d1f0,A
0x004eda68,0x0040d270,A
0x004ed718,0x0040d300,A
0x004e5ed0,0x0040d410,A
0x004cca10,0x0040d440,A
0x004cca10,0x0040d440,A
0x004cca10,0x0040d440,A
0x004cca10,0x0040d440,A
0x004cca10,0x0040d440,A
0x004cca10,0x0040d440,A
0x004cca10,0x0040d610,A
0x004cca10,0x0040d660,A
0x004cca10,0x0040d660,A
0x004cca10,0x0040d660,A
0x004cca10,0x0040d6e0,A
0x004cca10,0x0040d780,A
0x004cd388,0x0040d7e0,A
0x004ce320,0x0040d7e0,A
0x004ce2f8,0x0040d7e0,A
0x004ce320,0x0040d7e0,A
0x004ce280,0x0040d7e0,A
0x004ce278,0x0040d7e0,A
0x004ce398,0x0040d9e0,A
0x004ce410,0x0040da00,A
0x004ce488,0x0040dac0,A
0x004ce500,0x0040db20,A
0x004dacc0,0x0040dbf0,A
0x004ce610,0x0040dbf0,A
0x004dacbc,0x0040dbf0,A
0x004ce578,0x0040dbf0,A
0x004ce5ec,0x0040dbf0,R
0x004ce5f0,0x0040dbf0,R
0x004ce5d8,0x0040dbf0,R
0x004e5ed0,0x0040dbf0,A
0x004ce6a8,0x0040dcd0,A
0x004ce610,0x0040dcd0,A
0x004dacc0,0x0040dcd0,A
0x004dacc0,0x0040dcd0,A
0x004ce690,0x0040dcd0,R
0x004ce670,0x0040dcd0,R
0x004dacd8,0x0040dcd0,A
0x004ce684,0x0040dcd0,R
0x004dacd0,0x0040dcd0,A
0x004dacc8,0x0040dcd0,A
0x004dacc0,0x0040dcd0,A
0x004ce610,0x0040dcd0,A
0x004dacc0,0x0040dcd0,A
0x004ce690,0x0040dcd0,R
0x004ce670,0x0040dcd0,R
0x004ce6ac,0x0040dcd0,R
0x004ce6a8,0x0040e070,A
0x004dacc0,0x0040e140,A
0x004f3128,0x0040e140,R
0x004da97c,0x0040e140,A
0x004dacbc,0x0040e140,A
0x004dacbc,0x0040e140,A
0x004dacbc,0x0040e140,A
0x004dacc0,0x0040e140,A
0x004dacc0,0x0040e140,A
0x004dacc0,0x0040e140,A
0x004f3128,0x0040e140,R
0x004f3130,0x0040e140,R
0x004dace0,0x0040e140,A
0x004f3130,0x0040e140,R
0x004da97c,0x0040e140,A
0x004dace0,0x0040e140,A
0x004cc5a0,0x0040e590,R
0x004f3128,0x0040e800,R
0x004ed4e0,0x0040eab0,R
0x004ed4e0,0x0040eab0,R
0x004ed4e0,0x0040eae0,R
0x004e6dac,0x0040eb00,R
0x004e61f4,0x0040eb00,R
0x004e61f0,0x0040eb00,R
0x004e6dac,0x0040eb00,R
0x004e6dac,0x0040eb00,R
0x004e6dac,0x0040eb00,R
0x004e6dac,0x0040eb00,R
0x004e6dac,0x0040eb00,R
0x004e6dac,0x0040eb00,R
0x004e6dac,0x0040eb00,R
0x004dace8,0x0040eb00,A
0x004e6dac,0x0040eb00,R
0x004e6dac,0x0040eb00,R
0x004e6dac,0x0040eb00,R
0x004e6dac,0x0040eb00,R
0x004e5ed0,0x0040eb00,A
0x004e6dac,0x0040eb00,R
0x004e5ed0,0x0040eb00,A
0x004e6dac,0x0040eb00,R
0x004e5ed0,0x0040eb00,A
0x004e6dac,0x0040ec90,R
0x004ea654,0x0040eca0,R
0x004ea654,0x0040ecc0,R
0x004ea654,0x0040ece0,R
0x004ea654,0x0040ece0,R
0x004ea654,0x0040ed10,R
0x0056b42c,0x0040ed20,R
0x0056b424,0x0040ed20,R
0x004dacc0,0x0040ed80,A
0x004ce610,0x0040ed80,A
0x004ce6b0,0x0040ed80,A
0x004ce710,0x0040ed80,R
0x004e5ed0,0x0040ed80,A
0x004ce744,0x0040ee60,R
0x004cc504,0x0040ee60,R
0x004ce748,0x0040ee60,R
0x004ce74c,0x0040ee60,R
0x004cc504,0x0040ee60,R
0x004ce750,0x0040ee60,R
0x004cc504,0x0040ee60,R
0x004dacf8,0x0040ef00,A
0x004dacec,0x0040ef00,A
0x004dad08,0x0040ef60,A
0x004dacc0,0x0040ef60,A
0x004ce610,0x0040ef60,A
0x004ce7d8,0x0040ef60,A
0x004ce838,0x0040ef60,R
0x004dad0c,0x0040f040,A
0x004e5ed0,0x0040f070,A
0x004e61f0,0x0040f130,R
0x004e61f4,0x0040f130,R
0x004ea65c,0x0040f1a0,R
0x004ea660,0x0040f1a0,A
0x004ea720,0x0040f1a0,A
0x004ea65c,0x0040f1a0,W
0x004ea660,0x0040f1a0,A
0x004ce870,0x0040f200,A
0x004e5ed0,0x0040f200,A
0x004e61f0,0x0040f2e0,R
0x004ed8cc,0x0040f2e0,R
0x004ed8cc,0x0040f2e0,A
0x004ed8cc,0x0040f2e0,R
0x004ed8cc,0x0040f2e0,A
0x004e632c,0x0040f2e0,A
0x004e63e8,0x0040f2e0,A
0x004e64a4,0x0040f2e0,A
0x004e632c,0x0040f3e0,A
0x004e63e8,0x0040f3e0,A
0x004e64a4,0x0040f3e0,A
0x004e5ee0,0x0040f4c0,R
0x004ea658,0x0040f4c0,W
0x004ce960,0x0040f4c0,A
0x004ce964,0x0040f4c0,R
0x004e6db0,0x0040f4c0,W
0x004ce610,0x0040f4c0,A
0x004dacc0,0x0040f4c0,A
0x004e6dac,0x0040f4c0,W
0x004e6a98,0x0040f4c0,W
0x004ea654,0x0040f4c0,W
0x004ce8e8,0x0040f4c0,A
0x004ed4e0,0x0040f4c0,W
0x004dacc0,0x0040f4c0,A
0x004ce610,0x0040f4c0,A
0x004e66f4,0x0040f4c0,W
0x004ce610,0x0040f4c0,A
0x004dacc0,0x0040f4c0,A
0x004e6844,0x0040f4c0,W
0x004ce610,0x0040f4c0,A
0x004dacc0,0x0040f4c0,A
0x004e66f8,0x0040f4c0,W
0x0056bd24,0x0040f4c0,W
0x0056bd20,0x0040f4c0,W
0x004e5ee4,0x0040f4c0,W
0x004e61bc,0x0040f4c0,W
0x004ed4e4,0x0040f4c0,W
0x004ed4e8,0x0040f4c0,W
0x004ed4ec,0x0040f4c0,W
0x004ed4f4,0x0040f4c0,W
0x004e61f0,0x0040f4c0,W
0x004e61f4,0x0040f4c0,W
0x004ed714,0x0040f4c0,A
0x004ea654,0x0040f4c0,R
0x004dad14,0x0040f4c0,A
0x004ed4e0,0x0040f4c0,R
0x004e5ee0,0x0040f4c0,W
0x004ce948,0x0040f4c0,R
0x004ed4e0,0x0040f4c0,R
0x004e5ed0,0x0040f4c0,A
0x004ce8e8,0x0040fa40,A
0x004cca10,0x0040fa40,A
0x004dacc0,0x0040fac0,A
0x004ce610,0x0040fac0,A
0x004ce320,0x0040fb70,A
0x004dad20,0x0040fb90,A
0x004e6af4,0x0040fbd0,A
0x004e6bb0,0x0040fbd0,A
0x004e657c,0x0040fbd0,A
0x004e6224,0x0040fbd0,R
0x004e6228,0x0040fbd0,R
0x004e622c,0x0040fbd0,R
0x004e6db4,0x0040fbd0,R
0x004e6db8,0x0040fbd0,R
0x004e6dbc,0x0040fbd0,R
0x004e6dc0,0x0040fbd0,R
0x004e6dc4,0x0040fbd0,R
0x004e62f0,0x0040fbd0,A
0x004e6dac,0x0040fbd0,R
0x004eae34,0x0040fbd0,A
0x004ed4e0,0x0040fbd0,A
0x004ea660,0x0040fbd0,A
0x004ea9e0,0x0040fbd0,A
0x004eda68,0x0040fbd0,A
0x004ed718,0x0040fbd0,A
0x004ea658,0x0040fbd0,R
0x004e6db0,0x0040fbd0,R
0x004ea658,0x0040fbd0,W
0x004e6dac,0x0040fbd0,R
0x004e6db0,0x0040fbd0,W
0x004e6a98,0x0040fbd0,R
0x004e6dac,0x0040fbd0,W
0x004ea654,0x0040fbd0,R
0x004e6a98,0x0040fbd0,W
0x004ed4e0,0x0040fbd0,R
0x004ea654,0x0040fbd0,W
0x004e66f4,0x0040fbd0,R
0x004ed4e0,0x0040fbd0,W
0x004e6844,0x0040fbd0,R
0x004e66f4,0x0040fbd0,W
0x004e66f8,0x0040fbd0,R
0x004e6844,0x0040fbd0,W
0x0056bd24,0x0040fbd0,R
0x004e66f8,0x0040fbd0,W
0x0056bd20,0x0040fbd0,R
0x0056bd24,0x0040fbd0,W
0x0056bd20,0x0040fbd0,W
0x004e5ee0,0x0040fbd0,W
0x004e5ee4,0x0040fbd0,W
0x004cca10,0x0040fe30,A
0x004e6dac,0x0040ff50,R
0x004e6dac,0x0040ff50,R
0x004e6a9c,0x0040ff50,W
0x004e61c0,0x0040ff80,W
0x004e61c4,0x0040ff80,W
0x004e61c8,0x0040ff80,W
0x004e61cc,0x0040ff80,W
0x004e61c0,0x0040ff80,A
0x004e61d8,0x0040ff80,W
0x004e61dc,0x0040ff80,W
0x004e61e0,0x0040ff80,W
0x004e61e4,0x0040ff80,W
0x004e61d8,0x0040ff80,A
0x004e61e0,0x0040ff80,R
0x004e61d8,0x0040ff80,R
0x004e61dc,0x0040ff80,R
0x004e61e4,0x0040ff80,R
0x004e61d0,0x0040ff80,W
0x004e61d4,0x0040ff80,W
0x004e620c,0x0040ff80,W
0x004e6210,0x0040ff80,W
0x004e61d0,0x0040ff80,R
0x004edb6c,0x0040ff80,R
0x004edb58,0x0040ff80,R
0x004ce754,0x0040ff80,R
0x004e6214,0x0040ff80,W
0x004e61d4,0x0040ff80,R
0x004edb68,0x0040ff80,R
0x004ea5cc,0x0040ff80,W
0x004edb5c,0x0040ff80,R
0x004ce754,0x0040ff80,R
0x004e6218,0x0040ff80,W
0x004e5ee8,0x0040ff80,R
0x0056bd24,0x0040ff80,R
0x0056bd24,0x0040ff80,R
0x0056bd20,0x0040ff80,R
0x0056bd20,0x0040ff80,R
0x0056bd20,0x0040ff80,R
0x004e61bc,0x00410140,R
0x004e61bc,0x00410140,W
0x004e5ee4,0x00410160,R
0x004dadf4,0x00410160,A
0x004dadd8,0x00410160,A
0x004dadbc,0x00410160,A
0x004eda68,0x00410160,A
0x004ed718,0x00410160,A
0x004eda68,0x00410160,A
0x004dadb4,0x00410160,A
0x004dada8,0x00410160,A
0x004dad98,0x00410160,A
0x004dad90,0x00410160,A
0x004e6db0,0x00410160,R
0x004e6db0,0x00410160,R
0x004da2ac,0x00410160,A
0x0056bd24,0x00410160,R
0x0056bd20,0x00410160,R
0x004dad88,0x00410160,A
0x004dad80,0x00410160,A
0x004e62f0,0x00410160,A
0x004dad78,0x00410160,A
0x004e61f4,0x00410160,R
0x004e6ac0,0x00410160,A
0x004e6af4,0x00410160,A
0x004e6af4,0x00410160,R
0x004e6af4,0x00410160,A
0x004e6af4,0x00410160,R
0x004e6af4,0x00410160,A
0x004e6ae8,0x00410160,W
0x004edb58,0x00410160,W
0x004edb5c,0x00410160,W
0x004edb60,0x00410160,W
0x004edb64,0x00410160,W
0x004edb68,0x00410160,W
0x004edb6c,0x00410160,W
0x004ce754,0x00410160,R
0x004e6aec,0x00410160,W
0x004e6aec,0x00410160,R
0x004e6aec,0x00410160,W
0x004e6bb0,0x00410160,A
0x004e6c6c,0x00410160,A
0x004e6b30,0x00410160,R
0x004e6c6c,0x00410160,R
0x004e6c6c,0x00410160,A
0x004e6da0,0x00410160,W
0x004e5ed0,0x00410160,A
0x004e6af4,0x00410160,A
0x004e5ed0,0x00410160,A
0x004e6bb0,0x00410160,A
0x004e5ed0,0x00410160,A
0x004e6c6c,0x00410160,A
0x004dad6c,0x00410160,A
0x004e6af4,0x00410160,R
0x004e656c,0x00410160,W
0x004e6af4,0x00410160,A
0x004e6af4,0x00410160,R
0x004e6af4,0x00410160,A
0x004e657c,0x00410160,A
0x004e657c,0x00410160,R
0x004e657c,0x00410160,A
0x004e657c,0x00410160,R
0x004e657c,0x00410160,A
0x004e6848,0x00410160,A
0x004e6980,0x00410160,W
0x004e697c,0x00410160,W
0x004e66f4,0x00410160,R
0x004e6844,0x00410160,R
0x004e6844,0x00410160,R
0x004e66fc,0x00410160,A
0x004e6834,0x00410160,R
0x004cc500,0x00410160,R
0x004e6740,0x00410160,R
0x004e6830,0x00410160,W
0x004e6734,0x00410160,W
0x004e6758,0x00410160,W
0x004e61f4,0x00410160,R
0x004e66f8,0x00410160,R
0x004e66f8,0x00410160,R
0x004e66f8,0x00410160,R
0x004edb5c,0x00410160,R
0x004edb58,0x00410160,R
0x004e6638,0x00410160,R
0x004e6638,0x00410160,A
0x004e5ed0,0x00410160,A
0x004e657c,0x00410160,A
0x004e5ed0,0x00410160,A
0x004e6638,0x00410160,A
0x004e5ed0,0x00410160,A
0x004e6848,0x00410160,A
0x004e66f4,0x00410160,R
0x004e5ed0,0x00410160,A
0x004e6844,0x00410160,R
0x004e5ed0,0x00410160,A
0x004e66f8,0x00410160,R
0x004e5ed0,0x00410160,A
0x004e5ed0,0x00410160,A
0x004e66fc,0x00410160,A
0x004e6848,0x00410160,R
0x004e6848,0x00410160,A
0x004e6844,0x00410160,R
0x004e6560,0x00410160,W
0x004e6564,0x00410160,W
0x004e6568,0x00410160,W
0x004e6984,0x00410160,W
0x004e66f4,0x00410160,R
0x004dad60,0x00410160,A
0x004e6224,0x00410160,W
0x004e6228,0x00410160,W
0x004e6224,0x00410160,R
0x004e622c,0x00410160,W
0x004e6234,0x00410160,A
0x004e6234,0x00410160,R
0x004e6234,0x00410160,A
0x004e6274,0x00410160,W
0x004e6270,0x00410160,R
0x004e6204,0x00410160,W
0x004e6208,0x00410160,W
0x004e6234,0x00410160,R
0x004e6234,0x00410160,A
0x004dad58,0x00410160,A
0x004ed804,0x00410160,R
0x004ed804,0x00410160,A
0x004ed804,0x00410160,R
0x004ed804,0x00410160,A
0x004e61f0,0x00410160,R
0x004e6a98,0x00410160,R
0x004e6a98,0x00410160,R
0x004e6a98,0x00410160,R
0x004e6a98,0x00410160,R
0x004e6a98,0x00410160,R
0x004dad4c,0x00410160,A
0x004e6a98,0x00410160,R
0x004e6a98,0x00410160,R
0x004dacbc,0x00410160,A
0x004e61f0,0x00410160,R
0x004ea654,0x00410160,R
0x004ea654,0x00410160,R
0x004ea654,0x00410160,R
0x004ea654,0x00410160,R
0x004dacec,0x00410160,A
0x004ed4e0,0x00410160,R
0x004e61f0,0x00410160,R
0x004ed4e0,0x00410160,R
0x004ed4e0,0x00410160,R
0x004e61f0,0x00410160,R
0x004ed4e0,0x00410160,R
0x004ed4e0,0x00410160,R
0x004ed4e0,0x00410160,R
0x004ed4e0,0x00410160,R
0x004ed4e0,0x00410160,R
0x004ed4e0,0x00410160,R
0x004ed4e0,0x00410160,R
0x004dad44,0x00410160,A
0x004e6dac,0x00410160,R
0x004dad3c,0x00410160,A
0x004e6db4,0x00410160,W
0x004e6db8,0x00410160,W
0x004e6dbc,0x00410160,W
0x004e6dc0,0x00410160,W
0x004e6dc4,0x00410160,W
0x004e6ed0,0x00410160,A
0x004e6ed0,0x00410160,R
0x004e7090,0x00410160,R
0x004e6f10,0x00410160,W
0x004e70d0,0x00410160,W
0x004e6e14,0x00410160,R
0x004e6e14,0x00410160,A
0x004e6e54,0x00410160,W
0x004e6dcc,0x00410160,A
0x004e6dcc,0x00410160,A
0x004e5ed0,0x00410160,A
0x004ea6d0,0x00410160,A
0x004e6e14,0x00410160,A
0x004e6ed0,0x00410160,R
0x004e7090,0x00410160,R
0x004e6ed0,0x00410160,A
0x004e6e14,0x00410160,R
0x004e6dc8,0x00410160,W
0x004ea5d0,0x00410160,W
0x004dad34,0x00410160,A
0x004eae34,0x00410160,A
0x004ed4e0,0x00410160,A
0x004dad2c,0x00410160,A
0x004ea660,0x00410160,A
0x004ea9e0,0x00410160,A
0x004e5ee4,0x00410160,W
0x004e6ab0,0x00410d10,W
0x004e6ab8,0x00410d10,W
0x004e6ab4,0x00410d10,W
0x004e6abc,0x00410d10,W
0x004e6ad0,0x00410d10,W
0x004e6ad4,0x00410d10,W
0x004e6aa0,0x00410d10,W
0x004e6ad0,0x00410d10,R
0x004e6aa4,0x00410d10,W
0x004e6ad8,0x00410d10,W
0x004e6aa8,0x00410d10,W
0x004e6aac,0x00410d10,W
0x004e6ad4,0x00410d10,R
0x004e6adc,0x00410d10,W
0x004e6ab0,0x00410d10,R
0x004e6ab4,0x00410d10,R
0x004e6ab8,0x00410d10,R
0x004e6aa0,0x00410d10,W
0x004e6ad0,0x00410d10,W
0x004e6abc,0x00410d10,R
0x004e6aa4,0x00410d10,W
0x004e6aa8,0x00410d10,W
0x004e6aac,0x00410d10,W
0x004e6ad4,0x00410d10,W
0x004e6ad8,0x00410d10,W
0x004e6adc,0x00410d10,W
0x004e6adc,0x00410d10,R
0x004e6ad8,0x00410d10,R
0x004e6ad0,0x00410d10,R
0x004e6ad4,0x00410d10,R
0x004e6ae8,0x00410d10,R
0x004e6ad0,0x00410d10,A
0x004e6ae8,0x00410d10,R
0x004e6ae0,0x00410d10,W
0x004e6ae4,0x00410d10,W
0x004e5ed0,0x00410e90,R
0x004e5ed4,0x00410e90,R
0x004e5ed0,0x00410e90,A
0x004e5ee8,0x00410e90,R
0x004e6ad0,0x00410e90,A
0x0057da2c,0x00410e90,W
0x004e5ed4,0x00410ed0,R
0x004e6e14,0x00410ed0,A
0x004e6ed0,0x00410ed0,R
0x004e7090,0x00410ed0,R
0x004e6ed0,0x00410ed0,A
0x004e6e14,0x00410ed0,R
0x004e5ed0,0x00410ed0,R
0x004e5ed0,0x00410ed0,A
0x004e6dc8,0x00410ed0,W
0x004ea5d0,0x00410ed0,W
0x004e5ee8,0x00410ed0,R
0x004e657c,0x00410ed0,R
0x004e657c,0x00410ed0,A
0x004e6844,0x00410ed0,R
0x004e6848,0x00410ed0,R
0x004e6848,0x00410ed0,A
0x004e6638,0x00410ed0,R
0x004e6638,0x00410ed0,A
0x004e66f4,0x00410ed0,R
0x004e66f8,0x00410ed0,R
0x004e66fc,0x00410ed0,R
0x004e66fc,0x00410ed0,A
0x0057da2c,0x00410ed0,W
0x004e61bc,0x00410ed0,W
0x004ea654,0x00410ed0,R
0x004e5ee8,0x00410fe0,R
0x004e5ed4,0x00410fe0,R
0x004e6560,0x00410fe0,R
0x004e6984,0x00410fe0,R
0x004e66f4,0x00410fe0,R
0x004e6844,0x00410fe0,R
0x004ea654,0x00410fe0,R
0x0056b42c,0x00410fe0,R
0x004e6840,0x00410fe0,R
0x004f0cc0,0x00410fe0,A
0x004e5ee8,0x00410fe0,R
0x0056b42c,0x00410fe0,R
0x0056b42c,0x00410fe0,R
0x004e5ed0,0x00410fe0,A
0x0056bd24,0x00410fe0,R
0x0056b42c,0x00410fe0,R
0x0056bd20,0x00410fe0,R
0x0056b42c,0x00410fe0,R
0x004e6db0,0x00410fe0,R
0x0056b42c,0x00410fe0,R
0x004ea658,0x00410fe0,R
0x0056b424,0x00410fe0,R
0x004ce760,0x00410fe0,R
0x004ce764,0x00410fe0,R
0x0056b42c,0x00410fe0,R
0x004e6234,0x00410fe0,R
0x004e6234,0x00410fe0,A
0x004e6e14,0x00410fe0,A
0x004e6ed0,0x00410fe0,R
0x004e7090,0x00410fe0,R
0x004e6ed0,0x00410fe0,A
0x004e6e14,0x00410fe0,R
0x004e6dc8,0x00410fe0,W
0x004ea5d0,0x00410fe0,W
0x004e61d4,0x00411170,R
0x004e61d0,0x00411170,R
0x004ce754,0x00411170,R
0x004ce754,0x00411170,R
0x004e61c4,0x00411170,R
0x004ce764,0x00411170,R
0x004ce760,0x00411170,R
0x004ce764,0x00411170,R
0x004ce760,0x00411170,R
0x004ce760,0x00411270,R
0x004ce760,0x00411270,R
0x004e6214,0x00411270,R
0x004e6218,0x00411270,R
0x004e620c,0x00411270,R
0x004e6210,0x00411270,R
0x004e621c,0x00411270,W
0x004e6208,0x00411270,R
0x004e6204,0x00411270,R
0x004e6220,0x00411270,W
0x004e6234,0x00411270,R
0x004e6234,0x00411270,A
0x004eda60,0x00411270,R
0x004eda60,0x00411270,W
0x004e6234,0x00411270,R
0x004e6234,0x00411270,A
0x004e6270,0x00411270,R
0x004e6234,0x00411270,R
0x004e6234,0x00411270,A
0x004e6234,0x00411270,R
0x004e6234,0x00411270,A
0x004e6270,0x00411270,R
0x004e6234,0x00411270,R
0x004e6234,0x00411270,A
0x004eda50,0x00411270,A
0x004cc674,0x00411270,R
0x004e6234,0x00411270,R
0x004e6234,0x00411270,A
0x004eda54,0x00411270,R
0x004e6234,0x00411270,A
0x004e6234,0x00411270,R
0x004eda54,0x00411270,W
0x004eda5c,0x00411270,R
0x004e6234,0x00411270,R
0x004e6234,0x00411270,A
0x004eda5c,0x00411270,W
0x004eda50,0x00411270,R
0x004e6234,0x00411270,A
0x004e6234,0x00411270,R
0x004eda50,0x00411270,W
0x004eda58,0x00411270,R
0x004e6234,0x00411270,R
0x004eda58,0x00411270,W
0x004e6234,0x00411270,A
0x004eda50,0x00411270,R
0x004e6234,0x00411270,R
0x004e6234,0x00411270,A
0x004eda54,0x00411270,R
0x004e6234,0x00411270,A
0x004e6234,0x00411270,R
0x004e6278,0x00411270,W
0x004eda50,0x00411270,A
0x004f3a88,0x00411270,R
0x004f36bc,0x00411270,R
0x004ce764,0x00411270,R
0x004ce764,0x00411270,R
0x004f36b8,0x00411270,R
0x004e61f8,0x00411270,W
0x004e61fc,0x00411270,W
0x004e6200,0x00411270,W
0x004e622c,0x00411270,R
0x004e6224,0x00411270,R
0x004e61f8,0x00411270,W
0x004e6228,0x00411270,R
0x004e61fc,0x00411270,W
0x004e6200,0x00411270,W
0x004e6234,0x00411270,A
0x004e61f8,0x00411270,R
0x004e61fc,0x00411270,R
0x004e6200,0x00411270,R
0x004e6ae0,0x00411270,R
0x004e6ae0,0x00411270,R
0x004e6ae4,0x00411270,R
0x004e6ae4,0x00411270,R
0x004e6ae0,0x00411270,R
0x004e6ae4,0x00411270,R
0x004e6ae0,0x00411270,R
0x004e6ae4,0x00411270,R
0x004e6234,0x00411270,R
0x004e6234,0x00411270,A
0x004e6234,0x00411270,R
0x004e6234,0x00411270,A
0x004e61f8,0x00411720,R
0x004e61fc,0x00411720,R
0x004e6200,0x00411720,R
0x004e6230,0x00411740,W
0x004e62f0,0x00411750,A
0x004e66f8,0x00411760,R
0x004e66fc,0x00411760,R
0x004e66fc,0x00411760,A
0x004cc500,0x00411760,R
0x004e6740,0x00411760,R
0x004e683c,0x00411760,W
0x004e6840,0x00411760,W
0x004e6734,0x00411760,W
0x004e6758,0x00411760,W
0x004e66f8,0x00411760,R
0x004e66fc,0x00411760,R
0x004e66fc,0x00411760,A
0x0056b42c,0x004117f0,R
0x004e683c,0x004117f0,R
0x004e683c,0x004117f0,W
0x004ce76c,0x004117f0,R
0x004e6834,0x004117f0,R
0x004cc500,0x004117f0,R
0x004e6740,0x004117f0,R
0x004e6840,0x004117f0,W
0x004e6734,0x004117f0,W
0x004e6758,0x004117f0,W
0x004e683c,0x004117f0,R
0x004ce770,0x004117f0,R
0x004e6834,0x004117f0,R
0x004cc500,0x004117f0,R
0x004e6740,0x004117f0,R
0x004e6734,0x004117f0,W
0x004e6758,0x004117f0,W
0x004e657c,0x004118b0,R
0x004e657c,0x004118b0,A
0x004ce774,0x004118b0,R
0x004ce778,0x004118b0,R
0x004e6730,0x004118b0,W
0x004e673c,0x004118b0,W
0x004e6748,0x004118b0,W
0x004e6754,0x004118b0,W
0x004e6984,0x00411900,R
0x004e66f4,0x00411900,R
0x004e6844,0x00411900,R
0x004e6bb0,0x00411900,R
0x004e6bb0,0x00411900,A
0x004e6564,0x00411900,R
0x004e6638,0x00411900,A
0x004e65b8,0x00411900,R
0x004e6560,0x00411900,W
0x004e6564,0x00411900,W
0x004e6568,0x00411900,W
0x004e6574,0x00411900,W
0x004e6570,0x00411900,W
0x004e657c,0x00411900,R
0x004e657c,0x00411900,A
0x004e6848,0x00411900,A
0x004e6578,0x00411900,W
0x004e6848,0x00411900,R
0x0057da2c,0x00411900,W
0x004e656c,0x00411900,R
0x004e6568,0x00411900,R
0x004e6564,0x00411900,W
0x004e6568,0x00411900,W
0x004e6638,0x00411900,A
0x004e6984,0x00411a20,R
0x004e6564,0x00411a20,R
0x004e66f4,0x00411a20,R
0x004e6560,0x00411a20,W
0x004e6564,0x00411a20,W
0x004e6568,0x00411a20,W
0x004e6844,0x00411a20,R
0x004e6638,0x00411a20,R
0x004e6638,0x00411a20,A
0x004e6570,0x00411a20,W
0x004e656c,0x00411a20,R
0x004e6568,0x00411a20,R
0x004e6564,0x00411a20,W
0x004e6568,0x00411a20,W
0x004e6570,0x00411a20,W
0x0056b42c,0x00411ac0,R
0x004e6568,0x00411ac0,R
0x004e6564,0x00411ac0,R
0x004e6568,0x00411ac0,W
0x004e6568,0x00411ac0,R
0x004e656c,0x00411ac0,R
0x004e6568,0x00411ac0,R
0x004e656c,0x00411ac0,R
0x004e6848,0x00411ac0,A
0x004ce764,0x00411ac0,R
0x004e6980,0x00411ac0,R
0x004e6888,0x00411ac0,R
0x004e6894,0x00411ac0,W
0x004e6848,0x00411ac0,R
0x004e68a0,0x00411ac0,W
0x004e657c,0x00411ac0,R
0x004e657c,0x00411ac0,A
0x004ed718,0x00411ac0,A
0x004e65b8,0x00411ac0,R
0x004e657c,0x00411ac0,R
0x004e657c,0x00411ac0,A
0x004e6578,0x00411ac0,W
0x004e6674,0x00411ac0,R
0x004ce764,0x00411ac0,R
0x004e6ab0,0x00411ac0,A
0x004e6888,0x00411ac0,R
0x004e6560,0x00411ac0,W
0x004e6564,0x00411ac0,W
0x004e6568,0x00411ac0,W
0x004e657c,0x00411ac0,R
0x004e657c,0x00411ac0,A
0x004ed718,0x00411ac0,A
0x004e65b8,0x00411ac0,R
0x004e657c,0x00411ac0,R
0x004e657c,0x00411ac0,A
0x004e6848,0x00411ac0,A
0x004e6578,0x00411ac0,W
0x004e6848,0x00411ac0,R
0x004e6bb0,0x00411ac0,R
0x004e6bb0,0x00411ac0,A
0x0057da2c,0x00411ac0,W
0x004e66f4,0x00411ac0,R
0x004e6844,0x00411ac0,R
0x004e6848,0x00411ac0,R
0x004e6848,0x00411ac0,A
0x004e6638,0x00411ac0,R
0x004e6638,0x00411ac0,A
0x004e6568,0x00411ac0,R
0x004e656c,0x00411ac0,R
0x004e6568,0x00411ac0,R
0x004e656c,0x00411ac0,R
0x004e6848,0x00411ac0,A
0x004e6980,0x00411ac0,R
0x004e6888,0x00411ac0,R
0x004e6894,0x00411ac0,W
0x004e6848,0x00411ac0,R
0x004e68a0,0x00411ac0,W
0x004e657c,0x00411ac0,R
0x004e657c,0x00411ac0,A
0x004e65b8,0x00411ac0,R
0x004e657c,0x00411ac0,R
0x004e657c,0x00411ac0,A
0x004e6578,0x00411ac0,W
0x004e6674,0x00411ac0,R
0x004ce764,0x00411ac0,R
0x004e6ab0,0x00411ac0,A
0x004e6638,0x00411ac0,R
0x004e6638,0x00411ac0,A
0x004ce758,0x00411ac0,R
0x004e6ab0,0x00411ac0,A
0x004e6888,0x00411ac0,R
0x004e6980,0x00411ac0,R
0x004e6848,0x00411ac0,R
0x004e6848,0x00411ac0,A
0x004e6564,0x00411ac0,W
0x004e6568,0x00411ac0,W
0x004e6894,0x00411ac0,W
0x004e68a0,0x00411ac0,W
0x004e657c,0x00411ac0,R
0x004e657c,0x00411ac0,A
0x004e65b8,0x00411ac0,R
0x004e657c,0x00411ac0,R
0x004e657c,0x00411ac0,A
0x004e66f4,0x00411ac0,R
0x004e6578,0x00411ac0,W
0x004e6844,0x00411ac0,R
0x004e6638,0x00411ac0,R
0x004e6638,0x00411ac0,A
0x004e6570,0x00411ac0,R
0x004ce75c,0x00411ac0,R
0x004e6568,0x00411ac0,R
0x004e6570,0x00411ac0,R
0x004e6560,0x00411ac0,W
0x004e657c,0x00411eb0,R
0x004e657c,0x00411eb0,A
0x004e6564,0x00411eb0,R
0x004e6848,0x00411eb0,R
0x004e6848,0x00411eb0,A
0x004e6564,0x00411eb0,R
0x004e66f4,0x00411eb0,R
0x004e6844,0x00411eb0,R
0x004e6638,0x00411eb0,R
0x004e6638,0x00411eb0,A
0x004ce764,0x00411f10,R
0x004ce75c,0x00411f10,R
0x004ce77c,0x00411f10,R
0x004e6dac,0x00411f10,R
0x004e6dac,0x00411f10,R
0x004e6dac,0x00411f10,R
0x004cc500,0x00411f10,R
0x004e6dac,0x00411f10,R
0x004ce780,0x00411f10,R
0x004e6dac,0x00411f10,R
0x004cc500,0x00411f10,R
0x004e6dac,0x00411f10,R
0x004dacbc,0x00411f10,A
0x004e6dac,0x00411f10,R
0x004e6a98,0x00412050,R
0x004dacbc,0x00412050,A
0x004e6dc8,0x00412070,R
0x004e6dcc,0x00412070,A
0x004e6dc8,0x00412070,W
0x004e6dcc,0x00412070,A
0x004e6e0c,0x00412070,A
0x004e6e08,0x00412070,A
0x004e6e08,0x00412070,A
0x004e6e14,0x00412070,A
0x004e6db8,0x00412070,R
0x004e6dcc,0x00412070,A
0x004e6e50,0x00412070,A
0x004e61c4,0x00412070,R
0x004e6ac4,0x00412070,R
0x004e6e14,0x00412070,A
0x004e6e14,0x00412070,A
0x004e6dbc,0x00412070,R
0x004e6dcc,0x00412070,A
0x004e6e50,0x00412070,A
0x004e61c4,0x00412070,R
0x004e61cc,0x00412070,R
0x004e6dcc,0x00412070,A
0x004e6e14,0x00412070,A
0x004e6e14,0x00412070,A
0x004e6dc0,0x00412070,R
0x004e6dcc,0x00412070,A
0x004e6e50,0x00412070,A
0x004e6e14,0x00412070,A
0x004e6dcc,0x00412070,A
0x004e6e14,0x00412070,A
0x004e6dc4,0x00412070,R
0x004e6dcc,0x00412070,A
0x004e6dcc,0x00412070,A
0x004e6578,0x00412070,R
0x004e6ac4,0x00412070,R
0x004e6e50,0x00412070,A
0x004e6e14,0x00412070,A
0x004e6e00,0x00412070,A
0x004e6e04,0x00412070,A
0x004e6dc8,0x004122c0,R
0x004e6dcc,0x004122c0,A
0x004e6dcc,0x004122c0,A
0x004e6af0,0x004122c0,W
0x004e6e00,0x004122c0,R
0x004e6fc0,0x004122c0,R
0x004e6e04,0x004122c0,R
0x004e6fc4,0x004122c0,R
0x004e6dcc,0x004122c0,R
0x004e6f8c,0x004122c0,R
0x004e621c,0x004122c0,R
0x004e6dcc,0x004122c0,R
0x004e6220,0x004122c0,R
0x004e6af0,0x004122c0,W
0x004ea5cc,0x004122c0,R
0x004e6db4,0x004122c0,R
0x004e6af0,0x004122c0,R
0x004e6ed0,0x004122c0,A
0x004e6af0,0x004122c0,R
0x004e6dcc,0x004122c0,R
0x004e6f0c,0x004122c0,R
0x004e6ed0,0x004122c0,R
0x004e6af0,0x004122c0,R
0x004e6dcc,0x004122c0,R
0x004e6af0,0x004122c0,R
0x004e6ed0,0x004122c0,A
0x004e6af0,0x004122c0,R
0x004e6ed0,0x004122c0,R
0x004e6ed0,0x004122c0,A
0x004e6af0,0x004122c0,R
0x004e6e04,0x004122c0,R
0x004e6af0,0x004124b0,W
0x004e6af0,0x004124b0,R
0x004e5ed4,0x004124b0,R
0x004e6564,0x004124b0,R
0x004ce75c,0x004124b0,R
0x004e6c6c,0x004124b0,R
0x004e6c6c,0x004124b0,A
0x004e6af0,0x004124b0,R
0x004e6af0,0x004124b0,R
0x004e6af0,0x004124b0,R
0x004ce764,0x004124b0,R
0x004ce764,0x004124b0,R
0x004ce75c,0x004124b0,R
0x004ce75c,0x004124b0,R
0x004e6da4,0x004124b0,R
0x004cc500,0x004124b0,R
0x004e6cb0,0x004124b0,R
0x004e6c6c,0x004124b0,A
0x004e6c6c,0x004124b0,R
0x004e6ca4,0x004124b0,W
0x004e6cc8,0x004124b0,W
0x004e6c6c,0x004124b0,R
0x004e6c6c,0x004124b0,A
0x004e6af0,0x00412620,R
0x004e6c6c,0x00412620,R
0x004e6c6c,0x00412620,A
0x004ead6c,0x00412650,A
0x004ea9e8,0x00412650,A
0x004ce784,0x00412650,R
0x004eaac8,0x00412650,A
0x004dae08,0x00412650,A
0x004cc500,0x00412650,R
0x004eaac8,0x00412650,A
0x004dacbc,0x00412650,A
0x004ea9e8,0x00412650,A
0x004ea9e8,0x004126e0,A
0x004eaabc,0x004126e0,A
0x004eaac0,0x004126e0,A
0x004eaab8,0x004126e0,A
0x004ead6c,0x004126e0,A
0x004ead6c,0x004126e0,A
0x004eaab8,0x004126e0,A
0x004eaac4,0x004126e0,A
0x004eaabc,0x004126e0,A
0x004ead6c,0x004126e0,A
0x004ead6c,0x004126e0,A
0x004ea9e8,0x00412790,A
0x004ead84,0x00412790,A
0x004ead84,0x00412790,A
0x004ea9e8,0x004127d0,A
0x004eaac8,0x004127d0,A
0x004e5ce0,0x004127d0,A
0x004ea9e8,0x004127d0,A
0x004ea9e0,0x00412820,R
0x004ea9e4,0x00412820,R
0x004ea9e8,0x00412820,A
0x004eaac0,0x00412820,A
0x004eaabc,0x00412820,A
0x004eaab8,0x00412820,A
0x004ead6c,0x00412820,A
0x004ead6c,0x00412820,A
0x004eaab8,0x00412820,A
0x004eaac4,0x00412820,A
0x004eaabc,0x00412820,A
0x004ead6c,0x00412820,A
0x004ead6c,0x00412820,A
0x004ce75c,0x00412820,R
0x004ea9e0,0x00412820,W
0x004ea9e4,0x00412820,W
0x004ea9e8,0x00412820,A
0x004eaabc,0x00412820,A
0x004eaac0,0x00412820,A
0x004eaab8,0x00412820,A
0x004ead6c,0x00412820,A
0x004ead6c,0x00412820,A
0x004eaac4,0x00412820,A
0x004eaab8,0x00412820,A
0x004eaabc,0x00412820,A
0x004ead6c,0x00412820,A
0x004ead6c,0x00412820,A
0x004ea9e0,0x00412820,R
0x004ead6c,0x00412820,A
0x004ea9e8,0x00412820,A
0x004ce784,0x00412820,R
0x004eaac8,0x00412820,A
0x004dae08,0x00412820,A
0x004cc500,0x00412820,R
0x004eaac8,0x00412820,A
0x004dacbc,0x00412820,A
0x004ea9e8,0x00412820,A
0x004eaef0,0x00412820,A
0x004eae34,0x00412820,A
0x004eaf08,0x00412820,R
0x004eaf0c,0x00412820,R
0x004eb1c4,0x00412820,A
0x004eaf04,0x00412820,W
0x004eb1b8,0x00412820,W
0x004eb1b8,0x00412820,W
0x004eaf10,0x00412820,R
0x004eaf04,0x00412820,R
0x004eaf08,0x00412820,W
0x004eb1c4,0x00412820,A
0x004eb1b8,0x00412820,W
0x004eb1b8,0x00412820,W
0x004eb1b8,0x00412820,R
0x004ce784,0x00412820,R
0x004eaf14,0x00412820,R
0x004dae08,0x00412820,A
0x004eaf14,0x00412820,A
0x004cc500,0x00412820,R
0x004eaf14,0x00412820,R
0x004dacbc,0x00412820,A
0x004eaf14,0x00412820,A
0x004eae34,0x00412820,R
0x004eae34,0x00412820,A
0x004ea9e0,0x00412820,W
0x004ea9e4,0x00412820,W
0x004ce988,0x00412b60,A
0x004ce968,0x00412b60,A
0x004dae0c,0x00412c10,A
0x004f0db4,0x00412db0,R
0x004ce988,0x00412ea0,A
0x004ce9a8,0x00412ea0,A
0x004dae14,0x00412f70,A
0x004e61f4,0x00412f70,R
0x004e61f4,0x00412f70,R
0x004e65b8,0x004132b0,R
0x004e657c,0x004132b0,R
0x004e657c,0x004132b0,A
0x004e6578,0x004132b0,R
0x004e657c,0x004132b0,R
0x004e657c,0x004132b0,A
0x004e65b8,0x004132b0,R
0x004e62f0,0x004132b0,A
0x004e62f0,0x004132b0,A
0x004e5ed0,0x00413540,A
0x004e6588,0x00413540,R
0x004e6708,0x00413540,R
0x004e66f8,0x00413540,R
0x004e6588,0x00413540,W
0x004e6708,0x00413540,W
0x004e6bbc,0x00413540,R
0x004eb1d0,0x00413540,A
0x004e6bbc,0x00413540,W
0x004eb200,0x00413540,R
0x004eb64c,0x00413540,R
0x004eb1d0,0x00413540,R
0x004eb61c,0x00413540,R
0x004eb1d0,0x00413540,W
0x004eb61c,0x00413540,W
0x004ed87c,0x00413540,A
0x004e5ee8,0x00413630,R
0x004e5ed4,0x00413660,R
0x004e61bc,0x00413660,W
0x004e5ee8,0x00413660,R
0x004e5ee8,0x00413660,W
0x004e5ee0,0x004136b0,R
0x004ed718,0x004136b0,A
0x004eda68,0x004136b0,A
0x004e5e90,0x00413700,A
0x004edb70,0x00413730,R
0x004edb70,0x00413730,R
0x004e5e90,0x00413730,A
0x004edb70,0x00413730,W
0x004ea658,0x00413770,R
0x004e6db0,0x004137a0,R
0x004e5ce0,0x004137c0,A
0x004e6db0,0x004137f0,R
0x004e6db0,0x004137f0,R
0x004e6db0,0x004137f0,R
0x004e6db0,0x004137f0,R
0x004e6db0,0x004137f0,R
0x004e6db0,0x004137f0,R
0x0056bd24,0x004138d0,R
0x0056bd20,0x004138f0,R
0x0056bd24,0x00413910,R
0x0056bd24,0x00413910,R
0x0056bd20,0x00413910,R
0x0056bd20,0x00413910,R
0x0056bd24,0x00413950,R
0x0056bd24,0x00413950,R
0x0056bd20,0x00413950,R
0x0056bd20,0x00413950,R
0x004e5ce0,0x00413990,A
0x004da634,0x00413d30,A
0x004da634,0x00413d30,R
0x004da636,0x00413d30,R
0x004da635,0x00413d30,R
0x004da637,0x00413d30,R
0x004da634,0x00413d30,A
0x004da634,0x00413d30,R
0x004da636,0x00413d30,R
0x004da635,0x00413d30,R
0x004da637,0x00413d30,R
0x004dae1c,0x00413ec0,A
0x004e5ed0,0x00413ec0,A
0x004e5ed0,0x00413ec0,A
0x004ed8cc,0x00414070,R
0x004ed8cc,0x00414070,A
0x004ed8cc,0x00414070,R
0x004ed8cc,0x00414070,A
0x004e61f0,0x00414070,R
0x004ed5c8,0x00414180,R
0x004ed5c4,0x00414180,R
0x004ed560,0x00414180,A
0x004ed5d0,0x00414180,W
0x004ed5c8,0x00414180,W
0x004ed5c8,0x00414180,W
0x004dae20,0x00414180,A
0x004dadd8,0x00414180,A
0x004cc4f4,0x00414180,R
0x004cc4f8,0x00414180,R
0x004cc4fc,0x00414180,R
0x004ed5d0,0x00414180,R
0x004ed5c4,0x00414210,W
0x004ed5c8,0x00414210,W
0x004ed4fc,0x00414210,W
0x004ed500,0x00414210,W
0x004ed504,0x00414210,W
0x004ed508,0x00414210,W
0x004ed50c,0x00414210,W
0x004ed510,0x00414210,W
0x004ed514,0x00414210,W
0x004ed518,0x00414210,W
0x004ed51c,0x00414210,W
0x004ed520,0x00414210,W
0x004ed524,0x00414210,W
0x004ed528,0x00414210,W
0x004ed52c,0x00414210,W
0x004ed530,0x00414210,W
0x004ed534,0x00414210,W
0x004ed538,0x00414210,W
0x004ed53c,0x00414210,W
0x004ed540,0x00414210,W
0x004ed544,0x00414210,W
0x004ed560,0x00414210,A
0x004ed4fc,0x00414210,R
0x004ed500,0x00414210,R
0x004ce7d4,0x00414210,R
0x004ed568,0x00414210,A
0x004ed560,0x00414210,W
0x004ed564,0x00414210,W
0x004ed5c4,0x00414210,R
0x004edb58,0x00414300,R
0x004edb5c,0x00414300,R
0x004edb60,0x00414300,R
0x004edb64,0x00414300,R
0x004e5ce0,0x00414330,A
0x004e5ce0,0x00414330,A
0x004dae34,0x00414330,A
0x004cc5c4,0x00414330,R
0x004ed4e0,0x00414390,R
0x004ed4e0,0x004143a0,R
0x004ed4e0,0x004143b0,R
0x004ed4e0,0x004143c0,R
0x004edb78,0x00414a70,A
0x004e48f4,0x00414ab0,R
0x004dae4c,0x00414ab0,A
0x004e48f8,0x00414ab0,A
0x004ce9c8,0x00414ab0,A
0x004f3a88,0x00414b60,R
0x004f3a88,0x00414b90,R
0x004ceda0,0x00414bc0,A
0x004ced18,0x00414bc0,A
0x004cec90,0x00414bc0,A
0x004cec08,0x00414bc0,A
0x004ceb80,0x00414bc0,A
0x004ceaf8,0x00414bc0,A
0x004cea70,0x00414bc0,A
0x004ce9e8,0x00414bc0,A
0x004ce9d8,0x00414bc0,A
0x004daed0,0x00414bc0,A
0x004da3b8,0x00414bc0,A
0x004daec8,0x00414bc0,A
0x004daebc,0x00414bc0,A
0x004daeb4,0x00414bc0,A
0x004da95c,0x00414bc0,A
0x004da964,0x00414bc0,A
0x004f3a88,0x00414bc0,R
0x004daea8,0x00414bc0,A
0x004da3b8,0x00414bc0,A
0x004daea0,0x00414bc0,A
0x004dae94,0x00414bc0,A
0x004dae88,0x00414bc0,A
0x004da3b8,0x00414bc0,A
0x004daea0,0x00414bc0,A
0x004dae7c,0x00414bc0,A
0x004dae94,0x00414bc0,A
0x004daec8,0x00414bc0,A
0x004daebc,0x00414bc0,A
0x004daeb4,0x00414bc0,A
0x004da95c,0x00414bc0,A
0x004da964,0x00414bc0,A
0x004ced08,0x00414bc0,R
0x004cec80,0x00414bc0,R
0x004dae70,0x00414bc0,A
0x004da3b8,0x00414bc0,A
0x004daea0,0x00414bc0,A
0x004dae94,0x00414bc0,A
0x004daec8,0x00414bc0,A
0x004daebc,0x00414bc0,A
0x004daeb4,0x00414bc0,A
0x004da964,0x00414bc0,A
0x004cec80,0x00414bc0,R
0x004f3ca8,0x00414fa0,A
0x004edc58,0x00415110,A
0x004edc64,0x00415140,R
0x004cee28,0x00415170,A
0x004cee28,0x004151b0,A
0x004ccd50,0x004151b0,A
0x0056bbe8,0x00415220,R
0x0056bbfc,0x00415220,R
0x004cee50,0x00415220,A
0x004da3d8,0x00415220,A
0x004edc50,0x00415220,W
0x004edc6c,0x00415630,R
0x004edc6c,0x00415630,W
0x004edc64,0x00415650,W
0x004edc58,0x00415650,A
0x004f3ca8,0x00415650,A
0x004edc68,0x00415670,W
0x004cef00,0x00415680,A
0x004cee78,0x00415680,A
0x004daef4,0x00415680,A
0x004da3b8,0x00415680,A
0x004cee68,0x00415680,A
0x004daee8,0x00415680,A
0x004daedc,0x00415680,A
0x004f3ca8,0x00415740,A
0x004edc50,0x00415740,W
0x004f3ca8,0x00415740,A
0x004f3e78,0x00415740,A
0x004f3ca8,0x00415740,A
0x004f3d7c,0x00415740,W
0x004edc48,0x00415820,A
0x004cef88,0x00415850,A
0x004cef88,0x00415880,A
0x004ccd50,0x00415880,A
0x004cc0b0,0x00415960,R
0x004edc48,0x004159b0,A
0x004f3ca8,0x004159b0,A
0x004cefb0,0x004159e0,R
0x004cefb0,0x004159e0,R
0x004cefb0,0x004159e0,R
0x004cee50,0x00415aa0,A
0x004cc5b4,0x00415ac0,R
0x004cc4e0,0x00415bd0,R
0x004cc5dc,0x00415bd0,R
0x004cefb8,0x00415d30,R
0x004cefc0,0x00415d30,R
0x004f0c8c,0x00415d30,R
0x004f0c88,0x00415d30,R
0x004f0c7c,0x00415d30,R
0x004f0c78,0x00415d30,R
0x004f0c78,0x00415fb0,W
0x004f0c7c,0x00415fb0,W
0x004f0c80,0x00415fb0,W
0x004f0c88,0x00415fb0,W
0x004f0c8c,0x00415fb0,W
0x004f0c90,0x00415fb0,W
0x004f0c88,0x00415fb0,A
0x004f0c78,0x00415fb0,A
0x004f0c88,0x00415fb0,A
0x004f0c78,0x00415fb0,A
0x004cefc8,0x00416390,R
0x004cefc8,0x00416390,R
0x004e0e84,0x00416480,R
0x004edc78,0x00416480,A
0x00566950,0x00416480,R
0x004edc78,0x00416480,A
0x004edc78,0x00416480,W
0x004edc7c,0x00416480,W
0x004edc7c,0x00416480,W
0x004edc7d,0x00416480,W
0x004e0e88,0x00416480,R
0x004edc78,0x00416480,A
0x004edc84,0x00416480,A
0x00566868,0x00416480,R
0x004edc78,0x00416480,W
0x004edc80,0x00416480,W
0x004edc7c,0x00416480,W
0x004edc78,0x00416480,R
0x004edc78,0x00416480,A
0x004edc78,0x00416480,A
0x004edc7c,0x00416480,R
0x004edc7c,0x00416480,A
0x004edc80,0x00416480,R
0x004edc80,0x00416480,A
0x004edc84,0x00416480,A
0x004edc78,0x00416480,A
0x004edc78,0x00416480,R
0x004edc84,0x00416480,R
0x004edc7c,0x00416480,R
0x004edc88,0x00416480,R
0x004edc84,0x00416480,R
0x004edc90,0x00416480,R
0x004edc80,0x00416480,R
0x004edc8c,0x00416480,R
0x004edc88,0x00416480,R
0x004edc94,0x00416480,R
0x004edc8c,0x00416480,R
0x004edc98,0x00416480,R
0x004cc5b4,0x004167a0,R
0x004cc4e0,0x004168d0,R
0x004daf20,0x004168d0,A
0x004daf04,0x004168d0,A
0x004daf54,0x004169d0,A
0x004cc5b8,0x004169d0,R
0x004cc5e4,0x004169d0,R
0x004cc5c0,0x004169d0,R
0x004f0c98,0x00416b30,R
0x004f0c98,0x00416b30,W
0x004f0c98,0x00416b30,W
0x004f0c98,0x00416b30,W
0x004cefd4,0x00416be0,R
0x004f3a88,0x00416d50,R
0x004cefc0,0x00416f10,R
0x004f3a88,0x00416f10,R
0x004cefd8,0x00417130,R
0x004cefd8,0x00417130,R
0x004f3a7c,0x00417130,R
0x004daf84,0x00417260,A
0x004cc5c4,0x00417260,R
0x004daf78,0x00417260,A
0x004daf6c,0x00417260,A
0x004daf5c,0x00417260,A
0x004f0cc0,0x00417360,A
0x004daf9c,0x00417430,A
0x004dafa8,0x004174f0,A
0x004daf94,0x004174f0,A
0x004dafc4,0x00417640,A
0x004dafb8,0x00417640,A
0x004dafcc,0x004176b0,A
0x0056bd58,0x004176f0,A
0x004db034,0x00417810,A
0x004edb78,0x00417810,A
0x004db028,0x00417810,A
0x004db020,0x00417810,A
0x004edb78,0x00417810,A
0x004db01c,0x00417810,A
0x004f0ca0,0x00417810,A
0x004cc5c4,0x00417810,R
0x004f0ca0,0x00417810,A
0x004db014,0x00417810,A
0x004db00c,0x00417810,A
0x004db004,0x00417810,A
0x004daffc,0x00417810,A
0x004f3764,0x00417a00,W
0x00779aa0,0x00417a00,W
0x004db0a0,0x00417a00,A
0x004db094,0x00417a00,A
0x004db088,0x00417a00,A
0x004db07c,0x00417a00,A
0x004db074,0x00417a00,A
0x004db06c,0x00417a00,A
0x004f36a4,0x00417a00,R
0x004f3754,0x00417a00,W
0x004db054,0x00417a00,A
0x004dafa8,0x00417a00,A
0x004db048,0x00417a00,A
0x004f0cc0,0x00417a00,A
0x0056bbe8,0x00417a00,R
0x004f3a88,0x00417a00,R
0x004db15c,0x00417d40,A
0x004db14c,0x00417d40,A
0x004db138,0x00417d40,A
0x004db128,0x00417d40,A
0x004db118,0x00417d40,A
0x004db108,0x00417d40,A
0x004db0f4,0x00417d40,A
0x004cc5c4,0x00417d40,R
0x004db0e0,0x00417d40,A
0x004db0d0,0x00417d40,A
0x004db0c0,0x00417d40,A
0x004db01c,0x00417d40,A
0x004f0cb0,0x00417d40,A
0x004f0cb0,0x00417d40,A
0x004db0ac,0x00417d40,A
0x004dadf4,0x00417f90,A
0x004db230,0x00417f90,A
0x004db21c,0x00417f90,A
0x004cc5c4,0x00417f90,R
0x004db210,0x00417f90,A
0x004db200,0x00417f90,A
0x004db1f0,0x00417f90,A
0x004db1e4,0x00417f90,A
0x004cc5c4,0x00417f90,R
0x004cc5a0,0x00417f90,R
0x004cc5a0,0x00417f90,R
0x004cc5a0,0x00417f90,R
0x004db1d8,0x00417f90,A
0x004db1a0,0x00417f90,A
0x004db230,0x00417f90,A
0x004db174,0x00417f90,A
0x004db230,0x00417f90,A
0x004db2f4,0x00418230,A
0x004db1e4,0x00418230,A
0x004cc5c4,0x00418230,R
0x004db2ec,0x00418230,A
0x004db2bc,0x00418230,A
0x004db230,0x00418230,A
0x004db2b0,0x00418230,A
0x004db27c,0x00418230,A
0x004db230,0x00418230,A
0x004db270,0x00418230,A
0x004db1e4,0x00418230,A
0x004cc5c4,0x00418230,R
0x004db260,0x00418230,A
0x004db250,0x00418230,A
0x0056b430,0x004184e0,R
0x004f0d94,0x00418620,R
0x00779aa0,0x00418760,R
0x004cefe0,0x00418760,R
0x004cefe4,0x00418760,R
0x004db304,0x00418760,A
0x004cc5c4,0x00418760,R
0x004f3a88,0x004188f0,R
0x004db3ec,0x00418940,R
0x004db3f0,0x00418940,R
0x004db3f4,0x00418940,R
0x004db3e4,0x00418940,A
0x004db3e4,0x00418940,R
0x004db3e5,0x00418940,R
0x004db3e4,0x00418940,R
0x004db3e4,0x00418940,R
0x004db3d8,0x00418940,A
0x004db3d8,0x00418940,R
0x004db3d9,0x00418940,R
0x004db3d0,0x00418940,A
0x004db3d0,0x00418940,R
0x004db3d1,0x00418940,R
0x004db3c8,0x00418940,A
0x004db3bc,0x00418940,A
0x004db3c8,0x00418940,R
0x004db3c9,0x00418940,R
0x004db3bc,0x00418940,R
0x004db3b4,0x00418940,A
0x004db3b4,0x00418940,R
0x004db3b5,0x00418940,R
0x004db3ac,0x00418940,A
0x004db3ac,0x00418940,R
0x004db3ad,0x00418940,R
0x004cefe8,0x00418940,R
0x004cefec,0x00418940,R
0x004ceff0,0x00418940,R
0x004db350,0x00418940,A
0x004cc5c4,0x00418940,R
0x004cefec,0x00418940,R
0x004ceff0,0x00418940,R
0x004db310,0x00418940,A
0x004cc5c4,0x00418940,R
0x0056b430,0x00418940,R
0x004daf98,0x00418c30,A
0x004f3a88,0x00418c70,R
0x0056b430,0x00418c70,R
0x004ceff8,0x00418d40,R
0x004f3a88,0x00418d40,R
0x0056b428,0x00418d40,R
0x0056b430,0x00418d40,R
0x004daf94,0x00418d40,A
0x004f3294,0x00418d40,W
0x0056b430,0x00418d40,R
0x004cf000,0x00418d40,R
0x0056b430,0x00418d40,R
0x0056b430,0x00418d40,R
0x0056b430,0x00418d40,R
0x004f3a88,0x00418d40,R
0x004f36a4,0x00418fb0,R
0x004e5dec,0x00418fb0,W
0x004f3e80,0x00419010,A
0x004f3ea8,0x00419010,W
0x004f3e80,0x00419010,A
0x004f3ca8,0x00419010,A
0x004dadf4,0x00419050,A
0x004db230,0x00419050,A
0x004db454,0x00419050,A
0x004cc5c4,0x00419050,R
0x004db448,0x00419050,A
0x004db440,0x00419050,A
0x004db438,0x00419050,A
0x004db438,0x00419050,R
0x004db43a,0x00419050,R
0x004db439,0x00419050,R
0x004db43b,0x00419050,R
0x004db430,0x00419050,A
0x004db430,0x00419050,R
0x004db432,0x00419050,R
0x004db431,0x00419050,R
0x004db433,0x00419050,R
0x004db428,0x00419050,A
0x004db41c,0x00419050,A
0x004db410,0x00419050,A
0x004db408,0x00419050,A
0x004db3f8,0x00419050,A
0x0056bd58,0x00419050,A
0x004dadf4,0x004192d0,A
0x004db230,0x004192d0,A
0x004db478,0x004193c0,A
0x004db46c,0x004193c0,A
0x004db460,0x004193c0,A
0x004db4a4,0x00419500,A
0x004da3b8,0x00419500,A
0x004db498,0x00419500,A
0x004db48c,0x00419500,A
0x0056bd24,0x00419500,R
0x0056bd24,0x00419650,R
0x004f329c,0x00419740,R
0x004cf0b0,0x00419740,A
0x004cf028,0x00419740,A
0x004cf018,0x00419740,A
0x004f329c,0x00419740,W
0x004f329c,0x00419740,R
0x004f3e48,0x00419800,A
0x004f3ca8,0x00419800,A
0x004f3e78,0x00419830,A
0x004f3ca8,0x00419830,A
0x004cf9e8,0x00419aa0,A
0x004cf960,0x00419aa0,A
0x004cf8d0,0x00419aa0,A
0x004cf848,0x00419aa0,A
0x004cf7c0,0x00419aa0,A
0x004cf738,0x00419aa0,A
0x004cf6a8,0x00419aa0,A
0x004cf620,0x00419aa0,A
0x004cf598,0x00419aa0,A
0x004cf508,0x00419aa0,A
0x004cf480,0x00419aa0,A
0x004cf3f8,0x00419aa0,A
0x004cf368,0x00419aa0,A
0x004cf2e0,0x00419aa0,A
0x004cf258,0x00419aa0,A
0x004cf1d0,0x00419aa0,A
0x004cf148,0x00419aa0,A
0x004db5a4,0x00419aa0,A
0x004da3b8,0x00419aa0,A
0x004cf138,0x00419aa0,A
0x004db594,0x00419aa0,A
0x004db588,0x00419aa0,A
0x004db580,0x00419aa0,A
0x004db578,0x00419aa0,A
0x004db56c,0x00419aa0,A
0x004db564,0x00419aa0,A
0x004db558,0x00419aa0,A
0x004db54c,0x00419aa0,A
0x004db540,0x00419aa0,A
0x004db530,0x00419aa0,A
0x004db520,0x00419aa0,A
0x004db518,0x00419aa0,A
0x004db50c,0x00419aa0,A
0x004db500,0x00419aa0,A
0x004db4f4,0x00419aa0,A
0x004db4e4,0x00419aa0,A
0x004db4d4,0x00419aa0,A
0x004db4c8,0x00419aa0,A
0x004db4bc,0x00419aa0,A
0x004db4b4,0x00419aa0,A
0x004cc5c4,0x00419aa0,R
0x004cf948,0x00419aa0,R
0x004cc5c4,0x00419aa0,R
0x004dacbc,0x00419aa0,A
0x004dacbc,0x00419aa0,A
0x004cf3e0,0x00419aa0,R
0x004cf358,0x00419aa0,R
0x004cf2d0,0x00419aa0,R
0x004dacbc,0x00419aa0,A
0x004cf3e0,0x00419aa0,R
0x004cf358,0x00419aa0,R
0x004cf2d0,0x00419aa0,R
0x004f3ca8,0x0041a160,A
0x004f3e78,0x0041a160,A
0x004f3ca8,0x0041a160,A
0x004cfa70,0x0041a190,A
0x004e5ce0,0x0041a190,A
0x004cfa70,0x0041a200,A
0x004e5ce0,0x0041a200,A
0x004cfb00,0x0041a200,A
0x004cfb90,0x0041a2a0,A
0x004cc5d0,0x0041a2a0,R
0x004cc5d4,0x0041a2d0,R
0x004dacbc,0x0041a2d0,A
0x004cc5c4,0x0041a2d0,R
0x004dacbc,0x0041a350,A
0x004cc5c4,0x0041a350,R
0x004f3df4,0x0041a5b0,W
0x004f0cc0,0x0041a5b0,A
0x004cfba4,0x0041a5b0,R
0x004f3ca8,0x0041a5b0,A
0x004f0cc0,0x0041a5b0,A
0x004f3ca8,0x0041a5b0,A
0x004dacbc,0x0041a820,A
0x004cc5c4,0x0041a820,R
0x004dacbc,0x0041a9c0,A
0x004cc5c4,0x0041a9c0,R
0x004f32a0,0x0041ab70,A
0x004cfba8,0x0041aba0,A
0x004cfba8,0x0041abe0,A
0x004ccd50,0x0041abe0,A
0x004da3d8,0x0041ac50,A
0x004cc0b0,0x0041ad20,R
0x004da3d8,0x0041ad20,A
0x004f32a8,0x0041ad80,W
0x004f32a0,0x0041ad80,A
0x004f3ca8,0x0041ad80,A
0x004cffb0,0x0041ada0,A
0x004cfee8,0x0041ada0,A
0x004cfee8,0x0041ada0,A
0x004cfe10,0x0041ada0,A
0x004cfd40,0x0041ada0,A
0x004e5ce0,0x0041ada0,A
0x004cfc68,0x0041ada0,A
0x004cc65c,0x0041b150,R
0x004cc654,0x0041b510,R
0x004cc65c,0x0041b510,R
0x004cc654,0x0041b680,R
0x004f3760,0x0041bab0,R
0x004f3760,0x0041bab0,R
0x004db5ec,0x0041bb30,A
0x004f3a88,0x0041bd20,R
0x004f36d4,0x0041bd20,R
0x004f36d0,0x0041bd20,R
0x004f3a88,0x0041bd20,R
0x004f3a88,0x0041bd20,R
0x004f3a88,0x0041bd20,R
0x004d0120,0x0041bd80,A
0x004d0098,0x0041bd80,A
0x004db5fc,0x0041bd80,A
0x004da3b8,0x0041bd80,A
0x004d0088,0x0041bd80,A
0x004db5f4,0x0041bd80,A
0x004da934,0x0041bd80,A
0x004f32bc,0x0041bd80,W
0x004d008c,0x0041bd80,R
0x004f3e78,0x0041be70,A
0x004f3ca8,0x0041be70,A
0x004f32c0,0x0041bf10,R
0x004f32bc,0x0041bf40,R
0x004f32bc,0x0041bfa0,W
0x004f32c0,0x0041c000,W
0x004f32c0,0x0041c000,W
0x004f32c0,0x0041c070,R
0x004f32c0,0x0041c080,R
0x0056b424,0x0041c080,R
0x004f32c0,0x0041c0a0,R
0x004f32c0,0x0041c0a0,W
0x004cc65c,0x0041c0c0,R
0x004cc678,0x0041c0c0,R
0x004cc65c,0x0041c130,R
0x004db638,0x0041c170,A
0x004db628,0x0041c170,A
0x004db618,0x0041c170,A
0x004db618,0x0041c170,A
0x004db60c,0x0041c170,A
0x004db604,0x0041c170,A
0x004db604,0x0041c170,A
0x004ced18,0x0041c290,A
0x004d0320,0x0041c290,A
0x004d0290,0x0041c290,A
0x004d0208,0x0041c290,A
0x004db664,0x0041c290,A
0x004da3b8,0x0041c290,A
0x004d01f8,0x0041c290,A
0x004da95c,0x0041c290,A
0x004db65c,0x0041c290,A
0x004db654,0x0041c290,A
0x004db648,0x0041c290,A
0x004f3e80,0x0041c500,A
0x004f3ca8,0x0041c500,A
0x004f3ca8,0x0041c500,A
0x004f3e80,0x0041c500,A
0x004f3ca8,0x0041c500,A
0x004f32c8,0x0041c5f0,A
0x004f32c8,0x0041c5f0,A
0x004f32c8,0x0041c5f0,W
0x004d03a8,0x0041c5f0,A
0x004f32cc,0x0041c5f0,W
0x004d03a8,0x0041c630,A
0x004ccd50,0x0041c630,A
0x004f32c8,0x0041c6c0,A
0x004f3ca8,0x0041c6c0,A
0x004d04f8,0x0041c6e0,A
0x004d04f8,0x0041c6e0,A
0x004d04f8,0x0041c6e0,A
0x004cfd40,0x0041c6e0,A
0x004e5ce0,0x0041c6e0,A
0x004d0420,0x0041c6e0,A
0x004db6cc,0x0041c990,A
0x004f32d8,0x0041c990,A
0x004db6bc,0x0041c990,A
0x004f32dc,0x0041c990,A
0x004db6b0,0x0041c990,A
0x004f32e0,0x0041c990,A
0x004db6a4,0x0041c990,A
0x004f32e4,0x0041c990,A
0x004db694,0x0041c990,A
0x004f32e8,0x0041c990,A
0x004db684,0x0041c990,A
0x004f32ec,0x0041c990,A
0x004db674,0x0041c990,A
0x004f32f0,0x0041c990,A
0x004db6d8,0x0041ca30,A
0x004cc65c,0x0041ca30,R
0x004f32d8,0x0041ca30,A
0x004f32d8,0x0041ca30,R
0x004f32dc,0x0041ca30,R
0x004f32f4,0x0041ca30,A
0x004cc65c,0x0041cb50,R
0x004cc65c,0x0041cb90,R
0x004db708,0x0041cca0,A
0x004db708,0x0041cca0,R
0x004db738,0x0041cca0,R
0x004db708,0x0041cca0,W
0x004dbe88,0x0041cca0,A
0x004f3318,0x0041ccd0,A
0x004f32f8,0x0041ccd0,A
0x004f3308,0x0041ccd0,A
0x004f3328,0x0041ccf0,W
0x004dc1b8,0x0041ccf0,A
0x004cc5c4,0x0041ccf0,R
0x004db704,0x0041ccf0,A
0x004db6f0,0x0041ccf0,R
0x004db720,0x0041ccf0,R
0x004dc1b0,0x0041ccf0,A
0x004db700,0x0041ccf0,W
0x004db704,0x0041ccf0,W
0x004db6fc,0x0041ccf0,W
0x004db6f0,0x0041ccf0,R
0x004db6f4,0x0041ccf0,R
0x004dadf4,0x0041ccf0,A
0x004dc190,0x0041ccf0,A
0x004dc184,0x0041ccf0,A
0x004dc17c,0x0041ccf0,A
0x004db6e8,0x0041ccf0,A
0x004dc174,0x0041ccf0,A
0x004db704,0x0041ccf0,A
0x004db704,0x0041ccf0,A
0x004db708,0x0041ccf0,A
0x004db708,0x0041ccf0,A
0x004dc16c,0x0041ccf0,A
0x004d05b8,0x0041cf50,R
0x004f3314,0x0041cf50,R
0x004f330c,0x0041cf50,W
0x004f3310,0x0041cf50,R
0x004f3310,0x0041cf50,W
0x004f3314,0x0041cf50,W
0x0056b430,0x0041cf50,R
0x004f3324,0x0041cf50,R
0x004f331c,0x0041cf50,R
0x004f3324,0x0041cf50,R
0x004f3324,0x0041cf50,W
0x004f331c,0x0041cf50,W
0x004f3318,0x0041cf50,W
0x004f3320,0x0041cf50,W
0x004cc5b4,0x0041cf50,R
0x004cc5b4,0x0041cf50,R
0x004f3324,0x0041cf50,R
0x004f3324,0x0041cf50,W
0x004f3320,0x0041cf50,R
0x004f3320,0x0041cf50,W
0x004cc5b4,0x0041cf50,R
0x004db6e8,0x0041d0c0,A
0x004db710,0x0041d0c0,A
0x004f0cc0,0x0041d0c0,A
0x004db710,0x0041d0c0,A
0x004dc1b0,0x0041d0c0,A
0x004cc5c4,0x0041d0c0,R
0x004db704,0x0041d0c0,A
0x004db6e8,0x0041d220,A
0x004db6ec,0x0041d220,A
0x004d05bc,0x0041d220,R
0x004f3a88,0x0041d220,R
0x004f3a88,0x0041d220,R
0x004dc1c4,0x0041d220,A
0x004dc190,0x0041d220,A
0x004cc5c4,0x0041d220,R
0x004f3120,0x0041d650,R
0x004f3120,0x0041d650,W
0x004d05b8,0x0041d650,R
0x004d05b8,0x0041d650,R
0x004d05b8,0x0041d650,R
0x004cc5b4,0x0041d8a0,R
0x004f3328,0x0041d920,R
0x004cc5dc,0x0041d920,R
0x004db6f0,0x0041d920,A
0x004db6f0,0x0041d920,R
0x004db720,0x0041d920,R
0x004dbe70,0x0041d920,A
0x004db6e8,0x0041d920,A
0x004db718,0x0041d920,A
0x004f3324,0x0041d920,R
0x004f331c,0x0041d920,W
0x004f3320,0x0041d920,R
0x004f3320,0x0041d920,W
0x004f3324,0x0041d920,W
0x004dc1e0,0x0041dab0,A
0x004cc5c4,0x0041dab0,R
0x004db6e8,0x0041db40,A
0x004dc210,0x0041db60,A
0x004dc1ec,0x0041db60,A
0x004dc190,0x0041db60,A
0x004cc4d8,0x0041db60,R
0x004f3330,0x0041db60,R
0x004f3330,0x0041db60,R
0x004f3330,0x0041db60,W
0x004dc224,0x0041dc60,A
0x004dc218,0x0041dc60,A
0x004db6f8,0x0041dd60,A
0x004db6f8,0x0041dd60,R
0x004db728,0x0041dd60,R
0x004dc160,0x0041dd60,R
0x004dc162,0x0041dd60,R
0x004dc150,0x0041dd60,R
0x004dc161,0x0041dd60,R
0x004dc163,0x0041dd60,R
0x004dc151,0x0041dd60,R
0x004dbe78,0x0041dd60,A
0x004db6f0,0x0041dd60,R
0x004dc254,0x0041ddf0,A
0x004dc240,0x0041ddf0,A
0x004dc22c,0x0041ddf0,A
0x004dc254,0x0041ddf0,A
0x004dc254,0x0041ddf0,A
0x004f3a88,0x0041de30,R
0x004dba18,0x0041de70,A
0x004dba18,0x0041de70,R
0x004dba48,0x0041de70,R
0x004dba40,0x0041de70,W
0x004dba44,0x0041de70,W
0x004dbd18,0x0041de70,A
0x004f3318,0x0041de70,A
0x004dc260,0x0041de70,A
0x004cc4d4,0x0041de70,R
0x004d0788,0x0041de70,R
0x004d078c,0x0041de70,R
0x004d0790,0x0041de70,R
0x004f3330,0x0041de70,R
0x004dba18,0x0041de70,A
0x004dba44,0x0041de70,R
0x004dba74,0x0041de70,R
0x004f3124,0x0041de70,W
0x004dba18,0x0041de70,R
0x004dbce8,0x0041de70,A
0x004dc054,0x0041de70,R
0x004f3a88,0x0041de70,R
0x004dc056,0x0041de70,R
0x004d05b8,0x0041de70,R
0x004dba44,0x0041de70,W
0x004dbd18,0x0041de70,A
0x004f32f8,0x0041de70,A
0x004f331c,0x0041de70,R
0x004cc5dc,0x0041de70,R
0x004f3304,0x0041de70,R
0x004f32fc,0x0041de70,W
0x004f3300,0x0041de70,R
0x004f3300,0x0041de70,W
0x004f3304,0x0041de70,W
0x004db6e8,0x0041e1a0,A
0x004db6e8,0x0041e1c0,A
0x004db6f8,0x0041e1e0,A
0x004db6f8,0x0041e1e0,R
0x004db728,0x0041e1e0,R
0x004dc160,0x0041e1e0,R
0x004dc150,0x0041e1e0,R
0x004dc162,0x0041e1e0,R
0x004dc161,0x0041e1e0,R
0x004dc151,0x0041e1e0,R
0x004dc163,0x0041e1e0,R
0x004dbe78,0x0041e1e0,A
0x004f3318,0x0041e240,A
0x004f3330,0x0041e240,W
0x004f331c,0x0041e2f0,R
0x004f3318,0x0041e2f0,A
0x004f3ab0,0x0041e330,A
0x004f3ab0,0x0041e330,R
0x0057da28,0x0041e330,W
0x004f3328,0x0041e330,R
0x004f331c,0x0041e430,R
0x004f3a88,0x0041e480,R
0x004dbe68,0x0041e480,R
0x004dba44,0x0041e480,R
0x004dbe68,0x0041e480,R
0x004dbe68,0x0041e480,W
0x004dbe68,0x0041e480,W
0x004f3314,0x0041e5d0,R
0x004f330c,0x0041e5d0,R
0x0056b430,0x0041e5d0,R
0x004f3314,0x0041e5d0,R
0x004f330c,0x0041e5d0,R
0x004f3314,0x0041e5d0,R
0x004f3314,0x0041e5d0,W
0x004f330c,0x0041e5d0,W
0x004f3308,0x0041e5d0,W
0x004f3310,0x0041e5d0,W
0x004f3314,0x0041e5d0,R
0x004f3314,0x0041e5d0,W
0x004f3310,0x0041e5d0,R
0x004f3310,0x0041e5d0,W
0x004f331c,0x0041e780,R
0x004f3318,0x0041e840,A
0x004db6fc,0x0041e840,A
0x004db6fc,0x0041e840,W
0x004db72c,0x0041e840,W
0x004f331c,0x0041e890,R
0x004f32fc,0x0041e890,R
0x004f32f8,0x0041e890,A
0x004f3318,0x0041e890,A
0x004f3330,0x0041e960,R
0x004f3330,0x0041e960,W
0x004f3330,0x0041e970,R
0x004dba18,0x0041e980,A
0x004dba18,0x0041e980,R
0x004dba48,0x0041e980,R
0x004dc050,0x0041e980,R
0x004dc038,0x0041e980,R
0x004dc03a,0x0041e980,R
0x004dc051,0x0041e980,R
0x004dc039,0x0041e980,R
0x004dbd18,0x0041e980,A
0x004db6e8,0x0041e980,A
0x004db6e8,0x0041e980,A
0x004dba40,0x0041ea00,A
0x004dba40,0x0041ea00,R
0x004dba70,0x0041ea00,R
0x004dbd40,0x0041ea00,A
0x004dba68,0x0041ea00,R
0x004f3778,0x0041eb00,A
0x004d05c0,0x0041eb30,A
0x004f3650,0x0041eb60,A
0x004d0638,0x0041eb90,A
0x004f37b0,0x0041ec40,A
0x004f33a8,0x0041ec90,A
0x004f3a60,0x0041ecd0,R
0x004f3a64,0x0041ecd0,R
0x004f3a5c,0x0041ecd0,R
0x004f3a5c,0x0041ecd0,R
0x004f3a58,0x0041ecd0,A
0x004f3a60,0x0041ecd0,R
0x004f3a58,0x0041ecd0,A
0x004f3a60,0x0041ecd0,R
0x004f3a5c,0x0041ecd0,R
0x004f3a58,0x0041ecd0,A
0x004f3a5c,0x0041ecd0,R
0x004f3a5c,0x0041ecd0,R
0x004f3a64,0x0041ecd0,W
0x004f3a60,0x0041ecd0,R
0x004f3a5c,0x0041ecd0,W
0x004f3a60,0x0041ecd0,W
0x004f3a58,0x0041ecd0,A
0x004f3a60,0x0041ecd0,R
0x004f3a58,0x0041ecd0,A
0x004f3a60,0x0041ecd0,R
0x004f3a58,0x0041ecd0,A
0x004f3a60,0x0041ecd0,R
0x004f3a60,0x0041ecd0,R
0x004f3a60,0x0041ecd0,W
0x004f3a58,0x0041ef40,W
0x004f3a5c,0x0041ef40,W
0x004f3a60,0x0041ef40,W
0x004f3a64,0x0041ef40,W
0x004f3a60,0x0041efa0,R
0x004f3a5c,0x0041efa0,R
0x004f3a60,0x0041efa0,R
0x004f36a4,0x0041f010,R
0x004f3754,0x0041f010,R
0x004f3764,0x0041f010,R
0x004f36bc,0x0041f010,R
0x004f36bc,0x0041f010,R
0x0056b428,0x0041f010,R
0x004f36a4,0x0041f1d0,R
0x004dc28c,0x0041f1d0,A
0x004dc26c,0x0041f1d0,A
0x004f36a4,0x0041f1d0,R
0x004f36a4,0x0041f1d0,R
0x004f36a4,0x0041f1d0,R
0x004f36a4,0x0041f1d0,R
0x004f3754,0x0041f1d0,W
0x004f3764,0x0041f1d0,W
0x004f3764,0x0041f1d0,R
0x004f36a4,0x0041f1d0,R
0x004f36bc,0x0041f1d0,R
0x004f36bc,0x0041f1d0,R
0x004f3a88,0x0041f1d0,R
0x0056b428,0x0041f1d0,R
0x004dc2d4,0x0041f5b0,A
0x004f36a0,0x0041f5b0,W
0x004dacd8,0x0041f5b0,A
0x004f36a4,0x0041f5f0,R
0x004f3718,0x0041f5f0,R
0x004f3a7c,0x0041f6a0,R
0x004f3a88,0x0041f6a0,R
0x004f3a7c,0x0041fb80,R
0x004f3344,0x0041fb80,R
0x004f3a7c,0x0041fb80,R
0x004f3340,0x0041fb80,W
0x004f3348,0x0041fb80,W
0x004f3344,0x0041fb80,W
0x004f334c,0x0041fb80,W
0x004f3a6c,0x0041fb80,R
0x004f3a78,0x0041fb80,W
0x004f3a80,0x0041fb80,W
0x004f3a7c,0x0041fb80,W
0x004f3a84,0x0041fb80,W
0x004f3a6c,0x0041fb80,R
0x004f368c,0x0041fb80,R
0x004f3a68,0x0041fb80,W
0x004f3a70,0x0041fb80,W
0x004f3a6c,0x0041fb80,W
0x004f3a74,0x0041fb80,W
0x004f3688,0x0041fb80,W
0x004f3690,0x0041fb80,W
0x004f368c,0x0041fb80,W
0x004f3694,0x0041fb80,W
0x0056bd58,0x0041fb80,A
0x004f3a94,0x0041fb80,W
0x004f3778,0x0041fb80,A
0x004f3a88,0x0041fb80,W
0x0056bd58,0x0041fb80,A
0x004f3650,0x0041fb80,A
0x004f334c,0x0041fd20,R
0x004f3344,0x0041fd20,R
0x004f334c,0x0041fd20,R
0x004f334c,0x0041fd20,W
0x004f3344,0x0041fd20,W
0x004f3340,0x0041fd20,W
0x004f3348,0x0041fd20,W
0x004f334c,0x0041fd20,R
0x004f334c,0x0041fd20,W
0x004f3348,0x0041fd20,R
0x004f3348,0x0041fd20,W
0x004cc5b4,0x0041fd20,R
0x004f3a84,0x0041fd20,R
0x004f3a7c,0x0041fd20,R
0x004f3a84,0x0041fd20,R
0x004f3a84,0x0041fd20,W
0x004f3a7c,0x0041fd20,W
0x004f3a78,0x0041fd20,W
0x004f3a80,0x0041fd20,W
0x004f3a84,0x0041fd20,R
0x004f3a84,0x0041fd20,W
0x004f3a80,0x0041fd20,R
0x004f3a80,0x0041fd20,W
0x004dc32c,0x0041fe40,A
0x004dc35c,0x0041fe50,A
0x004dc348,0x0041fe50,A
0x004dc334,0x0041fe50,A
0x004dc35c,0x0041fe50,A
0x004dc35c,0x0041fe50,A
0x004dc268,0x0041fe90,R
0x0056bd24,0x0041fe90,R
0x004f37b0,0x0041fe90,A
0x0056bd24,0x0041fe90,R
0x004f33a8,0x0041fe90,A
0x004dc268,0x0041fe90,W
0x004f37b0,0x0041fe90,A
0x004f37b0,0x0041fe90,R
0x004f37b0,0x0041fe90,A
0x004f37c4,0x0041fe90,W
0x004f37c8,0x0041fe90,W
0x004f37b0,0x0041fe90,R
0x004f37b0,0x0041fe90,A
0x004f33a8,0x0041fe90,A
0x004f33a8,0x0041fe90,R
0x004f33a8,0x0041fe90,A
0x004f33bc,0x0041fe90,W
0x004f33c0,0x0041fe90,W
0x004f33a8,0x0041fe90,R
0x004f33a8,0x0041fe90,A
0x0056bd58,0x0041fe90,A
0x004f3778,0x0041fe90,A
0x004f3778,0x0041fe90,R
0x004f3778,0x0041fe90,A
0x0056bd58,0x0041fe90,A
0x004f3650,0x0041fe90,A
0x004f3650,0x0041fe90,R
0x004f3650,0x0041fe90,A
0x004f0db0,0x0041fe90,R
0x004dc4cc,0x0041fe90,A
0x004f36b8,0x0041fe90,W
0x004f36bc,0x0041fe90,W
0x004f36bc,0x0041fe90,R
0x004f36c0,0x0041fe90,W
0x004f36bc,0x0041fe90,R
0x004f36bc,0x0041fe90,R
0x004f36c0,0x0041fe90,R
0x004f3768,0x0041fe90,W
0x004f3ab0,0x0041fe90,A
0x004f3ab0,0x0041fe90,W
0x004f3ab0,0x0041fe90,R
0x0057da28,0x0041fe90,W
0x0056b428,0x0041fe90,R
0x004dc4c0,0x0041fe90,A
0x004f36b0,0x0041fe90,W
0x004f3760,0x0041fe90,W
0x004f36f0,0x0041fe90,W
0x004f36f4,0x0041fe90,W
0x004f36c4,0x0041fe90,W
0x004f36c8,0x0041fe90,W
0x004dc4b4,0x0041fe90,A
0x004f3740,0x0041fe90,W
0x004dc4a8,0x0041fe90,A
0x004d06b8,0x0041fe90,R
0x004d06bc,0x0041fe90,R
0x004d06bc,0x0041fe90,R
0x004f36f0,0x0041fe90,W
0x004d06bc,0x0041fe90,R
0x004f36f4,0x0041fe90,W
0x004dc494,0x0041fe90,A
0x004f36f8,0x0041fe90,W
0x004f36f8,0x0041fe90,W
0x004dc488,0x0041fe90,A
0x004f36fc,0x0041fe90,W
0x004f3700,0x0041fe90,W
0x004f36fc,0x0041fe90,W
0x004f3700,0x0041fe90,W
0x004dc478,0x0041fe90,A
0x004f370c,0x0041fe90,W
0x004f370c,0x0041fe90,W
0x004dc468,0x0041fe90,A
0x004f3714,0x0041fe90,W
0x004f3710,0x0041fe90,W
0x004f3714,0x0041fe90,W
0x004f3710,0x0041fe90,W
0x004dc458,0x0041fe90,A
0x004f371c,0x0041fe90,W
0x004f3720,0x0041fe90,W
0x004f3724,0x0041fe90,W
0x004f3728,0x0041fe90,W
0x004f372c,0x0041fe90,W
0x004f3730,0x0041fe90,W
0x004f371c,0x0041fe90,W
0x004f3720,0x0041fe90,W
0x004f3724,0x0041fe90,W
0x004f3728,0x0041fe90,W
0x004f372c,0x0041fe90,W
0x004f3730,0x0041fe90,W
0x004dc448,0x0041fe90,A
0x004f3704,0x0041fe90,W
0x004dc430,0x0041fe90,A
0x004d06e0,0x0041fe90,R
0x004f3708,0x0041fe90,W
0x004dc424,0x0041fe90,A
0x004f3ac8,0x0041fe90,W
0x004f3ac8,0x0041fe90,W
0x004dc418,0x0041fe90,A
0x004f3ab8,0x0041fe90,W
0x004f3ac8,0x0041fe90,R
0x004d06ec,0x0041fe90,R
0x004f3ab8,0x0041fe90,W
0x004dc40c,0x0041fe90,A
0x004f3ac0,0x0041fe90,W
0x004f3ac8,0x0041fe90,R
0x004d06f0,0x0041fe90,R
0x004f3ac0,0x0041fe90,W
0x004dc400,0x0041fe90,A
0x004f376c,0x0041fe90,W
0x004f376c,0x0041fe90,W
0x004dc3f4,0x0041fe90,A
0x004f3698,0x0041fe90,W
0x004f3698,0x0041fe90,W
0x004dc3e8,0x0041fe90,A
0x004f3338,0x0041fe90,W
0x004f3338,0x0041fe90,W
0x004dc3dc,0x0041fe90,A
0x004f3734,0x0041fe90,W
0x004dc3d0,0x0041fe90,A
0x004f3738,0x0041fe90,W
0x004dc3c0,0x0041fe90,A
0x004f373c,0x0041fe90,W
0x004dc3b0,0x0041fe90,A
0x004f3748,0x0041fe90,W
0x004f3758,0x0041fe90,W
0x004f374c,0x0041fe90,W
0x004dc3a4,0x0041fe90,A
0x004f3754,0x0041fe90,W
0x004f375c,0x0041fe90,W
0x004f36cc,0x0041fe90,W
0x004f36a0,0x0041fe90,W
0x004f3a74,0x0041fe90,R
0x004f3a6c,0x0041fe90,W
0x004f3a70,0x0041fe90,R
0x004f3a70,0x0041fe90,W
0x004f3a74,0x0041fe90,W
0x004f3694,0x0041fe90,R
0x004f368c,0x0041fe90,W
0x004f3690,0x0041fe90,R
0x004f3690,0x0041fe90,W
0x004f3694,0x0041fe90,W
0x004f3a84,0x0041fe90,R
0x004f3a7c,0x0041fe90,W
0x004f3a80,0x0041fe90,R
0x004f3a80,0x0041fe90,W
0x004f3a84,0x0041fe90,W
0x004f3770,0x0041fe90,W
0x004dc39c,0x0041fe90,A
0x004dc394,0x0041fe90,A
0x004dc388,0x0041fe90,A
0x004dc394,0x0041fe90,A
0x004dc394,0x0041fe90,A
0x004dc380,0x0041fe90,A
0x004dc394,0x0041fe90,A
0x004dc368,0x0041fe90,A
0x004dc26c,0x0041fe90,A
0x004e5b50,0x0041fe90,A
0x004f3a7c,0x0041fe90,R
0x004f36a4,0x0041fe90,W
0x004f36a8,0x0041fe90,W
0x004f3ab0,0x0041fe90,W
0x004f3718,0x0041fe90,W
0x0057da28,0x0041fe90,W
0x004f3a88,0x0041fe90,W
0x004f3a88,0x0041fe90,R
0x004f0cc0,0x0041fe90,A
0x004f0cc0,0x0041fe90,A
0x004f3a88,0x0041fe90,R
0x004f0cc0,0x0041fe90,A
0x004f3a88,0x0041fe90,R
0x004f0cc0,0x0041fe90,A
0x004f3a88,0x0041fe90,R
0x004f3a88,0x0041fe90,R
0x004f3a88,0x0041fe90,R
0x004f36b8,0x0041fe90,R
0x004f3128,0x0041fe90,R
0x004dc4d4,0x00420be0,A
0x004f3ab4,0x00420be0,W
0x004f312c,0x00420c60,R
0x004dc4e0,0x00420c60,A
0x004f3a6c,0x00420d10,R
0x004dc5ac,0x00420d10,A
0x004cc5c4,0x00420d10,R
0x004dc26c,0x00420d10,A
0x004f3a94,0x00420d10,R
0x004f3a94,0x00420d10,R
0x004f3a94,0x00420d10,W
0x004f3a88,0x00420d10,W
0x004d0788,0x00420d10,R
0x004d078c,0x00420d10,R
0x004d0790,0x00420d10,R
0x004db5ec,0x00420d10,A
0x004d06b8,0x00420d10,R
0x004d06b8,0x00420d10,R
0x004d06b8,0x00420d10,R
0x004d06b8,0x00420d10,R
0x004d06b8,0x00420d10,R
0x0056b428,0x00420d10,R
0x004d06fc,0x00420d10,R
0x004dc5a0,0x00420d10,A
0x004dc590,0x00420d10,A
0x004dc57c,0x00420d10,A
0x004dc56c,0x00420d10,A
0x004dc55c,0x00420d10,A
0x004dc54c,0x00420d10,A
0x004dc540,0x00420d10,A
0x004dc538,0x00420d10,A
0x004cc59c,0x00420d10,R
0x004dc534,0x00420d10,A
0x004dc52c,0x00420d10,A
0x004dc534,0x00420d10,A
0x004dc528,0x00420d10,A
0x004dc998,0x00420d10,R
0x004dc99c,0x00420d10,R
0x004dc9a0,0x00420d10,R
0x004dc520,0x00420d10,A
0x004dc518,0x00420d10,A
0x004dc510,0x00420d10,A
0x004dc504,0x00420d10,A
0x004dc4f8,0x00420d10,A
0x004dc4f0,0x00420d10,A
0x004f368c,0x00421470,R
0x004cc5c4,0x00421470,R
0x004dc698,0x00421470,A
0x004dc26c,0x00421470,A
0x004dc688,0x00421470,A
0x004dc67c,0x00421470,A
0x004dc674,0x00421470,A
0x004dc66c,0x00421470,A
0x004dc664,0x00421470,A
0x004dc65c,0x00421470,A
0x004dc650,0x00421470,A
0x004dc648,0x00421470,A
0x004dc63c,0x00421470,A
0x004dc630,0x00421470,A
0x004dc628,0x00421470,A
0x004dc620,0x00421470,A
0x004dc5fc,0x00421470,A
0x004dc26c,0x00421470,A
0x004dc5d4,0x00421470,A
0x004dc26c,0x00421470,A
0x004f3ac8,0x00421790,R
0x0057da28,0x00421830,W
0x004f36b8,0x00421830,R
0x004d0700,0x00421830,R
0x004d0704,0x00421830,R
0x004f36b8,0x00421a40,R
0x004dc52c,0x00421ab0,A
0x004dc52c,0x00421ab0,R
0x004dc52e,0x00421ab0,R
0x004dc52d,0x00421ab0,R
0x004dc52f,0x00421ab0,R
0x004dc52c,0x00421ab0,A
0x004dc6c0,0x00421ab0,A
0x004f3a84,0x00421ab0,R
0x004f3a7c,0x00421ab0,W
0x004f3a80,0x00421ab0,R
0x004f3a80,0x00421ab0,W
0x004f3a84,0x00421ab0,W
0x004d06e0,0x00421ab0,R
0x004f36b8,0x00421ab0,R
0x00779aa4,0x00421ab0,W
0x00779aa8,0x00421ab0,W
0x004f0cc0,0x00421ab0,A
0x004dc534,0x00421ab0,A
0x004cc59c,0x00421ab0,R
0x004f3a88,0x00421ab0,R
0x004f3118,0x00421ab0,W
0x004cc590,0x00421e20,R
0x004cc4cc,0x00421e20,R
0x004dc6c8,0x00421e20,A
0x004cc5c4,0x00421e20,R
0x004f3a80,0x00421ea0,R
0x004dc6d0,0x00421ed0,A
0x004cc5c4,0x00421ed0,R
0x004dc6dc,0x004220f0,A
0x004cc5c4,0x004220f0,R
0x004dc388,0x00422170,A
0x004dc774,0x00422170,A
0x004dc76c,0x00422170,A
0x004dc760,0x00422170,A
0x004dc750,0x00422170,A
0x004dc748,0x00422170,A
0x004dc73c,0x00422170,A
0x004da15c,0x00422170,A
0x004da14c,0x00422170,A
0x004dc730,0x00422170,A
0x004dc728,0x00422170,A
0x004dc720,0x00422170,A
0x004dc710,0x00422170,A
0x004dc700,0x00422170,A
0x004dc6f8,0x00422170,A
0x004d06bc,0x00422170,R
0x004dc6f0,0x00422170,A
0x004dc6e8,0x00422170,A
0x004dc964,0x004226d0,A
0x004dc380,0x004226d0,A
0x004cc5cc,0x004226d0,R
0x004dc95c,0x004226d0,A
0x004dc954,0x004226d0,A
0x004dc94c,0x004226d0,A
0x004dc948,0x004226d0,A
0x004dc944,0x004226d0,A
0x004dc93c,0x004226d0,A
0x004dc93c,0x004226d0,R
0x004dc93d,0x004226d0,R
0x004dc930,0x004226d0,A
0x004dc924,0x004226d0,A
0x004dc91c,0x004226d0,A
0x004dc910,0x004226d0,A
0x004dc904,0x004226d0,A
0x004d06b0,0x004226d0,R
0x004dc8f0,0x004226d0,A
0x004dc8e0,0x004226d0,A
0x004dc8d8,0x004226d0,A
0x004dc8c8,0x004226d0,A
0x004dc8b8,0x004226d0,A
0x004dc8ac,0x004226d0,A
0x004dc8a0,0x004226d0,A
0x004dc898,0x004226d0,A
0x004d06bc,0x004226d0,R
0x004dc88c,0x004226d0,A
0x004dc880,0x004226d0,A
0x004dc874,0x004226d0,A
0x004dc868,0x004226d0,A
0x004dc85c,0x004226d0,A
0x004dc850,0x004226d0,A
0x004dc844,0x004226d0,A
0x004dc838,0x004226d0,A
0x004dc82c,0x004226d0,A
0x004dc820,0x004226d0,A
0x004dc814,0x004226d0,A
0x004dc808,0x004226d0,A
0x004dc7fc,0x004226d0,A
0x004dc7f0,0x004226d0,A
0x004dc7e4,0x004226d0,A
0x004dc7d8,0x004226d0,A
0x004dc7cc,0x004226d0,A
0x004dc76c,0x004226d0,A
0x004dc7c4,0x004226d0,A
0x004dc7bc,0x004226d0,A
0x004dc7b4,0x004226d0,A
0x004dc7a8,0x004226d0,A
0x004dc7a0,0x004226d0,A
0x004dc798,0x004226d0,A
0x004dc78c,0x004226d0,A
0x004dc77c,0x004226d0,A
0x004cc4d4,0x00423150,R
0x004f3a88,0x004231b0,R
0x004d06b8,0x004231b0,R
0x004d06b8,0x004231b0,R
0x004d06b8,0x004231b0,R
0x004d06b8,0x004231b0,R
0x004f3a98,0x00423460,R
0x004f3a88,0x004236b0,R
0x004d0708,0x004236b0,R
0x004d070c,0x004236b0,R
0x004d0710,0x004236b0,R
0x004d0708,0x004236b0,R
0x004d0714,0x004236b0,R
0x004d0714,0x004236b0,R
0x004d0718,0x004236b0,R
0x004f3ac4,0x004236b0,R
0x004d071c,0x004236b0,R
0x004f3ac4,0x004236b0,R
0x004d071c,0x004236b0,R
0x004f36b8,0x00423b10,R
0x0057da28,0x00423b10,W
0x004f3ab0,0x00423b10,R
0x0057da28,0x00423b10,W
0x004f3128,0x00423c20,R
0x004f3a98,0x00423c20,W
0x004d0720,0x00423c20,R
0x004d0724,0x00423c20,R
0x004f3a88,0x00424150,R
0x0057da28,0x00424150,W
0x004d0728,0x00424150,R
0x004d0728,0x00424150,R
0x004f36b8,0x00424150,R
0x004f3a88,0x00424210,R
0x004d0708,0x00424270,R
0x004d0728,0x00424270,R
0x004d0728,0x00424270,R
0x004d0728,0x00424270,R
0x004d0708,0x00424270,R
0x004d0708,0x00424270,R
0x004d072c,0x00424270,R
0x004d0708,0x00424270,R
0x004d0730,0x00424270,R
0x004d0734,0x00424270,R
0x004d0738,0x00424270,R
0x004d0738,0x00424270,R
0x004d0738,0x00424270,R
0x004d0708,0x00424270,R
0x004f3a88,0x00424270,R
0x004d0734,0x00424270,R
0x004f36b4,0x00424270,R
0x004f36b4,0x00424270,R
0x004d0708,0x004248e0,R
0x004d073c,0x004248e0,R
0x004d0728,0x004248e0,R
0x004d0708,0x004248e0,R
0x004d0788,0x004248e0,R
0x004d0708,0x004248e0,R
0x004d078c,0x004248e0,R
0x004d0790,0x004248e0,R
0x004d0740,0x004248e0,R
0x004d0744,0x00424ac0,R
0x004d073c,0x00424ac0,R
0x004d072c,0x00424bf0,R
0x004d0708,0x00424bf0,R
0x004d0748,0x00424bf0,R
0x004dc96c,0x00424bf0,R
0x004d074c,0x00424d00,R
0x004d0708,0x00424d00,R
0x004d0750,0x00424d00,R
0x004d0750,0x00424d00,R
0x004d0750,0x00424d00,R
0x004d0750,0x00424d00,R
0x004d0750,0x00424d00,R
0x004d0750,0x00424d00,R
0x004cc4d8,0x00425060,R
0x004f312c,0x00425150,R
0x0056b428,0x00425150,R
0x0056b428,0x00425150,R
0x0056b428,0x00425150,R
0x004d0754,0x00425770,R
0x004d0754,0x00425770,R
0x004d0754,0x00425770,R
0x004d0708,0x00425770,R
0x004f36b4,0x00425920,W
0x004f36b4,0x00425920,W
0x004f36b0,0x00425a20,R
0x004f336c,0x00425a20,R
0x004f3358,0x00425a20,R
0x004f336c,0x00425a20,R
0x004f3ac4,0x00425a20,R
0x004d0758,0x00425a20,R
0x004d075c,0x00425a20,R
0x004d0760,0x00425a20,R
0x004f3358,0x00425a20,R
0x004f3380,0x00425a20,R
0x004f3394,0x00425a20,R
0x004f36a0,0x00425a20,R
0x0056b424,0x00425a20,R
0x0056b424,0x00425a20,R
0x004d0764,0x00425a20,R
0x004d0764,0x00425a20,R
0x004dc970,0x00425a20,R
0x004f36f0,0x00425a20,R
0x004f36f4,0x00425a20,R
0x004f36f0,0x00425a20,R
0x004f36f4,0x00425a20,R
0x004d0768,0x00425a20,R
0x004d0760,0x00425a20,R
0x004d076c,0x00425a20,R
0x004d0760,0x00425a20,R
0x004d076c,0x00425a20,R
0x004d0760,0x00425a20,R
0x004d076c,0x00425a20,R
0x004d0760,0x00425a20,R
0x004d076c,0x00425a20,R
0x004f3760,0x00425a20,R
0x004f3760,0x00425a20,R
0x004d0764,0x00425a20,R
0x004f3760,0x00425a20,R
0x0056b428,0x00425a20,R
0x004f3760,0x00425a20,R
0x004f3128,0x00425a20,R
0x004f3f48,0x00425a20,W
0x004f36a4,0x00425a20,R
0x004f36a4,0x00425a20,R
0x004f36a4,0x00425a20,R
0x004f36a4,0x00425a20,R
0x004f36bc,0x00425a20,R
0x004d079c,0x00426350,R
0x004d079c,0x00426350,R
0x004d07a0,0x00426390,R
0x0056b424,0x00426390,R
0x004f3ac4,0x00426390,W
0x0056b424,0x00426390,R
0x004f3ac4,0x00426390,W
0x004d07a4,0x00426390,R
0x004f3ac4,0x00426390,R
0x004f3a7c,0x00426390,R
0x0056b428,0x00426390,R
0x004f3760,0x00426390,W
0x004f3ac4,0x00426390,R
0x004d07a8,0x00426390,R
0x004f3aac,0x00426390,W
0x004f3abc,0x00426390,W
0x004f36a4,0x00426390,R
0x004f3ab0,0x00426390,A
0x004f36b0,0x00426390,R
0x004d079c,0x00426390,R
0x004d079c,0x00426390,R
0x004f36a4,0x00426390,R
0x004f3a88,0x00426390,R
0x004f3770,0x00426390,R
0x004f3a88,0x00426390,R
0x004f3a88,0x00426390,R
0x004f36a8,0x00426390,R
0x004f3ab0,0x00426390,A
0x004f3a88,0x00426390,R
0x004f3a88,0x004266b0,R
0x004f36b4,0x004266b0,R
0x004f36b4,0x004266b0,R
0x004f3ac4,0x00426770,R
0x004d07ac,0x00426770,R
0x004d07b0,0x00426770,R
0x004f3ac4,0x00426770,R
0x004d07b4,0x00426770,R
0x004d07b4,0x00426770,R
0x004d07b8,0x00426770,R
0x004d07b8,0x00426770,R
0x004d07b4,0x00426770,R
0x004d07b4,0x00426770,R
0x004d07b8,0x00426770,R
0x004d07b8,0x00426770,R
0x004f3ac4,0x00426770,R
0x004f3ac4,0x00426770,R
0x004f3aac,0x00426770,R
0x004f3ac4,0x00426770,R
0x004d07bc,0x00426770,R
0x004d07b0,0x00426770,R
0x004f3ac4,0x00426770,R
0x004d07bc,0x00426770,R
0x004d07b0,0x00426770,R
0x004f3ac4,0x00426770,R
0x004f3ac4,0x00426770,R
0x004f3a88,0x00426770,R
0x004f3a88,0x00426770,R
0x004f3ac4,0x00426770,R
0x004d07b0,0x00426770,R
0x004d07a4,0x00426770,R
0x004d07c0,0x00426770,R
0x004d07c4,0x00426770,R
0x004d07c8,0x00426770,R
0x004d07c4,0x00426770,R
0x004f3ac4,0x00427140,R
0x004d07b4,0x00427140,R
0x004d07b4,0x00427140,R
0x004d07b8,0x00427140,R
0x004d07b8,0x00427140,R
0x004f3ac4,0x00427140,R
0x004f3ac4,0x00427140,R
0x004f3ac4,0x00427140,R
0x004f3a88,0x00427140,R
0x004f3338,0x00427440,R
0x004d07d0,0x00427440,R
0x004f3ac4,0x00427440,R
0x004d07a4,0x00427440,R
0x004f3ac4,0x00427440,R
0x0056b424,0x00427440,R
0x004d07b0,0x00427440,R
0x004d07d8,0x00427440,R
0x004d07d8,0x00427440,R
0x004d079c,0x00427440,R
0x004f3ac4,0x00427440,R
0x004d07b0,0x00427440,R
0x004d07a4,0x00427440,R
0x004d07e0,0x00427440,R
0x004d07e8,0x00427440,R
0x004f3338,0x00427440,R
0x004d07ec,0x00427440,R
0x0056b428,0x00427440,R
0x0056b428,0x00427440,R
0x004f3ac4,0x00427440,R
0x004f3ac4,0x00427440,R
0x004d07f0,0x00427440,R
0x004d07f4,0x00427440,R
0x004f3ac4,0x004279f0,R
0x004d07b4,0x004279f0,R
0x004d07b4,0x004279f0,R
0x004d07b8,0x004279f0,R
0x004d07b8,0x004279f0,R
0x004d07b4,0x004279f0,R
0x004d07b4,0x004279f0,R
0x004d07b8,0x004279f0,R
0x004d07b8,0x004279f0,R
0x004f3ac4,0x004279f0,R
0x004f3ac4,0x004279f0,R
0x004f3aac,0x004279f0,R
0x004f3ac4,0x004279f0,R
0x004f3ac4,0x004279f0,R
0x004f3a88,0x004279f0,R
0x004f3a88,0x00427ec0,R
0x0056b428,0x00427ec0,R
0x004d07f8,0x00427ec0,R
0x004f3aac,0x00427ec0,R
0x004dc988,0x00427ec0,R
0x004dc98c,0x00427ec0,R
0x004dc990,0x00427ec0,R
0x0056b424,0x00427ec0,R
0x004dc9a4,0x00427ec0,R
0x004d07b0,0x00427ec0,R
0x004d07e0,0x00427ec0,R
0x004d07f0,0x00427ec0,R
0x004d07f4,0x00427ec0,R
0x004f3ac4,0x00428120,R
0x004f3ac4,0x00428120,R
0x004d079c,0x004283f0,R
0x004d079c,0x004283f0,R
0x004d079c,0x004283f0,R
0x004d079c,0x004283f0,R
0x004d079c,0x004283f0,R
0x004f3ac4,0x004283f0,R
0x004f3ac4,0x00428490,R
0x004d07b4,0x00428490,R
0x004d07b4,0x00428490,R
0x004d07b8,0x00428490,R
0x004d07b8,0x00428490,R
0x004d079c,0x00428520,R
0x004d079c,0x00428520,R
0x004d079c,0x00428520,R
0x004d079c,0x00428520,R
0x004d079c,0x00428520,R
0x004f3ac4,0x00428520,R
0x004d07fc,0x00428520,R
0x004f3ac4,0x00428520,R
0x004d0800,0x00428520,R
0x004d07b0,0x00428520,R
0x004f3ac4,0x00428520,R
0x004f3ac4,0x00428520,R
0x004f3ac4,0x00428520,R
0x004d07e8,0x00428520,R
0x004d07fc,0x00428520,R
0x004d07b4,0x00428520,R
0x004d07b4,0x00428520,R
0x004d07b8,0x00428520,R
0x004d07b8,0x00428520,R
0x004d0804,0x00428520,R
0x004d0808,0x00428520,R
0x004f3ac4,0x00428520,R
0x004f3ac4,0x00428520,R
0x004f3ac4,0x00428520,R
0x004f3a88,0x00428520,R
0x004d07e8,0x00428520,R
0x004d080c,0x00428520,R
0x004d0798,0x004289f0,R
0x004d0798,0x004289f0,R
0x004f3ac4,0x004289f0,R
0x004d07b0,0x004289f0,R
0x0056b428,0x004289f0,R
0x0056b428,0x004289f0,R
0x004f3ac4,0x004289f0,R
0x004f3ac4,0x004289f0,R
0x004f3778,0x004289f0,R
0x004f3778,0x004289f0,A
0x004f3768,0x004289f0,W
0x004f3a88,0x004289f0,R
0x004d0810,0x004289f0,R
0x004d079c,0x00428c20,R
0x004d079c,0x00428c20,R
0x004d079c,0x00428c20,R
0x004d079c,0x00428c20,R
0x004d079c,0x00428c20,R
0x004f3ac4,0x00428c20,R
0x004d0814,0x00428c20,R
0x004d0818,0x00428c20,R
0x004d079c,0x00428c20,R
0x0056b428,0x00428c20,R
0x004d07d8,0x00428c20,R
0x004d081c,0x00428c20,R
0x004f3ac4,0x00428c20,R
0x004d07b0,0x00428c20,R
0x004f3a88,0x00428d60,R
0x004f3ac4,0x00428d60,R
0x004d07a4,0x00428d60,R
0x004d0820,0x00428d60,R
0x004f3a88,0x00428d60,R
0x0057da28,0x00428d60,W
0x004f36b8,0x00428d60,R
0x004f3ab0,0x00428d60,R
0x0057da28,0x00428d60,W
0x004f3a88,0x00428d60,R
0x004d0798,0x00428d60,R
0x004d0798,0x004290f0,R
0x004d0794,0x004290f0,R
0x004d0798,0x004290f0,R
0x004d0794,0x004290f0,R
0x004d0798,0x004290f0,R
0x004d0794,0x004290f0,R
0x004d0794,0x004290f0,R
0x0056b428,0x00429240,R
0x0056b428,0x00429240,R
0x004d0828,0x00429240,R
0x004d0828,0x00429240,R
0x004d079c,0x00429560,R
0x004f36a8,0x00429560,R
0x004f3ac4,0x00429560,R
0x004d079c,0x00429560,R
0x004f36a8,0x00429560,R
0x0056b424,0x00429560,R
0x004d0830,0x00429560,R
0x004d07b0,0x00429560,R
0x004f3a88,0x00429560,R
0x004f36a8,0x00429560,R
0x004d079c,0x00429750,R
0x004d079c,0x00429750,R
0x004d079c,0x00429750,R
0x004d079c,0x00429750,R
0x004d079c,0x00429750,R
0x004f3ac4,0x00429750,R
0x004f3ac4,0x00429750,R
0x004d07b0,0x00429750,R
0x004f3abc,0x00429870,R
0x004f3abc,0x00429870,R
0x004d079c,0x00429870,R
0x004d079c,0x00429870,R
0x004d079c,0x00429870,R
0x004f3ac4,0x00429870,R
0x004d07b0,0x00429870,R
0x004d079c,0x00429870,R
0x004d079c,0x00429870,R
0x004f3ac4,0x00429870,R
0x004d07b0,0x00429870,R
0x004f3ac4,0x00429870,R
0x004f3ac4,0x00429870,R
0x004d07b0,0x00429870,R
0x004f3a88,0x00429870,R
0x004d079c,0x00429870,R
0x004f3ac4,0x00429870,R
0x004d079c,0x00429870,R
0x004d079c,0x00429870,R
0x004d079c,0x00429870,R
0x004d079c,0x00429870,R
0x004d079c,0x00429870,R
0x004f3ac4,0x00429870,R
0x004d07b0,0x00429870,R
0x004f3ac4,0x00429b40,R
0x004d0838,0x00429b40,R
0x004d079c,0x00429b40,R
0x004d0840,0x00429b40,R
0x004d079c,0x00429b40,R
0x004f3aac,0x00429b40,R
0x004d079c,0x00429b40,R
0x004d079c,0x00429b40,R
0x004d079c,0x00429b40,R
0x004d079c,0x00429b40,R
0x004d079c,0x00429b40,R
0x004f3ac4,0x00429d30,R
0x004f3ac4,0x00429d30,R
0x004d079c,0x00429d30,R
0x004d079c,0x00429d30,R
0x004d079c,0x00429d30,R
0x004f3ae0,0x00429f20,W
0x004f3ae4,0x00429f20,W
0x004f3ae8,0x00429f20,W
0x004f3aec,0x00429f20,W
0x004f3ae4,0x00429f80,R
0x004f3ae8,0x00429f80,R
0x004f3ae8,0x00429f80,R
0x004f3ae4,0x00429f80,R
0x004f3ae8,0x00429f80,R
0x004f3ae8,0x00429f80,W
0x004f3ae4,0x0042a070,R
0x004f3ae8,0x0042a070,R
0x004f3ae8,0x0042a070,R
0x004f3aec,0x0042a070,R
0x004f3ae4,0x0042a070,R
0x004f3ae4,0x0042a070,R
0x004f3ae0,0x0042a070,A
0x004f3ae0,0x0042a070,A
0x004f3ae8,0x0042a070,R
0x004f3ae0,0x0042a070,A
0x004f3ae8,0x0042a070,R
0x004f3ae4,0x0042a070,R
0x004f3ae0,0x0042a070,A
0x004f3ae4,0x0042a070,R
0x004f3ae0,0x0042a070,A
0x004f3aec,0x0042a070,W
0x004f3ae4,0x0042a070,W
0x004f3ae8,0x0042a070,W
0x004f3ae0,0x0042a070,A
0x004f3ae8,0x0042a070,R
0x004f3ae0,0x0042a070,A
0x004f3ae8,0x0042a070,R
0x004f3ae0,0x0042a070,A
0x004f3ae8,0x0042a070,R
0x004f3ae8,0x0042a070,W
0x004f3ae4,0x0042a2c0,R
0x004f3ae4,0x0042a480,R
0x004f3ae8,0x0042a480,R
0x004f3ae4,0x0042a4a0,R
0x004f3ae4,0x0042a4b0,R
0x004f3ae4,0x0042a4d0,R
0x004f3af0,0x0042a4e0,A
0x004f3af0,0x0042a4f0,A
0x004f3ad8,0x0042a500,R
0x004f3af0,0x0042a500,A
0x004f3ad8,0x0042a550,W
0x004f3ad8,0x0042a550,W
0x004f3ad8,0x0042a550,W
0x004f3ad8,0x0042a550,W
0x004f3ad8,0x0042a550,W
0x004f311c,0x0042a9f0,R
0x00779aa0,0x0042a9f0,R
0x004f311c,0x0042a9f0,R
0x004d0848,0x0042a9f0,R
0x004d084c,0x0042a9f0,R
0x004f3764,0x0042a9f0,R
0x004f3764,0x0042a9f0,W
0x004f3a7c,0x0042aa40,R
0x004d0850,0x0042aa50,R
0x004f3764,0x0042aa50,R
0x004dca68,0x0042aa50,A
0x004dca60,0x0042aa50,A
0x004dca58,0x0042aa50,A
0x004dca50,0x0042aa50,A
0x004dca4c,0x0042aa50,A
0x004dca48,0x0042aa50,A
0x004dca40,0x0042aa50,A
0x004dca50,0x0042aa50,R
0x004dca51,0x0042aa50,R
0x004dca58,0x0042aa50,R
0x004dca60,0x0042aa50,R
0x004dca4c,0x0042aa50,R
0x004dca48,0x0042aa50,R
0x004dca68,0x0042aa50,R
0x004dca40,0x0042aa50,R
0x004cc5c4,0x0042aa50,R
0x004dca18,0x0042aa50,A
0x004dca0c,0x0042aa50,A
0x004dc9f0,0x0042aa50,A
0x004dc9d4,0x0042aa50,A
0x004dc9bc,0x0042aa50,A
0x004d0858,0x0042aa50,R
0x004dc9a8,0x0042aa50,A
0x0056b428,0x0042ac90,R
0x004f3778,0x0042ac90,R
0x004f3778,0x0042ac90,A
0x004f3768,0x0042ac90,W
0x0056b428,0x0042ac90,R
0x004d0860,0x0042ac90,R
0x004f3a88,0x0042ac90,R
0x0056b428,0x0042aeb0,R
0x004f3778,0x0042aeb0,R
0x004f3778,0x0042aeb0,A
0x004f3768,0x0042aeb0,W
0x0056b428,0x0042aeb0,R
0x004d0860,0x0042aeb0,R
0x004f3a88,0x0042aeb0,R
0x0056b428,0x0042b0f0,R
0x004f3778,0x0042b0f0,R
0x004f3778,0x0042b0f0,A
0x004f3768,0x0042b0f0,W
0x0056b428,0x0042b0f0,R
0x004d0860,0x0042b0f0,R
0x004f3a88,0x0042b0f0,R
0x0056b428,0x0042b2a0,R
0x004d0864,0x0042b2a0,R
0x0056b428,0x0042b2a0,R
0x004d0860,0x0042b2a0,R
0x004f3a88,0x0042b2a0,R
0x0056b428,0x0042b4c0,R
0x0056b428,0x0042b4c0,R
0x004d0868,0x0042b4c0,R
0x0056b428,0x0042b520,R
0x004f3bbc,0x0042b5a0,R
0x004f36c4,0x0042b5a0,R
0x004f36c4,0x0042b5a0,R
0x004f36cc,0x0042b5a0,R
0x004f3bc0,0x0042b5a0,R
0x004f36c8,0x0042b5a0,R
0x004f36c8,0x0042b5a0,R
0x004f36cc,0x0042b5a0,R
0x004f36c4,0x0042b630,R
0x004dca7c,0x0042b630,A
0x004db5ec,0x0042b630,A
0x004dc3a4,0x0042b630,A
0x004f3bbc,0x0042b630,W
0x004f36c4,0x0042b630,W
0x004f36c8,0x0042b630,R
0x004dca70,0x0042b630,A
0x004db5ec,0x0042b630,A
0x004dc3a4,0x0042b630,A
0x004f3bc0,0x0042b630,W
0x004f36c8,0x0042b630,W
0x004f36c4,0x0042b630,R
0x004f36c8,0x0042b630,R
0x004f36cc,0x0042b630,R
0x004f3a88,0x0042b810,R
0x004d0850,0x0042b8c0,R
0x004f36b8,0x0042ba50,R
0x004e5cd8,0x0042bb30,W
0x004f3a90,0x0042bb30,R
0x004f3a90,0x0042bb30,W
0x004f3a88,0x0042bb30,R
0x004f3a88,0x0042bb30,R
0x004f36b0,0x0042bb30,W
0x004f36b0,0x0042bb30,W
0x004f3a88,0x0042bb30,R
0x004f0cc0,0x0042bb30,A
0x004f0de4,0x0042bb30,R
0x004f311c,0x0042bb30,R
0x004f3a88,0x0042bb30,R
0x004f3a88,0x0042bb30,R
0x004f3a90,0x0042bb30,W
0x004f3a88,0x0042bb30,R
0x004f3a88,0x0042bb30,R
0x004d0860,0x0042bb30,R
0x004f3a88,0x0042bb30,R
0x004f0cc0,0x0042bb30,A
0x004dca98,0x0042bb30,A
0x004dca90,0x0042bb30,A
0x004dca88,0x0042bb30,A
0x004f3ab0,0x0042be00,A
0x004f3ab0,0x0042be00,R
0x0057da28,0x0042be00,W
0x004f36a4,0x0042be70,R
0x004f3bb4,0x0042bf40,R
0x004f3bb4,0x0042bf40,W
0x004dcaa0,0x0042bf40,A
0x004f3bb0,0x0042bf40,W
0x004f3bb0,0x0042bf40,R
0x004f3bc8,0x0042bf90,W
0x004f3ac4,0x0042bf90,R
0x004f3ac4,0x0042bf90,R
0x004f3ac4,0x0042bf90,R
0x004f3ac4,0x0042bf90,R
0x004f3a88,0x0042bf90,R
0x004f3ac4,0x0042c0d0,R
0x004d0898,0x0042c0d0,R
0x004f3bc8,0x0042c0d0,R
0x004f3c8c,0x0042c0d0,W
0x004f3bd0,0x0042c0d0,A
0x004f3c24,0x0042c0d0,A
0x004f376c,0x0042c0d0,R
0x004f3698,0x0042c0d0,R
0x004f3c24,0x0042c0d0,R
0x004f3c30,0x0042c0d0,R
0x004f3c8c,0x0042c0d0,R
0x004f3bd0,0x0042c0d0,W
0x004f3bd4,0x0042c0d0,W
0x004f3bf8,0x0042c0d0,W
0x004f3bfc,0x0042c0d0,W
0x004f3c8c,0x0042c0d0,W
0x004f3bd4,0x0042c0d0,W
0x004f3bc8,0x0042c0d0,R
0x004f3c8c,0x0042c0d0,R
0x004d089c,0x0042c0d0,R
0x004d08a0,0x0042c0d0,R
0x004d08a0,0x0042c0d0,R
0x004d08a0,0x0042c0d0,R
0x004f3ac4,0x0042c0d0,R
0x004d08a4,0x0042c0d0,R
0x004d08a8,0x0042c0d0,R
0x004f3c00,0x0042c0d0,R
0x004f3bf8,0x0042c0d0,R
0x004f3bfc,0x0042c0d0,R
0x004f3c8c,0x0042c2e0,R
0x004f3aac,0x0042c2e0,R
0x004f3ac4,0x0042c2e0,R
0x004d08ac,0x0042c2e0,R
0x004d08a4,0x0042c2e0,R
0x004d08a8,0x0042c2e0,R
0x004d08b0,0x0042c2e0,R
0x004f3c8c,0x0042c2e0,R
0x004f3c8c,0x0042c420,R
0x004f3bf8,0x0042c420,A
0x004f3bf8,0x0042c420,R
0x004f3bfc,0x0042c420,R
0x004f3338,0x0042c420,R
0x004f3ac4,0x0042c420,R
0x004d0898,0x0042c420,R
0x004d0898,0x0042c420,R
0x004d08a8,0x0042c420,R
0x004f3ac4,0x0042c420,R
0x004d0898,0x0042c420,R
0x004f3bf8,0x0042c520,R
0x004f3c20,0x0042c520,A
0x004f3c20,0x0042c520,A
0x004f3c24,0x0042c520,A
0x004f3c28,0x0042c520,A
0x004f3bfc,0x0042c640,R
0x004f3bf8,0x0042c640,R
0x004f3c20,0x0042c640,A
0x004f3c20,0x0042c640,A
0x004f3c24,0x0042c640,A
0x004f3c28,0x0042c640,A
0x004f3c20,0x0042c640,A
0x004f3c20,0x0042c640,A
0x004f3c24,0x0042c640,A
0x004f3c28,0x0042c640,A
0x004f3ac8,0x0042c8d0,R
0x004d08b4,0x0042c8d0,R
0x004d08b8,0x0042c8d0,R
0x004d08b4,0x0042c8d0,R
0x004d08b8,0x0042c8d0,R
0x004f3ac4,0x0042c8d0,R
0x004d0898,0x0042c8d0,R
0x004f3bf8,0x0042ca40,R
0x004f3bfc,0x0042ca40,R
0x004f3c00,0x0042ca40,R
0x004f3c20,0x0042ca40,A
0x004f3c20,0x0042ca40,A
0x004f3c24,0x0042ca40,A
0x004f3c28,0x0042ca40,A
0x004f3c20,0x0042ca40,A
0x004f3c20,0x0042ca40,A
0x004f3c24,0x0042ca40,A
0x004f3c28,0x0042ca40,A
0x004f3c20,0x0042ca40,A
0x004f3c20,0x0042ca40,A
0x004f3c24,0x0042ca40,A
0x004f3c28,0x0042ca40,A
0x004f3a88,0x0042cb50,R
0x004d08c0,0x0042cb50,R
0x004d08a8,0x0042cb50,R
0x004d08bc,0x0042cb50,R
0x004d0870,0x0042cbd0,A
0x004d0870,0x0042cbd0,A
0x004d0870,0x0042cbd0,A
0x004f3bc8,0x0042cc00,R
0x004f3c20,0x0042cc00,A
0x004f3bd0,0x0042cc00,A
0x004f3bd4,0x0042cc00,A
0x004f3c20,0x0042cc00,R
0x004f3c2c,0x0042cc00,R
0x004f3c24,0x0042cc00,R
0x004f3c30,0x0042cc00,R
0x004f3c28,0x0042cc00,R
0x004f3c34,0x0042cc00,R
0x004f3bd0,0x0042cc00,A
0x004f3bd0,0x0042cc00,A
0x004f3bd0,0x0042cc00,A
0x004f3bd0,0x0042cc00,A
0x004f3bd0,0x0042cc00,A
0x004f3c2c,0x0042cc00,A
0x004f3c38,0x0042cc00,A
0x004f3bc8,0x0042cc00,R
0x004f3bd0,0x0042cc00,A
0x004f3bd0,0x0042cc00,A
0x004d08bc,0x0042cde0,R
0x004d08bc,0x0042ce50,R
0x004d08cc,0x0042ce50,R
0x004d08cc,0x0042ce50,R
0x004d08cc,0x0042ce50,R
0x004f3bc8,0x0042cf60,R
0x004f3bf8,0x0042cf60,A
0x004f3bd0,0x0042cf60,A
0x004f3bd0,0x0042cf60,R
0x004f3bd4,0x0042cf60,R
0x004f3bf8,0x0042cf60,W
0x004f3bfc,0x0042cf60,W
0x004f3c20,0x0042cf90,A
0x004f3c20,0x0042cf90,W
0x004f3c24,0x0042cf90,W
0x004f3c28,0x0042cf90,W
0x004f3c2c,0x0042cf90,A
0x004f3bc8,0x0042cf90,R
0x004f3c50,0x0042cf90,A
0x004f3c44,0x0042cf90,A
0x004f3c20,0x0042cf90,A
0x004f3c38,0x0042cf90,A
0x004f3c2c,0x0042cf90,A
0x004f3c5c,0x0042cf90,A
0x004f3bc8,0x0042cf90,R
0x004f3c68,0x0042cf90,W
0x004f3c6c,0x0042cf90,W
0x004f3c70,0x0042cf90,W
0x004f3a88,0x0042cf90,R
0x004f3bc8,0x0042cf90,R
0x0057da28,0x0042cf90,W
0x004f36b8,0x0042cf90,R
0x004f3c20,0x0042cf90,A
0x004f3ab0,0x0042cf90,R
0x004d0798,0x0042cf90,R
0x0057da28,0x0042cf90,W
0x004f3ac4,0x0042cf90,R
0x004f3bc8,0x0042cf90,R
0x004f3c24,0x0042cf90,R
0x004f3c30,0x0042cf90,R
0x004d0870,0x0042cf90,R
0x004d08d0,0x0042cf90,R
0x004f3bc8,0x0042cf90,R
0x004f3bc8,0x0042d320,R
0x004f3bfc,0x0042d320,R
0x004f3bf8,0x0042d320,R
0x004f3ac4,0x0042d320,R
0x004f3c20,0x0042d320,A
0x004f3c20,0x0042d320,A
0x004f3c24,0x0042d320,A
0x004f3c28,0x0042d320,A
0x004f3c20,0x0042d320,A
0x004f3c20,0x0042d320,A
0x004f3c24,0x0042d320,A
0x004f3c28,0x0042d320,A
0x004f3c20,0x0042d320,A
0x004f3c20,0x0042d320,A
0x004f3c24,0x0042d320,A
0x004f3c28,0x0042d320,A
0x004d08d4,0x0042d560,R
0x004d08d4,0x0042d560,R
0x004d08d4,0x0042d560,R
0x004d08d8,0x0042d5c0,R
0x004f3740,0x0042d5c0,R
0x004f3ac8,0x0042d5c0,R
0x004d08a8,0x0042d5c0,R
0x004f3ab8,0x0042d5c0,R
0x004f3a88,0x0042d5c0,R
0x004f3ac4,0x0042d5c0,R
0x004d08dc,0x0042d5c0,R
0x004f3a88,0x0042d5c0,R
0x004f3778,0x0042d5c0,R
0x004f3778,0x0042d5c0,A
0x004f3778,0x0042d5c0,R
0x004f3778,0x0042d5c0,A
0x004f3a88,0x0042d5c0,R
0x004f3778,0x0042d5c0,R
0x004f3778,0x0042d5c0,A
0x004f3ac0,0x0042d5c0,R
0x004f3a88,0x0042d5c0,R
0x004f3a88,0x0042d5c0,R
0x004f3ac4,0x0042d5c0,R
0x004d08e0,0x0042d5c0,R
0x004f3734,0x0042d5c0,R
0x004f3734,0x0042d5c0,R
0x004f3a88,0x0042d5c0,R
0x004d08e8,0x0042da40,R
0x004d43a0,0x0042dc30,A
0x004d43a0,0x0042dcf0,A
0x004cc0e8,0x0042dda0,R
0x004f3ca8,0x0042de30,A
0x004ccd50,0x0042de60,A
0x004ccd50,0x0042de60,A
0x004ccd50,0x0042de60,A
0x004ccd50,0x0042de60,A
0x004ccd50,0x0042de60,A
0x004ccd50,0x0042de60,A
0x004ccd50,0x0042de60,A
0x004ccd50,0x0042de60,A
0x004ccd50,0x0042df10,A
0x004ccd50,0x0042df50,A
0x004ccd50,0x0042df90,A
0x004ccd50,0x0042dfa0,A
0x004d0b18,0x0042dfa0,A
0x004d0af0,0x0042dfa0,A
0x004d0ac8,0x0042dfa0,A
0x004d0aa0,0x0042dfa0,A
0x004d09e0,0x0042dfa0,A
0x004ccd50,0x0042e070,A
0x004f3354,0x0042e170,W
0x004f337c,0x0042e170,W
0x004f3390,0x0042e170,W
0x004f3350,0x0042e170,W
0x004f3378,0x0042e170,W
0x004f338c,0x0042e170,W
0x004f3350,0x0042e170,A
0x004f3364,0x0042e170,W
0x004f3368,0x0042e170,W
0x004f3360,0x0042e170,W
0x004f3374,0x0042e170,W
0x004f3388,0x0042e170,W
0x004f339c,0x0042e170,W
0x004dcaf8,0x0042e220,A
0x004dcaf0,0x0042e220,A
0x004dcaf0,0x0042e220,A
0x004dcaf8,0x0042e220,A
0x004dcae0,0x0042e220,A
0x004cc4dc,0x0042e220,R
0x004dcad4,0x0042e220,A
0x004cc648,0x0042e220,R
0x004f3ef8,0x0042e220,R
0x004dcb24,0x0042e330,A
0x004cc4dc,0x0042e330,R
0x004cc4f8,0x0042e330,R
0x004cc4fc,0x0042e330,R
0x004dcb00,0x0042e330,A
0x004cc4dc,0x0042e330,R
0x004cc4f8,0x0042e330,R
0x004cc4fc,0x0042e330,R
0x004f0da0,0x0042e490,R
0x004dcb4c,0x0042e490,A
0x004f0cc0,0x0042e490,A
0x004f0cc0,0x0042e4d0,A
0x004f0cc0,0x0042e4d0,A
0x004f3ed0,0x0042e5da,W
0x004dcbc0,0x0042e5da,A
0x004cc660,0x0042e5da,R
0x004cc664,0x0042e5da,R
0x004dcb9c,0x0042e5da,A
0x004dcb8c,0x0042e5da,A
0x004cc5c4,0x0042e5da,R
0x004cc0b4,0x0042e5da,R
0x004cc0dc,0x0042e5da,R
0x004cc0f4,0x0042e5da,R
0x004dcb88,0x0042e5da,A
0x004dcb88,0x0042e5da,R
0x004dcb89,0x0042e5da,R
0x004dcbc0,0x0042e5da,A
0x004dcbc0,0x0042e5da,R
0x004dcbc1,0x0042e5da,R
0x004cc0fc,0x0042e5da,R
0x004e5ce0,0x0042e5da,A
0x004cc0ec,0x0042e5da,R
0x004cc0ec,0x0042e5da,R
0x004dcb74,0x0042e5da,A
0x004f3eec,0x0042e5da,R
0x004f3eec,0x0042e5da,R
0x004dcb70,0x0042e5da,A
0x004dcb5c,0x0042e5da,A
0x004cc5a0,0x0042e5da,R
0x004dcb4c,0x0042e5da,A
0x004f3eec,0x0042e5da,R
0x004cc0ec,0x0042e5da,R
0x004dcac0,0x0042e990,R
0x004dcac8,0x0042e990,A
0x004cc628,0x0042e990,R
0x004cc62c,0x0042e990,R
0x004cc630,0x0042e990,R
0x004cc634,0x0042e990,R
0x004f3df4,0x0042ea20,R
0x004f3eec,0x0042ea20,R
0x004dcbd8,0x0042ea20,A
0x004dcbd0,0x0042ea20,A
0x004ccd50,0x0042eb70,A
0x004d0b40,0x0042eb70,A
0x004f3eec,0x0042ebf0,R
0x004cc670,0x0042ebf0,R
0x004dcac4,0x0042ebf0,R
0x004dcbe0,0x0042ebf0,A
0x004dcbd0,0x0042ebf0,A
0x004dcac4,0x0042ebf0,W
0x004f3eec,0x0042ebf0,R
0x004dcbe0,0x0042ebf0,A
0x004dcbd0,0x0042ebf0,A
0x004dcb70,0x0042ecb0,A
0x004dcc3c,0x0042ecb0,A
0x004cc5c4,0x0042ecb0,R
0x004dcbfc,0x0042ecb0,A
0x004f0da0,0x0042ecb0,R
0x004dcbe8,0x0042ecb0,A
0x004ccd50,0x0042ed30,A
0x004d0b68,0x0042ed30,A
0x004d0b90,0x0042eea0,A
0x004f0df8,0x0042eed0,R
0x004cc624,0x0042eed0,R
0x0056b424,0x0042eed0,W
0x004dcca8,0x0042eed0,A
0x004dcc90,0x0042eed0,A
0x004dcc88,0x0042eed0,A
0x004f0cc0,0x0042eed0,A
0x004dafa8,0x0042eed0,A
0x004f0cc0,0x0042eed0,A
0x004f0cc0,0x0042eed0,A
0x004f0cc0,0x0042eed0,A
0x004f3df8,0x0042eed0,R
0x004d09b8,0x0042eed0,R
0x004f3df8,0x0042eed0,R
0x004d09c0,0x0042eed0,R
0x004f3df8,0x0042eed0,W
0x004f3df8,0x0042eed0,W
0x004cc5b4,0x0042eed0,R
0x004dafec,0x0042eed0,A
0x004dcc78,0x0042eed0,A
0x004dafdc,0x0042eed0,A
0x004f0cc0,0x0042eed0,A
0x004f3df8,0x0042eed0,R
0x004d09b8,0x0042eed0,R
0x004f3df8,0x0042eed0,R
0x004d09c8,0x0042eed0,R
0x004f3df8,0x0042eed0,W
0x004f3df8,0x0042eed0,W
0x0056bbd8,0x0042eed0,W
0x004f3df0,0x0042eed0,W
0x004f0cc0,0x0042eed0,A
0x00561c74,0x0042eed0,W
0x004f0cc0,0x0042eed0,A
0x004f3df8,0x0042eed0,R
0x004d09b8,0x0042eed0,R
0x004f3df8,0x0042eed0,R
0x004d09c0,0x0042eed0,R
0x004f3df8,0x0042eed0,W
0x004f3df8,0x0042eed0,W
0x004f3a90,0x0042f280,R
0x004f3a90,0x0042f280,R
0x004f3a90,0x0042f280,W
0x004e5dec,0x0042f280,R
0x004f3768,0x0042f280,R
0x004f36c0,0x0042f280,R
0x004f36bc,0x0042f280,R
0x004f36c0,0x0042f280,R
0x004f3c98,0x0042f280,A
0x004f3c9c,0x0042f280,R
0x004f3ca4,0x0042f280,R
0x004f3c98,0x0042f280,R
0x004f3c98,0x0042f280,W
0x004f3ca0,0x0042f280,R
0x004f3c9c,0x0042f280,W
0x004f3ca4,0x0042f280,W
0x004f3ca0,0x0042f280,W
0x004f3ca4,0x0042f280,R
0x004f3c9c,0x0042f280,R
0x004f3c9c,0x0042f280,W
0x004f3c98,0x0042f280,A
0x004f0cc0,0x0042f280,A
0x004f3ab0,0x0042f280,A
0x0056b424,0x0042f280,R
0x0056b424,0x0042f280,R
0x0056bbfc,0x0042f280,R
0x004f0cc0,0x0042f280,A
0x004f3ab0,0x0042f280,A
0x0056b424,0x0042f280,R
0x004f0cc0,0x0042f280,A
0x004f3ab0,0x0042f280,A
0x004f3df8,0x0042f5e0,R
0x004d09b8,0x0042f5e0,R
0x004dd1c0,0x0042f5e0,W
0x004f3df8,0x0042f5e0,R
0x004d09d0,0x0042f5e0,R
0x004f3a88,0x0042f5e0,R
0x004f3df8,0x0042f5e0,R
0x004d09b8,0x0042f5e0,R
0x004f3df8,0x0042f5e0,R
0x004f3df8,0x0042f5e0,R
0x0056b424,0x0042f5e0,R
0x004f3df8,0x0042f5e0,W
0x004d09b8,0x0042f5e0,R
0x004f3a88,0x0042f5e0,R
0x004e5dec,0x0042f5e0,R
0x004dccb0,0x0042f5e0,A
0x004dcbd0,0x0042f5e0,A
0x0056bbe8,0x0042f5e0,R
0x0056bbfc,0x0042f5e0,R
0x004cee50,0x0042f5e0,A
0x004dd1c0,0x0042f5e0,W
0x004e5dec,0x0042f5e0,R
0x004d0bb8,0x0042fac0,R
0x004d0bb8,0x0042fac0,R
0x004d0bbc,0x0042fac0,R
0x004d0bbc,0x0042fac0,R
0x004d0bc0,0x0042fac0,R
0x004f3a88,0x0042fb50,R
0x004d0bc4,0x0042fb50,R
0x004d0bc8,0x0042fb50,R
0x004d0bc8,0x0042fb50,R
0x004d0bcc,0x0042fb50,R
0x004d0bcc,0x0042fb50,R
0x004d0bd0,0x0042fb50,R
0x004d0bb8,0x0042fb50,R
0x004d0bb8,0x0042fb50,R
0x004d0bd8,0x0042fb50,R
0x004d0bd8,0x0042fb50,R
0x004d0bc0,0x0042fb50,R
0x004f3a88,0x0042fc90,R
0x004d0bc4,0x0042fc90,R
0x004d0bc8,0x0042fc90,R
0x004d0bc8,0x0042fc90,R
0x004d0bcc,0x0042fc90,R
0x004d0bcc,0x0042fc90,R
0x004d0bd0,0x0042fc90,R
0x004d0bb8,0x0042fc90,R
0x004d0bb8,0x0042fc90,R
0x004d0bbc,0x0042fc90,R
0x004d0bbc,0x0042fc90,R
0x004d0bc0,0x0042fc90,R
0x004f3a88,0x0042fdc0,R
0x004d0bdc,0x0042fdc0,R
0x004d0be0,0x0042fdc0,R
0x004d0be0,0x0042fdc0,R
0x004d0bdc,0x0042fdc0,R
0x004d0bdc,0x0042fdc0,R
0x004d0bc0,0x0042fdc0,R
0x004f3ac4,0x0042fdc0,R
0x004d0be4,0x0042fdc0,R
0x004d0be8,0x0042fdc0,R
0x004f3ee8,0x0042fdc0,R
0x004d0bb8,0x0042fdc0,R
0x004f3ee8,0x0042fdc0,W
0x004f3ee8,0x0042fdc0,R
0x004d0bec,0x0042fdc0,R
0x004d0bdc,0x0042fdc0,R
0x004d0be0,0x0042fdc0,R
0x004d0be0,0x0042fdc0,R
0x004d0bdc,0x0042fdc0,R
0x004d0bdc,0x0042fdc0,R
0x004d0bc0,0x0042fdc0,R
0x004d0bb8,0x0042ffa0,R
0x004d0bb8,0x0042ffa0,R
0x004d0bdc,0x0042ffa0,R
0x004d0bdc,0x0042ffa0,R
0x004d0bc0,0x0042ffa0,R
0x004d2850,0x0042ffa0,A
0x004d2850,0x00430070,A
0x004d0bb8,0x00430100,R
0x004d0bb8,0x00430100,R
0x004d0bdc,0x00430100,R
0x004d0bdc,0x00430100,R
0x004d0bc0,0x00430100,R
0x004d2880,0x00430100,A
0x004dcd4c,0x00430250,A
0x004d1248,0x00430250,A
0x004d1140,0x00430250,A
0x004cc640,0x00430250,R
0x004dcac0,0x00430250,R
0x004dcac8,0x00430250,A
0x004cc0f8,0x00430250,R
0x004cc5e4,0x00430250,R
0x004dad08,0x00430250,A
0x004cc4c0,0x00430250,R
0x004cc5cc,0x00430250,R
0x004dcd40,0x00430250,A
0x004dcd34,0x00430250,A
0x004dad08,0x00430250,A
0x004cc4c0,0x00430250,R
0x004cc5b4,0x00430250,R
0x004dcd28,0x00430250,A
0x004dcd20,0x00430250,A
0x004dcd20,0x00430250,A
0x004cc644,0x00430250,R
0x004cc610,0x00430250,R
0x004cc614,0x00430250,R
0x004cc618,0x00430250,R
0x004cc618,0x00430250,R
0x004f3d14,0x00430250,R
0x004f3ef8,0x00430250,W
0x004f3eec,0x00430250,W
0x004da97c,0x00430250,A
0x004cc61c,0x00430250,R
0x004f0da0,0x00430250,W
0x004dcd00,0x00430250,A
0x004cc00c,0x00430250,R
0x004f3efc,0x00430250,W
0x004cc004,0x00430250,R
0x004cc60c,0x00430250,R
0x004cc620,0x00430250,R
0x004d1140,0x00430610,A
0x004d1248,0x00430610,A
0x004d1268,0x00430610,A
0x004cc66c,0x00430680,R
0x004cc69c,0x00430680,R
0x004cc610,0x00430680,R
0x004cc610,0x00430680,R
0x0056bbe8,0x004306f0,R
0x004dcd5c,0x004306f0,A
0x004dcd54,0x004306f0,A
0x004cc61c,0x00431330,R
0x004f0da0,0x00431330,W
0x004cc61c,0x00431380,R
0x004cc61c,0x00431380,R
0x0056bc2c,0x00431610,R
0x004d1268,0x00431b70,A
0x004d1248,0x00431ba0,A
0x004d1268,0x00431ba0,A
0x004f3fa4,0x00431c50,R
0x004f3fa4,0x00431c50,W
0x00539de8,0x00431c50,W
0x00539de4,0x00431c50,W
0x0056bc9c,0x00431c50,W
0x0056bca0,0x00431c50,W
0x0056bca4,0x00431c50,W
0x004f3a7c,0x00431dd0,R
0x004dcfb4,0x00431dd0,A
0x004f3f84,0x00431dd0,R
0x004f3f7c,0x00431dd0,W
0x004f3f80,0x00431dd0,R
0x004f3f80,0x00431dd0,W
0x004f3f84,0x00431dd0,W
0x004f3a88,0x00431dd0,R
0x004f3f10,0x00431dd0,A
0x004db4ac,0x00431dd0,A
0x004cc4dc,0x00431dd0,R
0x004cc0b0,0x00431dd0,R
0x004cc660,0x00431dd0,R
0x004f3eec,0x00431dd0,R
0x004cc664,0x00431dd0,R
0x004dcd88,0x00431dd0,A
0x004f3128,0x00431dd0,R
0x004f3134,0x00431dd0,R
0x004f3f98,0x00431dd0,W
0x004f3f30,0x00431dd0,W
0x004f3f28,0x00431dd0,W
0x004f3f38,0x00431dd0,W
0x004f3f40,0x00431dd0,W
0x004f3128,0x00431dd0,R
0x004dcdac,0x00431dd0,W
0x004f3f9c,0x00431dd0,W
0x004cc0b0,0x004320b0,R
0x004f3f14,0x004320f0,R
0x0056bd24,0x004320f0,R
0x004f3f7c,0x004320f0,R
0x004f3f14,0x004320f0,R
0x004f3f78,0x004320f0,W
0x004f3f80,0x004320f0,W
0x004f3f7c,0x004320f0,W
0x004f3f84,0x004320f0,W
0x004f3f10,0x004320f0,W
0x004f3f18,0x004320f0,W
0x004f3f14,0x004320f0,W
0x004f3f1c,0x004320f0,W
0x004f3fa4,0x004321b0,W
0x004f3f20,0x004322a0,W
0x004f3f4c,0x004322a0,A
0x004f3f44,0x004322a0,W
0x004f3f48,0x004322a0,W
0x004f3f24,0x004322a0,W
0x004f3f30,0x004322a0,W
0x004f3f34,0x004322a0,W
0x004f3f3c,0x004322a0,W
0x004f3fa0,0x004322a0,W
0x004f3f4c,0x004322a0,W
0x004f3f50,0x004322a0,W
0x004f3f8c,0x004322a0,W
0x004dcdac,0x00432300,R
0x004f3f70,0x00432300,R
0x0056b428,0x00432300,R
0x004f3f9c,0x00432300,R
0x004f3f6c,0x00432300,R
0x004f3f70,0x00432300,W
0x004f3f6c,0x00432300,W
0x0056b428,0x00432300,R
0x004d1290,0x00432300,R
0x004dcdb2,0x00432300,W
0x004dcdb0,0x00432300,W
0x004f3f9c,0x00432300,W
0x004dcdb4,0x00432300,W
0x004dcdb8,0x00432300,W
0x004dcdba,0x00432300,W
0x004dcdbc,0x00432300,R
0x004dcdbc,0x00432300,W
0x004dcdbc,0x00432300,R
0x004f3f70,0x00432300,R
0x004f3f70,0x00432300,W
0x004f3f6c,0x00432300,R
0x004dcdbc,0x00432300,W
0x004f3f6c,0x00432300,W
0x004dcdc0,0x00432300,W
0x004dcdc4,0x00432300,W
0x004dcdc8,0x00432300,W
0x004dcdcc,0x00432300,W
0x004dcdd0,0x00432300,W
0x004dcdd4,0x00432300,W
0x004dcdd8,0x00432300,W
0x004dcddc,0x00432300,W
0x004dcde0,0x00432300,W
0x004dcde4,0x00432300,W
0x004dcde8,0x00432300,W
0x004dcdec,0x00432300,W
0x004dcdf0,0x00432300,W
0x004dcdbc,0x00432300,W
0x004dcdb2,0x00432300,W
0x004dcdf4,0x00432300,W
0x004dcdf8,0x00432300,A
0x004dcdf8,0x00432300,W
0x004dce04,0x00432300,W
0x004dcdfc,0x00432300,W
0x004dce08,0x00432300,W
0x004dce00,0x00432300,W
0x004dce0c,0x00432300,W
0x004dcdbc,0x00432300,W
0x004dcdb0,0x00432300,A
0x004f3128,0x00432300,R
0x004f3f20,0x00432300,A
0x004f3f20,0x00432300,R
0x004f3f24,0x00432300,R
0x0056b424,0x00432300,R
0x004dcfbc,0x00432300,A
0x004f3f44,0x00432300,R
0x004f3f48,0x00432300,R
0x0056b424,0x00432300,R
0x004d1298,0x00432300,R
0x004d1294,0x00432300,R
0x004dce70,0x00432300,R
0x004dce70,0x00432300,W
0x004dce70,0x00432300,W
0x004f3f20,0x00432300,W
0x004f3f20,0x00432300,A
0x004f3f20,0x00432300,R
0x004f3f24,0x00432300,R
0x0056b424,0x00432300,R
0x004d129c,0x00432300,R
0x004f3f38,0x00432300,R
0x0056b424,0x00432300,R
0x0056b428,0x00432300,R
0x004f3f28,0x00432300,R
0x004f3f20,0x00432300,A
0x004f3f20,0x00432300,R
0x004f3f24,0x00432300,R
0x004dce74,0x00432300,R
0x004dce74,0x00432300,W
0x004dce74,0x00432300,W
0x004f3f14,0x00432830,R
0x004dc6c0,0x00432860,A
0x004dcfcc,0x00432860,A
0x004cc5c4,0x00432860,R
0x004dc528,0x00432860,A
0x004f3f10,0x00432860,A
0x004dc510,0x00432860,A
0x004dcfc8,0x00432860,A
0x004dcd88,0x00432860,R
0x0056bd24,0x00432860,R
0x004f36b8,0x00432860,R
0x004f3128,0x00432860,R
0x004f3f20,0x00432860,A
0x004f3f34,0x00432860,R
0x004f3f20,0x00432860,R
0x004f3f24,0x00432860,R
0x004f3f20,0x00432860,R
0x004f3f24,0x00432860,R
0x004dcd88,0x00432ae0,A
0x0056bbd8,0x00432ae0,R
0x0056bbd8,0x00432ae0,R
0x004d12a0,0x00432d60,R
0x004f3f14,0x00432e70,R
0x004dcd88,0x00432e70,A
0x004f3a88,0x00433000,R
0x004f3130,0x00433170,R
0x004f3f20,0x00433170,A
0x004f3f20,0x00433170,R
0x004f3f24,0x00433170,R
0x004f3fa0,0x00433200,R
0x004f3fa0,0x00433200,W
0x004f3f14,0x00433200,R
0x004f3130,0x00433200,R
0x004f3f20,0x00433250,W
0x004f3f30,0x00433250,W
0x004f3f20,0x00433250,R
0x004f3f34,0x00433250,R
0x004f3f34,0x00433250,W
0x004dcfd4,0x00433250,A
0x004f3f44,0x00433250,W
0x004f3f3c,0x00433250,R
0x004f3f3c,0x00433250,W
0x004f3f38,0x00433250,W
0x004f3ec8,0x00433250,A
0x004f3ca8,0x00433250,A
0x004dce7c,0x00433310,W
0x004dce80,0x00433310,W
0x004dce78,0x00433310,A
0x004dce84,0x00433310,W
0x004dce7c,0x00433310,R
0x004dce78,0x00433310,A
0x004dce8c,0x00433390,W
0x004dce90,0x00433390,W
0x0056b428,0x00433390,R
0x004d12b0,0x00433390,R
0x004dce88,0x00433390,A
0x004dce9a,0x00433390,W
0x004f3f28,0x00433390,W
0x004dce8c,0x00433390,R
0x004dce88,0x00433390,A
0x004f3f20,0x00433410,W
0x004f3f30,0x00433410,W
0x004f3f20,0x00433410,R
0x004f3128,0x00433410,R
0x004f3f40,0x00433410,R
0x004f3f40,0x00433410,W
0x004f3f38,0x00433410,R
0x004f3ca8,0x00433410,A
0x004f3f38,0x00433410,W
0x004f3ec8,0x00433410,A
0x004f3f1c,0x004334f0,R
0x004cc5dc,0x004334f0,R
0x004f3f14,0x004334f0,R
0x004cc5b4,0x004334f0,R
0x004f3f8c,0x004335b0,R
0x004f3130,0x004335b0,R
0x004f3128,0x004335b0,R
0x004f3130,0x004335b0,R
0x004f3f20,0x004335b0,A
0x004f3f20,0x004335b0,R
0x004f3f24,0x004335b0,R
0x004f3128,0x004335b0,R
0x004f3f8c,0x004335b0,R
0x004f3f8c,0x004335b0,W
0x004f3a88,0x004336f0,R
0x004f3f88,0x00433710,W
0x004f3f90,0x00433710,W
0x004f3f88,0x00433730,R
0x004f3f90,0x00433740,R
0x004cc5dc,0x00433750,R
0x004cc5b4,0x00433750,R
0x004f3f7c,0x00433840,R
0x004f3128,0x00433840,R
0x004d12b8,0x00433840,R
0x004f3128,0x00433840,R
0x004f0cc0,0x00433840,A
0x004f3f14,0x004339d0,R
0x004f3a88,0x004339d0,R
0x004dcd88,0x00433a50,A
0x004d1280,0x00433ad0,R
0x004f3a88,0x00433ad0,R
0x004dcea4,0x00433ad0,W
0x004dceac,0x00433ad0,W
0x004dceb0,0x00433ad0,W
0x004dceb4,0x00433ad0,W
0x004dceb8,0x00433ad0,W
0x004dcebc,0x00433ad0,W
0x004dcea0,0x00433ad0,A
0x004dcea0,0x00433ad0,A
0x004dcec4,0x00433c30,W
0x004dcecc,0x00433c30,W
0x004dced0,0x00433c30,W
0x004dced4,0x00433c30,W
0x004dced8,0x00433c30,W
0x004dcec8,0x00433c30,W
0x004dcedc,0x00433c30,W
0x004dcec0,0x00433c30,A
0x004d1280,0x00433ca0,R
0x004f3a88,0x00433ca0,R
0x004dcee4,0x00433ca0,W
0x004dcef0,0x00433ca0,W
0x004dcef4,0x00433ca0,W
0x004dcef8,0x00433ca0,W
0x004dcefc,0x00433ca0,W
0x004dcee8,0x00433ca0,W
0x004dcee0,0x00433ca0,A
0x004dcee0,0x00433ca0,A
0x004dcf04,0x00433de0,W
0x004dcf10,0x00433de0,W
0x004dcf14,0x00433de0,W
0x004dcf18,0x00433de0,W
0x004dcf08,0x00433de0,W
0x004dcf1c,0x00433de0,W
0x004dcf00,0x00433de0,A
0x004dcf24,0x00433e40,W
0x004dcf28,0x00433e40,W
0x004dcf20,0x00433e40,A
0x004dcf2c,0x00433e40,W
0x004dcf34,0x00433e70,W
0x004dcf38,0x00433e70,W
0x004dcf30,0x00433e70,A
0x004dcf3c,0x00433e70,W
0x004cc5dc,0x00433ea0,R
0x004cc5b4,0x00433ea0,R
0x004dcf44,0x00434050,W
0x004dcf48,0x00434050,W
0x004dcf4c,0x00434050,W
0x004dcf40,0x00434050,A
0x004dcf50,0x00434050,W
0x004dcf54,0x00434050,W
0x004dcf58,0x00434050,W
0x004f3a88,0x004340c0,R
0x004f3a88,0x00434130,R
0x004dcf64,0x00434130,W
0x004dcf68,0x00434130,W
0x004dcf6c,0x00434130,W
0x004dcf70,0x00434130,W
0x004dcf74,0x00434130,W
0x004dcf60,0x00434130,A
0x004dcf78,0x00434130,W
0x004f3fa8,0x00434370,R
0x004cc5dc,0x00434370,R
0x004cc5b4,0x00434370,R
0x004dcfa4,0x00434460,W
0x004dcfac,0x00434460,W
0x004dcfa0,0x00434460,A
0x004dcfa8,0x00434460,W
0x004dcfaa,0x00434460,W
0x004dcfb0,0x00434460,W
0x004cc108,0x00434660,R
0x004d1510,0x00434680,A
0x004ced18,0x00434680,A
0x004d1488,0x00434680,A
0x004d1400,0x00434680,A
0x004d1370,0x00434680,A
0x004e5ce0,0x00434680,A
0x004d1360,0x00434680,A
0x004d12d8,0x00434680,A
0x004dd02c,0x00434680,A
0x004d12c8,0x00434680,A
0x004da3b8,0x00434680,A
0x004da95c,0x00434680,A
0x004dd01c,0x00434680,A
0x004dd00c,0x00434680,A
0x004dd000,0x00434680,A
0x004dcff8,0x00434680,A
0x004dcfec,0x00434680,A
0x004dcfe4,0x00434680,A
0x004cc5c4,0x00434680,R
0x004d1598,0x004348f0,A
0x004cc5d0,0x004348f0,R
0x004d1510,0x00434b90,A
0x004ced18,0x00434b90,A
0x004d1488,0x00434b90,A
0x004d1400,0x00434b90,A
0x004d1370,0x00434b90,A
0x004e5ce0,0x00434b90,A
0x004d1360,0x00434b90,A
0x004d1688,0x00434b90,A
0x004dd048,0x00434b90,A
0x004d1678,0x00434b90,A
0x004da3b8,0x00434b90,A
0x004da95c,0x00434b90,A
0x004dd01c,0x00434b90,A
0x004dd00c,0x00434b90,A
0x004dd000,0x00434b90,A
0x004dd040,0x00434b90,A
0x004dcfec,0x00434b90,A
0x004dcfe4,0x00434b90,A
0x004cc5c4,0x00434b90,R
0x004da97c,0x00434ee0,A
0x004dd06c,0x00434fb0,A
0x004cc4b8,0x00434fb0,R
0x004dd05c,0x00434fb0,A
0x004cc5c4,0x00434fb0,R
0x004cc4bc,0x00434fb0,R
0x004e5ce0,0x00434fb0,A
0x004dd06c,0x00435240,A
0x004cc4b8,0x00435240,R
0x004dd05c,0x00435240,A
0x004cc5c4,0x00435240,R
0x004f3ca8,0x00435240,A
0x004da97c,0x004353f0,A
0x004da97c,0x004353f0,A
0x004dd078,0x004355e0,A
0x004cc104,0x004355e0,R
0x004cc100,0x004355e0,R
0x004f3fb0,0x00435a40,A
0x004dd05c,0x00435a70,A
0x004cc5c4,0x00435a70,R
0x004f3fc8,0x00435a70,R
0x004f3fc8,0x00435a70,W
0x004f3fc4,0x00435a70,R
0x004f3df8,0x00435a70,R
0x004d1710,0x00435a70,R
0x004f3df8,0x00435a70,R
0x004d1718,0x00435a70,R
0x004f3ca8,0x00435a70,A
0x004f3df8,0x00435a70,W
0x004f3df8,0x00435a70,W
0x004f3ca8,0x00435a70,A
0x004f3df8,0x00435a70,R
0x004d1710,0x00435a70,R
0x004f3df8,0x00435a70,R
0x004d1718,0x00435a70,R
0x004f3ca8,0x00435a70,A
0x004f3df8,0x00435a70,W
0x004f3ca8,0x00435a70,A
0x004f3df8,0x00435a70,W
0x004f3ca8,0x00435a70,A
0x004f3ca8,0x00435a70,A
0x004cc5e4,0x00435a70,R
0x004f3ca8,0x00435a70,A
0x004f3ec4,0x00435a70,W
0x004f3ea8,0x00435a70,W
0x004f3e80,0x00435a70,A
0x004f3ca8,0x00435a70,A
0x004f3ca8,0x00435a70,A
0x004d1728,0x00435c80,A
0x004d1728,0x00435cc0,A
0x004ccd50,0x00435cc0,A
0x0056bbe8,0x00435d20,R
0x0056bbfc,0x00435d20,R
0x004da3d8,0x00435d20,A
0x004cee50,0x00435d20,A
0x0056b424,0x00435e80,R
0x004da3d8,0x00435ed0,A
0x004f3fb0,0x00435f50,A
0x004f3ca8,0x00435f50,A
0x004f3fc0,0x00435f50,W
0x004f3fb8,0x00435f50,W
0x004f3fc4,0x00435f80,W
0x004f3fc0,0x00435f80,W
0x004f3fb0,0x00435f80,A
0x004f3ca8,0x00435f80,A
0x004f3fb8,0x00435f80,W
0x004cc4b4,0x00436630,R
0x004dd18c,0x004367a0,A
0x004db5ec,0x004367a0,A
0x004dd180,0x004367a0,A
0x004dd178,0x004367a0,A
0x004dd168,0x004367a0,A
0x004dd158,0x004367a0,A
0x004dd14c,0x004367a0,A
0x004dd13c,0x004367a0,A
0x004dd130,0x004367a0,A
0x004dd128,0x004367a0,A
0x004dd118,0x004367a0,A
0x004dd114,0x004367a0,A
0x004dd10c,0x004367a0,A
0x004dd108,0x004367a0,A
0x004db65c,0x004367a0,A
0x004dd100,0x004367a0,A
0x004dad34,0x004367a0,A
0x004db654,0x004367a0,A
0x004dad88,0x004367a0,A
0x004dd0f4,0x004367a0,A
0x004dd0e4,0x004367a0,A
0x004dd0d4,0x004367a0,A
0x004dd0c8,0x004367a0,A
0x004dd0bc,0x004367a0,A
0x004dd0b0,0x004367a0,A
0x004dd0a8,0x004367a0,A
0x004dd09c,0x004367a0,A
0x004d1750,0x004367a0,R
0x004d1754,0x004367a0,R
0x004dd090,0x004367a0,A
0x004dd088,0x004367a0,A
0x004cc5cc,0x004367a0,R
0x0056b428,0x00436e40,R
0x004cc4b4,0x00436e40,R
0x004f3a88,0x00436e40,R
0x004f3fdc,0x00436e40,R
0x004f3fe4,0x00436e40,R
0x004f3fdc,0x00436e40,W
0x004f3fe0,0x00436e40,W
0x004d1754,0x00436e40,R
0x0056b428,0x00436e40,R
0x004d1754,0x00436e40,R
0x0056b428,0x00436e40,R
0x0056b428,0x00436e40,R
0x004cc4b4,0x00436e40,R
0x004f3a88,0x00436e40,R
0x004f3fdc,0x00436e40,R
0x004f3fe4,0x00436e40,R
0x004f3fdc,0x00436e40,W
0x004f3fe0,0x00436e40,W
0x004d1754,0x00436e40,R
0x0056b428,0x00436e40,R
0x004d1754,0x00436e40,R
0x0056b428,0x00436e40,R
0x0056b428,0x00436e40,R
0x0056b428,0x00436e40,R
0x0056b424,0x00436e40,R
0x0056b424,0x00436e40,R
0x0056b428,0x00436e40,R
0x004d1750,0x00437430,R
0x004d1758,0x004374a0,R
0x004d1754,0x004374a0,R
0x0056b424,0x004374a0,R
0x004d1760,0x004374a0,R
0x004d1764,0x004374a0,R
0x004d1768,0x004374a0,R
0x004d1754,0x004374a0,R
0x004d1768,0x004374a0,R
0x004d1754,0x004374a0,R
0x004d1754,0x00437820,R
0x004d176c,0x00437820,R
0x004f3a88,0x00437820,R
0x00779aac,0x00437820,W
0x0056b428,0x00437820,R
0x0056b428,0x00437820,R
0x004d1754,0x00437990,R
0x004d1754,0x00437990,R
0x0056b428,0x00437990,R
0x004d1754,0x004379f0,R
0x0056b428,0x004379f0,R
0x004d1754,0x004379f0,R
0x004f41ec,0x004379f0,R
0x004f3fd8,0x00437aa0,W
0x004f3fe0,0x00437aa0,W
0x004dadf4,0x00437ac0,A
0x004dd19c,0x00437ac0,A
0x004dd13c,0x00437ac0,A
0x004f3fd4,0x00437ac0,W
0x004dc54c,0x00437ac0,A
0x004dd194,0x00437ac0,A
0x004f3fd8,0x00437ac0,R
0x004f41ec,0x00437ac0,W
0x004f3fe8,0x00437ac0,A
0x004f3fd8,0x00437ac0,R
0x004f3fd8,0x00437ac0,W
0x004f3fd0,0x00437ac0,W
0x004f3fd0,0x00437d40,R
0x004f3fd0,0x00437d50,R
0x004f3fd8,0x00437dc0,R
0x004f3fe8,0x00437dc0,A
0x004f3fe8,0x00437dc0,R
0x004f3fec,0x00437dc0,R
0x004f3fe8,0x00437dc0,R
0x004f3fe8,0x00437dc0,W
0x004f3fd8,0x00437dc0,R
0x004f3fd4,0x00437dc0,R
0x004f3fd8,0x00437dc0,W
0x004f3fd4,0x00437dc0,W
0x004f3fd0,0x00437dc0,R
0x004f3fd0,0x00437dc0,R
0x004f3fd0,0x00437dc0,W
0x004f41fc,0x00438020,R
0x004f41f4,0x00438020,W
0x004f41f8,0x00438020,R
0x004f41f8,0x00438020,W
0x004f41fc,0x00438020,W
0x004d1770,0x00438020,R
0x004d1774,0x00438020,R
0x004d1770,0x00438020,R
0x004d1774,0x00438020,R
0x004d1774,0x00438020,R
0x004d1774,0x00438020,R
0x004d1770,0x00438020,R
0x004d1770,0x00438020,R
0x004f41f4,0x00438180,R
0x004f41f0,0x00438180,W
0x004f41f8,0x00438180,W
0x004f41f4,0x00438180,W
0x004f41fc,0x00438180,W
0x004f41fc,0x004381d0,R
0x004f41f4,0x004381d0,R
0x0056b424,0x004381d0,R
0x004d1770,0x004381d0,R
0x004d1774,0x004381d0,R
0x004d1770,0x004381d0,R
0x004d1770,0x004381d0,R
0x004f41fc,0x004381d0,R
0x004f41f4,0x004381d0,R
0x004f41fc,0x004381d0,R
0x004f41fc,0x004381d0,W
0x004f41f4,0x004381d0,W
0x004f41f0,0x004381d0,W
0x004f41f8,0x004381d0,W
0x004f41fc,0x004381d0,R
0x004f41fc,0x004381d0,W
0x004f41f8,0x004381d0,R
0x004f41f8,0x004381d0,W
0x004dd1c8,0x00438350,A
0x004da3b8,0x00438350,A
0x004cc5dc,0x004383e0,R
0x004cc5b4,0x00438430,R
0x004cc5b4,0x00438430,R
0x004cc5dc,0x004384e0,R
0x0056b424,0x004386c0,R
0x004d1778,0x004386c0,R
0x004d177c,0x004386c0,R
0x004d1780,0x004386c0,R
0x004d1780,0x004386c0,R
0x004d1784,0x004386c0,R
0x004d1780,0x004386c0,R
0x004d1788,0x004386c0,R
0x004d1780,0x004386c0,R
0x004d1784,0x004386c0,R
0x004cc5dc,0x00438920,R
0x004f334c,0x00438920,R
0x004f3344,0x00438920,W
0x004f3348,0x00438920,R
0x004f3348,0x00438920,W
0x004f334c,0x00438920,W
0x004dd1d4,0x00438980,A
0x004db5ec,0x00438990,A
0x004f3a88,0x00438a20,R
0x004d178c,0x00438a20,R
0x004f4210,0x00438a90,W
0x004f4210,0x00438a90,W
0x004f4210,0x00438b10,R
0x004f4210,0x00438b10,W
0x004f4210,0x00438b30,R
0x004f4210,0x00438b30,R
0x004d1790,0x00438ba0,R
0x004d1794,0x00438ba0,R
0x004d1790,0x00438ba0,R
0x004d1794,0x00438ba0,R
0x004dc534,0x00438ba0,A
0x004cc59c,0x00438ba0,R
0x004cc5c4,0x00438ba0,R
0x004dd1f8,0x00438ba0,A
0x004dd1ec,0x00438ba0,A
0x004dd1e4,0x00438ba0,A
0x004dd1ec,0x00438ba0,A
0x004dd1dc,0x00438ba0,A
0x004dcfc8,0x004390d0,A
0x004dd210,0x004390d0,A
0x004dd208,0x004390d0,A
0x004dd200,0x004390d0,A
0x004f36a4,0x00439260,R
0x004d1794,0x00439260,R
0x004d1794,0x00439260,R
0x004d1794,0x00439260,R
0x004f3a88,0x00439260,R
0x004f36a4,0x00439460,R
0x004d1794,0x00439460,R
0x004f3a88,0x00439460,R
0x004f3a88,0x00439540,R
0x004f3a88,0x00439690,R
0x004f3344,0x00439690,R
0x0056b428,0x00439690,R
0x004d1798,0x00439690,R
0x004d1798,0x00439690,R
0x004dd1d8,0x00439690,R
0x004dd1d8,0x00439690,W
0x004dd1d8,0x00439690,W
0x004d17a0,0x00439690,R
0x0056b428,0x00439690,R
0x004d17a0,0x00439690,R
0x004d1794,0x00439690,R
0x004d1794,0x004399c0,R
0x0056b428,0x004399c0,R
0x0056b424,0x004399c0,R
0x004f3a88,0x004399c0,R
0x004f3a88,0x004399c0,R
0x004f3a88,0x004399c0,R
0x004f3754,0x004399c0,R
0x004d17a4,0x004399c0,R
0x0056b428,0x004399c0,R
0x004f375c,0x004399c0,R
0x004f3748,0x004399c0,R
0x004f3758,0x004399c0,R
0x0056b428,0x004399c0,R
0x004f375c,0x004399c0,W
0x004f3750,0x00439b20,R
0x004f374c,0x00439b20,R
0x004f3750,0x00439b20,W
0x004f374c,0x00439b20,R
0x004f3750,0x00439b20,W
0x004f3748,0x00439b70,R
0x004f374c,0x00439b70,R
0x004f3750,0x00439b70,W
0x0056b424,0x00439ba0,R
0x004d17a8,0x00439ba0,R
0x0056b424,0x00439ba0,R
0x004d17ac,0x00439ba0,R
0x004d17b0,0x00439ba0,R
0x004d17ac,0x00439ba0,R
0x004d17b4,0x00439ba0,R
0x004d17b8,0x00439ba0,R
0x0056b424,0x00439ba0,R
0x004d17b0,0x00439ba0,R
0x004d17b8,0x00439ba0,R
0x004d1794,0x00439ba0,R
0x004d17ac,0x00439ba0,R
0x0056b424,0x00439ba0,R
0x004d17b0,0x00439ba0,R
0x004d17b8,0x00439ba0,R
0x004d17bc,0x00439ba0,R
0x0056b424,0x00439ba0,R
0x004d17b0,0x00439ba0,R
0x004d17ac,0x00439ba0,R
0x004d17ac,0x00439ba0,R
0x004d17b4,0x00439ba0,R
0x004d17c0,0x00439ba0,R
0x004d1794,0x00439ba0,R
0x004f3a88,0x00439ba0,R
0x004d1794,0x00439ba0,R
0x0056b424,0x00439ba0,R
0x004d1794,0x00439ba0,R
0x004d1794,0x00439ba0,R
0x004d1794,0x00439ba0,R
0x004d1794,0x00439ba0,R
0x004d1794,0x0043a400,R
0x004d17b8,0x0043a400,R
0x004d1794,0x0043a400,R
0x004f3a88,0x0043a400,R
0x004f311c,0x0043a400,W
0x004d1794,0x0043a400,R
0x004d1794,0x0043a4f0,R
0x004d17b8,0x0043a4f0,R
0x004d17c4,0x0043a600,R
0x004d1794,0x0043a600,R
0x004d17c8,0x0043a600,R
0x0056b424,0x0043a600,R
0x004d17cc,0x0043a600,R
0x004d17d0,0x0043a600,R
0x0056b424,0x0043a900,R
0x004d17d4,0x0043a900,R
0x004d17d0,0x0043a900,R
0x004d17d8,0x0043a900,R
0x004d1794,0x0043a980,R
0x004d1794,0x0043a980,R
0x004d1794,0x0043a980,R
0x004d17c4,0x0043aa30,R
0x004d17c4,0x0043acf0,R
0x004d1794,0x0043b500,R
0x004d1794,0x0043b500,R
0x004dc998,0x0043b500,R
0x004dc99c,0x0043b500,R
0x004dc9a0,0x0043b500,R
0x004d17b8,0x0043b500,R
0x004d17e0,0x0043b500,R
0x004d17b8,0x0043b500,R
0x004d1794,0x0043b5d0,R
0x004f3754,0x0043b5d0,W
0x004f3754,0x0043b5d0,R
0x004f3754,0x0043b660,R
0x004f3754,0x0043b660,R
0x004d17e4,0x0043b660,R
0x0056b428,0x0043b730,R
0x004d17e8,0x0043b730,R
0x004f373c,0x0043b730,R
0x004d1794,0x0043b790,R
0x004d1794,0x0043b870,R
0x004d1794,0x0043b870,R
0x004f3a88,0x0043b870,R
0x004f3a88,0x0043b870,R
0x004d1790,0x0043b870,R
0x004f3114,0x0043b870,R
0x004f3114,0x0043b870,W
0x0056b428,0x0043b870,R
0x004d17ec,0x0043b870,R
0x004d17f0,0x0043b870,R
0x004d17f4,0x0043b870,R
0x004d17f8,0x0043b870,R
0x004f3a88,0x0043bc40,R
0x004d1794,0x0043bcc0,R
0x004f3754,0x0043bcc0,R
0x004d1800,0x0043bcc0,R
0x004d1794,0x0043bcc0,R
0x004f3a88,0x0043bcc0,R
0x004f36d4,0x0043bcc0,W
0x004f36d0,0x0043bcc0,W
0x0056b428,0x0043bcc0,R
0x004f3140,0x0043bcc0,W
0x004d17f0,0x0043bcc0,R
0x004d1808,0x0043bcc0,R
0x004d180c,0x0043bcc0,R
0x004f36b4,0x0043bcc0,R
0x004d1810,0x0043bcc0,R
0x004f36b4,0x0043bcc0,R
0x004d1794,0x0043c010,R
0x004d1794,0x0043c190,R
0x004f3a88,0x0043c190,R
0x004f36b4,0x0043c190,R
0x004f36b4,0x0043c190,R
0x004d1814,0x0043c190,R
0x004d17b8,0x0043c190,R
0x004d1794,0x0043c190,R
0x004f3a88,0x0043c190,R
0x004f311c,0x0043c190,W
0x004f3a88,0x0043c190,R
0x004f3a88,0x0043c2d0,R
0x004f311c,0x0043c2d0,W
0x004f3a88,0x0043c330,R
0x004f36b4,0x0043c330,R
0x004f36b4,0x0043c330,R
0x004f3a88,0x0043c430,R
0x004d17b8,0x0043c430,R
0x004f3a88,0x0043c430,R
0x004d1794,0x0043c550,R
0x004d1794,0x0043c660,R
0x004d1794,0x0043c660,R
0x004d1794,0x0043c660,R
0x004d1794,0x0043c660,R
0x004d1794,0x0043c660,R
0x004cc4ac,0x0043ca20,R
0x004dd218,0x0043ca20,A
0x004cc5a0,0x0043ca20,R
0x004cc5a0,0x0043ca20,R
0x004f0cc0,0x0043ca90,A
0x004cc5a0,0x0043cc70,R
0x004dd244,0x0043cc70,A
0x004dd234,0x0043cc70,A
0x004f3a88,0x0043cc70,R
0x004dd224,0x0043cc70,A
0x004cc5c4,0x0043cc70,R
0x004dd250,0x0043cf40,A
0x004cc5c4,0x0043cf40,R
0x00538568,0x0043cf90,R
0x00538568,0x0043cf90,R
0x004cc65c,0x0043cf90,R
0x00538568,0x0043cf90,R
0x004dd25c,0x0043cf90,A
0x00538574,0x0043cf90,R
0x00538990,0x0043d060,A
0x004cc4a8,0x0043d060,R
0x00538990,0x0043d060,A
0x00538990,0x0043d060,R
0x00538991,0x0043d060,R
0x00538990,0x0043d060,R
0x00538990,0x0043d060,A
0x00538990,0x0043d060,W
0x00538991,0x0043d060,A
0x0053898e,0x0043d060,A
0x0053898f,0x0043d060,A
0x0053898e,0x0043d060,A
0x0053898f,0x0043d060,A
0x004cc65c,0x0043d060,R
0x00538990,0x0043d060,A
0x00538991,0x0043d060,A
0x004cc70c,0x0043d130,R
0x004f53d0,0x0043d130,W
0x004f5434,0x0043d130,W
0x004f53d0,0x0043d130,A
0x00538574,0x0043d130,A
0x004d1838,0x0043d130,A
0x004d18d8,0x0043d130,A
0x004cc708,0x0043d130,R
0x00538574,0x0043d130,R
0x004cc660,0x0043d130,R
0x004f3cc8,0x0043d130,R
0x00538560,0x0043d130,A
0x004f53cc,0x0043d130,W
0x00538560,0x0043d130,R
0x004d1ba4,0x0043d130,R
0x00538574,0x0043d130,R
0x00538570,0x0043d130,A
0x004d1848,0x0043d130,A
0x00538574,0x0043d280,R
0x00538570,0x0043d280,R
0x004d1848,0x0043d280,A
0x00538574,0x0043d280,R
0x004f5440,0x0043d280,R
0x004cc0e4,0x0043d280,R
0x00538574,0x0043d280,W
0x004f5438,0x0043d280,R
0x004f52c4,0x0043d280,R
0x004f5448,0x0043d2e0,A
0x004f5448,0x0043d2e0,W
0x004f544c,0x0043d2e0,W
0x004f5238,0x0043d2e0,R
0x004cc120,0x0043d2e0,R
0x004f5440,0x0043d2e0,W
0x004f5438,0x0043d2e0,W
0x004f5440,0x0043d2e0,R
0x004f5438,0x0043d2e0,R
0x004f4220,0x0043d2e0,W
0x004f4230,0x0043d2e0,R
0x004f52c4,0x0043d2e0,W
0x004f4224,0x0043d2e0,W
0x004f4228,0x0043d2e0,W
0x004f4230,0x0043d2e0,R
0x004cc110,0x0043d2e0,R
0x00538568,0x0043d2e0,R
0x00538568,0x0043d2e0,R
0x00538574,0x0043d2e0,R
0x004cc10c,0x0043d2e0,R
0x00538564,0x0043d2e0,W
0x004f4220,0x0043d2e0,A
0x004cc0b0,0x0043d2e0,R
0x004f53cc,0x0043d2e0,R
0x00538564,0x0043d2e0,R
0x00538574,0x0043d2e0,R
0x00538564,0x0043d2e0,R
0x004f4220,0x0043d2e0,A
0x00538564,0x0043d2e0,R
0x004f4228,0x0043d2e0,R
0x004dd24c,0x0043d2e0,W
0x004cc114,0x0043d2e0,R
0x00538568,0x0043d2e0,R
0x00538574,0x0043d2e0,R
0x00538564,0x0043d2e0,W
0x004f52c8,0x0043d2e0,A
0x004f4220,0x0043d2e0,A
0x00538574,0x0043d2e0,R
0x00538564,0x0043d2e0,R
0x004f4220,0x0043d2e0,A
0x004f4230,0x0043d2e0,R
0x00538568,0x0043d2e0,R
0x00538564,0x0043d2e0,R
0x00538574,0x0043d2e0,R
0x004f3cc8,0x0043d2e0,R
0x004f4230,0x0043d2e0,R
0x004f4230,0x0043d2e0,R
0x004dd24c,0x0043d6a0,W
0x004cffb0,0x0043d740,A
0x004cffb0,0x0043d740,A
0x004cffb0,0x0043d740,A
0x004cffb0,0x0043d740,A
0x004cffb0,0x0043d740,A
0x004cfee8,0x0043d740,A
0x004cfee8,0x0043d740,A
0x004cfee8,0x0043d740,A
0x004cfee8,0x0043d740,A
0x004cfee8,0x0043d740,A
0x004cfee8,0x0043d740,A
0x004cfe10,0x0043d740,A
0x004cfd40,0x0043d740,A
0x004cfe10,0x0043d740,A
0x004cffb0,0x0043d740,A
0x004cffb0,0x0043d740,A
0x004cfe10,0x0043d740,A
0x004d1bb8,0x0043d740,A
0x004cc65c,0x0043dcd0,R
0x004cc658,0x0043dcd0,R
0x00538558,0x0043dcd0,W
0x004f53cc,0x0043dfe0,R
0x00538574,0x0043dfe0,R
0x0056b430,0x0043dfe0,R
0x00538d90,0x0043dfe0,R
0x0056b430,0x0043dfe0,R
0x004d1b90,0x0043dfe0,R
0x00538574,0x0043dfe0,R
0x00538d90,0x0043dfe0,W
0x004cc65c,0x0043e040,R
0x004f547c,0x0043e040,R
0x004f547c,0x0043e040,A
0x004f558c,0x0043e040,A
0x004f547c,0x0043e040,R
0x004f547e,0x0043e040,R
0x004f558c,0x0043e040,A
0x004f558e,0x0043e040,A
0x004f547d,0x0043e040,R
0x004f547f,0x0043e040,R
0x004f558d,0x0043e040,A
0x004f558f,0x0043e040,A
0x004f562f,0x0043e040,A
0x00538574,0x0043e040,R
0x004f5558,0x0043e040,A
0x00538568,0x0043e040,R
0x004f5448,0x0043e040,A
0x004f5558,0x0043e040,A
0x004f5448,0x0043e040,W
0x004f555c,0x0043e040,A
0x004f544c,0x0043e040,W
0x004f5448,0x0043e040,R
0x004f547c,0x0043e040,A
0x004dd24c,0x0043e160,R
0x004dd24c,0x0043e160,R
0x004cc0b0,0x0043e160,R
0x00538574,0x0043e160,R
0x004dd24c,0x0043e160,R
0x004cc654,0x0043e160,R
0x004f4230,0x0043e160,R
0x004f547c,0x0043e3b0,R
0x00538574,0x0043e3b0,R
0x004f5448,0x0043e3b0,A
0x004f5448,0x0043e3b0,W
0x004f544c,0x0043e3b0,W
0x004cc65c,0x0043e3b0,R
0x00538568,0x0043e3b0,R
0x00538584,0x0043e3b0,W
0x00538568,0x0043e3b0,R
0x00538574,0x0043e3b0,R
0x004f53c8,0x0043e3b0,R
0x00538574,0x0043e450,R
0x00538558,0x0043e450,R
0x004f4230,0x0043e450,R
0x004f4230,0x0043e450,R
0x00538574,0x0043e450,R
0x00538558,0x0043e450,W
0x004dad08,0x0043e900,A
0x004cc59c,0x0043e900,R
0x004cc5a0,0x0043e900,R
0x004f547c,0x0043e900,R
0x00538574,0x0043e900,R
0x00538574,0x0043e900,R
0x004e5ce0,0x0043e900,A
0x004f53c8,0x0043e900,W
0x004cc65c,0x0043ebd0,R
0x004cc65c,0x0043ee80,R
0x004f3d14,0x0043efe0,R
0x004f5238,0x0043efe0,W
0x004f4230,0x0043efe0,W
0x004f3ca8,0x0043efe0,A
0x00538568,0x0043efe0,W
0x00538568,0x0043efe0,R
0x004f53c0,0x0043efe0,W
0x004f3ca8,0x0043efe0,A
0x004f53c0,0x0043efe0,R
0x004f53e4,0x0043f610,A
0x004d1c90,0x0043f610,A
0x004cc0d8,0x0043f610,R
0x00538568,0x004404c0,R
0x004ccd88,0x004404c0,A
0x00538584,0x004404c0,R
0x00538584,0x004404c0,R
0x00538568,0x004404c0,R
0x004cc65c,0x004404c0,R
0x00538568,0x004404c0,R
0x00538568,0x004404c0,R
0x00538568,0x004404c0,R
0x00538568,0x004404c0,R
0x004f0cc0,0x004404c0,A
0x004d1b98,0x004404c0,R
0x004f53c0,0x004404c0,W
0x004cc660,0x004404c0,R
0x004f3cc8,0x004404c0,R
0x00538574,0x004404c0,R
0x004cc5d4,0x004407e0,R
0x00538568,0x004407e0,R
0x004cc65c,0x004407e0,R
0x00538568,0x004407e0,R
0x00538568,0x004407e0,R
0x00538568,0x004407e0,R
0x00538568,0x004407e0,R
0x00538568,0x004407e0,R
0x00538568,0x004407e0,R
0x004cc5d4,0x00440a30,R
0x00538568,0x00440a30,R
0x004cc65c,0x00440a30,R
0x00538568,0x00440a30,R
0x00538568,0x00440a30,R
0x00538568,0x00440a30,R
0x00538568,0x00440a30,R
0x00538568,0x00440a30,R
0x00538568,0x00440a30,R
0x004cc0e8,0x00441600,R
0x004cc0cc,0x00441620,R
0x004d1c90,0x00441680,A
0x004f53e4,0x00441680,A
0x004cc0cc,0x00441680,R
0x004cc0f0,0x00441680,R
0x004cfd40,0x00441750,A
0x004cffb0,0x00441750,A
0x004e5ce0,0x00441750,A
0x004d1dd8,0x00441750,A
0x00538568,0x00441cb0,R
0x00538568,0x00441cb0,R
0x00538568,0x00441cb0,R
0x00538574,0x00441f40,R
0x004e5ce0,0x00441f40,A
0x00538574,0x00441f40,R
0x004e5ce0,0x00441f40,A
0x00538574,0x00441f40,R
0x00538574,0x00441f40,R
0x004cc65c,0x00442010,R
0x004cc65c,0x00442080,R
0x004d1ed0,0x00442220,A
0x005392b0,0x00442270,A
0x004cc4a8,0x00442270,R
0x005392a8,0x00442270,R
0x005392b0,0x00442270,A
0x004cc690,0x00442270,R
0x005392a0,0x004422a0,A
0x004d1858,0x004422a0,A
0x004d18e8,0x004422a0,A
0x004cc708,0x004422a0,R
0x0053929c,0x004422a0,A
0x0053929c,0x004422a0,R
0x004d1fcc,0x004422a0,R
0x005392a0,0x004422a0,R
0x005392ac,0x004422a0,A
0x004d1868,0x004422a0,A
0x005392ac,0x004422f0,R
0x005392a0,0x004422f0,R
0x004d1868,0x004422f0,A
0x005392a0,0x004422f0,R
0x004cc6a8,0x00442530,R
0x004f5240,0x00442530,A
0x004f52c0,0x00442530,W
0x004f3eec,0x00442530,R
0x004f3ef8,0x00442530,R
0x004f53e4,0x004425c0,A
0x004d1fe0,0x004425c0,A
0x004cc0d8,0x004425c0,R
0x005392a8,0x004426b0,R
0x004cc6ac,0x004426b0,R
0x004dd4b4,0x004426b0,A
0x004dd4a0,0x004426b0,A
0x004cc0cc,0x00442790,R
0x004d1fe0,0x004427f0,A
0x004f53e4,0x004427f0,A
0x004cc0cc,0x004427f0,R
0x004cc0f0,0x004427f0,R
0x004cc0f0,0x00442860,R
0x004cc0f0,0x00442860,R
0x004d2000,0x004428a0,A
0x004d2020,0x004428b0,A
0x004cc6b0,0x004429d0,R
0x004dcaf8,0x00442a50,A
0x004dcaf0,0x00442a50,A
0x004cc4dc,0x00442a50,R
0x004dcaf0,0x00442a50,A
0x004dcaf8,0x00442a50,A
0x004dd5a0,0x00442a50,A
0x004dcaf8,0x00442a50,A
0x004dcaf0,0x00442a50,A
0x004dcaf0,0x00442a50,A
0x004dcaf8,0x00442a50,A
0x004dd590,0x00442a50,A
0x004dcaf8,0x00442a50,A
0x004dcaf0,0x00442a50,A
0x004dcaf0,0x00442a50,A
0x004dcaf8,0x00442a50,A
0x004dd580,0x00442a50,A
0x004dcaf8,0x00442a50,A
0x004dcaf0,0x00442a50,A
0x004dcaf0,0x00442a50,A
0x004dcaf8,0x00442a50,A
0x004dd570,0x00442a50,A
0x004dcaf8,0x00442a50,A
0x004dcaf0,0x00442a50,A
0x004dcaf0,0x00442a50,A
0x004dcaf8,0x00442a50,A
0x004dd560,0x00442a50,A
0x004dcaf8,0x00442a50,A
0x004dcaf0,0x00442a50,A
0x004dcaf0,0x00442a50,A
0x004dcaf8,0x00442a50,A
0x004dd550,0x00442a50,A
0x004dcaf8,0x00442a50,A
0x004dcaf0,0x00442a50,A
0x004dcaf0,0x00442a50,A
0x004dcaf8,0x00442a50,A
0x004dd540,0x00442a50,A
0x004dcaf8,0x00442a50,A
0x004dcaf0,0x00442a50,A
0x004dcaf0,0x00442a50,A
0x004dcaf8,0x00442a50,A
0x004dd530,0x00442a50,A
0x0056bbe8,0x00442a50,R
0x004dcaf8,0x00442a50,A
0x004dcaf0,0x00442a50,A
0x004dcaf0,0x00442a50,A
0x004dcaf8,0x00442a50,A
0x004dd520,0x00442a50,A
0x004d2020,0x00442c70,A
0x004cc128,0x00442d00,R
0x004cc64c,0x00442d00,R
0x004cc6b8,0x00442d00,R
0x004cc6b4,0x00442d00,R
0x004dd8cc,0x0044300b,A
0x004dd890,0x0044300b,A
0x004cc648,0x0044300b,R
0x004cc4b0,0x0044300b,R
0x004dd880,0x00443032,A
0x004e5ce0,0x00443032,A
0x004dd860,0x00443032,A
0x004dd83c,0x00443032,A
0x004dd808,0x00443032,A
0x004dd7e8,0x00443032,A
0x004dd7b4,0x00443032,A
0x004dd780,0x00443032,A
0x004dd758,0x00443032,A
0x004dd724,0x00443032,A
0x004dd708,0x00443032,A
0x004dd6cc,0x00443032,A
0x004dd68c,0x00443032,A
0x004dd678,0x00443032,A
0x004dd658,0x00443032,A
0x004dd64c,0x00443032,A
0x004dd658,0x00443032,A
0x004dd678,0x00443032,A
0x004dd68c,0x00443032,A
0x004dd6cc,0x00443032,A
0x004dd708,0x00443032,A
0x004dd724,0x00443032,A
0x004dd758,0x00443032,A
0x004dd780,0x00443032,A
0x004dd7b4,0x00443032,A
0x004dd7e8,0x00443032,A
0x004dd808,0x00443032,A
0x004dd83c,0x00443032,A
0x004dd860,0x00443032,A
0x004e5ce0,0x00443032,A
0x004dd880,0x00443032,A
0x004cc648,0x00443032,R
0x004cc4b0,0x00443032,R
0x004dd63c,0x004430cc,A
0x004dd610,0x004430cc,A
0x004cc648,0x004430cc,R
0x004cc4b0,0x004430cc,R
0x004dd8e8,0x00443730,A
0x004d22e0,0x004437d0,A
0x004d21d8,0x004437d0,A
0x004d21d8,0x00443830,A
0x004d22f8,0x00443830,A
0x004d1268,0x00443830,A
0x004cc0a4,0x00443900,R
0x004cc06c,0x00443900,R
0x004cc0a8,0x00443900,R
0x004cc064,0x00443900,R
0x004cc08c,0x00443900,R
0x004d22f8,0x00443b90,A
0x004d1268,0x00443b90,A
0x004d22f8,0x00443c00,A
0x004d1268,0x00443c00,A
0x005396d0,0x00443c50,W
0x005396d4,0x00443c60,W
0x00539c00,0x00443d20,R
0x005396d8,0x00443d20,W
0x005396dc,0x00443d20,W
0x005396e0,0x00443d20,W
0x00539810,0x00443d20,W
0x00539814,0x00443d20,W
0x004cc504,0x00443d20,R
0x004cc504,0x00443d20,R
0x005396d8,0x00443d20,R
0x005396d8,0x00443d20,W
0x005396e0,0x00443d20,R
0x005396e0,0x00443d20,W
0x005396e0,0x00443d20,R
0x005396d8,0x00443d20,R
0x005396d8,0x00443d20,W
0x005396e0,0x00443d20,W
0x00539810,0x00443f80,R
0x004dd970,0x00443f80,A
0x004dd94c,0x00443f80,A
0x00539810,0x00443f80,R
0x005396d8,0x00443f80,A
0x00539814,0x00443f80,R
0x00539814,0x00443f80,R
0x00539810,0x00443f80,R
0x00539814,0x00443f80,W
0x00539810,0x00443f80,R
0x004d2310,0x00443f80,R
0x00539810,0x00443f80,R
0x00539810,0x00443f80,R
0x005396d8,0x00443f80,A
0x00539814,0x00443f80,R
0x00539814,0x00443f80,R
0x00539810,0x00443f80,R
0x00539814,0x00443f80,W
0x00539810,0x00443f80,R
0x004dd910,0x00443f80,A
0x004dd94c,0x00443f80,A
0x00539810,0x00444310,R
0x005396d8,0x00444310,A
0x00539814,0x00444310,R
0x00539814,0x00444310,R
0x00539810,0x00444310,R
0x00539814,0x00444310,W
0x00539810,0x00444310,R
0x00539810,0x004443e0,R
0x005396d8,0x004443e0,A
0x00539814,0x004443e0,R
0x00539814,0x004443e0,R
0x00539810,0x004443e0,R
0x00539814,0x004443e0,W
0x00539810,0x004443e0,R
0x004dd998,0x004444b0,A
0x004dd94c,0x004444b0,A
0x00539c00,0x004444b0,R
0x004cc504,0x004444b0,R
0x004cc504,0x004444b0,R
0x00539810,0x004444b0,W
0x00539814,0x004444b0,W
0x00539818,0x004444b0,W
0x0053981c,0x004444b0,W
0x00539820,0x004444b0,W
0x00539820,0x00444890,R
0x00539810,0x00444890,R
0x00539818,0x00444890,R
0x00539820,0x00444890,R
0x0053981c,0x00444890,R
0x00539820,0x00444890,R
0x00539810,0x00444890,R
0x00539818,0x00444890,R
0x00539820,0x00444890,R
0x0053981c,0x00444890,R
0x004d2310,0x00444890,R
0x00539820,0x00444890,R
0x00539820,0x00444890,R
0x004dd910,0x00444890,A
0x004dd94c,0x00444890,A
0x00539820,0x00444c50,R
0x00539810,0x00444c50,R
0x00539818,0x00444c50,R
0x00539820,0x00444c50,R
0x0053981c,0x00444c50,R
0x00539820,0x00444d10,R
0x00539810,0x00444d10,R
0x00539818,0x00444d10,R
0x00539820,0x00444d10,R
0x0053981c,0x00444d10,R
0x004dd9d4,0x00444e90,A
0x004dd9bc,0x00444e90,A
0x004dd94c,0x00444e90,A
0x00539c00,0x00444e90,R
0x005396f0,0x00444e90,W
0x005396fc,0x00444e90,W
0x005396f0,0x00444e90,W
0x005396fc,0x00444e90,W
0x005396f4,0x00444e90,W
0x00539700,0x00444e90,W
0x005396f4,0x00444e90,W
0x00539700,0x00444e90,W
0x005396f8,0x00444e90,W
0x00539704,0x00444e90,W
0x005396f8,0x00444e90,W
0x00539704,0x00444e90,W
0x005396d8,0x00444e90,W
0x005396dc,0x00444e90,W
0x005396e0,0x00444e90,W
0x005396e4,0x00444e90,W
0x005396e8,0x00444e90,W
0x005396ec,0x00444e90,W
0x00539810,0x00444e90,W
0x00539814,0x00444e90,W
0x005396f0,0x00444e90,R
0x005396fc,0x00444e90,R
0x005396f8,0x00444e90,R
0x00539704,0x00444e90,R
0x005396d8,0x00444e90,R
0x004cc504,0x00444e90,R
0x005396e0,0x00444e90,R
0x004cc504,0x00444e90,R
0x005396e4,0x00444e90,R
0x005396d8,0x00444e90,R
0x005396ec,0x00444e90,R
0x005396e0,0x00444e90,R
0x004d231c,0x00444e90,R
0x004d2318,0x00444e90,R
0x004d231c,0x00444e90,R
0x004d2318,0x00444e90,R
0x00539810,0x00444e90,R
0x005396d8,0x00444e90,R
0x005396d8,0x00444e90,W
0x005396e0,0x00444e90,R
0x005396e0,0x00444e90,W
0x005396e4,0x00444e90,R
0x005396e4,0x00444e90,W
0x005396ec,0x00444e90,R
0x005396f0,0x00444e90,R
0x005396f8,0x00444e90,R
0x005396fc,0x00444e90,R
0x00539704,0x00444e90,R
0x005396ec,0x00444e90,W
0x005396f0,0x00444e90,W
0x005396f8,0x00444e90,W
0x005396fc,0x00444e90,W
0x00539704,0x00444e90,W
0x005396d0,0x00444e90,R
0x00539810,0x00444e90,R
0x005396d8,0x00444e90,R
0x005396e0,0x00444e90,R
0x005396e4,0x00444e90,R
0x005396ec,0x00444e90,R
0x005396f0,0x00444e90,R
0x005396f8,0x00444e90,R
0x005396d8,0x00444e90,W
0x005396fc,0x00444e90,R
0x005396e0,0x00444e90,W
0x00539704,0x00444e90,R
0x005396e4,0x00444e90,W
0x005396ec,0x00444e90,W
0x005396f0,0x00444e90,W
0x005396f8,0x00444e90,W
0x005396fc,0x00444e90,W
0x00539704,0x00444e90,W
0x00539810,0x00444e90,R
0x00539810,0x00444e90,R
0x005396d8,0x00444e90,R
0x005396e0,0x00444e90,R
0x004d2318,0x00444e90,R
0x004d2318,0x00444e90,R
0x005396d0,0x00444e90,R
0x005396d4,0x00444e90,W
0x005396d0,0x004455f0,R
0x00539810,0x004455f0,R
0x005396d4,0x00445650,R
0x005396d0,0x00445650,R
0x00539810,0x00445650,R
0x00539810,0x00445650,R
0x004dd970,0x00445650,A
0x004dd94c,0x00445650,A
0x00539814,0x00445650,R
0x00539814,0x00445650,R
0x00539810,0x00445650,R
0x00539814,0x00445650,W
0x00539814,0x00445650,R
0x005396e4,0x00445650,A
0x005396d8,0x00445650,A
0x00539814,0x00445650,R
0x00539814,0x00445650,R
0x00539810,0x00445650,R
0x00539814,0x00445650,W
0x005396d0,0x00445650,R
0x00539810,0x00445650,R
0x005396d0,0x00445650,R
0x00539810,0x00445650,R
0x00539810,0x00445650,R
0x004d2310,0x00445650,R
0x00539814,0x00445650,R
0x00539814,0x00445650,R
0x00539810,0x00445650,R
0x00539814,0x00445650,W
0x005396d0,0x00445650,R
0x00539810,0x00445650,R
0x00539810,0x00445650,R
0x00539814,0x00445650,R
0x00539814,0x00445650,R
0x00539810,0x00445650,R
0x00539814,0x00445650,W
0x004dd910,0x00445650,A
0x004dd94c,0x00445650,A
0x00539814,0x00445a00,R
0x00539814,0x00445a00,R
0x00539810,0x00445a00,R
0x00539814,0x00445a00,W
0x00539814,0x00445a00,R
0x005396e4,0x00445a00,A
0x005396d8,0x00445a00,A
0x00539814,0x00445a00,R
0x00539814,0x00445a00,R
0x00539810,0x00445a00,R
0x00539814,0x00445a00,W
0x005396d0,0x00445a00,R
0x00539810,0x00445a00,R
0x005396d0,0x00445a00,R
0x00539810,0x00445a00,R
0x00539810,0x00445a00,R
0x00539814,0x00445b20,R
0x005396e4,0x00445b20,A
0x005396d8,0x00445b20,A
0x00539814,0x00445b20,R
0x00539814,0x00445b20,R
0x00539810,0x00445b20,R
0x00539814,0x00445b20,W
0x005396d0,0x00445b20,R
0x00539810,0x00445b20,R
0x005396d0,0x00445b20,R
0x00539810,0x00445b20,R
0x00539810,0x00445b20,R
0x00539814,0x00445c20,R
0x00539814,0x00445c20,R
0x00539810,0x00445c20,R
0x00539814,0x00445c20,W
0x00539814,0x00445c20,R
0x005396e4,0x00445c20,A
0x005396d8,0x00445c20,A
0x00539814,0x00445c20,R
0x00539814,0x00445c20,R
0x00539810,0x00445c20,R
0x00539814,0x00445c20,W
0x005396d0,0x00445c20,R
0x00539810,0x00445c20,R
0x005396d0,0x00445c20,R
0x00539810,0x00445c20,R
0x00539810,0x00445c20,R
0x004dd998,0x00445d40,A
0x004dd94c,0x00445d40,A
0x00539c00,0x00445d40,R
0x005396fc,0x00445d40,A
0x005396f0,0x00445d40,W
0x00539708,0x00445d40,W
0x00539708,0x00445d40,W
0x005396fc,0x00445d40,W
0x00539714,0x00445d40,W
0x005396f4,0x00445d40,W
0x0053970c,0x00445d40,W
0x0053970c,0x00445d40,W
0x00539700,0x00445d40,W
0x00539718,0x00445d40,W
0x005396f8,0x00445d40,W
0x00539710,0x00445d40,W
0x00539710,0x00445d40,W
0x00539704,0x00445d40,W
0x0053971c,0x00445d40,W
0x005396f0,0x00445d40,R
0x005396fc,0x00445d40,R
0x005396f8,0x00445d40,R
0x00539704,0x00445d40,R
0x00539810,0x00445d40,W
0x0053981c,0x00445d40,W
0x00539820,0x00445d40,W
0x005396d0,0x00445d40,R
0x00539810,0x00445d40,R
0x005396d4,0x00445d40,W
0x00539820,0x00445f60,R
0x00539704,0x00445f60,A
0x005396f0,0x00445f60,R
0x00539708,0x00445f60,R
0x004cc504,0x00445f60,R
0x00539704,0x00445f60,R
0x004cc504,0x00445f60,R
0x005396fc,0x00445f60,R
0x004cc504,0x00445f60,R
0x005396f8,0x00445f60,R
0x004cc504,0x00445f60,R
0x00539820,0x00445f60,R
0x00539810,0x00445f60,R
0x0053981c,0x00445f60,R
0x005396f8,0x00445f60,A
0x0053981c,0x00445f60,R
0x0053981c,0x00445f60,R
0x0053981c,0x00445f60,R
0x005396f0,0x00445f60,R
0x005396f0,0x00445f60,W
0x005396f8,0x00445f60,R
0x005396f8,0x00445f60,W
0x005396fc,0x00445f60,R
0x005396fc,0x00445f60,W
0x00539704,0x00445f60,R
0x00539704,0x00445f60,W
0x00539820,0x00445f60,R
0x00539810,0x00445f60,R
0x005396d0,0x00445f60,R
0x00539810,0x00445f60,R
0x00539820,0x00445f60,R
0x00539820,0x00445f60,R
0x0053981c,0x00445f60,R
0x005396f8,0x00445f60,A
0x0053981c,0x00445f60,R
0x0053981c,0x00445f60,R
0x0053981c,0x00445f60,R
0x005396f0,0x00445f60,R
0x005396f0,0x00445f60,W
0x005396f8,0x00445f60,R
0x005396f8,0x00445f60,W
0x005396fc,0x00445f60,R
0x005396fc,0x00445f60,W
0x00539704,0x00445f60,R
0x00539704,0x00445f60,W
0x00539820,0x00445f60,R
0x00539810,0x00445f60,R
0x00539810,0x00445f60,R
0x00539810,0x00445f60,R
0x00539820,0x00445f60,R
0x005396d4,0x00446440,R
0x00539820,0x00446440,R
0x00539810,0x00446440,R
0x00539820,0x00446440,R
0x0053981c,0x00446440,R
0x005396d0,0x00446440,R
0x00539810,0x00446440,R
0x005396d0,0x00446440,R
0x00539810,0x00446440,R
0x004d2310,0x00446440,R
0x00539820,0x00446440,R
0x005396d0,0x00446440,R
0x00539810,0x00446440,R
0x00539820,0x00446440,R
0x00539810,0x00446440,R
0x00539820,0x00446440,R
0x0053981c,0x00446440,R
0x005396d0,0x00446440,R
0x00539810,0x00446440,R
0x005396d0,0x00446440,R
0x00539810,0x00446440,R
0x004dd910,0x00446440,A
0x004dd94c,0x00446440,A
0x00539820,0x00446880,R
0x00539810,0x00446880,R
0x00539820,0x00446880,R
0x0053981c,0x00446880,R
0x005396d0,0x00446880,R
0x00539810,0x00446880,R
0x005396d0,0x00446880,R
0x00539810,0x00446880,R
0x00539820,0x00446970,R
0x00539810,0x00446970,R
0x00539820,0x00446970,R
0x0053981c,0x00446970,R
0x005396d0,0x00446970,R
0x00539810,0x00446970,R
0x005396d0,0x00446970,R
0x00539810,0x00446970,R
0x004dd9d4,0x00446a80,A
0x004dd9bc,0x00446a80,A
0x004dd94c,0x00446a80,A
0x00539c00,0x00446a80,R
0x005396c4,0x00446a80,W
0x005396b8,0x00446a80,W
0x005396c0,0x00446a80,W
0x005396bc,0x00446a80,W
0x005396c8,0x00446a80,W
0x005396cc,0x00446a80,W
0x005396cc,0x00446a80,R
0x004dd970,0x00446a80,A
0x004dd94c,0x00446a80,A
0x005396b8,0x00446a80,R
0x004cc5cc,0x00446a80,R
0x005396c4,0x00446a80,R
0x005396bc,0x00446a80,R
0x004d231c,0x00446a80,R
0x005396c0,0x00446a80,R
0x005396c8,0x00446a80,R
0x005396bc,0x00446a80,R
0x005396c8,0x00446a80,R
0x005396cc,0x00446a80,R
0x005396cc,0x00446a80,R
0x005396cc,0x00446f60,R
0x004dd970,0x00446f60,A
0x004dd94c,0x00446f60,A
0x005396b8,0x00446f60,R
0x004cc5cc,0x00446f60,R
0x005396c4,0x00446f60,R
0x005396bc,0x00446f60,R
0x004d231c,0x00446f60,R
0x005396c0,0x00446f60,R
0x005396c8,0x00446f60,R
0x005396bc,0x00446f60,R
0x005396c8,0x00446f60,R
0x005396cc,0x00446f60,R
0x005396cc,0x00446f60,R
0x005396d8,0x004472c0,R
0x005396d8,0x004472c0,R
0x005396e0,0x004472c0,R
0x005396e0,0x004472c0,R
0x00539820,0x004473e0,R
0x0053981c,0x004473e0,R
0x0053981c,0x004473e0,R
0x00539820,0x004473e0,R
0x005396fc,0x00447540,R
0x005396f0,0x00447540,R
0x00539700,0x00447540,R
0x005396f4,0x00447540,R
0x00539704,0x00447540,R
0x005396f8,0x00447540,R
0x00539814,0x00447540,R
0x005396e4,0x00447540,A
0x005396d8,0x00447540,A
0x00539820,0x004476f0,R
0x005396f0,0x004476f0,A
0x005396fc,0x004476f0,R
0x00539714,0x004476f0,R
0x00539708,0x004476f0,R
0x00539718,0x004476f0,R
0x0053970c,0x004476f0,R
0x0053971c,0x004476f0,R
0x00539710,0x004476f0,R
0x00539820,0x004476f0,R
0x0053981c,0x004476f0,R
0x00539810,0x004476f0,R
0x004de4c8,0x004478c0,R
0x00539c94,0x004478c0,R
0x004de4c8,0x004478c0,W
0x00539c98,0x004478c0,R
0x00539c98,0x004478c0,W
0x004dda38,0x004478c0,A
0x004da97c,0x004478c0,A
0x004cc5c4,0x004478c0,R
0x004dda0c,0x004478c0,A
0x004dd9e8,0x004478c0,A
0x004dd9d4,0x00447980,A
0x004dd9e8,0x00447980,A
0x004dda4c,0x00447980,A
0x004dd9e8,0x00447980,A
0x004dd9d4,0x00447a70,A
0x004dd9e8,0x00447a70,A
0x004cc5b4,0x00447a70,R
0x00539c94,0x00447a70,R
0x004de4c8,0x00447a70,R
0x00539c98,0x00447a70,R
0x00539c98,0x00447a70,W
0x004de4c8,0x00447a70,W
0x004dd9d4,0x00447b60,A
0x004dd9e8,0x00447b60,A
0x004dd9d4,0x00447bc0,A
0x004dd9e8,0x00447bc0,A
0x004dd9d4,0x00447c60,A
0x004dd9e8,0x00447c60,A
0x004dda80,0x00447c60,A
0x004dd9e8,0x00447c60,A
0x004dd9d4,0x00447d20,A
0x004dd9e8,0x00447d20,A
0x004dd9d4,0x00447d70,A
0x004dd9e8,0x00447d70,A
0x004dd9d4,0x00447dc0,A
0x004dd9e8,0x00447dc0,A
0x004cc5a0,0x00447dc0,R
0x004da97c,0x00447dc0,A
0x004cc5c4,0x00447dc0,R
0x004dd9d4,0x00447e30,A
0x004dd9e8,0x00447e30,A
0x004dd9d4,0x00447e60,A
0x004dd9e8,0x00447e60,A
0x004dd9d4,0x00447f00,A
0x004dd9e8,0x00447f00,A
0x004dd9d4,0x00447f30,A
0x004dd9e8,0x00447f30,A
0x004cc5b4,0x00447f30,R
0x004ddad0,0x00447f30,A
0x004dd9e8,0x00447f30,A
0x004dd9d4,0x00447fe0,A
0x004dd9e8,0x00447fe0,A
0x004cc5b4,0x00447fe0,R
0x004ddad0,0x00447fe0,A
0x004dd9e8,0x00447fe0,A
0x004dd9d4,0x00448090,A
0x004dd9e8,0x00448090,A
0x004dd9d4,0x00448100,A
0x004dd9e8,0x00448100,A
0x004dd9d4,0x00448140,A
0x004dd9e8,0x00448140,A
0x004dd9d4,0x00448180,A
0x004dd9e8,0x00448180,A
0x004dd9d4,0x004481b0,A
0x004dd9e8,0x004481b0,A
0x004dd9d4,0x004481f0,A
0x004dd9e8,0x004481f0,A
0x004dd9d4,0x00448230,A
0x004dd9e8,0x00448230,A
0x004dd9d4,0x00448270,A
0x004dd9e8,0x00448270,A
0x004dd9d4,0x004482b0,A
0x004dd9e8,0x004482b0,A
0x004dd9d4,0x004482f0,A
0x004dd9e8,0x004482f0,A
0x004dd9d4,0x00448330,A
0x004dd9e8,0x00448330,A
0x004dd9d4,0x00448360,A
0x004dd9e8,0x00448360,A
0x004dd9d4,0x004483a0,A
0x004dd9e8,0x004483a0,A
0x004dd9d4,0x004483f0,A
0x004dd9d4,0x004483f0,A
0x004dd9e8,0x004483f0,A
0x004dd9e8,0x004483f0,A
0x004ddb40,0x004483f0,A
0x004dd9e8,0x004483f0,A
0x004ddb00,0x004483f0,A
0x00575de0,0x004483f0,A
0x004cc5c4,0x004483f0,R
0x004cc4ec,0x004484d0,R
0x004dd9d4,0x00448570,A
0x004dd9d4,0x00448570,A
0x004dd9e8,0x00448570,A
0x004dd9e8,0x00448570,A
0x004ddb00,0x00448570,A
0x00575de0,0x00448570,A
0x004cc5c4,0x00448570,R
0x004ddb98,0x00448660,A
0x004dd9e8,0x00448660,A
0x004dd9d4,0x00448760,A
0x004dd9bc,0x00448760,A
0x004dd9e8,0x00448760,A
0x004dd9d4,0x004487c0,A
0x004dd9bc,0x004487c0,A
0x004dd9e8,0x004487c0,A
0x004dd9d4,0x00448920,A
0x004dd9bc,0x00448920,A
0x004dd9e8,0x00448920,A
0x004ddbcc,0x00448cc0,A
0x004dd9e8,0x00448cc0,A
0x004dd9d4,0x00448e90,A
0x004dd9e8,0x00448e90,A
0x004dd9d4,0x004491b0,A
0x004dd9e8,0x004491b0,A
0x004dd9d4,0x00449420,A
0x004dd9e8,0x00449420,A
0x004dd9d4,0x00449480,A
0x004dd9e8,0x00449480,A
0x004ddc88,0x00449480,A
0x004dd9e8,0x00449480,A
0x004cc5c4,0x00449480,R
0x004dd9e8,0x00449480,A
0x004ddc38,0x00449480,A
0x00575de0,0x00449480,A
0x00575de0,0x00449480,A
0x00575de0,0x00449480,R
0x00575de1,0x00449480,R
0x00575de0,0x00449480,A
0x004ddc18,0x00449480,A
0x004d2328,0x00449850,R
0x004d2328,0x00449850,R
0x004d2328,0x00449850,R
0x004d2328,0x004498e0,R
0x004d2328,0x004498e0,R
0x004d2328,0x004498e0,R
0x004e0e84,0x004498e0,R
0x00566950,0x004498e0,R
0x004e0e88,0x004498e0,R
0x00566868,0x004498e0,R
0x004ddccc,0x00449ab0,A
0x004dd9e8,0x00449ab0,A
0x004ddccc,0x00449af0,A
0x004dd9e8,0x00449af0,A
0x004d2330,0x00449ba0,R
0x004ddd18,0x00449ba0,W
0x004ddd14,0x00449ba0,W
0x004d2338,0x00449ba0,R
0x004ddd14,0x00449ba0,W
0x004ddd18,0x00449ba0,W
0x004dd9d4,0x00449be0,A
0x004ddd44,0x00449be0,A
0x004cc4ac,0x00449be0,R
0x004dd9d4,0x00449c90,A
0x004dd9d4,0x00449c90,A
0x004ddd44,0x00449c90,A
0x004dd9d4,0x00449cd0,A
0x004dd9d4,0x00449cd0,A
0x004ddd44,0x00449cd0,A
0x004dd9d4,0x00449d20,A
0x004dd9bc,0x00449d20,A
0x004ddd44,0x00449d20,A
0x004ddd68,0x00449d20,A
0x004ddd44,0x00449d20,A
0x004ddd38,0x00449da0,W
0x004ddd34,0x00449db0,W
0x004ddd10,0x00449dc0,W
0x004dd9d4,0x00449dd0,A
0x004dd9d4,0x00449dd0,A
0x004dd9bc,0x00449dd0,A
0x004dd9bc,0x00449dd0,A
0x004ddd44,0x00449dd0,A
0x004ddd68,0x00449dd0,A
0x004ddd68,0x00449dd0,A
0x004ddd44,0x00449dd0,A
0x004dd9d4,0x00449ea0,A
0x004dd9bc,0x00449ea0,A
0x004ddd44,0x00449ea0,A
0x004ddd68,0x00449ea0,A
0x004ddd44,0x00449ea0,A
0x004dd9d4,0x00449fb0,A
0x004dd9bc,0x00449fb0,A
0x004ddd44,0x00449fb0,A
0x004ddd68,0x00449fb0,A
0x004ddd44,0x00449fb0,A
0x004dd9d4,0x0044a060,A
0x004dd9bc,0x0044a060,A
0x004ddd44,0x0044a060,A
0x004ddd68,0x0044a060,A
0x004ddd44,0x0044a060,A
0x004dd9d4,0x0044a0f0,A
0x004dd9bc,0x0044a0f0,A
0x004ddd44,0x0044a0f0,A
0x004ddd68,0x0044a0f0,A
0x004ddd44,0x0044a0f0,A
0x004dd9d4,0x0044a1a0,A
0x004dd9bc,0x0044a1a0,A
0x004ddd44,0x0044a1a0,A
0x004ddd68,0x0044a1a0,A
0x004ddd44,0x0044a1a0,A
0x004dd9d4,0x0044a250,A
0x004dd9bc,0x0044a250,A
0x004ddd44,0x0044a250,A
0x004ddd68,0x0044a250,A
0x004ddd44,0x0044a250,A
0x004dd9d4,0x0044a2f0,A
0x004dd9bc,0x0044a2f0,A
0x004ddd44,0x0044a2f0,A
0x004ddd68,0x0044a2f0,A
0x004ddd44,0x0044a2f0,A
0x004dd9d4,0x0044a380,A
0x004dd9bc,0x0044a380,A
0x004ddd44,0x0044a380,A
0x004ddd68,0x0044a380,A
0x004ddd44,0x0044a380,A
0x004dd9d4,0x0044a410,A
0x004dd9bc,0x0044a410,A
0x004ddd44,0x0044a410,A
0x004ddd68,0x0044a410,A
0x004ddd44,0x0044a410,A
0x004d233c,0x0044a410,R
0x004d233c,0x0044a410,R
0x004d2340,0x0044a410,R
0x004d2340,0x0044a410,R
0x004d2338,0x0044a410,R
0x004d2338,0x0044a410,R
0x004dd9d4,0x0044a580,A
0x004dd9bc,0x0044a580,A
0x004ddd44,0x0044a580,A
0x004ddd68,0x0044a580,A
0x004ddd44,0x0044a580,A
0x004dd9d4,0x0044a610,A
0x004dd9bc,0x0044a610,A
0x004ddd44,0x0044a610,A
0x004ddd68,0x0044a610,A
0x004ddd44,0x0044a610,A
0x004d2340,0x0044a610,R
0x004d2340,0x0044a610,R
0x004d2338,0x0044a610,R
0x004d2338,0x0044a610,R
0x004dd9d4,0x0044a760,A
0x004dd9bc,0x0044a760,A
0x004ddd44,0x0044a760,A
0x004ddd68,0x0044a760,A
0x004ddd44,0x0044a760,A
0x004dd9d4,0x0044a7f0,A
0x004dd9bc,0x0044a7f0,A
0x004ddd44,0x0044a7f0,A
0x004ddd68,0x0044a7f0,A
0x004ddd44,0x0044a7f0,A
0x004dd9d4,0x0044a870,A
0x004dd9bc,0x0044a870,A
0x004ddd44,0x0044a870,A
0x004ddd68,0x0044a870,A
0x004ddd44,0x0044a870,A
0x004d2338,0x0044a870,R
0x004dd9d4,0x0044a910,A
0x004dd9bc,0x0044a910,A
0x004ddd44,0x0044a910,A
0x004ddd68,0x0044a910,A
0x004ddd44,0x0044a910,A
0x004dd9d4,0x0044a980,A
0x004dd9bc,0x0044a980,A
0x004ddd44,0x0044a980,A
0x004ddd68,0x0044a980,A
0x004ddd44,0x0044a980,A
0x004dd9d4,0x0044a9f0,A
0x004dd9bc,0x0044a9f0,A
0x004ddd44,0x0044a9f0,A
0x004d2340,0x0044aa30,R
0x004d2340,0x0044aa30,R
0x0056b424,0x0044abf0,R
0x004d2330,0x0044abf0,R
0x00539b88,0x0044abf0,A
0x00539b88,0x0044abf0,R
0x00539b8c,0x0044abf0,R
0x00539b90,0x0044abf0,R
0x004d2338,0x0044abf0,R
0x0056b424,0x0044abf0,R
0x00539b88,0x0044abf0,W
0x00539b8c,0x0044abf0,W
0x00539b90,0x0044abf0,W
0x0057da24,0x0044ada0,R
0x004ddd28,0x0044ada0,R
0x004ddd28,0x0044ada0,R
0x004ddd28,0x0044ada0,W
0x004ddd28,0x0044ada0,R
0x004ddd28,0x0044ada0,W
0x00539980,0x0044ada0,R
0x00539828,0x0044ada0,R
0x0057d9e0,0x0044ada0,R
0x0057da24,0x0044ada0,R
0x0057da24,0x0044ada0,W
0x0057da24,0x0044ada0,W
0x004ddd28,0x0044ada0,W
0x0057da24,0x0044af60,R
0x004ddd28,0x0044af60,R
0x004ddd28,0x0044af60,R
0x004ddd28,0x0044af60,W
0x004ddd28,0x0044af60,R
0x004ddd28,0x0044af60,W
0x00539980,0x0044af60,R
0x00539828,0x0044af60,R
0x0057d9e0,0x0044af60,R
0x0057da24,0x0044af60,R
0x0057da24,0x0044af60,W
0x0057da24,0x0044af60,W
0x004ddd28,0x0044af60,W
0x0057da24,0x0044b140,R
0x004ddd28,0x0044b140,R
0x004ddd28,0x0044b140,R
0x004ddd28,0x0044b140,W
0x004ddd28,0x0044b140,R
0x004ddd28,0x0044b140,W
0x00539980,0x0044b140,R
0x00539828,0x0044b140,R
0x0057d9e0,0x0044b140,R
0x0057da24,0x0044b140,R
0x0057da24,0x0044b140,W
0x0057da24,0x0044b140,W
0x004ddd28,0x0044b140,W
0x0057da2c,0x0044b300,R
0x004ddd38,0x0044b300,R
0x0057da2c,0x0044b300,W
0x0057da24,0x0044b300,R
0x004ddd10,0x0044b300,R
0x004ddd2c,0x0044b300,R
0x004ddd28,0x0044b300,R
0x0057da2c,0x0044b300,W
0x004ddd28,0x0044b300,R
0x004ddd28,0x0044b300,W
0x004ddd28,0x0044b300,R
0x004ddd28,0x0044b300,W
0x00539b94,0x0044b300,R
0x00539b94,0x0044b300,W
0x004ddd3c,0x0044b300,R
0x004ddd3c,0x0044b300,W
0x00539830,0x0044b300,W
0x004ddd40,0x0044b300,R
0x004ddd40,0x0044b300,W
0x00539988,0x0044b300,A
0x00539988,0x0044b300,W
0x0053998c,0x0044b300,W
0x00539990,0x0044b300,W
0x00539994,0x0044b300,W
0x004ddd10,0x0044b300,R
0x004ddd2c,0x0044b300,R
0x00539b94,0x0044b300,R
0x00539980,0x0044b300,R
0x00539828,0x0044b300,R
0x0057d9e0,0x0044b300,R
0x0057da24,0x0044b300,R
0x0057da24,0x0044b300,W
0x0057da24,0x0044b300,W
0x00539b94,0x0044b300,W
0x004ddd3c,0x0044b300,R
0x004ddd3c,0x0044b300,W
0x004ddd3c,0x0044b300,R
0x0053982c,0x0044b300,R
0x004ddd40,0x0044b300,R
0x004ddd40,0x0044b300,W
0x00539984,0x0044b300,R
0x00539978,0x0044b300,A
0x004ddd28,0x0044b300,W
0x0057da2c,0x0044b300,W
0x0057da24,0x0044b710,R
0x004ddd28,0x0044b710,R
0x004ddd28,0x0044b710,R
0x004ddd28,0x0044b710,W
0x004ddd28,0x0044b710,R
0x004ddd28,0x0044b710,W
0x00539980,0x0044b710,R
0x00539828,0x0044b710,R
0x0057d9e0,0x0044b710,R
0x0057da24,0x0044b710,R
0x0057da24,0x0044b710,W
0x0057da24,0x0044b710,W
0x004ddd28,0x0044b710,W
0x004ddd30,0x0044b8c0,R
0x0053990c,0x0044b8c0,A
0x0053990c,0x0044b8c0,A
0x0053990c,0x0044b8c0,A
0x004ddd28,0x0044b8c0,R
0x004ddd28,0x0044b8c0,R
0x004ddd30,0x0044b8c0,R
0x004ddd28,0x0044b8c0,W
0x004ddd30,0x0044b8c0,R
0x00539900,0x0044b8c0,A
0x00539900,0x0044b8c0,A
0x00539904,0x0044b8c0,A
0x00539908,0x0044b8c0,A
0x005398fc,0x0044b8c0,R
0x00539900,0x0044b8c0,A
0x00539904,0x0044b8c0,A
0x00539908,0x0044b8c0,A
0x004ddd30,0x0044b8c0,R
0x0053990c,0x0044b8c0,A
0x0053990c,0x0044b8c0,A
0x005398fc,0x0044b8c0,R
0x0053990c,0x0044b8c0,A
0x004ddd28,0x0044b8c0,W
0x0053990c,0x0044b8c0,A
0x004d2344,0x0044b8c0,R
0x004d2338,0x0044b8c0,R
0x004d2338,0x0044b8c0,R
0x004d2344,0x0044b8c0,R
0x004d2338,0x0044b8c0,R
0x004d2338,0x0044b8c0,R
0x004d2344,0x0044b8c0,R
0x004d2338,0x0044b8c0,R
0x004d2338,0x0044b8c0,R
0x004d2344,0x0044b8c0,R
0x004d2344,0x0044b8c0,R
0x0057da24,0x0044b8c0,R
0x0057da24,0x0044b8c0,R
0x0057da24,0x0044b8c0,W
0x004ddd30,0x0044b8c0,R
0x0053990c,0x0044b8c0,A
0x0053990c,0x0044b8c0,A
0x0053990c,0x0044b8c0,A
0x00539980,0x0044b8c0,W
0x00539828,0x0044b8c0,W
0x00539980,0x0044b8c0,W
0x00539828,0x0044b8c0,W
0x004ddd30,0x0044b8c0,R
0x004ddd30,0x0044b8c0,W
0x00539900,0x0044b8c0,A
0x005398f0,0x0044b8c0,A
0x00539900,0x0044b8c0,A
0x005398f4,0x0044b8c0,A
0x00539904,0x0044b8c0,A
0x005398f8,0x0044b8c0,A
0x00539908,0x0044b8c0,A
0x005398fc,0x0044b8c0,A
0x0053990c,0x0044b8c0,A
0x004ddd3c,0x0044b8c0,R
0x004ddd3c,0x0044b8c0,W
0x00539830,0x0044b8c0,W
0x00539b94,0x0044b8c0,R
0x00539b94,0x0044b8c0,W
0x004ddd3c,0x0044b8c0,R
0x004ddd3c,0x0044b8c0,W
0x004ddd3c,0x0044b8c0,R
0x0053982c,0x0044b8c0,R
0x00539b94,0x0044b8c0,W
0x004ddd30,0x0044b8c0,W
0x0057da24,0x0044b8c0,R
0x00539980,0x0044b8c0,W
0x0057da24,0x0044b8c0,W
0x004ddd28,0x0044b8c0,W
0x0057da24,0x0044bea0,R
0x004ddd28,0x0044bea0,R
0x004ddd28,0x0044bea0,R
0x004ddd28,0x0044bea0,W
0x0057da24,0x0044bea0,R
0x0057da24,0x0044bea0,W
0x0057da24,0x0044bea0,W
0x004ddd28,0x0044bea0,W
0x0057da24,0x0044bfb0,R
0x004ddd28,0x0044bfb0,R
0x004ddd28,0x0044bfb0,R
0x004ddd28,0x0044bfb0,W
0x0057da24,0x0044bfb0,R
0x0057da24,0x0044bfb0,W
0x0057da24,0x0044bfb0,W
0x004ddd28,0x0044bfb0,W
0x004cc4f8,0x0044c0e0,R
0x004ddd94,0x0044c0e0,A
0x004cc5bc,0x0044c0e0,R
0x004d2330,0x0044c1b0,R
0x004d2348,0x0044c1b0,R
0x004d2350,0x0044c1b0,R
0x004d234c,0x0044c1b0,R
0x004d2350,0x0044c1b0,R
0x004d2358,0x0044c230,R
0x004dddbc,0x0044c230,A
0x004ddd44,0x0044c230,A
0x0056cf90,0x0044c3c0,A
0x0056cf90,0x0044c3c0,W
0x0056d264,0x0044c3c0,W
0x00575cf8,0x0044c3c0,A
0x004d2368,0x0044c3c0,R
0x004d2368,0x0044c3c0,R
0x0056ccac,0x0044c3c0,W
0x0056ccac,0x0044c3c0,W
0x0056ccac,0x0044c3c0,R
0x004e0e84,0x0044c3c0,R
0x0056cc40,0x0044c3c0,A
0x00566950,0x0044c3c0,R
0x0056cc40,0x0044c3c0,A
0x0056cc40,0x0044c3c0,W
0x0056cc44,0x0044c3c0,W
0x0056cc44,0x0044c3c0,W
0x0056cc40,0x0044c3c0,A
0x004e0e88,0x0044c3c0,R
0x0056cc40,0x0044c3c0,A
0x0056cc4c,0x0044c3c0,A
0x00566868,0x0044c3c0,R
0x0056cc40,0x0044c3c0,A
0x0056cc4c,0x0044c3c0,A
0x0056cc40,0x0044c3c0,A
0x0056cc4c,0x0044c3c0,A
0x0056cc40,0x0044c3c0,A
0x0056cc4c,0x0044c3c0,A
0x0056cc44,0x0044c3c0,A
0x0056cc50,0x0044c3c0,A
0x0056cc44,0x0044c3c0,A
0x0056cc44,0x0044c3c0,A
0x0056cc48,0x0044c3c0,A
0x0056cc48,0x0044c3c0,A
0x0056cc48,0x0044c3c0,A
0x0056cc40,0x0044c3c0,W
0x0056cc48,0x0044c3c0,W
0x0056cc44,0x0044c3c0,W
0x0056ccac,0x0044c3c0,R
0x0056cc40,0x0044c3c0,A
0x0056ccac,0x0044c3c0,W
0x0056cc40,0x0044c3c0,A
0x004ddd44,0x0044c3c0,A
0x004dde4c,0x0044c3c0,A
0x00575de0,0x0044c3c0,A
0x004cc5c4,0x0044c3c0,R
0x0056cc40,0x0044c3c0,R
0x0056cc4c,0x0044c3c0,R
0x0056cc40,0x0044c3c0,R
0x0056cc4c,0x0044c3c0,R
0x0056cc40,0x0044c3c0,R
0x0056cc4c,0x0044c3c0,R
0x0056cc40,0x0044c3c0,R
0x0056cc4c,0x0044c3c0,R
0x0056cc48,0x0044c3c0,R
0x0056cc54,0x0044c3c0,R
0x0056cc48,0x0044c3c0,R
0x0056cc54,0x0044c3c0,R
0x0056cc48,0x0044c3c0,R
0x0056cc54,0x0044c3c0,R
0x0056cc48,0x0044c3c0,R
0x0056cc54,0x0044c3c0,R
0x0056ccac,0x0044c3c0,R
0x0056cc58,0x0044c3c0,A
0x0056cc58,0x0044c3c0,R
0x0056cc64,0x0044c3c0,R
0x0056cc58,0x0044c3c0,R
0x0056cc64,0x0044c3c0,R
0x0056cc58,0x0044c3c0,R
0x0056cc64,0x0044c3c0,R
0x0056cc58,0x0044c3c0,R
0x0056cc64,0x0044c3c0,R
0x0056cc60,0x0044c3c0,R
0x0056cc6c,0x0044c3c0,R
0x0056cc60,0x0044c3c0,R
0x0056cc6c,0x0044c3c0,R
0x0056cc60,0x0044c3c0,R
0x0056cc6c,0x0044c3c0,R
0x0056cc60,0x0044c3c0,R
0x0056cf90,0x0044c3c0,A
0x0056cf90,0x0044c3c0,A
0x0056ccc0,0x0044c3c0,A
0x0056ccc4,0x0044c3c0,A
0x0056ccd4,0x0044c3c0,A
0x0056ccc8,0x0044c3c0,A
0x004dde1c,0x0044c3c0,A
0x004dddf4,0x0044c3c0,A
0x004ddd44,0x0044c3c0,A
0x0056cf90,0x0044c8e0,A
0x0056cf90,0x0044c8e0,W
0x0056d264,0x0044c8e0,W
0x00575cf8,0x0044c8e0,A
0x004d2368,0x0044c8e0,R
0x004d2368,0x0044c8e0,R
0x0056ccac,0x0044c8e0,W
0x0056ccac,0x0044c8e0,W
0x0056ccac,0x0044c8e0,R
0x004e0e84,0x0044c8e0,R
0x0056cc40,0x0044c8e0,A
0x00566950,0x0044c8e0,R
0x0056cc40,0x0044c8e0,A
0x0056cc40,0x0044c8e0,W
0x0056cc44,0x0044c8e0,W
0x0056cc44,0x0044c8e0,W
0x0056cc40,0x0044c8e0,A
0x004e0e88,0x0044c8e0,R
0x0056cc40,0x0044c8e0,A
0x0056cc4c,0x0044c8e0,A
0x00566868,0x0044c8e0,R
0x0056cc40,0x0044c8e0,A
0x0056cc4c,0x0044c8e0,A
0x0056cc40,0x0044c8e0,A
0x0056cc4c,0x0044c8e0,A
0x0056cc40,0x0044c8e0,A
0x0056cc4c,0x0044c8e0,A
0x0056cc44,0x0044c8e0,A
0x0056cc50,0x0044c8e0,A
0x0056cc44,0x0044c8e0,A
0x0056cc44,0x0044c8e0,A
0x0056cc48,0x0044c8e0,A
0x0056cc48,0x0044c8e0,A
0x0056cc48,0x0044c8e0,A
0x0056cc40,0x0044c8e0,W
0x0056cc48,0x0044c8e0,W
0x0056cc44,0x0044c8e0,W
0x0056ccac,0x0044c8e0,R
0x0056cc40,0x0044c8e0,A
0x0056ccac,0x0044c8e0,W
0x0056cc40,0x0044c8e0,A
0x004ddd44,0x0044c8e0,A
0x004dde4c,0x0044c8e0,A
0x00575de0,0x0044c8e0,A
0x004cc5c4,0x0044c8e0,R
0x0056cc40,0x0044c8e0,R
0x0056cc4c,0x0044c8e0,R
0x0056cc40,0x0044c8e0,R
0x0056cc4c,0x0044c8e0,R
0x0056cc40,0x0044c8e0,R
0x0056cc4c,0x0044c8e0,R
0x0056cc40,0x0044c8e0,R
0x0056cc4c,0x0044c8e0,R
0x0056cc48,0x0044c8e0,R
0x0056cc54,0x0044c8e0,R
0x0056cc48,0x0044c8e0,R
0x0056cc54,0x0044c8e0,R
0x0056cc48,0x0044c8e0,R
0x0056cc54,0x0044c8e0,R
0x0056cc48,0x0044c8e0,R
0x0056cc54,0x0044c8e0,R
0x0056ccac,0x0044c8e0,R
0x0056cc58,0x0044c8e0,A
0x0056cc58,0x0044c8e0,R
0x0056cc64,0x0044c8e0,R
0x0056cc58,0x0044c8e0,R
0x0056cc64,0x0044c8e0,R
0x0056cc58,0x0044c8e0,R
0x0056cc64,0x0044c8e0,R
0x0056cc58,0x0044c8e0,R
0x0056cc64,0x0044c8e0,R
0x0056cc60,0x0044c8e0,R
0x0056cc6c,0x0044c8e0,R
0x0056cc60,0x0044c8e0,R
0x0056cc6c,0x0044c8e0,R
0x0056cc60,0x0044c8e0,R
0x0056cc6c,0x0044c8e0,R
0x0056cc60,0x0044c8e0,R
0x0056cf90,0x0044c8e0,A
0x0056cf90,0x0044c8e0,A
0x0056ccc0,0x0044c8e0,A
0x0056ccc4,0x0044c8e0,A
0x0056ccd4,0x0044c8e0,A
0x0056ccc8,0x0044c8e0,A
0x0056cccc,0x0044c8e0,A
0x0056ccd0,0x0044c8e0,A
0x004dde1c,0x0044c8e0,A
0x004dddf4,0x0044c8e0,A
0x004ddd44,0x0044c8e0,A
0x004ddd2c,0x0044ce70,W
0x0056cf90,0x0044ce70,R
0x0056d264,0x0044ce70,R
0x0056ccc4,0x0044ce70,R
0x0056cf98,0x0044ce70,R
0x0056ccdc,0x0044ce70,A
0x0056ccc0,0x0044ce70,R
0x0056cf94,0x0044ce70,R
0x0056ccd8,0x0044ce70,A
0x0056ccc8,0x0044ce70,A
0x0056ccc8,0x0044ce70,A
0x0056ccc8,0x0044ce70,R
0x0056cce0,0x0044ce70,A
0x0056cccc,0x0044ce70,R
0x0056ccd0,0x0044ce70,R
0x004ddd2c,0x0044ce70,R
0x004ddd10,0x0044ce70,R
0x004ddd2c,0x0044ce70,R
0x004d2370,0x0044ce70,R
0x0057da24,0x0044ce70,R
0x0056ccd4,0x0044ce70,R
0x0056ccc8,0x0044ce70,R
0x004ddea0,0x0044ce70,A
0x004cc59c,0x0044ce70,R
0x004ddd2c,0x0044ce70,R
0x0056cf90,0x0044ce70,R
0x004ddd2c,0x0044ce70,W
0x0057da24,0x0044d200,R
0x004dd9d4,0x0044d260,A
0x004dd9bc,0x0044d260,A
0x004ddd44,0x0044d260,A
0x004ddd68,0x0044d260,A
0x004ddd44,0x0044d260,A
0x005398fc,0x0044d320,R
0x005398fc,0x0044d320,R
0x005398fc,0x0044d320,R
0x005398fc,0x0044d3a0,W
0x005398fc,0x0044d3a0,R
0x004ddd14,0x0044d3a0,R
0x0056b424,0x0044d3a0,R
0x004ddd18,0x0044d3a0,R
0x004ddd1c,0x0044d3a0,R
0x004ddd20,0x0044d3a0,R
0x004ddd20,0x0044d3a0,R
0x004ddd1c,0x0044d3a0,W
0x004ddd1c,0x0044d3a0,R
0x004d2338,0x0044d3a0,R
0x004ddd1c,0x0044d3a0,W
0x004ddd1c,0x0044d3a0,R
0x004ddd24,0x0044d3a0,R
0x004ddd24,0x0044d3a0,R
0x004ddd1c,0x0044d3a0,W
0x004ddd1c,0x0044d3a0,R
0x005398fc,0x0044d3a0,R
0x004ddd30,0x0044d3a0,W
0x004dd90c,0x0044d3a0,R
0x005398fc,0x0044d3a0,R
0x0057da28,0x0044d3a0,W
0x004dd90c,0x0044d3a0,W
0x004dd90c,0x0044d3a0,W
0x005398fc,0x0044d3a0,R
0x0057da28,0x0044d3a0,W
0x005398fc,0x0044d3a0,R
0x005398f8,0x0044d3a0,W
0x0056b424,0x0044d3a0,R
0x005398fc,0x0044d3a0,R
0x005398fc,0x0044d3a0,R
0x0057da28,0x0044d3a0,W
0x005398fc,0x0044d600,W
0x005398fc,0x0044d600,R
0x004ddd14,0x0044d600,R
0x0056b424,0x0044d600,R
0x004ddd18,0x0044d600,R
0x004ddd1c,0x0044d600,R
0x004ddd20,0x0044d600,R
0x004ddd20,0x0044d600,R
0x004ddd1c,0x0044d600,W
0x004ddd1c,0x0044d600,R
0x004d2338,0x0044d600,R
0x004ddd1c,0x0044d600,W
0x004ddd1c,0x0044d600,R
0x004ddd24,0x0044d600,R
0x004ddd24,0x0044d600,R
0x004ddd1c,0x0044d600,W
0x004ddd1c,0x0044d600,R
0x005398fc,0x0044d600,R
0x004dd90c,0x0044d600,R
0x004ddd30,0x0044d600,W
0x005398fc,0x0044d600,R
0x0057da28,0x0044d600,W
0x004dd90c,0x0044d600,W
0x004dd90c,0x0044d600,W
0x005398fc,0x0044d600,R
0x005398fc,0x0044d600,R
0x0057da28,0x0044d600,W
0x005398fc,0x0044d600,R
0x005398fc,0x0044d600,R
0x0057da28,0x0044d600,W
0x005398f8,0x0044d600,W
0x005398fc,0x0044d600,R
0x0056bc6c,0x0044d600,R
0x0056b424,0x0044d600,R
0x0056bc6c,0x0044d600,R
0x0056bc70,0x0044d600,R
0x005398fc,0x0044d600,R
0x0056bc6c,0x0044d600,R
0x0056bc70,0x0044d600,R
0x0056bc74,0x0044d600,R
0x004dd9d4,0x0044d9e0,A
0x004dd9bc,0x0044d9e0,A
0x004ddeac,0x0044d9e0,A
0x004dd9d4,0x0044daa0,A
0x004ddeac,0x0044daa0,A
0x004cc4ac,0x0044daa0,R
0x004dd9d4,0x0044db10,A
0x004dd9d4,0x0044db10,A
0x004dd9bc,0x0044db10,A
0x004ddeac,0x0044db10,A
0x004dd9d4,0x0044db60,A
0x004dd9d4,0x0044db60,A
0x004dd9bc,0x0044db60,A
0x004ddeac,0x0044db60,A
0x004dd9d4,0x0044dbb0,A
0x004dd9bc,0x0044dbb0,A
0x004ddeac,0x0044dbb0,A
0x004ddd68,0x0044dbb0,A
0x004ddeac,0x0044dbb0,A
0x004dd9d4,0x0044dc30,A
0x004dd9bc,0x0044dc30,A
0x004ddeac,0x0044dc30,A
0x004ddd68,0x0044dc30,A
0x004ddeac,0x0044dc30,A
0x004d2388,0x0044dc30,R
0x004d2388,0x0044dc30,R
0x004d238c,0x0044dc30,R
0x004d238c,0x0044dc30,R
0x004d2388,0x0044dc30,R
0x004d238c,0x0044dc30,R
0x004d2388,0x0044dc30,R
0x004d238c,0x0044dc30,R
0x004d2388,0x0044dc30,R
0x004d238c,0x0044dc30,R
0x004dd9d4,0x0044dd90,A
0x004dd9bc,0x0044dd90,A
0x004ddeac,0x0044dd90,A
0x004ddd68,0x0044dd90,A
0x004ddeac,0x0044dd90,A
0x004dd9d4,0x0044de10,A
0x004dd9bc,0x0044de10,A
0x004ddeac,0x0044de10,A
0x004ddd68,0x0044de10,A
0x004ddeac,0x0044de10,A
0x004dd9d4,0x0044de80,A
0x004dd9bc,0x0044de80,A
0x004ddeac,0x0044de80,A
0x004ddd68,0x0044de80,A
0x004ddeac,0x0044de80,A
0x004dd9d4,0x0044df00,A
0x004dd9bc,0x0044df00,A
0x004ddeac,0x0044df00,A
0x004d2390,0x0044df00,R
0x004d2390,0x0044df00,R
0x004d2390,0x0044df00,R
0x004dd9d4,0x0044dfd0,A
0x004dd9bc,0x0044dfd0,A
0x004ddeac,0x0044dfd0,A
0x004dd9d4,0x0044e030,A
0x004dd9bc,0x0044e030,A
0x004ddeac,0x0044e030,A
0x004d238c,0x0044e030,R
0x004d238c,0x0044e030,R
0x004d238c,0x0044e030,R
0x004dd9d4,0x0044e110,A
0x004dd9bc,0x0044e110,A
0x004ddeac,0x0044e110,A
0x004dd9d4,0x0044e170,A
0x004dd9bc,0x0044e170,A
0x004ddeac,0x0044e170,A
0x004d238c,0x0044e170,R
0x004d238c,0x0044e170,R
0x004d238c,0x0044e170,R
0x004dd9d4,0x0044e270,A
0x004dd9bc,0x0044e270,A
0x004ddeac,0x0044e270,A
0x004ddd68,0x0044e270,A
0x004ddeac,0x0044e270,A
0x004dd9d4,0x0044e300,A
0x004dd9bc,0x0044e300,A
0x004ddeac,0x0044e300,A
0x004d238c,0x0044e300,R
0x004d238c,0x0044e300,R
0x004d238c,0x0044e300,R
0x004dd9d4,0x0044e3d0,A
0x004dd9bc,0x0044e3d0,A
0x004ddeac,0x0044e3d0,A
0x004ddd68,0x0044e3d0,A
0x004ddeac,0x0044e3d0,A
0x004d238c,0x0044e3d0,R
0x004d238c,0x0044e3d0,R
0x004d238c,0x0044e3d0,R
0x004dd9d4,0x0044e4f0,A
0x004dd9bc,0x0044e4f0,A
0x004ddeac,0x0044e4f0,A
0x004ddd68,0x0044e4f0,A
0x004ddeac,0x0044e4f0,A
0x004dd9d4,0x0044e5b0,A
0x004ddeac,0x0044e5b0,A
0x004dd9bc,0x0044e5b0,A
0x004ddeac,0x0044e5b0,A
0x004ddd68,0x0044e5b0,A
0x004ddeac,0x0044e5b0,A
0x00539c74,0x0044e630,R
0x00539c78,0x0044e630,R
0x00539c74,0x0044e630,W
0x00539c78,0x0044e630,W
0x00539c6c,0x0044e630,R
0x00539c6c,0x0044e630,W
0x004cc4ac,0x0044e630,R
0x00539c74,0x0044e690,R
0x00539c74,0x0044e690,W
0x00539c6c,0x0044e690,R
0x00539c6c,0x0044e690,W
0x00539c6c,0x0044e690,R
0x00539c6c,0x0044e690,R
0x00539c6c,0x0044e690,W
0x00539c6c,0x0044e6d0,R
0x004cc5b4,0x0044e6d0,R
0x00539c6c,0x0044e6d0,W
0x00539c6c,0x0044e6d0,R
0x004dded8,0x0044e700,R
0x004ddef8,0x0044e700,A
0x004ddf38,0x0044e700,A
0x004ddef8,0x0044e700,A
0x004ddf38,0x0044e700,A
0x00539bb4,0x0044e700,W
0x00539bc0,0x0044e700,W
0x00539bcc,0x0044e700,W
0x00539bd8,0x0044e700,W
0x00539be4,0x0044e700,W
0x00539bf0,0x0044e700,W
0x00539bfc,0x0044e700,W
0x00539c08,0x0044e700,W
0x00539c14,0x0044e700,W
0x00539c20,0x0044e700,W
0x00539c2c,0x0044e700,W
0x00539c38,0x0044e700,W
0x00539c44,0x0044e700,W
0x00539c50,0x0044e700,W
0x00539c5c,0x0044e700,W
0x00539c68,0x0044e700,W
0x004dded8,0x0044e920,R
0x00539bb4,0x0044e920,R
0x00539bc0,0x0044e920,R
0x00539bcc,0x0044e920,R
0x00539bd8,0x0044e920,R
0x00539be4,0x0044e920,R
0x00539bf0,0x0044e920,R
0x00539bfc,0x0044e920,R
0x00539c08,0x0044e920,R
0x00539c14,0x0044e920,R
0x00539c20,0x0044e920,R
0x00539c2c,0x0044e920,R
0x00539c38,0x0044e920,R
0x00539c44,0x0044e920,R
0x00539c50,0x0044e920,R
0x00539c5c,0x0044e920,R
0x00539c68,0x0044e920,R
0x00539c70,0x0044e920,R
0x004ddee0,0x0044ea70,A
0x004ddee0,0x0044ea70,R
0x004ddee4,0x0044ea70,R
0x00539bc4,0x0044ea70,A
0x00539bb8,0x0044ea70,R
0x00539bc4,0x0044ea70,R
0x004ddef8,0x0044ea70,A
0x004dded8,0x0044eaa0,R
0x004dded8,0x0044eaa0,W
0x004dded8,0x0044eaa0,W
0x004dded8,0x0044eb50,R
0x00539c00,0x0044eba0,R
0x00539c00,0x0044eba0,R
0x00539c54,0x0044ebe0,R
0x004dded8,0x0044ebe0,R
0x004dded8,0x0044ebe0,W
0x004dded8,0x0044ebe0,W
0x00539c60,0x0044ec30,R
0x004dded8,0x0044ec30,R
0x004dded8,0x0044ec30,W
0x004dded8,0x0044ec30,W
0x004ddef8,0x0044ec90,A
0x004ddef8,0x0044ecb0,A
0x004cc4dc,0x0044ecb0,R
0x004ddf78,0x0044ecb0,A
0x004ddef8,0x0044ecf0,A
0x004ddef8,0x0044ed50,A
0x00539c70,0x0044ed60,R
0x00539c70,0x0044ed60,W
0x004ddef8,0x0044ed90,A
0x004ddf38,0x0044ed90,A
0x004ddef8,0x0044ed90,A
0x004ddf38,0x0044ee10,A
0x004ddef8,0x0044ee10,A
0x004ddf38,0x0044ee10,A
0x004ddf38,0x0044ee10,A
0x00539c70,0x0044eea0,R
0x00539c70,0x0044eea0,W
0x00539c70,0x0044eea0,R
0x004ddef8,0x0044eed0,A
0x00539bb4,0x0044eed0,W
0x00539bc0,0x0044eed0,W
0x00539bcc,0x0044eed0,W
0x00539bd8,0x0044eed0,W
0x00539be4,0x0044eed0,W
0x00539bf0,0x0044eed0,W
0x00539bfc,0x0044eed0,W
0x00539c08,0x0044eed0,W
0x00539c14,0x0044eed0,W
0x00539c20,0x0044eed0,W
0x00539c2c,0x0044eed0,W
0x00539c38,0x0044eed0,W
0x00539c44,0x0044eed0,W
0x00539c50,0x0044eed0,W
0x00539c5c,0x0044eed0,W
0x00539c68,0x0044eed0,W
0x004ddfd0,0x0044f000,A
0x004ddf8c,0x0044f000,A
0x00575de0,0x0044f000,A
0x004cc5c4,0x0044f000,R
0x004ddef8,0x0044f120,A
0x004ddef8,0x0044f120,A
0x004de028,0x0044f120,A
0x004ddff4,0x0044f120,A
0x004ddfd0,0x0044f120,A
0x004ddf38,0x0044f120,A
0x004cc5b4,0x0044f1d0,R
0x004cc5b4,0x0044f1d0,R
0x004de064,0x0044f1d0,A
0x004ddfd0,0x0044f1d0,A
0x004cc4f8,0x0044f630,R
0x004de0c0,0x0044f630,A
0x004cc5bc,0x0044f630,R
0x0056bbe8,0x0044f630,R
0x00539ba0,0x0044f690,W
0x00539b98,0x0044f690,W
0x00539b98,0x0044f690,R
0x00539b98,0x0044f690,W
0x00539b98,0x0044f690,R
0x00539ba8,0x0044f6f0,W
0x004dd9d4,0x0044f7a0,A
0x004de110,0x0044f7a0,A
0x004cc4ac,0x0044f7a0,R
0x004de0e4,0x0044f7a0,A
0x004cc4dc,0x0044f7a0,R
0x004dd9d4,0x0044f870,A
0x004dd9d4,0x0044f870,A
0x004de110,0x0044f870,A
0x004dd9d4,0x0044f8b0,A
0x004dd9bc,0x0044f8b0,A
0x004de110,0x0044f8b0,A
0x004ddd68,0x0044f8b0,A
0x004de110,0x0044f8b0,A
0x004dd9d4,0x0044f930,A
0x004dd9bc,0x0044f930,A
0x004de110,0x0044f930,A
0x004ddd68,0x0044f930,A
0x004de110,0x0044f930,A
0x004dd9d4,0x0044f9c0,A
0x004dd9bc,0x0044f9c0,A
0x004de110,0x0044f9c0,A
0x004ddd68,0x0044f9c0,A
0x004de110,0x0044f9c0,A
0x004dd9d4,0x0044fa40,A
0x004dd9bc,0x0044fa40,A
0x004de110,0x0044fa40,A
0x004ddd68,0x0044fa40,A
0x004de110,0x0044fa40,A
0x004dd9d4,0x0044fad0,A
0x004dd9bc,0x0044fad0,A
0x004de110,0x0044fad0,A
0x004ddd68,0x0044fad0,A
0x004de110,0x0044fad0,A
0x004dd9d4,0x0044fb40,A
0x004dd9bc,0x0044fb40,A
0x004de110,0x0044fb40,A
0x004ddd68,0x0044fb40,A
0x004de110,0x0044fb40,A
0x004dd9d4,0x0044fbd0,A
0x004dd9bc,0x0044fbd0,A
0x004de110,0x0044fbd0,A
0x004ddd68,0x0044fbd0,A
0x004de110,0x0044fbd0,A
0x004de184,0x0044fbd0,A
0x004de134,0x0044fbd0,A
0x004de110,0x0044fbd0,A
0x004dd9d4,0x0044fcf0,A
0x004dd9bc,0x0044fcf0,A
0x004de110,0x0044fcf0,A
0x004ddd68,0x0044fcf0,A
0x004de110,0x0044fcf0,A
0x004de1d0,0x0044fcf0,A
0x004de110,0x0044fcf0,A
0x004dd9d4,0x0044fdd0,A
0x004de214,0x0044fdd0,A
0x004cc4ac,0x0044fdd0,R
0x004dd9d4,0x0044fe50,A
0x004dd9d4,0x0044fe50,A
0x004de214,0x0044fe50,A
0x004dd9d4,0x0044fe90,A
0x004dd9bc,0x0044fe90,A
0x004de214,0x0044fe90,A
0x004ddd68,0x0044fe90,A
0x004de214,0x0044fe90,A
0x004dd9d4,0x0044ff10,A
0x004dd9bc,0x0044ff10,A
0x004de214,0x0044ff10,A
0x004ddd68,0x0044ff10,A
0x004de214,0x0044ff10,A
0x004dd9d4,0x0044ff90,A
0x004dd9bc,0x0044ff90,A
0x004de214,0x0044ff90,A
0x004ddd68,0x0044ff90,A
0x004de214,0x0044ff90,A
0x004cc4ec,0x00450030,R
0x004cc4ac,0x004501c0,R
0x004cc5b4,0x00450240,R
0x004de298,0x004502b0,A
0x004de23c,0x004502b0,A
0x00575de0,0x004502b0,A
0x004cc5c4,0x004502b0,R
0x004ddea0,0x004502b0,A
0x004ddea0,0x004502b0,A
0x004ddea0,0x004502b0,A
0x004ddea0,0x004502b0,A
0x004d2398,0x00450650,R
0x004d239c,0x00450650,R
0x004d239c,0x00450650,R
0x004d2398,0x00450650,R
0x004cc504,0x00450650,R
0x004cc504,0x00450650,R
0x004d23a0,0x00450790,R
0x004d2398,0x00450790,R
0x004d239c,0x00450790,R
0x004d239c,0x00450790,R
0x004d2398,0x00450790,R
0x004d23a8,0x00450840,R
0x004d23a8,0x00450840,R
0x004dd9d4,0x00450a00,A
0x004de298,0x00450a00,A
0x004dd9bc,0x00450a00,A
0x004de298,0x00450a00,A
0x004dd9d4,0x00450a70,A
0x004dd9bc,0x00450a70,A
0x004de298,0x00450a70,A
0x004d23ac,0x00450c60,R
0x004d23b0,0x00450c60,R
0x004d23a8,0x00450c60,R
0x004d23a8,0x00450c60,R
0x004d23b4,0x00450c60,R
0x004d23b4,0x00450c60,R
0x004d23b8,0x00450c60,R
0x004cc4ac,0x00450c60,R
0x004cc4ac,0x00450c60,R
0x004cc5b4,0x00450e40,R
0x004cc5b4,0x00450e40,R
0x004cc5b4,0x00450e40,R
0x004de2c0,0x00450f20,A
0x004de298,0x00450f20,A
0x004cc4ec,0x00450f60,R
0x004cc4ec,0x00450f60,R
0x004cc4ec,0x00450f60,R
0x004ddb98,0x00451240,A
0x004de298,0x00451240,A
0x004cc4ec,0x00451360,R
0x004cc4ec,0x00451360,R
0x004de298,0x00451410,A
0x004de384,0x00451410,A
0x004de298,0x00451410,A
0x004de310,0x00451410,A
0x00575de0,0x00451410,A
0x004cc5c4,0x00451410,R
0x004cc4ec,0x00451590,R
0x004cc4ec,0x00451590,R
0x004de298,0x00451640,A
0x004de45c,0x00451640,A
0x004de298,0x00451640,A
0x004de3e8,0x00451640,A
0x00575de0,0x00451640,A
0x004cc5c4,0x00451640,R
0x004ddf2c,0x004517a0,R
0x00539c30,0x004517a0,R
0x00539c90,0x004518b0,R
0x004de4f8,0x004518b0,A
0x004de4d0,0x004518b0,A
0x00539c90,0x004518b0,W
0x00539ca4,0x004518f0,R
0x00539c90,0x00451900,R
0x00539c90,0x00451900,W
0x004cc5dc,0x00451900,R
0x00539c90,0x00451900,R
0x00539c94,0x00451900,W
0x00539c90,0x00451900,R
0x00539c98,0x00451900,W
0x004de4c8,0x00451900,W
0x00539c94,0x00451900,R
0x00539c90,0x00451900,R
0x00539c94,0x00451900,R
0x004de4c4,0x00451900,R
0x004de530,0x00451900,A
0x00539ca4,0x00451900,W
0x00539c90,0x00451a00,R
0x00539c94,0x00451a00,R
0x004cc5b4,0x00451a00,R
0x00539c94,0x00451a00,W
0x00539c90,0x00451a00,W
0x00539c98,0x00451a00,W
0x004de4c8,0x00451a00,W
0x00539ca4,0x00451a00,W
0x004dd9d4,0x00451a60,A
0x004de4d0,0x00451a60,A
0x004de4cc,0x00451b20,R
0x00539ca0,0x00451b20,R
0x00539ca0,0x00451b20,R
0x00539c9c,0x00451b20,R
0x004dea6c,0x00451bd0,A
0x004de4d0,0x00451bd0,A
0x004dea14,0x00451bd0,A
0x004de4d0,0x00451bd0,A
0x004de9b0,0x00451bd0,A
0x004de4d0,0x00451bd0,A
0x004de950,0x00451bd0,A
0x004de4d0,0x00451bd0,A
0x004de8f0,0x00451bd0,A
0x004de4d0,0x00451bd0,A
0x004de898,0x00451bd0,A
0x004de4d0,0x00451bd0,A
0x004de840,0x00451bd0,A
0x004de4d0,0x00451bd0,A
0x004de7e4,0x00451bd0,A
0x004de4d0,0x00451bd0,A
0x004de78c,0x00451bd0,A
0x004de4d0,0x00451bd0,A
0x004de730,0x00451bd0,A
0x004de4d0,0x00451bd0,A
0x004de6d8,0x00451bd0,A
0x004de4d0,0x00451bd0,A
0x004de68c,0x00451bd0,A
0x004de4d0,0x00451bd0,A
0x004de658,0x00451bd0,A
0x004de4d0,0x00451bd0,A
0x004de5ec,0x00451bd0,A
0x004de4d0,0x00451bd0,A
0x004de58c,0x00451bd0,A
0x004de4d0,0x00451bd0,A
0x004de538,0x00451bd0,A
0x004de4d0,0x00451bd0,A
0x004deae8,0x00451f70,A
0x004deac8,0x00451f70,A
0x004de4d0,0x00451f70,A
0x004deb14,0x004520c0,A
0x004de4d0,0x004520c0,A
0x004deb48,0x004520e0,A
0x004de4d0,0x004520e0,A
0x004deae8,0x00452100,A
0x004deac8,0x00452100,A
0x004de4d0,0x00452100,A
0x004deb7c,0x00452230,A
0x004de4d0,0x00452230,A
0x004deae8,0x00452250,A
0x004deac8,0x00452250,A
0x004de4d0,0x00452250,A
0x004debb8,0x004523c0,A
0x004de4d0,0x004523c0,A
0x004debf4,0x004523e0,A
0x004de4d0,0x004523e0,A
0x004dd9d4,0x00452400,A
0x004de4d0,0x00452400,A
0x004dec60,0x00452400,A
0x004de4d0,0x00452400,A
0x004dec30,0x00452400,A
0x004de4d0,0x00452400,A
0x004dd9d4,0x00452500,A
0x004de4d0,0x00452500,A
0x00539c9c,0x00452500,R
0x004de4cc,0x00452500,R
0x004de4cc,0x00452500,W
0x00539c9c,0x00452500,W
0x004de4cc,0x00452500,W
0x00539c9c,0x00452500,W
0x004dd9d4,0x00452560,A
0x004de4d0,0x00452560,A
0x00539c9c,0x00452560,R
0x004de4cc,0x00452560,R
0x004de4cc,0x00452560,W
0x00539ca0,0x00452560,R
0x00539c9c,0x00452560,W
0x00539ca0,0x00452560,W
0x00539ca0,0x00452560,W
0x004de4cc,0x00452560,W
0x00539c9c,0x00452560,W
0x004d23c0,0x004525d0,R
0x004d23c0,0x004525d0,R
0x004d23c0,0x004525d0,R
0x004d23c0,0x00452650,R
0x004d23c0,0x00452650,R
0x004d23c0,0x00452650,R
0x004dd9d4,0x00452920,A
0x004dd9d4,0x00452920,A
0x004dd9bc,0x00452920,A
0x004dec88,0x00452920,A
0x004dd9d4,0x00452970,A
0x004dd9d4,0x00452970,A
0x004dd9bc,0x00452970,A
0x004dec88,0x00452970,A
0x004dd9d4,0x004529c0,A
0x004decac,0x004529c0,A
0x004cc4ac,0x004529c0,R
0x004dd9d4,0x00452ab0,A
0x004dd9bc,0x00452ab0,A
0x004decac,0x00452ab0,A
0x004decac,0x00452ab0,A
0x004decd0,0x00452ab0,A
0x00575de0,0x00452ab0,A
0x004cc5c4,0x00452ab0,R
0x004cc5b4,0x00452ab0,R
0x004dd9d4,0x00452b80,A
0x004dd9d4,0x00452b80,A
0x004decac,0x00452b80,A
0x004dd9d4,0x00452bc0,A
0x004dd9bc,0x00452bc0,A
0x004decac,0x00452bc0,A
0x004cc5a0,0x00452bc0,R
0x004da97c,0x00452bc0,A
0x004cc5c4,0x00452bc0,R
0x004dd9d4,0x00452c60,A
0x004dd9bc,0x00452c60,A
0x004decac,0x00452c60,A
0x004dd9d4,0x00452d00,A
0x004dd9bc,0x00452d00,A
0x004decac,0x00452d00,A
0x004dd9d4,0x00452d60,A
0x004dd9bc,0x00452d60,A
0x004decac,0x00452d60,A
0x004dd9d4,0x00452dc0,A
0x004dd9bc,0x00452dc0,A
0x004decac,0x00452dc0,A
0x004e0e84,0x00452ec0,R
0x00566950,0x00452ec0,R
0x004e0e88,0x00452ec0,R
0x00566868,0x00452ec0,R
0x004dd9d4,0x00452fd0,A
0x004ded18,0x00452fd0,A
0x004cc4ac,0x00452fd0,R
0x004dd9d4,0x00453110,A
0x004dd9bc,0x00453110,A
0x004ded18,0x00453110,A
0x004ded18,0x00453110,A
0x004ded3c,0x00453110,A
0x00575de0,0x00453110,A
0x004cc5c4,0x00453110,R
0x004cc5b4,0x00453110,R
0x004dd9d4,0x004531c0,A
0x004dd9d4,0x004531c0,A
0x004ded18,0x004531c0,A
0x004dd9d4,0x00453200,A
0x004dd9bc,0x00453200,A
0x004ded18,0x00453200,A
0x004dd9d4,0x00453250,A
0x004dd9bc,0x00453250,A
0x004ded18,0x00453250,A
0x004dd9d4,0x004532a0,A
0x004dd9bc,0x004532a0,A
0x004ded18,0x004532a0,A
0x004dd9d4,0x004532f0,A
0x004dd9bc,0x004532f0,A
0x004ded18,0x004532f0,A
0x004dd9d4,0x00453350,A
0x004dd9bc,0x00453350,A
0x004ded18,0x00453350,A
0x004dd9d4,0x004533b0,A
0x004dd9bc,0x004533b0,A
0x004ded18,0x004533b0,A
0x004dd9d4,0x00453400,A
0x004dd9bc,0x00453400,A
0x004ded18,0x00453400,A
0x004ded18,0x00453400,A
0x004ded84,0x00453400,A
0x00575de0,0x00453400,A
0x004cc5c4,0x00453400,R
0x004d23c8,0x00453400,R
0x004d23cc,0x00453400,R
0x004dd9d4,0x00453500,A
0x004dd9bc,0x00453500,A
0x004ded18,0x00453500,A
0x004dd9d4,0x00453560,A
0x004dd9bc,0x00453560,A
0x004ded18,0x00453560,A
0x004dd9d4,0x004535c0,A
0x004dd9bc,0x004535c0,A
0x004ded18,0x004535c0,A
0x004e0e84,0x00453620,R
0x00566950,0x00453620,R
0x004e0e88,0x00453620,R
0x00566868,0x00453620,R
0x004e0e84,0x00453620,R
0x00566950,0x00453620,R
0x004e0e88,0x00453620,R
0x00566868,0x00453620,R
0x004dd9d4,0x00453880,A
0x004dd9bc,0x00453880,A
0x004ded18,0x00453880,A
0x004e0e84,0x00453880,R
0x00566950,0x00453880,R
0x004e0e88,0x00453880,R
0x00566868,0x00453880,R
0x004dd9d4,0x00453a40,A
0x004dd9bc,0x00453a40,A
0x004ded18,0x00453a40,A
0x004dd9d4,0x00453aa0,A
0x004dd9bc,0x00453aa0,A
0x004ded18,0x00453aa0,A
0x004dd9d4,0x00453b10,A
0x004dedd0,0x00453b10,A
0x004dd9d4,0x00453b40,A
0x004dd9d4,0x00453b40,A
0x004dedd0,0x00453b40,A
0x004dd9d4,0x00453b80,A
0x004dd9d4,0x00453b80,A
0x004dd9bc,0x00453b80,A
0x004dedd0,0x00453b80,A
0x004dd9d4,0x00453bd0,A
0x004dd9bc,0x00453bd0,A
0x004dedd0,0x00453bd0,A
0x0056b424,0x00453bd0,R
0x004d23d8,0x00453d20,R
0x004dd9d4,0x00453ee0,A
0x004dedf8,0x00453ee0,A
0x004cc4ac,0x00453ee0,R
0x004dd9d4,0x00453f40,A
0x004dd9d4,0x00453f40,A
0x004dd9bc,0x00453f40,A
0x004dedf8,0x00453f40,A
0x004cc4ec,0x00453f40,R
0x004dd9d4,0x00454000,A
0x004dd9d4,0x00454000,A
0x004dd9bc,0x00454000,A
0x004dedf8,0x00454000,A
0x004dd9d4,0x004540c0,A
0x004dd9bc,0x004540c0,A
0x004dedf8,0x004540c0,A
0x004dd9d4,0x00454100,A
0x004dd9bc,0x00454100,A
0x004dedf8,0x00454100,A
0x004dd9d4,0x00454140,A
0x004dd9bc,0x00454140,A
0x004dedf8,0x00454140,A
0x004dd9d4,0x00454180,A
0x004dd9bc,0x00454180,A
0x004dedf8,0x00454180,A
0x004dd9d4,0x004541c0,A
0x004dd9bc,0x004541c0,A
0x004dedf8,0x004541c0,A
0x0056b424,0x004541c0,R
0x004cc4ac,0x004542a0,R
0x00539ca8,0x00454360,W
0x00539c94,0x00454370,R
0x00539c94,0x004543a0,R
0x00539c94,0x004543d0,R
0x00539cdc,0x004543f0,R
0x00539cd8,0x004543f0,R
0x004cc4ec,0x004543f0,R
0x00539cd8,0x004543f0,W
0x00539cdc,0x004543f0,W
0x00539cd8,0x004543f0,R
0x00539cd8,0x004543f0,R
0x00539cd8,0x004543f0,R
0x00539cd8,0x004543f0,R
0x004cc594,0x004543f0,R
0x004dee44,0x004543f0,A
0x004dee1c,0x004543f0,A
0x004df014,0x004544b0,A
0x004dee1c,0x004544b0,A
0x004defe0,0x004544b0,A
0x004dee1c,0x004544b0,A
0x004cc594,0x004544b0,R
0x004defc0,0x004544b0,A
0x004def74,0x004544b0,A
0x004dee1c,0x004544b0,A
0x004cc594,0x004544b0,R
0x004def50,0x004544b0,A
0x004cc594,0x004544b0,R
0x004def30,0x004544b0,A
0x004cc594,0x004544b0,R
0x004def10,0x004544b0,A
0x004cc594,0x004544b0,R
0x004deef0,0x004544b0,A
0x004cc594,0x004544b0,R
0x004deecc,0x004544b0,A
0x004cc594,0x004544b0,R
0x004deeac,0x004544b0,A
0x004cc594,0x004544b0,R
0x004dee8c,0x004544b0,A
0x004cc594,0x004544b0,R
0x004dee60,0x004544b0,A
0x004dee1c,0x004544b0,A
0x00539c90,0x00454890,R
0x004cc5dc,0x00454890,R
0x00539c94,0x00454890,R
0x004cc4a0,0x00454890,R
0x004cc594,0x00454890,R
0x004dee44,0x00454890,A
0x004dee1c,0x00454890,A
0x004cc4a0,0x00454890,R
0x004cc4a0,0x00454890,R
0x004cc490,0x00454890,R
0x00539c90,0x00454890,R
0x004cc594,0x00454890,R
0x004dee44,0x00454890,A
0x004dee1c,0x00454890,A
0x00539cd8,0x00454890,R
0x004cc5b4,0x00454890,R
0x00539cd8,0x00454890,W
0x00539cdc,0x00454890,W
0x00539ca8,0x00454a50,A
0x00539ca8,0x00454a50,W
0x00539cac,0x00454a50,W
0x00539cac,0x00454a50,W
0x00539cad,0x00454a50,W
0x004df070,0x00454a50,A
0x004dee1c,0x00454a50,A
0x004daf58,0x00454a50,A
0x004cc5b8,0x00454a50,R
0x004cc594,0x00454a50,R
0x004df04c,0x00454a50,A
0x004cc4a0,0x00454a50,R
0x004de4c8,0x00454a50,R
0x004cc490,0x00454a50,R
0x004df04c,0x00454a50,A
0x004dee1c,0x00454a50,A
0x004cc5c0,0x00454a50,R
0x004cc4e0,0x00454bf0,R
0x004df0a8,0x00454bf0,A
0x004dee1c,0x00454bf0,A
0x004df248,0x00454c60,A
0x004dee1c,0x00454c60,A
0x004cc5dc,0x00454c60,R
0x004cc4e0,0x00454c60,R
0x004df228,0x00454c60,A
0x004cc5dc,0x00454c60,R
0x004cc4e0,0x00454c60,R
0x004df204,0x00454c60,A
0x004cc5dc,0x00454c60,R
0x004cc4e0,0x00454c60,R
0x004df1e4,0x00454c60,A
0x004cc5dc,0x00454c60,R
0x004cc4e0,0x00454c60,R
0x004df1c4,0x00454c60,A
0x004cc5dc,0x00454c60,R
0x004cc4e0,0x00454c60,R
0x004df1a4,0x00454c60,A
0x004cc5dc,0x00454c60,R
0x004cc4e0,0x00454c60,R
0x004df180,0x00454c60,A
0x004cc5dc,0x00454c60,R
0x004cc4e0,0x00454c60,R
0x004df160,0x00454c60,A
0x004cc5dc,0x00454c60,R
0x004cc4e0,0x00454c60,R
0x004df140,0x00454c60,A
0x004cc4ac,0x00454c60,R
0x004cc4ac,0x00454c60,R
0x004cc4e0,0x00454c60,R
0x004cc5dc,0x00454c60,R
0x004cc5dc,0x00454c60,R
0x004cc5dc,0x00454c60,R
0x004df0f4,0x00454c60,A
0x004dee1c,0x00454c60,A
0x004df0c8,0x00454c60,A
0x004dee1c,0x00454c60,A
0x00539c94,0x00455350,R
0x004cc5dc,0x00455350,R
0x00539c94,0x00455350,W
0x00539c90,0x00455350,W
0x00539c90,0x00455350,R
0x004cc4ec,0x00455350,R
0x00539c90,0x00455350,R
0x00539c94,0x00455350,W
0x00539c94,0x00455350,R
0x00539c90,0x00455350,W
0x004cc4e0,0x00455350,R
0x004df27c,0x00455350,A
0x004dee1c,0x00455350,A
0x00539c90,0x00455350,R
0x00539c94,0x00455350,R
0x00539c98,0x00455350,W
0x00539c98,0x00455350,R
0x00539c98,0x00455350,W
0x00539c90,0x00455350,R
0x00539c30,0x00455350,R
0x00539c90,0x00455350,R
0x00539ca8,0x00455520,A
0x00539ca8,0x00455520,W
0x00539cac,0x00455520,W
0x00539cac,0x00455520,W
0x00539cad,0x00455520,W
0x004df070,0x00455520,A
0x004dee1c,0x00455520,A
0x004cc490,0x00455520,R
0x004df308,0x00455520,A
0x004df2e4,0x00455520,A
0x004df2c0,0x00455520,A
0x004df2a0,0x00455520,A
0x004dee1c,0x00455520,A
0x004cc5c0,0x00455520,R
0x004de4c8,0x00455520,W
0x004cc5c0,0x00455520,R
0x004daf54,0x004556a0,A
0x004cc5b8,0x004556a0,R
0x004cc4e0,0x004556a0,R
0x004df3a0,0x004556a0,A
0x004df368,0x004556a0,A
0x004df32c,0x004556a0,A
0x004dee1c,0x004556a0,A
0x004cc5c0,0x004556a0,R
0x00539ca8,0x00455730,A
0x00539ca8,0x00455730,R
0x00539ca9,0x00455730,R
0x00539ca8,0x00455730,A
0x004cc5c0,0x00455730,R
0x004cc490,0x004557a0,R
0x004cc4e0,0x004557a0,R
0x004df27c,0x004557a0,A
0x004dee1c,0x004557a0,A
0x004cc490,0x004557a0,R
0x004df4b8,0x004558f0,A
0x004df48c,0x004558f0,A
0x004df47c,0x004558f0,A
0x00539de0,0x004558f0,W
0x004cc48c,0x004558f0,R
0x004cc488,0x004558f0,R
0x00539de0,0x004558f0,R
0x004df47c,0x004558f0,A
0x004df458,0x004558f0,A
0x004df48c,0x004558f0,A
0x00539de0,0x004558f0,R
0x004df450,0x004558f0,A
0x004df448,0x004558f0,A
0x00539cec,0x004558f0,A
0x00539ce8,0x004558f0,W
0x00539cec,0x004558f0,W
0x00539cf4,0x004558f0,W
0x00539cf8,0x004558f0,W
0x00539cfc,0x004558f0,W
0x004df440,0x004558f0,A
0x00539cf4,0x004558f0,A
0x004df438,0x004558f0,A
0x00539cf8,0x004558f0,A
0x004df430,0x004558f0,A
0x00539cfc,0x004558f0,A
0x00539ce0,0x004558f0,W
0x004cc4ac,0x004558f0,R
0x004df420,0x004558f0,A
0x00539ce4,0x004558f0,W
0x004df410,0x004558f0,A
0x004df400,0x004558f0,A
0x00539ce0,0x004558f0,R
0x00539ce0,0x004558f0,W
0x00539ce4,0x004558f0,R
0x004cc4ec,0x004558f0,R
0x00539ce4,0x004558f0,W
0x00539ce4,0x004558f0,R
0x00539de0,0x004558f0,R
0x004df3f4,0x004558f0,A
0x004df420,0x004558f0,A
0x00539d18,0x004558f0,W
0x00539d14,0x004558f0,W
0x004cc5dc,0x004558f0,R
0x00539d1c,0x004558f0,W
0x00539d14,0x004558f0,R
0x00539d1c,0x004558f0,R
0x00539d14,0x004558f0,R
0x00539d1c,0x004558f0,W
0x00539d38,0x004558f0,A
0x004df448,0x004558f0,A
0x00539d34,0x004558f0,W
0x00539d24,0x004558f0,W
0x00539d28,0x004558f0,W
0x00539d38,0x004558f0,W
0x00539d44,0x004558f0,W
0x00539d48,0x004558f0,W
0x00539d4c,0x004558f0,W
0x004df440,0x004558f0,A
0x00539d44,0x004558f0,A
0x004df438,0x004558f0,A
0x00539d48,0x004558f0,A
0x004df430,0x004558f0,A
0x00539d4c,0x004558f0,A
0x00539d18,0x004558f0,R
0x00539d1c,0x004558f0,R
0x00539d1c,0x004558f0,R
0x00539d24,0x004558f0,W
0x004df3d4,0x004558f0,A
0x004df48c,0x004558f0,A
0x00539d24,0x004558f0,W
0x00539d24,0x004558f0,R
0x00539d1c,0x004558f0,R
0x00539d28,0x004558f0,W
0x00539d10,0x004558f0,W
0x00539d28,0x004558f0,W
0x00539d10,0x004558f0,W
0x00539d10,0x004558f0,W
0x00539de0,0x004558f0,R
0x004df3c4,0x004558f0,R
0x00539de0,0x004558f0,W
0x004df3c8,0x004558f0,A
0x00539d10,0x00455e40,R
0x00539d1c,0x00455e40,R
0x004cc5b4,0x00455e40,R
0x00539d1c,0x00455e40,W
0x00539ce4,0x00455e40,R
0x00539ce4,0x00455e40,W
0x00539d10,0x00455e40,W
0x004cc5b4,0x00455ea0,R
0x00539d34,0x00455ed0,A
0x00539d34,0x00455ed0,R
0x00539d38,0x00455ed0,R
0x00539de4,0x00455ef0,R
0x00539d10,0x00455ef0,R
0x004df570,0x00455ef0,A
0x004df540,0x00455ef0,A
0x004df514,0x00455ef0,A
0x004df540,0x00455ef0,A
0x004df4e0,0x00455ef0,A
0x004df540,0x00455ef0,A
0x004d23f0,0x00456010,R
0x004d23f4,0x00456010,R
0x004d23f0,0x00456010,R
0x004d23f0,0x00456010,R
0x004d2400,0x00456010,R
0x004d2408,0x00456010,R
0x004df59c,0x00456010,A
0x004df59c,0x00456010,R
0x004df59d,0x00456010,R
0x004d2410,0x00456010,R
0x004d2414,0x00456010,R
0x004d2410,0x00456010,R
0x004d2414,0x00456010,R
0x004d2410,0x00456010,R
0x004d2414,0x00456010,R
0x004d2410,0x00456010,R
0x004d2414,0x00456010,R
0x004d23f8,0x00456010,R
0x004d23f0,0x00456010,R
0x004cc5dc,0x004563d0,R
0x004cc5dc,0x004563d0,R
0x00539d24,0x004563d0,R
0x00539d28,0x004563d0,R
0x004cc5b4,0x00456450,R
0x004df59c,0x004564b0,A
0x004d241c,0x004564b0,R
0x004cc5dc,0x004564b0,R
0x004cc5dc,0x004564b0,R
0x004d2420,0x004564b0,R
0x004df59c,0x004564b0,A
0x004cc5b4,0x004564b0,R
0x004cc5b4,0x00456ad0,R
0x00539ce8,0x00456b00,A
0x00539ce8,0x00456b00,R
0x00539cec,0x00456b00,R
0x004df634,0x00456b20,A
0x004df604,0x00456b20,A
0x004df5dc,0x00456b20,A
0x004df604,0x00456b20,A
0x004df5ac,0x00456b20,A
0x004df604,0x00456b20,A
0x00539de8,0x00456c50,R
0x004d2428,0x00456c80,R
0x004d242c,0x00456c80,R
0x004d2428,0x00456c80,R
0x004d2428,0x00456c80,R
0x004d2438,0x00456c80,R
0x004d2440,0x00456c80,R
0x004df59c,0x00456c80,A
0x004df59c,0x00456c80,R
0x004df59d,0x00456c80,R
0x004d2448,0x00456c80,R
0x004d244c,0x00456c80,R
0x004d2448,0x00456c80,R
0x004d244c,0x00456c80,R
0x004d2448,0x00456c80,R
0x004d244c,0x00456c80,R
0x004d2448,0x00456c80,R
0x004d244c,0x00456c80,R
0x004d2430,0x00456c80,R
0x004d2428,0x00456c80,R
0x004cc5dc,0x00457040,R
0x004cc5dc,0x00457040,R
0x00539ce4,0x00457040,R
0x00539ce0,0x00457040,R
0x00539ce4,0x00457040,R
0x004cc5b4,0x004570e0,R
0x004df59c,0x00457140,A
0x004d2454,0x00457140,R
0x004cc5dc,0x00457140,R
0x004cc5dc,0x00457140,R
0x004d2458,0x00457140,R
0x004cc5b4,0x00457140,R
0x00539e00,0x004575f0,A
0x00539e00,0x00457660,A
0x00539df0,0x00457660,W
0x00539df4,0x00457660,W
0x00539df8,0x00457660,W
0x00539dfc,0x00457660,W
0x004cc480,0x004576e0,R
0x00539e14,0x004576e0,R
0x00539e14,0x004576e0,W
0x00539e10,0x004576e0,R
0x00539e10,0x004576e0,W
0x004cc47c,0x004576e0,R
0x00539e04,0x00457750,R
0x00539e04,0x00457750,R
0x004df59c,0x00457750,A
0x004df59c,0x00457750,A
0x00539dfc,0x00457840,R
0x00539df8,0x00457840,R
0x00539df4,0x00457840,R
0x00539df4,0x00457840,R
0x00539df0,0x00457840,A
0x00539df8,0x00457840,R
0x00539df0,0x00457840,A
0x00539df8,0x00457840,R
0x00539df4,0x00457840,R
0x00539df0,0x00457840,A
0x00539df4,0x00457840,R
0x00539df4,0x00457840,R
0x00539dfc,0x00457840,W
0x00539df8,0x00457840,R
0x00539df4,0x00457840,W
0x00539df8,0x00457840,W
0x00539df0,0x00457840,A
0x00539df8,0x00457840,R
0x00539df0,0x00457840,A
0x00539df8,0x00457840,R
0x00539df0,0x00457840,A
0x00539df8,0x00457840,R
0x00539df8,0x00457840,W
0x00539df8,0x00457ae0,R
0x00539df4,0x00457ae0,R
0x00539df8,0x00457ae0,R
0x00539e04,0x00457ae0,R
0x00539df8,0x00457ae0,W
0x00539e00,0x00457ae0,A
0x004dd244,0x00457b40,A
0x00539df4,0x00457b40,R
0x00539df8,0x00457b40,R
0x004cc5c4,0x00457b40,R
0x004df668,0x00457b40,A
0x004df65c,0x00457b40,A
0x00539df8,0x00457b40,R
0x00539df8,0x00457c50,R
0x00539df4,0x00457c50,R
0x00539df8,0x00457c50,R
0x004cc480,0x00457cc0,R
0x00539e10,0x00457cc0,R
0x00539e10,0x00457cc0,W
0x00539e10,0x00457cc0,R
0x00539e14,0x00457cc0,R
0x00539e14,0x00457cc0,W
0x00539e10,0x00457cc0,R
0x004cc47c,0x00457cc0,R
0x004cc480,0x00457d90,R
0x00539e10,0x00457d90,R
0x004cc47c,0x00457d90,R
0x004cc480,0x00457e80,R
0x00539e10,0x00457e80,R
0x00539e10,0x00457e80,R
0x004cc47c,0x00457e80,R
0x00539e10,0x00457e80,R
0x004cc480,0x00457fe0,R
0x00539e10,0x00457fe0,R
0x00539e10,0x00457fe0,R
0x004cc47c,0x00457fe0,R
0x00539e10,0x00457fe0,R
0x00539e10,0x00457fe0,R
0x004cc47c,0x00457fe0,R
0x00539e10,0x00457fe0,R
0x00539e10,0x00457fe0,R
0x004cc47c,0x00457fe0,R
0x00539e10,0x00457fe0,R
0x004cc47c,0x00457fe0,R
0x00539e10,0x00457fe0,R
0x004cc47c,0x00457fe0,R
0x00539e10,0x00457fe0,R
0x004cc47c,0x00457fe0,R
0x00539e10,0x00457fe0,R
0x00539e10,0x00457fe0,R
0x004cc47c,0x00457fe0,R
0x00539e10,0x00457fe0,R
0x004cc47c,0x00457fe0,R
0x004cc47c,0x00457fe0,R
0x004cc480,0x00458510,R
0x00539e10,0x00458510,R
0x00539e10,0x00458510,R
0x004cc47c,0x00458510,R
0x004cc480,0x004585a0,R
0x00539e10,0x004585a0,R
0x00539e10,0x004585a0,R
0x00539e10,0x004585a0,R
0x00539e10,0x004585a0,R
0x004cc47c,0x004585a0,R
0x00539e10,0x004585a0,R
0x00539e10,0x004585a0,R
0x004cc47c,0x004585a0,R
0x00539e10,0x004585a0,R
0x004cc47c,0x004585a0,R
0x004cc47c,0x004585a0,R
0x004cc480,0x004588c0,R
0x00539e10,0x004588c0,R
0x004cc47c,0x004588c0,R
0x00539e10,0x004588c0,R
0x004cc480,0x00458970,R
0x004cc47c,0x00458970,R
0x00539e10,0x00458970,R
0x00539e10,0x00458970,R
0x00539e18,0x00458aa0,W
0x00539e1c,0x00458aa0,W
0x00539e1c,0x00458ac0,R
0x00539e18,0x00458ae0,R
0x00575dc8,0x00458af0,W
0x00575dcc,0x00458af0,W
0x00575dd0,0x00458af0,W
0x00575dc0,0x00458af0,W
0x00575dc4,0x00458b20,W
0x00575dd4,0x00458b20,W
0x004d2460,0x00458b50,R
0x004d2460,0x00458c10,R
0x004d2460,0x00458ce0,R
0x00575db8,0x00458f70,R
0x00575db8,0x00458f70,R
0x00575db8,0x00459080,R
0x00575db8,0x00459080,R
0x00575dd8,0x00459280,R
0x00575dd8,0x00459280,R
0x004d2460,0x00459280,R
0x004d2468,0x00459280,R
0x004d2464,0x00459280,R
0x004d2460,0x00459280,R
0x004d2464,0x00459280,R
0x004d2460,0x00459280,R
0x004d2464,0x00459280,R
0x004d2460,0x00459280,R
0x00575dd8,0x00459280,R
0x00575dd8,0x00459280,W
0x00575db8,0x00459510,R
0x00575db8,0x00459510,R
0x00575db8,0x00459510,R
0x00575db8,0x00459510,R
0x00575dd8,0x004596c0,R
0x00575dd8,0x004596c0,R
0x00575dd8,0x004596c0,R
0x00575dd8,0x004596c0,W
0x0053a244,0x00459e70,R
0x00575a80,0x00459e70,A
0x0053a244,0x00459e70,W
0x00575a80,0x00459e70,A
0x0053a244,0x00459e70,W
0x00575a80,0x00459e70,A
0x0053a244,0x00459e70,W
0x00575a80,0x00459e70,A
0x0053a244,0x00459e70,W
0x004d2470,0x00459e70,R
0x004d2478,0x00459e70,R
0x004d2480,0x00459e70,R
0x004d2464,0x00459e70,R
0x004d2468,0x00459e70,R
0x004e0e84,0x00459e70,R
0x00566950,0x00459e70,R
0x004e0e88,0x00459e70,R
0x00566868,0x00459e70,R
0x004e0e84,0x00459e70,R
0x00566950,0x00459e70,R
0x004e0e88,0x00459e70,R
0x00566868,0x00459e70,R
0x00575dd8,0x00459e70,R
0x00575dd8,0x00459e70,R
0x004d2480,0x00459e70,R
0x004d2488,0x00459e70,R
0x004d2488,0x00459e70,R
0x004d2490,0x00459e70,R
0x004d2494,0x00459e70,R
0x004d2498,0x00459e70,R
0x004d2498,0x00459e70,R
0x004d2498,0x00459e70,R
0x004d2460,0x00459e70,R
0x004d249c,0x00459e70,R
0x004d24a0,0x00459e70,R
0x004d2464,0x00459e70,R
0x004d24a4,0x00459e70,R
0x00575dd8,0x00459e70,R
0x00575dd8,0x00459e70,W
0x00575db8,0x0045a920,R
0x004d249c,0x0045a920,R
0x004d2464,0x0045a9d0,R
0x004d24a4,0x0045a9d0,R
0x00575dd8,0x0045a9d0,R
0x00575dd8,0x0045a9d0,R
0x004d24a0,0x0045a9d0,R
0x004d24a0,0x0045a9d0,R
0x004d24a0,0x0045a9d0,R
0x004d2464,0x0045a9d0,R
0x004d24a4,0x0045a9d0,R
0x00575dd8,0x0045a9d0,R
0x00575dd8,0x0045a9d0,W
0x004d2464,0x0045a9d0,R
0x004d24a4,0x0045a9d0,R
0x00575dd8,0x0045b120,R
0x00575dd8,0x0045b120,R
0x00575dd8,0x0045b120,W
0x00575dd8,0x0045b280,R
0x00575dd8,0x0045b280,R
0x00575dd8,0x0045b280,R
0x00575dd8,0x0045b280,W
0x00575dd8,0x0045b4a0,R
0x00575dd8,0x0045b4a0,R
0x00575dd8,0x0045b4a0,R
0x00575dd8,0x0045b4a0,W
0x00575daa,0x0045b8b0,R
0x00575dac,0x0045b8b0,R
0x00575daa,0x0045b8b0,R
0x00575dac,0x0045b8b0,R
0x00575daa,0x0045bc60,R
0x00575dac,0x0045bc60,R
0x00575daa,0x0045bc60,R
0x00575dac,0x0045bc60,R
0x00575dac,0x0045bc60,R
0x00575dac,0x0045bc60,R
0x00575db8,0x0045bf60,R
0x00575db8,0x0045bfd0,R
0x004d2460,0x0045c040,R
0x00539ea4,0x0045c040,R
0x004d24a8,0x0045c040,R
0x00575daa,0x0045c100,R
0x00575dac,0x0045c100,R
0x00575dac,0x0045c100,R
0x00575daa,0x0045c1a0,R
0x00575dac,0x0045c1a0,R
0x00575dac,0x0045c1a0,R
0x00575daa,0x0045c240,R
0x00575dac,0x0045c240,R
0x00575dac,0x0045c240,R
0x004d2460,0x0045c310,R
0x004d24ac,0x0045c310,R
0x0053a244,0x0045c3c0,R
0x00575a80,0x0045c3c0,A
0x0053a244,0x0045c3c0,W
0x00575dc0,0x0045c3c0,R
0x00575dc0,0x0045c3c0,R
0x00575dc8,0x0045c3c0,A
0x00539ea0,0x0045c3c0,R
0x00575db8,0x0045c530,R
0x00575dc8,0x0045c640,R
0x00575dcc,0x0045c640,R
0x00575dd0,0x0045c640,R
0x004d2460,0x0045c640,R
0x00575dd8,0x0045c710,R
0x00575dd8,0x0045c710,R
0x00575dd8,0x0045c710,R
0x00575dd8,0x0045c710,W
0x004d2460,0x0045c710,R
0x004d2464,0x0045c710,R
0x004d2460,0x0045c710,R
0x004d2464,0x0045c710,R
0x004d2460,0x0045c710,R
0x004d2460,0x0045c710,R
0x004d2464,0x0045c710,R
0x004d2464,0x0045c710,R
0x004d2460,0x0045c710,R
0x004d2464,0x0045c710,R
0x004d24b4,0x0045c710,R
0x004d24b8,0x0045c710,R
0x004d24b4,0x0045c710,R
0x004d24b8,0x0045c710,R
0x004d24b4,0x0045c710,R
0x004d24b8,0x0045c710,R
0x004d24c0,0x0045c920,R
0x004d2464,0x0045c920,R
0x00575dd8,0x0045c920,R
0x00575dd8,0x0045c920,R
0x00575dd8,0x0045c920,R
0x00575dd8,0x0045c920,W
0x004d24c4,0x0045c920,R
0x004d24c4,0x0045c920,R
0x00575db4,0x0045cbc0,R
0x00575dd8,0x0045cc00,R
0x00575dd8,0x0045cc00,R
0x00575dd8,0x0045cc00,R
0x00575dd8,0x0045cc00,R
0x004df6c8,0x0045cc00,A
0x004df6a0,0x0045cc00,A
0x004df674,0x0045cc00,A
0x0056bbd8,0x0045d000,R
0x004df670,0x0045d000,W
0x00575db8,0x0045d3d0,R
0x00575db8,0x0045d6c0,R
0x0056b424,0x0045d770,R
0x004d24c8,0x0045d7b0,R
0x004d24c8,0x0045d7b0,R
0x004d24c8,0x0045d7b0,R
0x004d24d0,0x0045d930,R
0x004d2488,0x0045d930,R
0x004df720,0x0045d930,A
0x004cc5c4,0x0045d930,R
0x00575daa,0x0045db20,R
0x00575dac,0x0045db20,R
0x00575daa,0x0045db20,R
0x004d24c8,0x0045dcb0,R
0x004d24c8,0x0045dcb0,R
0x004d24c8,0x0045dcb0,R
0x004d24c8,0x0045de00,R
0x004d24c8,0x0045de00,R
0x004d24c8,0x0045de00,R
0x00539ea0,0x0045e0f0,W
0x00575da0,0x0045e100,R
0x0053a1c0,0x0045e100,W
0x00575da0,0x0045e100,W
0x00575da4,0x0045e100,W
0x00575da8,0x0045e100,W
0x00575daa,0x0045e100,W
0x00575dac,0x0045e100,W
0x00575db0,0x0045e100,W
0x00575db4,0x0045e100,W
0x00575db8,0x0045e100,W
0x00575dc0,0x0045e100,W
0x00575dc4,0x0045e100,W
0x00575dbc,0x0045e100,W
0x004cc48c,0x0045e100,R
0x004cc488,0x0045e100,R
0x004cc5d8,0x0045e100,R
0x0053a0b8,0x0045e100,W
0x00575a80,0x0045e100,A
0x00575da0,0x0045e100,A
0x0053a0b8,0x0045e100,R
0x00575a80,0x0045e100,W
0x00575a84,0x0045e100,W
0x004df734,0x0045e100,R
0x004df74c,0x0045e100,A
0x004df740,0x0045e100,A
0x004df738,0x0045e100,A
0x00575db8,0x0045e200,W
0x004df78c,0x0045e210,A
0x004df75c,0x0045e210,A
0x0053a1c0,0x0045e210,A
0x0053a1c0,0x0045e210,W
0x0053a1c4,0x0045e210,W
0x0053a1c4,0x0045e210,W
0x0053a1c5,0x0045e210,W
0x004df730,0x0045e270,W
0x004cc4ec,0x0045e380,R
0x004df7b4,0x0045e380,A
0x004df75c,0x0045e380,A
0x004cc4ec,0x0045e4a0,R
0x004df7dc,0x0045e4a0,A
0x004df75c,0x0045e4a0,A
0x004df72c,0x0045e6d0,R
0x004df728,0x0045e6d0,R
0x004df724,0x0045e6d0,R
0x004cc4ac,0x0045e730,R
0x004df720,0x0045e730,A
0x004cc5c4,0x0045e730,R
0x004df89c,0x0045e730,A
0x004df75c,0x0045e730,A
0x004cc4ac,0x0045e730,R
0x004cc4ac,0x0045e730,R
0x004cc4ac,0x0045e730,R
0x004cc4ac,0x0045e730,R
0x004cc4ac,0x0045e730,R
0x004cc4ac,0x0045e730,R
0x004cc4ac,0x0045e730,R
0x004cc4ac,0x0045e730,R
0x004cc4ac,0x0045e730,R
0x004cc4ac,0x0045e730,R
0x004cc4ac,0x0045e730,R
0x004df72c,0x0045e730,R
0x004df728,0x0045e730,R
0x004df724,0x0045e730,R
0x004df870,0x0045e730,A
0x004df75c,0x0045e730,A
0x004df89c,0x0045ed80,A
0x004df89c,0x0045ed80,A
0x004df75c,0x0045ed80,A
0x004df89c,0x0045ed80,A
0x004df730,0x0045efb0,R
0x0053a1c0,0x0045efb0,A
0x0053a1c0,0x0045efb0,R
0x0053a1c1,0x0045efb0,R
0x004daf54,0x0045efb0,A
0x0053a1c0,0x0045efb0,A
0x004cc5b8,0x0045efb0,R
0x004cc4e0,0x0045efb0,R
0x004cc5c0,0x0045efb0,R
0x004cc5c0,0x0045efb0,R
0x004cc5c0,0x0045efb0,R
0x0053a248,0x0045efb0,W
0x004cc5dc,0x0045efb0,R
0x0053a248,0x0045efb0,R
0x0053a24c,0x0045efb0,W
0x0053a248,0x0045efb0,R
0x004cc508,0x0045efb0,R
0x0053a24c,0x0045efb0,R
0x0053a24c,0x0045efb0,R
0x0053a248,0x0045efb0,R
0x0053a24c,0x0045efb0,R
0x004cc5b4,0x0045efb0,R
0x0053a24c,0x0045efb0,W
0x0053a248,0x0045efb0,W
0x004cc5c0,0x0045efb0,R
0x00575db8,0x0045efb0,R
0x00575da0,0x0045efb0,A
0x004cc4e0,0x0045efb0,R
0x004cc5c0,0x0045efb0,R
0x00575daa,0x0045efb0,R
0x00575db8,0x0045efb0,W
0x00575db4,0x0045efb0,W
0x004cc5dc,0x0045efb0,R
0x00575daa,0x0045efb0,R
0x00575dac,0x0045efb0,W
0x00575daa,0x0045efb0,R
0x00575dac,0x0045efb0,R
0x004cc4e0,0x0045efb0,R
0x004cc5dc,0x0045efb0,R
0x004cc5dc,0x0045efb0,R
0x004cc5dc,0x0045efb0,R
0x004cc5dc,0x0045efb0,R
0x004cc5dc,0x0045efb0,R
0x004cc4e0,0x0045efb0,R
0x004cc5dc,0x0045efb0,R
0x004cc4e0,0x0045efb0,R
0x00575daa,0x0045efb0,R
0x00575dac,0x0045efb0,R
0x0053a240,0x0045efb0,R
0x004df72c,0x0045efb0,R
0x004df728,0x0045efb0,R
0x004df724,0x0045efb0,R
0x00575dac,0x0045efb0,R
0x00575daa,0x0045efb0,R
0x00575daa,0x0045efb0,R
0x004df820,0x0045efb0,A
0x004df75c,0x0045efb0,A
0x00575daa,0x0045efb0,R
0x00575db0,0x0045efb0,R
0x004cc5dc,0x0045efb0,R
0x00575db0,0x0045efb0,R
0x00575db4,0x0045efb0,W
0x004cc4e0,0x0045efb0,R
0x00575db0,0x0045efb0,R
0x004cc5c0,0x0045efb0,R
0x00575db4,0x0045efb0,R
0x00575db4,0x0045efb0,R
0x00575db0,0x0045efb0,R
0x004cc5c0,0x0045efb0,R
0x004cc5c0,0x0045efb0,R
0x004cc5c0,0x0045efb0,R
0x004cc5c0,0x0045efb0,R
0x004cc5c0,0x0045efb0,R
0x00575da0,0x0045fb30,R
0x00575daa,0x0045fb30,R
0x00575dac,0x0045fb30,R
0x00575daa,0x0045fb30,R
0x00575dac,0x0045fb30,R
0x004cc5c4,0x0045fb30,R
0x004df8d4,0x0045fb30,A
0x004df75c,0x0045fb30,A
0x004df720,0x0045fb30,A
0x00575daa,0x0045fb30,R
0x00575da0,0x0045fb30,W
0x004cc5b4,0x0045fd10,R
0x00575da4,0x0045fe50,R
0x004cc5b4,0x0045fe50,R
0x00575da4,0x0045fe50,W
0x00575daa,0x0045fe50,R
0x00575da8,0x0045fe50,W
0x00575dac,0x0045fe50,R
0x00575daa,0x0045fe50,R
0x00575dac,0x0045fe50,R
0x00575dac,0x0045fe50,W
0x00575db4,0x0045fe50,R
0x00575daa,0x0045fe50,W
0x00575db4,0x0045fe50,W
0x00575db0,0x0045fe50,W
0x00575da0,0x0045fe50,W
0x00575da0,0x0045fef0,R
0x00575daa,0x0045ff10,R
0x00575dac,0x0045ff10,R
0x00575dac,0x0045ff10,R
0x00575dac,0x0045ffa0,R
0x00575daa,0x0045ffa0,R
0x00575a40,0x00460020,W
0x00575a44,0x00460020,W
0x00575a48,0x00460020,W
0x00575a4c,0x00460020,W
0x00575a50,0x00460020,W
0x00575a54,0x00460020,W
0x00575a5c,0x00460020,W
0x00575a60,0x00460020,W
0x00575a64,0x00460020,W
0x00575a40,0x00460070,R
0x00575a48,0x00460070,W
0x004cc4f8,0x00460070,R
0x004df98c,0x00460070,A
0x004df970,0x00460070,A
0x004cc5bc,0x00460070,R
0x004dac64,0x00460070,A
0x00575a44,0x00460070,W
0x004cc4ac,0x00460070,R
0x00575a50,0x00460070,W
0x00575a44,0x00460070,R
0x00575a54,0x00460070,W
0x00575a58,0x00460070,W
0x004df968,0x00460070,A
0x00575a50,0x00460070,R
0x004db654,0x00460070,A
0x004cc4f8,0x00460070,R
0x004df98c,0x00460070,A
0x004df93c,0x00460070,A
0x004cc5bc,0x00460070,R
0x004df910,0x00460070,A
0x004df98c,0x00460070,A
0x004df908,0x00460070,A
0x004df900,0x00460070,A
0x004dd108,0x00460070,A
0x004dd108,0x00460070,R
0x004dd10a,0x00460070,R
0x004dd109,0x00460070,R
0x004dd10b,0x00460070,R
0x00575a44,0x00460070,R
0x00575a4c,0x00460070,W
0x00575a64,0x00460070,W
0x00575a40,0x00460070,W
0x00575a48,0x00460330,R
0x00575a48,0x00460330,W
0x00575a50,0x00460330,R
0x004cc5b4,0x00460330,R
0x00575a50,0x00460330,W
0x00575a4c,0x00460330,R
0x00575a4c,0x00460330,R
0x00575a4c,0x00460330,R
0x00575a4c,0x00460330,W
0x00575a64,0x00460330,W
0x0053a2d8,0x004603d0,R
0x004cc5b4,0x004603d0,R
0x0053a2d8,0x004603d0,W
0x0053a2e0,0x004603d0,W
0x0053a2e0,0x00460400,R
0x004cc5cc,0x00460400,R
0x0053a2d8,0x00460400,R
0x0053a2d8,0x00460400,R
0x0053a2e0,0x00460400,R
0x0053a2e0,0x00460470,R
0x0053a2d8,0x00460480,R
0x004dfaa8,0x004606d0,A
0x004dfaa8,0x004606d0,R
0x004dfaaa,0x004606d0,R
0x004dfaa9,0x004606d0,R
0x004dfaab,0x004606d0,R
0x004dfa88,0x004606d0,A
0x004dfa58,0x004606d0,A
0x00575daa,0x004606d0,R
0x00575dac,0x004606d0,R
0x00575daa,0x004606d0,R
0x004dfa3c,0x004606d0,A
0x004dfa58,0x004606d0,A
0x004dfa14,0x004606d0,A
0x004dfa58,0x004606d0,A
0x004dfa04,0x004606d0,A
0x004dfa58,0x004606d0,A
0x004dfa3c,0x004606d0,A
0x004dfa58,0x004606d0,A
0x004df9e0,0x004606d0,A
0x004dfa58,0x004606d0,A
0x004df9cc,0x004606d0,A
0x004dfa58,0x004606d0,A
0x0053a2d8,0x00460ae0,R
0x004cc5dc,0x00460ae0,R
0x0053a2d8,0x00460ae0,W
0x0053a2dc,0x00460ae0,W
0x0053a2e0,0x00460ae0,W
0x0053a2e0,0x00460ae0,R
0x0053a2dc,0x00460ae0,R
0x0053a2dc,0x00460ae0,R
0x0053a2d8,0x00460ae0,W
0x0053a2dc,0x00460ae0,R
0x0053a2dc,0x00460ae0,W
0x004cc5b4,0x00460ae0,R
0x0053a2e0,0x00460ae0,R
0x0053a2d8,0x00460ae0,R
0x0053a2e8,0x00460ae0,R
0x0053a2e0,0x00460ae0,R
0x0053a2d8,0x00460ae0,R
0x0053a2e0,0x00460ae0,W
0x004cc5a0,0x00460bc0,R
0x004dfab8,0x00460bc0,A
0x004cc5c4,0x00460bc0,R
0x004cc594,0x00460bc0,R
0x004cc594,0x00460bc0,R
0x004cc5a0,0x00460bc0,R
0x004cc594,0x00460bc0,R
0x004cc5a0,0x00460bc0,R
0x004cc594,0x00460bc0,R
0x00575daa,0x00460f80,R
0x00575dac,0x00460f80,R
0x004df9b4,0x00460f80,R
0x00575daa,0x00460f80,R
0x00575daa,0x00461430,R
0x00575dac,0x00461430,R
0x004df9b4,0x00461430,R
0x004cc5a0,0x00461430,R
0x004dfad0,0x00461430,A
0x004cc5a0,0x00461430,R
0x0053a2e0,0x00461430,R
0x004dfac4,0x00461430,A
0x004cc5c4,0x00461430,R
0x00575daa,0x00461430,R
0x004df9b4,0x00461970,R
0x004df9b8,0x00461970,R
0x004cc5a0,0x00461970,R
0x0053a2e4,0x00461970,R
0x0053a2e0,0x00461a90,W
0x004df9b4,0x00461aa0,R
0x004df9b8,0x00461aa0,R
0x004cc5a0,0x00461aa0,R
0x0053a2e4,0x00461aa0,R
0x004cc5a0,0x00461ba0,R
0x0053a2e4,0x00461ba0,R
0x004df9b4,0x00461d00,R
0x004df9b8,0x00461d00,R
0x004cc5a0,0x00461d00,R
0x0053a2e4,0x00461d00,R
0x0053a2e4,0x00461eb0,W
0x0053a2e8,0x00461eb0,W
0x00575a40,0x00461f00,R
0x00575a54,0x00461f50,R
0x00575a60,0x00461f50,R
0x00575a60,0x00461f50,W
0x00575a58,0x00462050,R
0x00575a4c,0x004620d0,R
0x00575a64,0x004620d0,R
0x00575a4c,0x004620d0,R
0x00575a64,0x004620d0,W
0x00575a5c,0x004620d0,R
0x00575a5c,0x004620d0,W
0x00575a50,0x00462130,R
0x004cc5dc,0x00462130,R
0x00575a50,0x00462130,R
0x004dfaf0,0x00462130,R
0x004dfaec,0x00462130,R
0x00575a44,0x00462280,R
0x00575a50,0x00462280,R
0x00575a44,0x00462280,R
0x00575de0,0x004622f0,A
0x004dfaf4,0x004622f0,A
0x0053a2f8,0x00462310,W
0x0053a2f4,0x00462310,W
0x0053a2f0,0x00462310,W
0x004cc5e4,0x00462330,R
0x004cc5b4,0x00462360,R
0x004cc6e8,0x00462370,R
0x004dfb1c,0x00462370,A
0x004cc6e8,0x004624f0,R
0x004cc6ec,0x00462570,R
0x004dfb50,0x00462570,A
0x004dfb50,0x00462570,R
0x004dfb51,0x00462570,R
0x004dfb28,0x00462570,A
0x004f3eec,0x004625e0,R
0x004cc5b4,0x00462630,R
0x004dfc44,0x004626b0,A
0x004dfc1c,0x004626b0,A
0x004dfc10,0x004626b0,A
0x004cc5e4,0x004626b0,R
0x004dfc04,0x004626b0,A
0x004dfbf8,0x004626b0,A
0x004dfbf8,0x004626b0,R
0x004dfbfa,0x004626b0,R
0x004dfbf9,0x004626b0,R
0x004dfbfb,0x004626b0,R
0x004dfbec,0x004626b0,A
0x004dfbec,0x004626b0,R
0x004dfbee,0x004626b0,R
0x004dfbed,0x004626b0,R
0x004dfbef,0x004626b0,R
0x004dfbe0,0x004626b0,A
0x004dfbe0,0x004626b0,R
0x004dfbe2,0x004626b0,R
0x004dfbe1,0x004626b0,R
0x004dfbe3,0x004626b0,R
0x004dfbd8,0x004626b0,A
0x004dfbd8,0x004626b0,R
0x004dfbda,0x004626b0,R
0x004dfbd9,0x004626b0,R
0x004dfbdb,0x004626b0,R
0x004d2568,0x004626b0,A
0x004dfbd0,0x004626b0,A
0x004dfbd0,0x004626b0,R
0x004dfbd2,0x004626b0,R
0x004dfbd1,0x004626b0,R
0x004dfbd3,0x004626b0,R
0x004dfbc8,0x004626b0,A
0x004dfbc8,0x004626b0,R
0x004dfbca,0x004626b0,R
0x004dfbc9,0x004626b0,R
0x004dfbcb,0x004626b0,R
0x004dfbc0,0x004626b0,A
0x004dfbc0,0x004626b0,R
0x004dfbc2,0x004626b0,R
0x004dfbc1,0x004626b0,R
0x004dfbc3,0x004626b0,R
0x004dfbb8,0x004626b0,A
0x004dfbb8,0x004626b0,R
0x004dfbba,0x004626b0,R
0x004dfbb9,0x004626b0,R
0x004dfbbb,0x004626b0,R
0x004dfbb0,0x004626b0,A
0x004dfbb0,0x004626b0,R
0x004dfbb2,0x004626b0,R
0x004dfbb1,0x004626b0,R
0x004dfbb3,0x004626b0,R
0x004dfba8,0x004626b0,A
0x004dfba8,0x004626b0,R
0x004dfbaa,0x004626b0,R
0x004dfba9,0x004626b0,R
0x004dfbab,0x004626b0,R
0x004d2550,0x004626b0,A
0x004dfba0,0x004626b0,A
0x004dfba0,0x004626b0,R
0x004dfba2,0x004626b0,R
0x004dfba1,0x004626b0,R
0x004dfba3,0x004626b0,R
0x004d2538,0x004626b0,A
0x004dfb94,0x004626b0,A
0x004dfb94,0x004626b0,R
0x004dfb96,0x004626b0,R
0x004dfb95,0x004626b0,R
0x004dfb97,0x004626b0,R
0x004d2520,0x004626b0,A
0x004cc5a0,0x004626b0,R
0x004dfb64,0x004626b0,A
0x004dfc1c,0x004626b0,A
0x004dfc70,0x00462f90,A
0x004cc6d8,0x004630a0,R
0x004d2580,0x004630a0,R
0x004cc6d8,0x004630e0,R
0x004d2580,0x004630e0,R
0x004d2598,0x00463130,A
0x004cc5e4,0x00463130,R
0x0053a72c,0x00463130,W
0x0053a728,0x00463130,W
0x0053a728,0x00463130,R
0x0053a72c,0x00463130,R
0x0053a730,0x00463130,R
0x0053a734,0x00463130,R
0x004d2598,0x004631f0,A
0x004cc5e4,0x004631f0,R
0x0053a70c,0x004631f0,W
0x0053a708,0x004631f0,W
0x0053a714,0x004631f0,A
0x0053a710,0x004631f0,A
0x0053a708,0x004631f0,R
0x0053a70c,0x004631f0,R
0x0053a710,0x004631f0,R
0x0053a714,0x004631f0,R
0x004d2598,0x004632a0,A
0x004cc5b4,0x004632a0,R
0x004cee50,0x004632a0,A
0x004d25b0,0x004633c0,A
0x004d2588,0x00463440,R
0x004d2590,0x00463440,R
0x004d2588,0x00463440,R
0x0056bbe8,0x00463440,R
0x0056bbe8,0x00463440,R
0x0056bbe8,0x00463440,R
0x0056bc74,0x00463440,R
0x004d25c8,0x00463570,A
0x004cc4ac,0x00463570,R
0x004dd484,0x00463570,A
0x004cc5c4,0x00463570,R
0x004cc508,0x00463570,R
0x004d25c8,0x00463670,A
0x004cc5b4,0x00463670,R
0x004cee50,0x00463670,A
0x004d25e0,0x00463850,A
0x0056bbe8,0x00463870,R
0x0056bbfc,0x00463870,R
0x0056bc00,0x00463870,R
0x0056bbe8,0x00463950,R
0x0056bbfc,0x00463950,R
0x0056bbe8,0x004639e0,R
0x0056bbfc,0x004639e0,R
0x0056bbe8,0x00463a70,R
0x0056bbfc,0x00463a70,R
0x004d25f8,0x00463b00,A
0x004cc4ac,0x00463b00,R
0x004dd484,0x00463b00,A
0x004cc5c4,0x00463b00,R
0x0053a724,0x00463b00,A
0x0053a720,0x00463b00,A
0x0053a71c,0x00463b00,W
0x0053a718,0x00463b00,W
0x0053a718,0x00463b00,A
0x004d25f8,0x00463c10,A
0x004cc5b4,0x00463c10,R
0x004cee50,0x00463c10,A
0x004cc5e4,0x00463d50,R
0x004cc0e8,0x00463d50,R
0x004cc5b4,0x00463dd0,R
0x0056bc28,0x00463dd0,R
0x004cc0f0,0x00463dd0,R
0x004dfcec,0x00463ef0,A
0x004dfcd0,0x00463ef0,A
0x004cc4ac,0x00463ef0,R
0x004dfcb8,0x00463ef0,A
0x004dfc9c,0x00463ef0,A
0x004dfc74,0x00463ef0,A
0x004cc4ac,0x00463ef0,R
0x004dfd68,0x004641a0,A
0x004cc4ac,0x004641a0,R
0x004dfd48,0x004641a0,A
0x004dfd24,0x004641a0,A
0x004dfd04,0x004641a0,A
0x004dfd04,0x004641a0,A
0x004dfc74,0x004641a0,A
0x004dfdb0,0x004643a0,A
0x004dfc74,0x004643a0,A
0x004cc0d0,0x004643a0,R
0x004dfd8c,0x004643a0,A
0x004dfc74,0x004643a0,A
0x004cc0c4,0x004643a0,R
0x004dfd04,0x00464540,A
0x004dfc74,0x00464540,A
0x004dfd04,0x00464540,A
0x004dfc74,0x00464540,A
0x004dff6c,0x00464680,A
0x004dff3c,0x00464680,A
0x004cc4ac,0x00464680,R
0x004dff14,0x00464680,A
0x004dff3c,0x00464680,A
0x004cc5b4,0x004647d0,R
0x004cc4f8,0x00464810,R
0x004dff3c,0x00464810,A
0x004dffc8,0x00464810,A
0x004cc5bc,0x00464810,R
0x004cc4f8,0x00464810,R
0x004dff3c,0x00464810,A
0x004dff94,0x00464810,A
0x004cc5bc,0x00464810,R
0x004cc5b4,0x00464b30,R
0x004cc4f8,0x00464b90,R
0x004dff3c,0x00464b90,A
0x004e0028,0x00464b90,A
0x004cc5bc,0x00464b90,R
0x004cc4f8,0x00464b90,R
0x004dff3c,0x00464b90,A
0x004dfff8,0x00464b90,A
0x004cc5bc,0x00464b90,R
0x004cc4f8,0x00464b90,R
0x004dff3c,0x00464b90,A
0x004dfff8,0x00464b90,A
0x004cc5bc,0x00464b90,R
0x004d2610,0x00464ea0,R
0x004d2610,0x00464ea0,R
0x004d2618,0x00464f70,R
0x004d2618,0x00464f70,R
0x004d2618,0x00464f70,R
0x004d2618,0x00464f70,R
0x004d2610,0x00464f70,R
0x004d2610,0x00464f70,R
0x004d2610,0x00464f70,R
0x004d2610,0x00464f70,R
0x004d2610,0x00464f70,R
0x004d2610,0x00464f70,R
0x004d2610,0x00464f70,R
0x004d2610,0x00464f70,R
0x004e00b8,0x00464f70,A
0x004e00a4,0x00464f70,A
0x004dff3c,0x00464f70,A
0x004e00b8,0x00464f70,A
0x004e00a4,0x00464f70,A
0x004dff3c,0x00464f70,A
0x004cc4f8,0x00464f70,R
0x004dff3c,0x00464f70,A
0x004e006c,0x00464f70,A
0x004cc5bc,0x00464f70,R
0x004cc4f8,0x00464f70,R
0x004dff3c,0x00464f70,A
0x004e006c,0x00464f70,A
0x004cc5bc,0x00464f70,R
0x004cc4f8,0x00464f70,R
0x004dff3c,0x00464f70,A
0x004e006c,0x00464f70,A
0x004cc5bc,0x00464f70,R
0x004cc4f8,0x00464f70,R
0x004dff3c,0x00464f70,A
0x004e006c,0x00464f70,A
0x004cc5bc,0x00464f70,R
0x004e0054,0x00464f70,A
0x004e00a4,0x00464f70,A
0x004dff3c,0x00464f70,A
0x004e0054,0x00464f70,A
0x004e00a4,0x00464f70,A
0x004dff3c,0x00464f70,A
0x004d2610,0x00465ac0,R
0x004d2610,0x00465ac0,R
0x004d2610,0x00465ac0,R
0x004d2610,0x00465ac0,R
0x004e013c,0x00465ac0,A
0x004e013c,0x00465ac0,A
0x004dff3c,0x00465ac0,A
0x004dff3c,0x00465ac0,A
0x004e0108,0x00465ac0,A
0x004dff3c,0x00465ac0,A
0x004e0108,0x00465ac0,A
0x004dff3c,0x00465ac0,A
0x004e0108,0x00465ac0,A
0x004cc4f8,0x00465ac0,R
0x004dff3c,0x00465ac0,A
0x004e00d0,0x00465ac0,A
0x004cc5bc,0x00465ac0,R
0x004cc4f8,0x00465ac0,R
0x004dff3c,0x00465ac0,A
0x004e00d0,0x00465ac0,A
0x004cc5bc,0x00465ac0,R
0x004cc4f8,0x00465ac0,R
0x004dff3c,0x00465ac0,A
0x004e00d0,0x00465ac0,A
0x004cc5bc,0x00465ac0,R
0x004cc4f8,0x00465ac0,R
0x004dff3c,0x00465ac0,A
0x004e00d0,0x00465ac0,A
0x004cc5bc,0x00465ac0,R
0x004dff3c,0x00465ac0,A
0x004e00d0,0x00465ac0,A
0x004cc4f8,0x00465ac0,R
0x004cc5bc,0x00465ac0,R
0x004dff3c,0x00465ac0,A
0x004e00d0,0x00465ac0,A
0x004cc4f8,0x00465ac0,R
0x004cc5bc,0x00465ac0,R
0x004dff3c,0x00465ac0,A
0x004e00d0,0x00465ac0,A
0x004cc4f8,0x00465ac0,R
0x004cc5bc,0x00465ac0,R
0x004cc4ac,0x00467600,R
0x004cc5b4,0x00467630,R
0x004cc4ec,0x00467660,R
0x004e0158,0x004676c0,A
0x004dff3c,0x004676c0,A
0x004e01bc,0x00467710,A
0x004dff3c,0x00467710,A
0x004cc4f8,0x00467710,R
0x004dff3c,0x00467710,A
0x004e0184,0x00467710,A
0x004cc5bc,0x00467710,R
0x004cc4f8,0x00467710,R
0x004dff3c,0x00467710,A
0x004e0184,0x00467710,A
0x004cc5bc,0x00467710,R
0x004cc4f8,0x00467710,R
0x004dff3c,0x00467710,A
0x004e0184,0x00467710,A
0x004cc5bc,0x00467710,R
0x004cc4f8,0x00467710,R
0x004dff3c,0x00467710,A
0x004e0184,0x00467710,A
0x004cc5bc,0x00467710,R
0x004cc4f8,0x00467710,R
0x004dff3c,0x00467710,A
0x004e0184,0x00467710,A
0x004cc5bc,0x00467710,R
0x004cc4f8,0x00467710,R
0x004dff3c,0x00467710,A
0x004e0184,0x00467710,A
0x004cc5bc,0x00467710,R
0x004cc4f8,0x00467710,R
0x004dff3c,0x00467710,A
0x004e0184,0x00467710,A
0x004cc5bc,0x00467710,R
0x004cc4f8,0x00467710,R
0x004dff3c,0x00467710,A
0x004e0184,0x00467710,A
0x004cc5bc,0x00467710,R
0x004cc4f8,0x00467710,R
0x004dff3c,0x00467710,A
0x004e0184,0x00467710,A
0x004cc5bc,0x00467710,R
0x004cc4f8,0x00467710,R
0x004dff3c,0x00467710,A
0x004e0184,0x00467710,A
0x004cc5bc,0x00467710,R
0x004cc4f8,0x00467710,R
0x004dff3c,0x00467710,A
0x004e0184,0x00467710,A
0x004cc5bc,0x00467710,R
0x004cc4f8,0x00467710,R
0x004dff3c,0x00467710,A
0x004e0184,0x00467710,A
0x004cc5bc,0x00467710,R
0x004cc4f8,0x00467710,R
0x004dff3c,0x00467710,A
0x004e0184,0x00467710,A
0x004cc5bc,0x00467710,R
0x004cc4f8,0x00467710,R
0x004dff3c,0x00467710,A
0x004e0184,0x00467710,A
0x004cc5bc,0x00467710,R
0x004cc4f8,0x00467710,R
0x004dff3c,0x00467710,A
0x004e0184,0x00467710,A
0x004cc5bc,0x00467710,R
0x004cc4f8,0x00467710,R
0x004dff3c,0x00467710,A
0x004e0184,0x00467710,A
0x004cc5bc,0x00467710,R
0x004cc4f8,0x00467710,R
0x004dff3c,0x00467710,A
0x004e0184,0x00467710,A
0x004cc5bc,0x00467710,R
0x004cc4f8,0x00467710,R
0x004dff3c,0x00467710,A
0x004e0184,0x00467710,A
0x004cc5bc,0x00467710,R
0x004e01fc,0x004681a0,A
0x004dff3c,0x004681a0,A
0x004e01fc,0x004681a0,A
0x004dff3c,0x004681a0,A
0x004e01e0,0x004681a0,A
0x004dff3c,0x004681a0,A
0x004cc4f8,0x004682c0,R
0x004dff3c,0x004682c0,A
0x004e0218,0x004682c0,A
0x004cc5bc,0x004682c0,R
0x004cc4f8,0x00468580,R
0x004dff3c,0x00468580,A
0x004e0248,0x00468580,A
0x004cc5bc,0x00468580,R
0x004e0278,0x00468650,A
0x004dff3c,0x00468650,A
0x004cc4ec,0x00468700,R
0x004cc4f8,0x004687b0,R
0x004dff3c,0x004687b0,A
0x004e0288,0x004687b0,A
0x004cc5bc,0x004687b0,R
0x004cc4f8,0x004687b0,R
0x004dff3c,0x004687b0,A
0x004e0288,0x004687b0,A
0x004cc5bc,0x004687b0,R
0x004d2618,0x004687b0,R
0x004d2618,0x004687b0,R
0x004d2620,0x00468a10,R
0x004d2624,0x00468a10,R
0x004d2628,0x00468c40,R
0x004d2630,0x00468c40,R
0x004d2628,0x00468c40,R
0x004cc4f8,0x00468c40,R
0x004dff3c,0x00468c40,A
0x004e02c0,0x00468c40,A
0x004cc5bc,0x00468c40,R
0x004cc4f8,0x00468c40,R
0x004dff3c,0x00468c40,A
0x004e02c0,0x00468c40,A
0x004cc5bc,0x00468c40,R
0x004cc4f8,0x00468c40,R
0x004dff3c,0x00468c40,A
0x004e02c0,0x00468c40,A
0x004cc5bc,0x00468c40,R
0x004cc4f8,0x00468c40,R
0x004dff3c,0x00468c40,A
0x004e02c0,0x00468c40,A
0x004cc5bc,0x00468c40,R
0x004d2620,0x00468fa0,R
0x004d2620,0x00468fa0,R
0x004d2620,0x00468fa0,R
0x004d2620,0x00468fa0,R
0x004d2620,0x00468fa0,R
0x004d2620,0x00468fa0,R
0x004d2620,0x00468fa0,R
0x004d2620,0x00468fa0,R
0x004d2620,0x00468fa0,R
0x004d2620,0x00468fa0,R
0x004d2620,0x00468fa0,R
0x004d2620,0x00468fa0,R
0x004d2620,0x00468fa0,R
0x004d2620,0x00468fa0,R
0x004d2638,0x00468fa0,R
0x004d2638,0x00468fa0,R
0x004d2620,0x00468fa0,R
0x004d263c,0x00468fa0,R
0x004d263c,0x00468fa0,R
0x004d2628,0x00468fa0,R
0x004d2628,0x00468fa0,R
0x004d2628,0x00468fa0,R
0x004d2628,0x00468fa0,R
0x004d2628,0x00468fa0,R
0x004d2628,0x00468fa0,R
0x004d2628,0x00468fa0,R
0x004d2628,0x00468fa0,R
0x004dfdd0,0x00468fa0,R
0x004dfdd8,0x00468fa0,R
0x004dfdd4,0x00468fa0,R
0x004d2628,0x00469450,R
0x004d2628,0x00469450,R
0x004d2628,0x00469450,R
0x004d2628,0x00469450,R
0x004d2620,0x00469450,R
0x004d2628,0x00469560,R
0x004d2628,0x00469560,R
0x004d2628,0x00469560,R
0x004d2628,0x00469560,R
0x004d2628,0x00469560,R
0x004d2628,0x00469560,R
0x004d2628,0x00469560,R
0x004d2628,0x00469560,R
0x004d2628,0x00469560,R
0x004d2628,0x00469560,R
0x004d2628,0x00469560,R
0x004d2628,0x00469560,R
0x004d2628,0x00469560,R
0x004d2628,0x00469560,R
0x004d2628,0x00469560,R
0x004d2628,0x00469560,R
0x004d2640,0x00469960,R
0x004d2644,0x00469960,R
0x004d2640,0x00469960,R
0x004d2644,0x00469960,R
0x004d2620,0x00469b60,R
0x004d2618,0x00469ca0,R
0x004d2628,0x00469d60,R
0x004d2628,0x00469d60,R
0x004d2628,0x00469d60,R
0x004d2628,0x00469d60,R
0x004d2620,0x00469e90,R
0x004d2624,0x00469e90,R
0x004d2620,0x00469e90,R
0x004d2624,0x00469e90,R
0x004d2620,0x00469e90,R
0x004d2620,0x00469e90,R
0x004d2624,0x00469e90,R
0x004d2624,0x00469e90,R
0x004e0320,0x0046a1f0,A
0x004dff3c,0x0046a1f0,A
0x004e02f0,0x0046a1f0,A
0x004dff3c,0x0046a1f0,A
0x004d2648,0x0046a620,R
0x004d264c,0x0046a620,R
0x004d2648,0x0046a620,R
0x004d264c,0x0046a620,R
0x004cc5d8,0x0046a690,R
0x004d2650,0x0046a690,R
0x004d2650,0x0046a690,R
0x004d2650,0x0046a690,R
0x0053a73c,0x0046a690,W
0x004e037c,0x0046a770,A
0x004e034c,0x0046a770,A
0x004cc5dc,0x0046a7f0,R
0x004d2658,0x0046a8e0,R
0x004d264c,0x0046a8e0,R
0x004cc5dc,0x0046aa40,R
0x004cc5dc,0x0046aa40,R
0x004cc4ec,0x0046aab0,R
0x004cc5b4,0x0046ab10,R
0x004cc4ec,0x0046ab90,R
0x004cc4e8,0x0046ab90,R
0x004d2660,0x0046ac80,R
0x004d2660,0x0046ac80,R
0x004d2660,0x0046ac80,R
0x004d2660,0x0046ac80,R
0x004d2668,0x0046ac80,R
0x004d264c,0x0046ac80,R
0x004d2660,0x0046ac80,R
0x004d2668,0x0046ac80,R
0x004d264c,0x0046ac80,R
0x004d2668,0x0046ac80,R
0x004d264c,0x0046ac80,R
0x004d2660,0x0046ac80,R
0x004d2660,0x0046ac80,R
0x004cc5b4,0x0046ae40,R
0x004cc5dc,0x0046af00,R
0x004cc5b4,0x0046af20,R
0x004d2648,0x0046b030,R
0x004d264c,0x0046b030,R
0x004d264c,0x0046b030,R
0x004d2648,0x0046b030,R
0x004e03e0,0x0046b030,A
0x004e034c,0x0046b030,A
0x004e03b0,0x0046b030,A
0x004e034c,0x0046b030,A
0x004cc5b4,0x0046b030,R
0x004cc4ec,0x0046b1f0,R
0x004cc4ac,0x0046b1f0,R
0x004cc5dc,0x0046b1f0,R
0x004cc5b4,0x0046b1f0,R
0x004cc4ec,0x0046b1f0,R
0x004cc4ec,0x0046b1f0,R
0x004e040c,0x0046b1f0,A
0x004e034c,0x0046b1f0,A
0x004d2648,0x0046b550,R
0x004d264c,0x0046b550,R
0x004d264c,0x0046b550,R
0x004d2648,0x0046b550,R
0x004cc4ec,0x0046b650,R
0x004e03e0,0x0046b6d0,A
0x004e034c,0x0046b6d0,A
0x004e03b0,0x0046b6d0,A
0x004e034c,0x0046b6d0,A
0x004cc5b4,0x0046b6d0,R
0x004cc5b4,0x0046b6d0,R
0x004e0458,0x0046b6d0,A
0x004e034c,0x0046b6d0,A
0x004cc5b4,0x0046b6d0,R
0x004cc5b4,0x0046b6d0,R
0x004cc5b4,0x0046b6d0,R
0x004e048c,0x0046ba90,A
0x004e034c,0x0046ba90,A
0x004cc5b4,0x0046ba90,R
0x004cc5b4,0x0046bb30,R
0x004e03e0,0x0046bb90,A
0x004e034c,0x0046bb90,A
0x004e03b0,0x0046bb90,A
0x004e034c,0x0046bb90,A
0x004cc5b4,0x0046bb90,R
0x004e04e4,0x0046bb90,A
0x004e034c,0x0046bb90,A
0x004cc5b4,0x0046bb90,R
0x004e04c0,0x0046bb90,A
0x004e034c,0x0046bb90,A
0x004cc5b4,0x0046bb90,R
0x0053a748,0x0046bd50,R
0x0053a748,0x0046bd50,R
0x004d2670,0x0046be20,R
0x004d2670,0x0046be20,R
0x004d2670,0x0046be20,R
0x004d2674,0x0046be20,R
0x004d2674,0x0046be20,R
0x0053d750,0x0046bfc0,R
0x0053a750,0x0046bfc0,A
0x0053a750,0x0046bfc0,A
0x0053a754,0x0046bfc0,A
0x0053a758,0x0046bfc0,A
0x0053d750,0x0046bfc0,R
0x0053d750,0x0046bfc0,W
0x004cc5dc,0x0046c070,R
0x0053d750,0x0046c070,W
0x0053d754,0x0046c070,W
0x0053d754,0x0046c070,R
0x0053a748,0x0046c070,W
0x0053a748,0x0046c070,R
0x0053a748,0x0046c070,R
0x0053a748,0x0046c070,R
0x0053d754,0x0046c070,R
0x0053d754,0x0046c070,R
0x0053d750,0x0046c070,R
0x004cc5dc,0x0046c070,R
0x0053d750,0x0046c070,R
0x0053d750,0x0046c070,R
0x0053a758,0x0046c070,A
0x0053a750,0x0046c070,R
0x0053a75c,0x0046c070,R
0x0053a748,0x0046c070,R
0x0053a754,0x0046c070,R
0x0053a760,0x0046c070,R
0x0053a748,0x0046c070,R
0x0053a758,0x0046c070,R
0x0053a748,0x0046c070,R
0x0053d750,0x0046c070,R
0x004cc5b4,0x0046c070,R
0x0053a748,0x0046c070,R
0x0053d758,0x0046c390,A
0x004d2670,0x0046c3a0,R
0x004d2670,0x0046c3a0,R
0x004d2670,0x0046c3a0,R
0x004d2670,0x0046c3a0,R
0x004d2670,0x0046c3a0,R
0x004d2670,0x0046c3a0,R
0x004d2678,0x0046c3a0,R
0x004d2678,0x0046c3a0,R
0x004d2678,0x0046c3a0,R
0x004d2678,0x0046c3a0,R
0x004d2674,0x0046c3a0,R
0x0053d758,0x0046c570,R
0x0053d75c,0x0046c570,R
0x0053d764,0x0046c570,R
0x0053d760,0x0046c570,R
0x004d2670,0x0046c620,R
0x004cc5b4,0x0046c720,R
0x004cc5dc,0x0046c760,R
0x004d2680,0x0046c760,R
0x004cc5b4,0x0046c760,R
0x004e056c,0x0046c760,A
0x004e0538,0x0046c760,A
0x004cc4f8,0x0046c760,R
0x004e050c,0x0046c760,A
0x004cc5bc,0x0046c760,R
0x004cc4f8,0x0046cb50,R
0x004e0630,0x0046cb50,A
0x004cc5bc,0x0046cb50,R
0x004cc5dc,0x0046cb50,R
0x004cc5dc,0x0046cb50,R
0x004cc5b4,0x0046cb50,R
0x004e060c,0x0046cb50,A
0x004e05e8,0x0046cb50,A
0x004cc4f8,0x0046cb50,R
0x004cc5bc,0x0046cb50,R
0x004cc5b4,0x0046cb50,R
0x004cc5b4,0x0046cb50,R
0x004cc5b4,0x0046cb50,R
0x004cc5b4,0x0046cb50,R
0x004cc4f8,0x0046cb50,R
0x004e05c4,0x0046cb50,A
0x004cc5bc,0x0046cb50,R
0x004cc4f8,0x0046cb50,R
0x004e05a0,0x0046cb50,A
0x004cc5bc,0x0046cb50,R
0x004cc5b4,0x0046cb50,R
0x0053d79c,0x0046d310,A
0x0053d79c,0x0046d340,A
0x0053d798,0x0046d360,R
0x004cc5dc,0x0046d360,R
0x0053d79c,0x0046d360,A
0x0053d79c,0x0046d360,R
0x0053d7a0,0x0046d360,R
0x0053d7a0,0x0046d360,R
0x0053d7a1,0x0046d360,R
0x004cc594,0x0046d360,R
0x004e076c,0x0046d360,A
0x004e0740,0x0046d360,A
0x004cc5b4,0x0046d360,R
0x004e07bc,0x0046d420,A
0x004e0740,0x0046d420,A
0x0053d79c,0x0046d420,A
0x004cc4e0,0x0046d420,R
0x004e0790,0x0046d420,A
0x004e0740,0x0046d420,A
0x0053d798,0x0046d420,W
0x0053d7bc,0x0046d420,A
0x0053d7bc,0x0046d420,R
0x0053d7e0,0x0046d420,R
0x0053d7bc,0x0046d420,W
0x0053d798,0x0046d420,R
0x004e0718,0x0046d4c0,A
0x0053d798,0x0046d4d0,R
0x0053d7a4,0x0046d4d0,A
0x0053d7b8,0x0046d4d0,R
0x0053d7dc,0x0046d4d0,R
0x0053d7a4,0x0046d4d0,R
0x0053d7c8,0x0046d4d0,R
0x0053d7a6,0x0046d4d0,R
0x0053d7a5,0x0046d4d0,R
0x0053d7c9,0x0046d4d0,R
0x0053d7a7,0x0046d4d0,R
0x0053d798,0x0046d4d0,R
0x0053d79c,0x0046d4d0,A
0x0053d79c,0x0046d550,A
0x0053d798,0x0046d550,W
0x0053d79c,0x0046d550,W
0x0053d7a0,0x0046d550,W
0x0056bbe8,0x0046d550,R
0x004e06e0,0x0046d550,A
0x004e0720,0x0046d550,A
0x0056bc08,0x0046d550,R
0x004e071c,0x0046d550,W
0x004e06e0,0x0046d5a0,A
0x004e073c,0x0046d5b0,W
0x004e073c,0x0046d5c0,R
0x0053d798,0x0046d5d0,R
0x0053d7a0,0x0046d5d0,A
0x0053d7b8,0x0046d5d0,R
0x0053d7dc,0x0046d5d0,R
0x0053d7c0,0x0046d5d0,R
0x0053d7c0,0x0046d5d0,W
0x0053d7c4,0x0046d5d0,R
0x0056bc1c,0x0046d5d0,R
0x0053d7c4,0x0046d5d0,W
0x0053d7dc,0x0046d5d0,W
0x0053d798,0x0046d5d0,R
0x0053d798,0x0046d5d0,W
0x0056bc20,0x0046d5d0,R
0x0053d778,0x0046d5d0,R
0x004cc5b4,0x0046d5d0,R
0x0053d77c,0x0046d5d0,R
0x0053d77c,0x0046d5d0,R
0x0053d778,0x0046d5d0,R
0x0053d77c,0x0046d5d0,R
0x0053d778,0x0046d5d0,W
0x0053d77c,0x0046d5d0,W
0x0053d784,0x0046d5d0,R
0x0053d784,0x0046d5d0,W
0x0053d780,0x0046d5d0,W
0x0053d768,0x0046d6b0,R
0x004cc5b4,0x0046d6b0,R
0x0053d76c,0x0046d6b0,R
0x0053d768,0x0046d6b0,R
0x0053d76c,0x0046d6b0,R
0x0053d76c,0x0046d6b0,W
0x0053d768,0x0046d6b0,W
0x0053d768,0x0046d730,R
0x004cc5c0,0x0046d730,R
0x0053d76c,0x0046d730,R
0x0053d768,0x0046d730,R
0x0053d770,0x0046d780,R
0x0053d774,0x0046d780,R
0x004cc5c0,0x0046d780,R
0x004cc5b4,0x0046d780,R
0x0053d770,0x0046d780,R
0x0053d774,0x0046d780,R
0x004cc5b4,0x0046d780,R
0x0053d774,0x0046d780,W
0x0053d770,0x0046d780,W
0x004cc494,0x0046d810,R
0x0053d798,0x0046d810,R
0x0053d798,0x0046d810,W
0x0053d79c,0x0046d810,A
0x0053d7b8,0x0046d810,A
0x0053d770,0x0046d940,R
0x0053d770,0x0046d940,R
0x0053d774,0x0046d940,R
0x004cc4c8,0x0046d940,R
0x004cc490,0x0046d940,R
0x0053d77c,0x0046d940,R
0x0053d770,0x0046d940,R
0x0053d770,0x0046da40,R
0x0053d774,0x0046da40,R
0x004cc4ec,0x0046da40,R
0x0053d770,0x0046da40,R
0x0053d774,0x0046da40,W
0x004e07ec,0x0046da40,A
0x004e07ec,0x0046da40,R
0x004e07ed,0x0046da40,R
0x004e07ec,0x0046da40,R
0x004e07ec,0x0046da40,R
0x004e07ec,0x0046da40,A
0x004e07e8,0x0046da40,A
0x004cc5c4,0x0046da40,R
0x0053d770,0x0046da40,W
0x004e073c,0x0046dae0,R
0x004daf54,0x0046dae0,A
0x004cc4e0,0x0046dae0,R
0x004cc5c0,0x0046dae0,R
0x004cc5dc,0x0046dae0,R
0x004cc5c0,0x0046dae0,R
0x0053d778,0x0046dae0,R
0x0053d778,0x0046dae0,R
0x0053d778,0x0046dae0,R
0x0053d77c,0x0046dae0,R
0x0053d778,0x0046dae0,W
0x004cc4ec,0x0046dae0,R
0x0053d77c,0x0046dae0,W
0x0053d778,0x0046dae0,R
0x004cc5dc,0x0046dae0,R
0x0053d77c,0x0046dae0,R
0x0053d77c,0x0046dae0,R
0x0053d77c,0x0046dae0,R
0x0053d77c,0x0046dae0,R
0x0053d77c,0x0046dae0,R
0x0053d778,0x0046dae0,R
0x004cc5c0,0x0046dae0,R
0x004cc5b4,0x0046dae0,R
0x0053d768,0x0046dd30,R
0x0053d76c,0x0046dd30,R
0x004cc4c8,0x0046dd30,R
0x004cc490,0x0046dd30,R
0x004cc5b4,0x0046dd30,R
0x0053d77c,0x0046dd30,R
0x0053d768,0x0046dd30,R
0x0053d798,0x0046de50,R
0x0053d7a4,0x0046de50,A
0x0053d7b8,0x0046de50,R
0x0053d7dc,0x0046de50,R
0x0053d79c,0x0046de50,A
0x0053d7bc,0x0046de50,W
0x0053d79c,0x0046de50,W
0x0053d788,0x0046de50,R
0x0053d79c,0x0046de50,W
0x0053d79c,0x0046de50,R
0x0053d79c,0x0046de50,W
0x004e06e0,0x0046de50,A
0x0056bbe8,0x0046de50,R
0x0053d7b8,0x0046de50,R
0x0053d79c,0x0046de50,R
0x0053d7a0,0x0046de50,R
0x004e06e0,0x0046de50,A
0x0056bc18,0x0046de50,R
0x0053d7a0,0x0046de50,R
0x0053d79c,0x0046de50,R
0x004e06ec,0x0046de50,R
0x004e06e9,0x0046de50,R
0x0056bc08,0x0046de50,R
0x0053d7a0,0x0046de50,W
0x0056bbe8,0x0046de50,R
0x0053d79c,0x0046de50,R
0x0053d7b8,0x0046de50,W
0x0053d798,0x0046de50,R
0x0053d768,0x0046df50,R
0x0053d76c,0x0046df50,R
0x0053d794,0x0046df50,R
0x004daf54,0x0046df50,A
0x0053d768,0x0046df50,R
0x0056bc30,0x0046df50,R
0x0056bbe8,0x0046df50,R
0x004cc5c4,0x0046df50,R
0x004dcb70,0x0046df50,A
0x004e0844,0x0046df50,A
0x004e0838,0x0046df50,A
0x005617f0,0x0046df50,R
0x004cc5c4,0x0046df50,R
0x004dcb70,0x0046df50,A
0x004e0844,0x0046df50,A
0x004e0830,0x0046df50,A
0x004cc5c4,0x0046df50,R
0x004dcb70,0x0046df50,A
0x004e0844,0x0046df50,A
0x004e0828,0x0046df50,A
0x004cc5c4,0x0046df50,R
0x004dcb70,0x0046df50,A
0x004e0844,0x0046df50,A
0x004e0820,0x0046df50,A
0x004cc5c4,0x0046df50,R
0x004dcb70,0x0046df50,A
0x004e0844,0x0046df50,A
0x004e0818,0x0046df50,A
0x004cc5c4,0x0046df50,R
0x004e0808,0x0046df50,A
0x004da97c,0x0046df50,A
0x0053d768,0x0046df50,R
0x0053d76c,0x0046df50,R
0x004cc4ec,0x0046df50,R
0x0053d768,0x0046df50,R
0x0053d76c,0x0046df50,W
0x004dcb70,0x0046df50,A
0x004e0844,0x0046df50,A
0x004e0838,0x0046df50,A
0x004e0800,0x0046df50,A
0x004e0808,0x0046df50,A
0x004da97c,0x0046df50,A
0x004dcb70,0x0046df50,A
0x004e0844,0x0046df50,A
0x004e07f8,0x0046df50,A
0x0053d768,0x0046df50,W
0x004e06e0,0x0046e290,A
0x004cc5d0,0x0046e2c0,R
0x004e084c,0x0046e2c0,A
0x004e084c,0x0046e2c0,R
0x004e084d,0x0046e2c0,R
0x004cc494,0x0046e380,R
0x004e0850,0x0046e3e0,A
0x004cc59c,0x0046e3e0,R
0x0053d798,0x0046e3e0,R
0x0053d798,0x0046e3e0,W
0x0053d79c,0x0046e3e0,A
0x0053d7b8,0x0046e3e0,A
0x0053d79c,0x0046e3e0,A
0x0053d7bc,0x0046e3e0,A
0x004d2690,0x0046e4e0,R
0x004d2694,0x0046e4e0,R
0x004d2698,0x0046e4e0,R
0x004d269c,0x0046e4e0,R
0x004d26a0,0x0046e4e0,R
0x004d26a4,0x0046e4e0,R
0x004d2690,0x0046e4e0,R
0x004d26a8,0x0046e4e0,R
0x004d26a8,0x0046e4e0,R
0x004d26a8,0x0046e4e0,R
0x0053d780,0x0046e680,R
0x0053d784,0x0046e680,R
0x0053d780,0x0046e720,R
0x0053d780,0x0046e720,W
0x0053d784,0x0046e720,R
0x004cc4ec,0x0046e720,R
0x0053d780,0x0046e720,R
0x0053d784,0x0046e720,W
0x0053d798,0x0046e720,R
0x0053d79c,0x0046e720,A
0x0053d79c,0x0046e720,R
0x0053d7c0,0x0046e720,R
0x0053d780,0x0046e720,R
0x004cc4ec,0x0046e720,R
0x0053d780,0x0046e720,R
0x0053d798,0x0046e720,R
0x0053d778,0x0046e720,R
0x0053d780,0x0046e720,R
0x0053d77c,0x0046e720,R
0x004cc4ec,0x0046e720,R
0x0053d77c,0x0046e720,R
0x0053d780,0x0046e720,R
0x0053d77c,0x0046e720,R
0x0053d798,0x0046e720,R
0x0053d79c,0x0046e720,A
0x0053d79c,0x0046e720,R
0x0053d7c0,0x0046e720,R
0x0053d77c,0x0046e720,R
0x0053d798,0x0046e720,R
0x0053d778,0x0046e720,R
0x0053d780,0x0046e720,R
0x0053d780,0x0046e8d0,R
0x004cc4ec,0x0046e8d0,R
0x0053d780,0x0046e8d0,R
0x0053d784,0x0046e8d0,R
0x0053d780,0x0046e8d0,R
0x004d2694,0x0046e9b0,R
0x004cc5dc,0x0046e9b0,R
0x004cc5dc,0x0046e9b0,R
0x004cc5b4,0x0046e9b0,R
0x0056179c,0x0046eb20,A
0x0053d790,0x0046eb20,W
0x005617f4,0x0046eb20,W
0x0056179c,0x0046eb20,W
0x005617a0,0x0046eb20,W
0x0056bbe8,0x0046eb20,R
0x005617ec,0x0046eb20,W
0x004da7dc,0x0046eb20,A
0x004da7f0,0x0046eb20,A
0x005617f0,0x0046eb20,W
0x005617f0,0x0046eb20,W
0x005617ec,0x0046eb20,A
0x0053d794,0x0046ebb0,R
0x0053d794,0x0046ebb0,W
0x0053d794,0x0046ebd0,R
0x0053d794,0x0046ebd0,W
0x004cc5dc,0x0046ec00,R
0x0056bc28,0x0046ecc0,R
0x004cc5b4,0x0046ecc0,R
0x004cc5b4,0x0046ecf0,R
0x004cc4e0,0x0046ed70,R
0x004cc4e0,0x0046ede0,R
0x004cc5dc,0x0046ede0,R
0x004cc5dc,0x0046ede0,R
0x004cc5dc,0x0046ef70,R
0x0056179c,0x0046efc0,A
0x0056179c,0x0046efc0,R
0x004dadf4,0x0046efe0,A
0x004e08a0,0x0046efe0,A
0x004e0888,0x0046efe0,A
0x004dadb4,0x0046efe0,A
0x004e0878,0x0046efe0,A
0x004e08a0,0x0046efe0,A
0x004cc5dc,0x0046efe0,R
0x0056179c,0x0046efe0,A
0x0056179c,0x0046efe0,W
0x005617a0,0x0046efe0,W
0x0056179c,0x0046efe0,R
0x0056179c,0x0046efe0,R
0x004e0854,0x0046efe0,A
0x004e08a0,0x0046efe0,A
0x005617f4,0x0046f210,R
0x00561cb0,0x0046f300,R
0x00561cc4,0x0046f300,W
0x00561cc8,0x0046f300,W
0x00561ccc,0x0046f300,W
0x00561cd0,0x0046f300,W
0x00565bc4,0x0046f300,W
0x00565bc8,0x0046f300,W
0x00561cc8,0x0046f300,A
0x004d2830,0x0046f300,A
0x00561cc8,0x0046f300,R
0x00561cb4,0x0046f300,R
0x00561cc8,0x0046f300,R
0x00561cc8,0x0046f300,R
0x00561cc8,0x0046f300,R
0x004e08cc,0x0046f300,A
0x004cc4ac,0x0046f300,R
0x00561ccc,0x0046f300,W
0x00561cc4,0x0046f300,W
0x00561cc8,0x0046f420,R
0x00561cc8,0x0046f420,R
0x00561ccc,0x0046f420,R
0x004cc5b4,0x0046f420,R
0x00561cc4,0x0046f450,R
0x00561cc8,0x0046f450,R
0x00561ccc,0x0046f450,R
0x00561cc8,0x0046f450,R
0x00561ccc,0x0046f450,R
0x00561cd0,0x0046f450,R
0x00561cd0,0x0046f450,W
0x00561cd0,0x0046f450,W
0x00561cd0,0x0046f450,R
0x00561cd0,0x0046f450,W
0x00561cd0,0x0046f450,W
0x00561cd0,0x0046f450,R
0x00561cd0,0x0046f450,W
0x00561cd0,0x0046f450,W
0x00561cd0,0x0046f450,R
0x00561cd0,0x0046f450,R
0x00561cd0,0x0046f450,R
0x00561cd0,0x0046f450,R
0x00561cd4,0x0046f450,A
0x00561cd4,0x0046f450,A
0x00561cd4,0x0046f450,A
0x00561cd4,0x0046f450,W
0x00561cdc,0x0046f450,W
0x00561ce4,0x0046f450,A
0x00565bc4,0x0046f450,A
0x00561cd0,0x0046f450,W
0x004e08cc,0x0046f450,A
0x00561cc8,0x0046f690,R
0x00561ccc,0x0046f690,R
0x00561cc8,0x0046f690,R
0x00561ccc,0x0046f690,R
0x00561cd0,0x0046f690,R
0x00561cd0,0x0046f690,W
0x00561cd0,0x0046f690,W
0x00561cd0,0x0046f690,R
0x00561cd0,0x0046f690,W
0x00561cd0,0x0046f690,W
0x00561cd0,0x0046f690,R
0x00561cd0,0x0046f690,W
0x00561cd0,0x0046f690,W
0x00561cd0,0x0046f690,R
0x00561cd4,0x0046f690,A
0x00561cd4,0x0046f690,A
0x00561cd0,0x0046f690,R
0x00561cd0,0x0046f690,R
0x00561cd0,0x0046f690,R
0x00561cd0,0x0046f690,R
0x00561cd4,0x0046f690,A
0x00561cd4,0x0046f690,A
0x00565bc4,0x0046f690,R
0x00565bc8,0x0046f690,R
0x00565bc4,0x0046f690,R
0x00561cd4,0x0046f690,A
0x00561ccc,0x0046f690,R
0x00561cd8,0x0046f690,A
0x00561cd4,0x0046f690,A
0x00561cd4,0x0046f690,A
0x004e08cc,0x0046f690,A
0x00565bc4,0x0046f970,W
0x00565bc8,0x0046f970,W
0x00561cd4,0x0046f980,A
0x00561cd4,0x0046f980,A
0x00561cd4,0x0046f980,A
0x00561cd8,0x0046f9b0,A
0x00561cd8,0x0046f9b0,A
0x00561cd8,0x0046f9d0,A
0x00561cd8,0x0046f9d0,A
0x00561cd8,0x0046f9f0,A
0x00561cd8,0x0046f9f0,W
0x00561ce0,0x0046f9f0,W
0x00561ce8,0x0046f9f0,A
0x00565bc8,0x0046f9f0,A
0x00561cc8,0x0046fa10,R
0x00561ccc,0x0046fa10,R
0x00561cc8,0x0046fa10,R
0x00561ccc,0x0046fa10,R
0x00561cd0,0x0046fa10,R
0x00561cd0,0x0046fa10,R
0x00561cd0,0x0046fa10,R
0x00561cd0,0x0046fa10,R
0x00561cd4,0x0046fa10,A
0x00561cd0,0x0046fa10,R
0x00561cd0,0x0046fa10,R
0x00561cd0,0x0046fa10,R
0x00561cd0,0x0046fa10,W
0x00561cd4,0x0046fa10,A
0x00561cd4,0x0046fa10,A
0x00561cd4,0x0046fa10,A
0x00561cd4,0x0046fa10,A
0x00561cd4,0x0046fa10,A
0x004e08cc,0x0046fa10,A
0x00561c48,0x0046fba0,R
0x00561c48,0x0046fba0,W
0x00561848,0x0046fba0,A
0x00561848,0x0046fd20,A
0x00561848,0x0046fd20,W
0x0056184c,0x0046fd20,W
0x00561850,0x0046fd20,W
0x00561854,0x0046fd20,W
0x00561858,0x0046fd20,W
0x0056185c,0x0046fd20,W
0x00561860,0x0046fd20,W
0x00561864,0x0046fd20,W
0x00561868,0x0046fd20,W
0x0056186c,0x0046fd20,W
0x00561870,0x0046fd20,W
0x00561874,0x0046fd20,W
0x00561878,0x0046fd20,W
0x0056187c,0x0046fd20,W
0x00561880,0x0046fd20,W
0x00561884,0x0046fd20,W
0x00561888,0x0046fd20,W
0x0056188c,0x0046fd20,W
0x00561890,0x0046fd20,W
0x00561894,0x0046fd20,W
0x00561898,0x0046fd20,W
0x0056189c,0x0046fd20,W
0x005618a0,0x0046fd20,W
0x005618a4,0x0046fd20,W
0x005618a8,0x0046fd20,W
0x005618ac,0x0046fd20,W
0x005618b0,0x0046fd20,W
0x005618b4,0x0046fd20,W
0x005618b8,0x0046fd20,W
0x005618c0,0x0046fd20,W
0x005618c4,0x0046fd20,W
0x005618c8,0x0046fd20,W
0x005618cc,0x0046fd20,W
0x005618d0,0x0046fd20,W
0x005618d4,0x0046fd20,W
0x005618d8,0x0046fd20,W
0x005618dc,0x0046fd20,W
0x005618e0,0x0046fd20,W
0x005618e4,0x0046fd20,W
0x005618e8,0x0046fd20,W
0x005618ec,0x0046fd20,W
0x005618f4,0x0046fd20,W
0x005618f8,0x0046fd20,W
0x005618fc,0x0046fd20,W
0x00561900,0x0046fd20,W
0x00561904,0x0046fd20,W
0x00561908,0x0046fd20,W
0x0056190c,0x0046fd20,W
0x00561910,0x0046fd20,W
0x00561914,0x0046fd20,W
0x00561918,0x0046fd20,W
0x0056191c,0x0046fd20,W
0x00561924,0x0046fd20,W
0x0056192c,0x0046fd20,W
0x00561970,0x0046fd20,W
0x00561980,0x0046fd20,W
0x00561964,0x0046fd20,W
0x00561968,0x0046fd20,W
0x0056196c,0x0046fd20,W
0x00561974,0x0046fd20,W
0x00561978,0x0046fd20,W
0x0056197c,0x0046fd20,W
0x00561984,0x0046fd20,W
0x00561988,0x0046fd20,W
0x0056198c,0x0046fd20,W
0x00561990,0x0046fd20,W
0x00561994,0x0046fd20,W
0x00561a7c,0x0046fd20,W
0x00561a88,0x0046fd20,W
0x00561a8c,0x0046fd20,W
0x00561a90,0x0046fd20,W
0x00561a94,0x0046fd20,W
0x00561ab8,0x0046fd20,W
0x00561b14,0x0046fd20,W
0x00561b1c,0x0046fd20,W
0x00561b74,0x0046fd20,W
0x00561b7c,0x0046fd20,W
0x00561b94,0x0046fd20,W
0x00561c80,0x00470020,R
0x00561c84,0x00470020,R
0x00561cb4,0x00470020,R
0x004cc6c8,0x00470020,R
0x004cc698,0x00470020,R
0x00561cb4,0x00470060,R
0x004cc670,0x00470060,R
0x00561c78,0x00470060,W
0x00561c7c,0x00470060,W
0x004d26b0,0x004700a0,R
0x004d26b4,0x004700a0,R
0x004d26b0,0x004700a0,R
0x004d26b0,0x004700a0,R
0x004d26b4,0x004700a0,R
0x004d26b4,0x004700a0,R
0x00561c8c,0x004700a0,W
0x00561c70,0x004700a0,R
0x00561c88,0x004700a0,W
0x00561c50,0x004700a0,R
0x00561c70,0x004700a0,R
0x00561c80,0x004700a0,W
0x00561c50,0x004700a0,R
0x00561c84,0x004700a0,W
0x00561c70,0x00470150,R
0x00561c50,0x00470150,R
0x00561c80,0x00470150,W
0x00561c84,0x00470150,W
0x00561c88,0x00470150,W
0x00561c8c,0x00470150,W
0x00561c70,0x00470180,R
0x00561c80,0x00470180,W
0x00565e74,0x00470190,R
0x00561c78,0x004701a0,W
0x00561c7c,0x004701a0,W
0x00561c70,0x004701a0,W
0x00561c70,0x004701a0,R
0x004d26b0,0x004701a0,R
0x00561c50,0x004701a0,W
0x00561c68,0x004701a0,W
0x00561c50,0x004701a0,R
0x004d26b0,0x004701a0,R
0x00561c6c,0x004701a0,W
0x00561cb0,0x004701f0,R
0x004d2820,0x004701f0,A
0x00565e78,0x004701f0,A
0x004d2740,0x004701f0,A
0x00565e78,0x004701f0,R
0x004e08fc,0x004701f0,R
0x00565e78,0x004701f0,R
0x00561cb4,0x004701f0,R
0x00565e78,0x004701f0,R
0x00561ca0,0x004701f0,W
0x00561ca4,0x004701f0,W
0x00561ca8,0x004701f0,W
0x00565e74,0x004701f0,W
0x00561c74,0x004701f0,W
0x00561c78,0x004701f0,R
0x00565e74,0x004701f0,W
0x00565e87,0x004702e0,A
0x00565e97,0x004702e0,A
0x00565e97,0x004702e0,A
0x00561c74,0x00470310,R
0x00565e78,0x00470310,R
0x00561c74,0x00470310,W
0x00561c74,0x00470310,W
0x00561c74,0x00470360,W
0x00565e78,0x00470360,R
0x00565e78,0x00470360,W
0x00565e74,0x00470360,W
0x00561c80,0x004703a0,A
0x004e0900,0x004703b0,W
0x00561c74,0x004703c0,R
0x00561c90,0x004703c0,W
0x00561c94,0x004703c0,W
0x00561c74,0x004703c0,W
0x00561c74,0x004703c0,R
0x00565e78,0x004703c0,R
0x00561c58,0x004703c0,A
0x00565e7c,0x004703c0,R
0x00565e80,0x004703c0,R
0x00565e84,0x004703c0,R
0x00565e8c,0x004703c0,W
0x00565e88,0x004703c0,R
0x00565e90,0x004703c0,W
0x00561c58,0x004703c0,R
0x00565e98,0x004703c0,W
0x00561c60,0x004703c0,R
0x00565e94,0x004703c0,W
0x00561c5c,0x004703c0,R
0x00565e84,0x004703c0,W
0x00561c64,0x004703c0,R
0x00565e7c,0x004703c0,W
0x00565e80,0x004703c0,W
0x00565e88,0x004703c0,W
0x00561c90,0x004703c0,W
0x00561c94,0x004703c0,W
0x00561ca0,0x004703c0,W
0x00561ca4,0x004703c0,W
0x00565ea0,0x004703c0,R
0x00561ca8,0x004703c0,W
0x00561c90,0x004704f0,R
0x004e08f4,0x004704f0,R
0x00561c94,0x004704f0,R
0x00561c90,0x004704f0,W
0x004e08f8,0x004704f0,R
0x00561c84,0x004704f0,R
0x00561c80,0x004704f0,R
0x00561c94,0x004704f0,W
0x00561cac,0x004704f0,R
0x00561c80,0x004704f0,W
0x00561c84,0x004704f0,W
0x00561c80,0x004704f0,W
0x00561c78,0x004704f0,R
0x00561c80,0x004704f0,W
0x00561c84,0x004704f0,W
0x00561c7c,0x004704f0,R
0x00561c84,0x004704f0,W
0x00561c70,0x004704f0,R
0x00561c50,0x004704f0,R
0x00561c90,0x004704f0,R
0x00561c68,0x004704f0,R
0x00561c94,0x004704f0,R
0x00561c6c,0x004704f0,R
0x00561c68,0x004704f0,R
0x00561c88,0x004704f0,W
0x00561c6c,0x004704f0,R
0x00561c8c,0x004704f0,W
0x00561c98,0x004704f0,W
0x00561c9c,0x004704f0,W
0x00561c80,0x004705f0,A
0x00561c80,0x004705f0,R
0x00561c84,0x004705f0,R
0x004e0900,0x004705f0,R
0x00565e74,0x00470610,R
0x00565e80,0x00470610,R
0x00565e84,0x00470610,R
0x00565e90,0x00470610,W
0x00561c90,0x00470610,W
0x00561c94,0x00470610,W
0x00561ca0,0x00470610,W
0x00561ca4,0x00470610,W
0x00561ca8,0x00470610,W
0x00565e7c,0x00470610,R
0x00565e8c,0x00470610,W
0x00565e88,0x00470610,R
0x00565e94,0x00470610,W
0x00565e98,0x00470610,W
0x004e08fc,0x00470670,R
0x004e08fc,0x00470670,W
0x004cc4ac,0x004706c0,R
0x004cc4ac,0x004706c0,R
0x004cc4ac,0x004706c0,R
0x004cc5a0,0x004706c0,R
0x004cc4ac,0x004706c0,R
0x004cc5b4,0x004707a0,R
0x004e0904,0x004708f0,A
0x004cc4ac,0x004708f0,R
0x004cc5b4,0x00470960,R
0x004cc5a0,0x00470cd0,R
0x004cc5a0,0x00470f50,R
0x00565ebc,0x00470f80,A
0x00565ebc,0x00470f80,A
0x004cc4f0,0x00470f80,R
0x004e091c,0x00470f80,A
0x004e0914,0x00470f80,A
0x004e090c,0x00470f80,A
0x00565ebc,0x00470f80,A
0x004e5ce0,0x00470f80,A
0x005662bc,0x00471040,A
0x004cc5a0,0x00471040,R
0x004e5ce0,0x00471040,A
0x005662fc,0x00471070,A
0x004cc5a0,0x00471070,R
0x004e5ce0,0x00471070,A
0x00565ea0,0x004710a0,W
0x00565ec0,0x00471120,W
0x004e0c1c,0x00471120,A
0x00565ec4,0x00471120,W
0x004dd28c,0x00471120,A
0x00565ec8,0x00471120,W
0x004dd280,0x00471120,A
0x00565ecc,0x00471120,W
0x004e0c18,0x00471120,A
0x00565ed0,0x00471120,W
0x004dd27c,0x00471120,A
0x00565ed4,0x00471120,W
0x004e0c14,0x00471120,A
0x00565ed8,0x00471120,W
0x004e0c10,0x00471120,A
0x00565edc,0x00471120,W
0x004e0c0c,0x00471120,A
0x00565ee0,0x00471120,W
0x004e0c08,0x00471120,A
0x00565ee4,0x00471120,W
0x004e0c04,0x00471120,A
0x00565ee8,0x00471120,W
0x004e0c00,0x00471120,A
0x00565eec,0x00471120,W
0x004e0bf8,0x00471120,A
0x00565ef0,0x00471120,W
0x004e0bf0,0x00471120,A
0x00565ef4,0x00471120,W
0x004da95c,0x00471120,A
0x00565ef8,0x00471120,W
0x004e0bec,0x00471120,A
0x00565efc,0x00471120,W
0x004e0be8,0x00471120,A
0x00565f00,0x00471120,W
0x004e0be4,0x00471120,A
0x00565f04,0x00471120,W
0x004e0be0,0x00471120,A
0x00565f08,0x00471120,W
0x004e0bdc,0x00471120,A
0x00565f0c,0x00471120,W
0x004e0bd8,0x00471120,A
0x00565f10,0x00471120,W
0x004e0bd4,0x00471120,A
0x00565f14,0x00471120,W
0x004e0bd0,0x00471120,A
0x00565f18,0x00471120,W
0x004e0bcc,0x00471120,A
0x00565f1c,0x00471120,W
0x004e0bc8,0x00471120,A
0x00565f20,0x00471120,W
0x004e0bc4,0x00471120,A
0x00565f24,0x00471120,W
0x004e0bb8,0x00471120,A
0x00565f28,0x00471120,W
0x004e0bac,0x00471120,A
0x00565f2c,0x00471120,W
0x004e0ba4,0x00471120,A
0x00565f30,0x00471120,W
0x004e0b98,0x00471120,A
0x00565f34,0x00471120,W
0x004e0b94,0x00471120,A
0x00565f38,0x00471120,W
0x004e0b90,0x00471120,A
0x00565f3c,0x00471120,W
0x004e0b8c,0x00471120,A
0x00565f40,0x00471120,W
0x004e0b88,0x00471120,A
0x00565f44,0x00471120,W
0x004e0b84,0x00471120,A
0x00565f48,0x00471120,W
0x004e0b80,0x00471120,A
0x00565f4c,0x00471120,W
0x004e0b7c,0x00471120,A
0x00565f50,0x00471120,W
0x004e0b78,0x00471120,A
0x00565f54,0x00471120,W
0x004e0b74,0x00471120,A
0x00565f58,0x00471120,W
0x004e0b68,0x00471120,A
0x00565f5c,0x00471120,W
0x004e0b5c,0x00471120,A
0x00565f60,0x00471120,W
0x004e0b54,0x00471120,A
0x00565f64,0x00471120,W
0x004e0b4c,0x00471120,A
0x00565f68,0x00471120,W
0x004e0b40,0x00471120,A
0x00565f6c,0x00471120,W
0x004e0b3c,0x00471120,A
0x00565f70,0x00471120,W
0x004e0b38,0x00471120,A
0x00565f74,0x00471120,W
0x004e0b34,0x00471120,A
0x00565f78,0x00471120,W
0x004e0b30,0x00471120,A
0x00565f7c,0x00471120,W
0x004e0b2c,0x00471120,A
0x00565f80,0x00471120,W
0x004e0b28,0x00471120,A
0x00565f84,0x00471120,W
0x004e0b24,0x00471120,A
0x00565f88,0x00471120,W
0x004e0b1c,0x00471120,A
0x00565f8c,0x00471120,W
0x004e0b14,0x00471120,A
0x00565f90,0x00471120,W
0x004e0b0c,0x00471120,A
0x00565f94,0x00471120,W
0x004e0b04,0x00471120,A
0x00565f98,0x00471120,W
0x004e0af8,0x00471120,A
0x00565f9c,0x00471120,W
0x004e0af0,0x00471120,A
0x00565fa0,0x00471120,W
0x004e0ae8,0x00471120,A
0x00565fa4,0x00471120,W
0x004e0ae0,0x00471120,A
0x00565fa8,0x00471120,W
0x004e0adc,0x00471120,A
0x00565fac,0x00471120,W
0x004e0ad8,0x00471120,A
0x00565fb0,0x00471120,W
0x004e0ad4,0x00471120,A
0x00565fb4,0x00471120,W
0x004e0ad0,0x00471120,A
0x00565fb8,0x00471120,W
0x004e0acc,0x00471120,A
0x00565fbc,0x00471120,W
0x004e0ac8,0x00471120,A
0x00565fc0,0x00471120,W
0x004e0ac4,0x00471120,A
0x00565fc4,0x00471120,W
0x004e0ac0,0x00471120,A
0x00565fc8,0x00471120,W
0x004e0abc,0x00471120,A
0x00565fcc,0x00471120,W
0x004e0ab8,0x00471120,A
0x00565fd0,0x00471120,W
0x004e0ab0,0x00471120,A
0x00565fd4,0x00471120,W
0x004e0aa8,0x00471120,A
0x00565fd8,0x00471120,W
0x004e0aa0,0x00471120,A
0x00565fdc,0x00471120,W
0x004e0a98,0x00471120,A
0x00565fe0,0x00471120,W
0x004e0a90,0x00471120,A
0x00565fe4,0x00471120,W
0x004e0a84,0x00471120,A
0x00565fe8,0x00471120,W
0x004e0a7c,0x00471120,A
0x00565fec,0x00471120,W
0x004e0a74,0x00471120,A
0x00565ff0,0x00471120,W
0x004e0a6c,0x00471120,A
0x00565ff4,0x00471120,W
0x004e0a68,0x00471120,A
0x00565ff8,0x00471120,W
0x004e0a60,0x00471120,A
0x00565ffc,0x00471120,W
0x004e0a58,0x00471120,A
0x00566000,0x00471120,W
0x004e0a50,0x00471120,A
0x00566004,0x00471120,W
0x004e0a48,0x00471120,A
0x00566008,0x00471120,W
0x004e0a40,0x00471120,A
0x00566018,0x00471120,W
0x004e0a3c,0x00471120,A
0x0056601c,0x00471120,W
0x004e0a38,0x00471120,A
0x0056604c,0x00471120,W
0x004e0a34,0x00471120,A
0x00566050,0x00471120,W
0x004e0a30,0x00471120,A
0x00566054,0x00471120,W
0x004e0a2c,0x00471120,A
0x0056607c,0x00471120,W
0x004e0a24,0x00471120,A
0x005660a0,0x00471120,W
0x004e0a1c,0x00471120,A
0x005660a8,0x00471120,W
0x004e0a10,0x00471120,A
0x005660b0,0x00471120,W
0x004e0a0c,0x00471120,A
0x005660f0,0x00471120,W
0x004e09fc,0x00471120,A
0x005660fc,0x00471120,W
0x004e09f0,0x00471120,A
0x00566100,0x00471120,W
0x004e09ec,0x00471120,A
0x00566104,0x00471120,W
0x004e09e4,0x00471120,A
0x00566108,0x00471120,W
0x004e09d8,0x00471120,A
0x0056610c,0x00471120,W
0x004e09d0,0x00471120,A
0x00566110,0x00471120,W
0x004dd100,0x00471120,A
0x00566114,0x00471120,W
0x004e09cc,0x00471120,A
0x00566118,0x00471120,W
0x004e09c0,0x00471120,A
0x0056612c,0x00471120,W
0x004e09b4,0x00471120,A
0x00566130,0x00471120,W
0x004e09a8,0x00471120,A
0x00566188,0x00471120,W
0x004e099c,0x00471120,A
0x00566190,0x00471120,W
0x004e0994,0x00471120,A
0x00566198,0x00471120,W
0x004e098c,0x00471120,A
0x0056619c,0x00471120,W
0x004e0984,0x00471120,A
0x005661d8,0x00471120,W
0x004e097c,0x00471120,A
0x005661dc,0x00471120,W
0x004e0978,0x00471120,A
0x005661e0,0x00471120,W
0x004e0970,0x00471120,A
0x005661e8,0x00471120,W
0x004e0968,0x00471120,A
0x005661f0,0x00471120,W
0x004e0960,0x00471120,A
0x005661f8,0x00471120,W
0x004e095c,0x00471120,A
0x005661fc,0x00471120,W
0x004e0954,0x00471120,A
0x00566200,0x00471120,W
0x004e094c,0x00471120,A
0x00566204,0x00471120,W
0x004e0944,0x00471120,A
0x00566208,0x00471120,W
0x004e093c,0x00471120,A
0x00566228,0x00471120,W
0x004e0934,0x00471120,A
0x0056622c,0x00471120,W
0x004e092c,0x00471120,A
0x00566230,0x00471120,W
0x004e0924,0x00471120,A
0x005662c0,0x004715e0,W
0x004e0c78,0x004715e0,A
0x005662c4,0x004715e0,W
0x004e0c6c,0x004715e0,A
0x005662c8,0x004715e0,W
0x004e0c60,0x004715e0,A
0x005662cc,0x004715e0,W
0x004e0c54,0x004715e0,A
0x005662d0,0x004715e0,W
0x004e0c48,0x004715e0,A
0x005662d4,0x004715e0,W
0x004e0c3c,0x004715e0,A
0x005662d8,0x004715e0,W
0x004e0c30,0x004715e0,A
0x005662dc,0x004715e0,W
0x004e0c24,0x004715e0,A
0x00566300,0x00471640,W
0x004e0c94,0x00471640,A
0x00566304,0x00471640,W
0x004e0c8c,0x00471640,A
0x00566308,0x00471640,W
0x004e0c84,0x00471640,A
0x00565ea0,0x00471660,R
0x00565ea0,0x00471660,R
0x00565ea0,0x00471660,R
0x00565ea0,0x004716b0,R
0x00565ea0,0x004716c0,R
0x00565ea0,0x004716d0,R
0x00565ea0,0x004716e0,R
0x00565ea0,0x004716f0,R
0x00565ea0,0x00471700,R
0x00565ea0,0x00471710,R
0x00565ea0,0x00471720,R
0x00565ea0,0x00471730,R
0x00565ea0,0x00471740,R
0x00565ea0,0x00471750,R
0x00565ea0,0x00471760,R
0x00565ea0,0x00471770,R
0x00565ea0,0x00471780,R
0x00565ea0,0x00471790,R
0x00565ea0,0x004717c0,R
0x00565ea0,0x004717d0,R
0x00565ea0,0x004717e0,R
0x00565ea0,0x00471800,R
0x00565ea0,0x00471820,R
0x00565ea0,0x00471840,R
0x00565ea0,0x00471860,R
0x00565eac,0x00471860,R
0x00565ea0,0x00471860,R
0x00565eac,0x00471860,W
0x00565eb0,0x00471860,R
0x00565eb0,0x00471860,R
0x00565eb0,0x00471860,W
0x00565eb8,0x00471860,R
0x00565eb8,0x00471860,W
0x00565ea0,0x00471860,W
0x00565ea0,0x00471950,R
0x00565eb0,0x00471950,R
0x00565eb0,0x00471950,W
0x00565eac,0x00471950,R
0x00565eac,0x00471950,W
0x00565eac,0x00471950,R
0x00565eac,0x00471950,W
0x00565eb8,0x00471950,W
0x00565ea0,0x00471950,W
0x00561cb0,0x004719f0,A
0x00561cb4,0x00471b50,R
0x00561cb0,0x00471b50,A
0x00561cb4,0x00471b50,W
0x00561cb8,0x00471b50,W
0x00561cb9,0x00471b50,W
0x00561cba,0x00471b50,W
0x00561cbc,0x00471b50,W
0x00561cbe,0x00471b50,W
0x00561cc0,0x00471b50,W
0x004e0c9c,0x00471b50,A
0x00561cb4,0x00471b50,W
0x00561cb8,0x00471b50,W
0x00561cba,0x00471b50,W
0x00561cb9,0x00471b50,W
0x00561cb4,0x00471c10,R
0x00561cb0,0x00471c10,R
0x00561cb4,0x00471c10,W
0x00561cb8,0x00471cd0,R
0x00561cb8,0x00471cd0,W
0x00561cb8,0x00471d10,W
0x00561cb8,0x00471d20,R
0x00561cbc,0x00471d20,R
0x00561cbc,0x00471d20,W
0x00561cbc,0x00471d20,R
0x00561cb9,0x00471d50,R
0x00561cbe,0x00471d50,R
0x00561cbe,0x00471d50,W
0x00561cbe,0x00471d50,R
0x00561cbe,0x00471d80,R
0x00561cbe,0x00471d80,W
0x00561cba,0x00471da0,R
0x00561cc0,0x00471da0,R
0x00561cc0,0x00471da0,W
0x00561cc0,0x00471da0,R
0x00561cbe,0x00471dd0,R
0x00561cba,0x00471de0,R
0x00561cc0,0x00471de0,R
0x00561cb9,0x00471de0,R
0x00561cbe,0x00471de0,R
0x00561cb8,0x00471de0,R
0x00561cbc,0x00471de0,R
0x00561cb0,0x00471e40,R
0x00565bd0,0x00471e40,W
0x00565bd0,0x00471e40,R
0x00565e14,0x00471e40,W
0x00565e18,0x00471e40,W
0x00565e1c,0x00471e40,W
0x00565e20,0x00471e40,W
0x00565bcc,0x00471e40,W
0x00565bd0,0x00471fb0,R
0x004d2910,0x00471fd0,R
0x004d2914,0x00471fd0,R
0x004d2910,0x00471fd0,R
0x004d2914,0x00471fd0,R
0x00565e14,0x00471fd0,R
0x004d2910,0x00471fd0,R
0x004d2914,0x00471fd0,R
0x00565e14,0x00471fd0,R
0x004d2910,0x00471fd0,R
0x004d2914,0x00471fd0,R
0x00565e24,0x00471fd0,A
0x00565e24,0x00471fd0,W
0x00565e28,0x00471fd0,W
0x00565bd0,0x004721a0,R
0x00565bd0,0x004721e0,R
0x00565bd0,0x00472230,R
0x00565bd0,0x00472280,R
0x00565bd0,0x00472280,R
0x00565bd0,0x00472280,W
0x00565bcc,0x004722b0,R
0x00565bcc,0x004722c0,R
0x00565bd0,0x004722c0,R
0x00566310,0x004722c0,A
0x00565e14,0x004722c0,R
0x00566408,0x004722c0,W
0x005663e8,0x004722c0,W
0x005663c8,0x004722c0,W
0x00566318,0x004722c0,W
0x00566414,0x004722c0,W
0x005663f4,0x004722c0,W
0x005663d4,0x004722c0,W
0x00566324,0x004722c0,W
0x00565bd4,0x004722c0,A
0x00565ce4,0x004722c0,A
0x00565bd4,0x004722c0,R
0x00565ce4,0x004722c0,W
0x00565bd8,0x004722c0,R
0x00565ce8,0x004722c0,W
0x00566310,0x004722c0,A
0x00565bd4,0x004722c0,A
0x00566310,0x004722c0,R
0x00565bd4,0x004722c0,W
0x00566314,0x004722c0,R
0x00565bd8,0x004722c0,W
0x00565ea0,0x004722c0,R
0x00565bd4,0x00472390,A
0x00565c03,0x004723a0,A
0x00565d13,0x004723a0,A
0x00565d13,0x004723a0,A
0x00565bcc,0x00472410,R
0x00565d15,0x00472410,W
0x00565d16,0x00472410,W
0x00565c05,0x00472410,W
0x00565c06,0x00472410,W
0x00565d04,0x00472410,A
0x00565bf4,0x00472410,W
0x00565bf8,0x00472410,W
0x00565d04,0x00472410,W
0x00565d08,0x00472410,W
0x00565d0c,0x00472410,A
0x00565d14,0x00472410,A
0x00565bd0,0x00472450,R
0x00565e18,0x00472480,R
0x004e0e34,0x00472490,A
0x004e0e20,0x00472490,A
0x004e0e0c,0x00472490,A
0x004e0df8,0x00472490,A
0x004e0de4,0x00472490,A
0x004e0dcc,0x00472490,A
0x004e0dbc,0x00472490,A
0x004e0da8,0x00472490,A
0x004e0d94,0x00472490,A
0x004e0d7c,0x00472490,A
0x004e0d6c,0x00472490,A
0x004e0d58,0x00472490,A
0x004e0d44,0x00472490,A
0x004e0d34,0x00472490,A
0x004e0d18,0x00472490,A
0x004e0cf8,0x00472490,A
0x004dcaac,0x00472490,A
0x004e0cdc,0x00472490,A
0x004cc5c4,0x00472490,R
0x004e0cc4,0x00472490,A
0x00566420,0x00472670,A
0x00566420,0x00472670,W
0x00566424,0x00472670,W
0x00566428,0x00472670,W
0x00566420,0x00472670,A
0x00566420,0x00472670,R
0x00566420,0x00472670,R
0x00566424,0x00472670,R
0x00566424,0x00472670,R
0x00566428,0x00472670,R
0x00566428,0x00472670,R
0x00566420,0x004726d0,A
0x00566420,0x004726d0,W
0x00566424,0x004726d0,W
0x00566428,0x004726d0,W
0x00566420,0x004726d0,A
0x00566420,0x004726d0,R
0x00566420,0x004726d0,R
0x00566424,0x004726d0,R
0x00566424,0x004726d0,R
0x00566428,0x004726d0,R
0x00566428,0x004726d0,R
0x00566420,0x00472730,W
0x00566428,0x00472730,W
0x00566420,0x00472730,A
0x00566420,0x00472730,R
0x00566420,0x00472730,R
0x00566428,0x00472730,R
0x00566428,0x00472730,R
0x004d2918,0x004727a0,R
0x004d291c,0x004727a0,R
0x004d2920,0x004727f0,R
0x004d291c,0x004727f0,R
0x004d2918,0x00472860,R
0x004d2928,0x00472860,R
0x004d2928,0x00472860,R
0x004d2928,0x00472860,R
0x004d291c,0x00472960,R
0x004d2918,0x00472a10,R
0x004d291c,0x00472a10,R
0x004d2930,0x00472a10,R
0x004d2938,0x00472a10,R
0x004d2940,0x00472a10,R
0x004d2948,0x00472a10,R
0x004d291c,0x00472a10,R
0x004d291c,0x00472a10,R
0x004d2918,0x00472a10,R
0x004d291c,0x00472a10,R
0x004d291c,0x00472a10,R
0x004d2918,0x00472cc0,R
0x004d291c,0x00472cc0,R
0x00566850,0x00472ed0,R
0x00566854,0x00472ed0,R
0x004e0e84,0x00472ef0,R
0x004e0e88,0x00472ef0,R
0x004e0e84,0x00472ef0,W
0x004e0e88,0x00472ef0,W
0x00566950,0x00472ef0,R
0x00566954,0x00472ef0,W
0x004e0e88,0x00472ef0,R
0x0056686c,0x00472ef0,W
0x004e0e88,0x00472ef0,R
0x0056686c,0x00472ef0,A
0x00566868,0x00472ef0,R
0x0056686c,0x00472ef0,R
0x004e0e84,0x00472f30,R
0x004e0e84,0x00472f30,W
0x004e0e88,0x00472f30,R
0x004e0e88,0x00472f30,W
0x0056686c,0x00472f30,W
0x004e0e84,0x00472f30,R
0x00566954,0x00472f30,A
0x00566954,0x00472f30,W
0x004e0e84,0x00472f60,R
0x004e0e84,0x00472f60,W
0x004e0e88,0x00472f60,R
0x004e0e88,0x00472f60,W
0x005668e8,0x00472f90,A
0x00566920,0x00472fa0,A
0x004e0e84,0x00472fb0,R
0x0056694c,0x00472fb0,R
0x004e0e88,0x00472fb0,R
0x00566864,0x00472fb0,R
0x004e0e88,0x00472fb0,R
0x00566864,0x00472fb0,R
0x004e0e88,0x00472fb0,R
0x00566864,0x00472fb0,R
0x00566868,0x00472fb0,R
0x004e0e88,0x00472fb0,R
0x00566864,0x00472fb0,R
0x004e0e84,0x00473060,R
0x0056694c,0x00473060,R
0x004e0e88,0x00473060,R
0x00566864,0x00473060,R
0x005669d8,0x00473060,R
0x005669dc,0x00473060,R
0x005669e0,0x00473060,R
0x004e0e88,0x00473060,R
0x00566868,0x00473060,R
0x004e0e88,0x00473060,R
0x00566868,0x00473060,R
0x004e0e88,0x00473060,R
0x00566868,0x00473060,R
0x005669e0,0x00473060,R
0x005669d8,0x00473060,R
0x005669dc,0x00473060,R
0x004e0e88,0x00473060,R
0x00566864,0x00473060,R
0x004e0e88,0x00473060,R
0x00566864,0x00473060,R
0x00566868,0x00473060,R
0x004e0e88,0x00473060,R
0x00566864,0x00473060,R
0x004e0e88,0x004731f0,R
0x00566864,0x004731f0,R
0x004e0e88,0x00473210,R
0x00566868,0x00473210,R
0x004e0e88,0x00473230,R
0x00566868,0x00473230,R
0x004e0e84,0x00473240,R
0x00566950,0x00473240,R
0x004e0e88,0x00473250,R
0x00566868,0x00473250,A
0x00566868,0x00473250,R
0x004e0e84,0x00473250,R
0x00566950,0x00473250,W
0x004e0e88,0x00473280,R
0x00566868,0x00473280,R
0x004e0e84,0x00473280,R
0x00566950,0x00473280,W
0x004e0e88,0x004732f0,R
0x00566868,0x004732f0,R
0x004e0e84,0x004732f0,R
0x00566950,0x004732f0,W
0x004e0e84,0x00473370,R
0x00566950,0x00473370,R
0x004e0e88,0x00473370,R
0x00566868,0x00473370,R
0x004e0e84,0x00473370,R
0x00566950,0x00473370,A
0x00566950,0x00473370,W
0x004e0e88,0x00473370,R
0x00566868,0x00473370,R
0x004e0e88,0x00473370,R
0x00566868,0x00473370,R
0x004e0e88,0x00473370,R
0x00566868,0x00473370,R
0x004e0e84,0x00473370,R
0x00566950,0x00473370,A
0x00566950,0x00473370,W
0x004e0e84,0x00473690,R
0x00566950,0x00473690,R
0x004e0e88,0x00473690,R
0x00566868,0x00473690,R
0x004e0e88,0x00473690,R
0x00566868,0x00473690,R
0x004e0e88,0x00473690,R
0x00566868,0x00473690,R
0x004e0e84,0x00473690,R
0x00566950,0x00473690,A
0x00566950,0x00473690,W
0x00566868,0x00473690,R
0x004e0e84,0x00473690,R
0x00566950,0x00473690,A
0x00566950,0x00473690,W
0x004e0e84,0x004737e0,R
0x00566950,0x004737e0,R
0x004e0e88,0x004737e0,R
0x00566868,0x004737e0,R
0x004e0e88,0x004737e0,R
0x00566868,0x004737e0,R
0x004e0e88,0x004737e0,R
0x00566868,0x004737e0,R
0x004e0e84,0x004737e0,R
0x00566950,0x004737e0,A
0x00566950,0x004737e0,W
0x00566868,0x004737e0,R
0x004e0e84,0x004737e0,R
0x00566950,0x004737e0,A
0x00566950,0x004737e0,W
0x004d2968,0x00473970,R
0x004e0e84,0x00473970,R
0x00566950,0x00473970,R
0x004e0e88,0x00473970,R
0x00566868,0x00473970,R
0x004e0e88,0x00473970,R
0x00566868,0x00473970,R
0x004e0e88,0x00473970,R
0x00566868,0x00473970,R
0x004e0e88,0x00473970,R
0x00566868,0x00473970,R
0x004e0e84,0x00473970,R
0x00566950,0x00473970,A
0x00566950,0x00473970,W
0x004e0e88,0x00473970,R
0x00566868,0x00473970,R
0x004e0e84,0x00473970,R
0x00566950,0x00473970,A
0x00566950,0x00473970,W
0x004d2968,0x00473b10,R
0x004e0e84,0x00473b10,R
0x00566950,0x00473b10,R
0x004e0e88,0x00473b10,R
0x00566868,0x00473b10,R
0x004e0e88,0x00473b10,R
0x00566868,0x00473b10,R
0x004e0e88,0x00473b10,R
0x00566868,0x00473b10,R
0x004e0e88,0x00473b10,R
0x00566868,0x00473b10,R
0x004e0e84,0x00473b10,R
0x00566950,0x00473b10,W
0x004e0e88,0x00473b10,R
0x00566868,0x00473b10,R
0x004e0e84,0x00473b10,R
0x00566950,0x00473b10,W
0x004d2968,0x00473cc0,R
0x004e0e84,0x00473cc0,R
0x00566950,0x00473cc0,R
0x004e0e88,0x00473cc0,R
0x00566868,0x00473cc0,R
0x004e0e88,0x00473cc0,R
0x00566868,0x00473cc0,R
0x004e0e88,0x00473cc0,R
0x00566868,0x00473cc0,R
0x004e0e88,0x00473cc0,R
0x00566868,0x00473cc0,R
0x004e0e84,0x00473cc0,R
0x00566950,0x00473cc0,W
0x004e0e88,0x00473cc0,R
0x00566868,0x00473cc0,R
0x004e0e84,0x00473cc0,R
0x00566950,0x00473cc0,W
0x00566920,0x00473e60,A
0x0056692c,0x00473e60,A
0x00566920,0x00473e60,W
0x00566924,0x00473e60,W
0x0056692c,0x00473e60,A
0x0056692c,0x00473e60,A
0x0056692c,0x00473e60,R
0x00566930,0x00473e60,R
0x00566934,0x00473e60,R
0x0056692c,0x00473e60,W
0x00566930,0x00473e60,W
0x00566934,0x00473e60,W
0x00566938,0x00473e60,A
0x00566938,0x00473e60,A
0x00566938,0x00473e60,A
0x00566938,0x00473e60,R
0x0056693c,0x00473e60,R
0x00566940,0x00473e60,R
0x00566938,0x00473e60,W
0x0056693c,0x00473e60,W
0x00566940,0x00473e60,W
0x0056692c,0x00473e60,R
0x00566920,0x00473e60,A
0x005668e8,0x00473e60,A
0x00566920,0x00473e60,R
0x005668e8,0x00473e60,W
0x00566924,0x00473e60,R
0x005668ec,0x00473e60,W
0x005668f0,0x00473e60,R
0x00566900,0x00473e60,R
0x00566924,0x00473e60,R
0x00566900,0x00473e60,W
0x005668fc,0x00473e60,R
0x005668ec,0x00473e60,W
0x00566904,0x00473e60,R
0x00566904,0x00473e60,W
0x0056690c,0x00473e60,A
0x005668f4,0x00473e60,W
0x005668f0,0x00473e60,W
0x005668fc,0x00473e60,W
0x0056690c,0x00473e60,A
0x0056690c,0x00473e60,A
0x0056690c,0x00473e60,R
0x00566910,0x00473e60,R
0x00566914,0x00473e60,R
0x0056690c,0x00473e60,W
0x00566910,0x00473e60,W
0x00566914,0x00473e60,W
0x0056690c,0x00473e60,A
0x0056690c,0x00473e60,A
0x005668e8,0x00473e60,A
0x0056690c,0x00473e60,R
0x005668e8,0x00473e60,R
0x0056690c,0x00473e60,R
0x005668ec,0x00473e60,R
0x0056690c,0x00473e60,R
0x005668f0,0x00473e60,R
0x00566910,0x00473e60,R
0x005668f4,0x00473e60,R
0x00566910,0x00473e60,R
0x005668f8,0x00473e60,R
0x00566910,0x00473e60,R
0x005668fc,0x00473e60,R
0x00566914,0x00473e60,R
0x00566900,0x00473e60,R
0x00566914,0x00473e60,R
0x00566904,0x00473e60,R
0x00566914,0x00473e60,R
0x00566908,0x00473e60,R
0x00566914,0x00473e60,W
0x00566910,0x00473e60,W
0x0056690c,0x00473e60,W
0x00566930,0x00473fc0,R
0x00566924,0x00473fc0,R
0x0056693c,0x00473fc0,R
0x00566948,0x00473fc0,R
0x004d2968,0x00474010,R
0x004d2968,0x00474010,R
0x004d2968,0x00474010,R
0x004d2970,0x00474010,R
0x004d2970,0x00474010,R
0x004d2970,0x00474010,R
0x004d2950,0x00474010,R
0x004d2950,0x00474010,R
0x004d2950,0x00474010,R
0x004e0e84,0x00474010,R
0x00566950,0x00474010,A
0x00566950,0x00474010,W
0x004d2968,0x00474260,R
0x004d2968,0x00474260,R
0x004d2968,0x00474260,R
0x00566918,0x004743e0,W
0x0056691c,0x004743e0,W
0x004d297c,0x00474400,R
0x004d297c,0x00474400,R
0x004d297c,0x00474400,R
0x004d297c,0x00474400,R
0x00566858,0x00474400,W
0x0056685c,0x00474400,W
0x00566838,0x00474400,W
0x00566850,0x00474400,W
0x00566850,0x00474400,R
0x00566854,0x00474400,W
0x00566854,0x00474400,R
0x0056683c,0x00474400,W
0x00566860,0x00474400,W
0x00566864,0x00474400,W
0x00566848,0x00474400,W
0x0056684c,0x00474400,W
0x00566430,0x00474400,W
0x00566434,0x00474400,W
0x005761e0,0x00474400,W
0x005761e4,0x00474400,W
0x00566840,0x00474400,W
0x00566844,0x00474400,W
0x004e0e84,0x004745e0,R
0x00566950,0x004745e0,A
0x00566950,0x004745e0,R
0x004e0e88,0x004745e0,R
0x00566868,0x004745e0,R
0x004e0e84,0x00474670,R
0x00566950,0x00474670,A
0x00566950,0x00474670,R
0x004e0e88,0x00474670,R
0x00566868,0x00474670,R
0x004e0e84,0x00474710,R
0x00566950,0x00474710,R
0x004e0e88,0x00474710,R
0x00566868,0x00474710,R
0x004e0e84,0x004747d0,R
0x00566950,0x004747d0,A
0x00566950,0x004747d0,R
0x004e0e88,0x004747d0,R
0x00566868,0x004747d0,R
0x004d297c,0x00474b20,R
0x00566850,0x00474b20,R
0x005761e0,0x00474b20,R
0x00566854,0x00474b20,R
0x005761e4,0x00474b20,R
0x004d297c,0x00474b70,R
0x00566850,0x00474b70,R
0x005761e0,0x00474b70,R
0x00566854,0x00474b70,R
0x005761e4,0x00474b70,R
0x00566840,0x00474b70,R
0x004d297c,0x00474bc0,R
0x005761e0,0x00474bc0,R
0x00566860,0x00474bc0,R
0x005761e4,0x00474bc0,R
0x00566864,0x00474bc0,R
0x004e0e84,0x00474c20,R
0x00566950,0x00474c20,R
0x004e0e88,0x00474c20,R
0x00566868,0x00474c20,R
0x004d2960,0x00474de0,R
0x004d2960,0x00474de0,R
0x004d2960,0x00474de0,R
0x004d2960,0x00474e10,R
0x004d2998,0x00474e10,R
0x004d2968,0x00474ec0,R
0x004d2968,0x00474f40,R
0x004e0e8c,0x00474fc0,R
0x005669d0,0x00474fc0,W
0x00566438,0x00474fc0,A
0x00566838,0x00474fc0,A
0x004d29a0,0x00474fc0,R
0x00566438,0x00474fc0,W
0x004e0e8c,0x00474fc0,W
0x004d29a4,0x00474fc0,R
0x004d2960,0x00474fc0,R
0x004d2970,0x00474fc0,R
0x004d297c,0x00474fc0,R
0x005669d0,0x00474fc0,R
0x00566438,0x00474fc0,A
0x004d2970,0x00475130,R
0x004d297c,0x00475130,R
0x004d2960,0x00475210,R
0x004d2960,0x00475210,R
0x004d2960,0x00475210,R
0x004d2960,0x00475210,R
0x004d2960,0x00475210,R
0x004d2960,0x00475210,R
0x004d2960,0x004753e0,R
0x004d297c,0x004753e0,R
0x00566860,0x004753e0,R
0x00566864,0x004753e0,R
0x004d2960,0x004753e0,R
0x004d297c,0x004753e0,R
0x00566860,0x004753e0,R
0x00566864,0x004753e0,R
0x00566860,0x004753e0,R
0x00566864,0x004753e0,R
0x004d29b0,0x004757c0,R
0x004d29b8,0x004757c0,R
0x004d29b0,0x004757c0,R
0x004d29b8,0x004757c0,R
0x004d29b0,0x004757c0,R
0x004d29b8,0x004757c0,R
0x004d29c0,0x00475a80,R
0x004d29c0,0x00475a80,R
0x004d29c0,0x00475a80,R
0x004d29c8,0x00475b80,R
0x004d29b8,0x00475b80,R
0x0057d92c,0x00475c40,W
0x0057d930,0x00475c40,W
0x0057d934,0x00475c40,W
0x0056bbe8,0x00475c40,R
0x00576210,0x00475c40,W
0x0057d9e0,0x00475c40,W
0x0057da2c,0x00475c40,W
0x0057da24,0x00475c40,W
0x0057d9e4,0x00475c40,A
0x00576214,0x00475c40,W
0x0057621c,0x00475c40,W
0x00576228,0x00475c40,W
0x00576220,0x00475c40,W
0x0057622c,0x00475c40,W
0x00576234,0x00475c40,W
0x00576238,0x00475c40,W
0x0057624c,0x00475c40,W
0x00576250,0x00475c40,W
0x00576254,0x00475c40,W
0x0057d40c,0x00475c40,W
0x0057d410,0x00475c40,W
0x0057d414,0x00475c40,W
0x0057d418,0x00475c40,W
0x0057d41c,0x00475c40,W
0x0057d420,0x00475c40,W
0x0057d928,0x00475c40,W
0x0057d938,0x00475c40,W
0x0057d93c,0x00475c40,W
0x0057d940,0x00475c40,W
0x0057d944,0x00475c40,W
0x0057d948,0x00475c40,W
0x0057d950,0x00475c40,W
0x0057d954,0x00475c40,W
0x0057d94c,0x00475c40,W
0x0057d958,0x00475c40,W
0x0057d95c,0x00475c40,W
0x0057d960,0x00475c40,W
0x0057d964,0x00475c40,W
0x0057d978,0x00475c40,W
0x0056bbf4,0x00475c40,W
0x0057d978,0x00475c40,W
0x005792bc,0x00475c40,A
0x005762bc,0x00475c40,A
0x0057c2c0,0x00475c40,W
0x0057d980,0x00475c40,W
0x0057d988,0x00475c40,W
0x0057d9a8,0x00475c40,W
0x0057d9ac,0x00475c40,W
0x0057c2bc,0x00475c40,W
0x0057d9b0,0x00475c40,W
0x0057d9b4,0x00475c40,W
0x0057d9b8,0x00475c40,W
0x0057d97c,0x00475c40,W
0x0057d984,0x00475c40,W
0x0057d98c,0x00475c40,W
0x0057d998,0x00475c40,W
0x0057d99c,0x00475c40,W
0x0057cdc4,0x00475c40,W
0x0057cbc4,0x00475c40,A
0x0057d0c8,0x00475c40,W
0x0057d9a0,0x00475c40,W
0x0057d9a4,0x00475c40,W
0x0057d9bc,0x00475c40,W
0x004da834,0x00475c40,A
0x004da888,0x00475c40,A
0x0057d9c0,0x00475c40,W
0x0057d9c0,0x00475c40,W
0x0057d9bc,0x00475c40,A
0x0057da28,0x00475c40,A
0x0056bbe8,0x00475e70,R
0x0057d9e0,0x00475e70,W
0x0057d9c8,0x00475e70,W
0x0057d9c8,0x00475e70,W
0x00576200,0x00475e70,R
0x0057da24,0x00475e70,W
0x0057d9e4,0x00475e70,A
0x00576200,0x00475e70,W
0x004cc5dc,0x00475e70,R
0x00576200,0x00475e70,R
0x00576204,0x00475e70,W
0x00576200,0x00475e70,R
0x0057620c,0x00475e70,W
0x00576204,0x00475e70,R
0x00576200,0x00475e70,R
0x00576204,0x00475e70,R
0x00576208,0x00475e70,W
0x00576200,0x00475f60,R
0x00576208,0x00475f60,R
0x00576204,0x00475f60,R
0x00576208,0x00475f60,R
0x00576200,0x00475fa0,R
0x00576204,0x00475fa0,R
0x004cc5b4,0x00475fa0,R
0x00576204,0x00475fa0,W
0x00576200,0x00475fa0,W
0x00576208,0x00475fa0,W
0x0057620c,0x00475fa0,W
0x00576200,0x00475ff0,R
0x004e0f50,0x00475ff0,A
0x004e0f28,0x00475ff0,A
0x00576200,0x00475ff0,W
0x0056bbe8,0x00476020,R
0x0057d9c8,0x00476020,W
0x0057d40c,0x00476030,W
0x0057d968,0x00476040,W
0x0057d96c,0x00476040,W
0x0057d970,0x00476040,W
0x0057d974,0x00476040,W
0x0057d964,0x00476070,W
0x0057d960,0x00476080,W
0x0057d998,0x00476090,W
0x0057d99c,0x00476090,W
0x0057d990,0x004760b0,W
0x0057d994,0x004760b0,W
0x004e0f8c,0x004760d0,A
0x004e0f28,0x004760d0,A
0x0057628c,0x00476120,W
0x00576290,0x00476120,W
0x00576294,0x00476120,W
0x00576298,0x00476120,W
0x0057629c,0x00476120,W
0x00576254,0x00476120,W
0x005762a0,0x00476120,W
0x0057d930,0x00476170,W
0x0057d930,0x00476180,R
0x0057d948,0x00476190,R
0x0057d944,0x00476190,W
0x004d29f4,0x00476190,R
0x004d2a10,0x00476190,R
0x0057d94c,0x00476190,W
0x0057d944,0x004761d0,R
0x0057d944,0x004761e0,R
0x0057d948,0x004761e0,W
0x004d29f4,0x004761e0,R
0x004d2a10,0x004761e0,R
0x0057d94c,0x004761e0,W
0x0057d954,0x00476220,R
0x0057d950,0x00476220,W
0x004d29f4,0x00476220,R
0x004d2a10,0x00476220,R
0x0057d958,0x00476220,W
0x0057d950,0x00476260,R
0x0057d954,0x00476260,W
0x004d29f4,0x00476260,R
0x004d2a10,0x00476260,R
0x0057d958,0x00476260,W
0x0057d95c,0x004762a0,W
0x0057d934,0x004762b0,W
0x0057d938,0x004762c0,W
0x0057d93c,0x004762c0,W
0x0057d940,0x004762c0,W
0x0056bbe8,0x004762c0,R
0x0057d938,0x004762f0,A
0x0057d978,0x00476300,W
0x0056bbe8,0x00476300,R
0x0056bbf4,0x00476300,W
0x004dd90c,0x00476370,R
0x004dd90c,0x00476400,R
0x0057da28,0x00476400,R
0x0057da29,0x00476400,R
0x0057da2a,0x00476400,R
0x004e0fc0,0x00476460,W
0x004e0fc0,0x00476470,R
0x004e0e84,0x00476480,R
0x00566950,0x00476480,R
0x004e0e88,0x00476480,R
0x00566868,0x00476480,R
0x00576224,0x00476480,R
0x0057623c,0x00476480,R
0x0057623c,0x00476480,R
0x00576244,0x00476480,R
0x00576244,0x00476480,R
0x00576240,0x00476480,R
0x00576240,0x00476480,R
0x00576248,0x00476480,R
0x00576248,0x00476480,R
0x004d2a40,0x00476480,R
0x00576224,0x00476480,R
0x004d2a44,0x00476480,R
0x00576224,0x00476480,R
0x004d2a48,0x00476480,R
0x00576248,0x00476480,R
0x004d2a4c,0x00476480,R
0x0057623c,0x00476480,R
0x004d2a48,0x00476480,R
0x00576234,0x00476480,R
0x0057623c,0x00476480,R
0x004d2a50,0x00476480,R
0x0057c8c4,0x004766a0,W
0x0057c8c8,0x004766a0,W
0x00576258,0x004766a0,A
0x005762ac,0x004766a0,R
0x005762b4,0x004766a0,R
0x005762b0,0x004766a0,R
0x005762b8,0x004766a0,R
0x004e0e84,0x00476700,R
0x00566950,0x00476700,R
0x004e0e88,0x00476700,R
0x00566868,0x00476700,R
0x004d2a54,0x00476700,R
0x0057dae0,0x00476700,R
0x0057dae0,0x00476700,R
0x00576228,0x00476700,R
0x0057dae0,0x00476700,R
0x0057621c,0x00476700,R
0x0057622c,0x00476700,R
0x004d2a58,0x00476700,R
0x00576220,0x00476700,R
0x0057621c,0x00476700,R
0x0057dae0,0x00476700,R
0x00576228,0x00476700,R
0x004d2a58,0x00476700,R
0x004d2a40,0x00476700,R
0x0057dae0,0x00476700,R
0x0057dae0,0x00476700,R
0x0057dae0,0x00476700,R
0x00576220,0x00476700,R
0x004d2a44,0x00476700,R
0x0057622c,0x00476700,R
0x004d2a58,0x00476700,R
0x0057dae0,0x00476700,R
0x0057dae0,0x00476700,R
0x0057dae0,0x00476700,R
0x0057dae0,0x00476700,R
0x004e0e84,0x00476a50,R
0x00566950,0x00476a50,R
0x004e0e88,0x00476a50,R
0x00566868,0x00476a50,R
0x0057d930,0x00476a50,R
0x004d2a60,0x00476a50,R
0x0057d9c0,0x00476a50,R
0x0057d418,0x00476a50,R
0x0057d974,0x00476a50,R
0x004d2a60,0x00476a50,R
0x004d2a68,0x00476a50,R
0x0057d420,0x00476a50,R
0x0057d428,0x00476a50,A
0x004d2a68,0x00476a50,R
0x004d2a68,0x00476a50,R
0x004d2a68,0x00476a50,R
0x004d2a68,0x00476a50,R
0x0057d9c8,0x00476a50,R
0x0057d0cc,0x00476a50,A
0x0057d434,0x00476a50,R
0x0057d448,0x00476a50,R
0x0057d428,0x00476a50,R
0x0057d43c,0x00476a50,R
0x0057d428,0x00476a50,R
0x0057d43c,0x00476a50,R
0x0057d0cc,0x00476a50,R
0x0057d0d0,0x00476a50,R
0x0057d0cc,0x00476a50,R
0x0057d0d0,0x00476a50,R
0x0057d0cc,0x00476a50,R
0x0057d0cc,0x00476a50,R
0x0057d0cc,0x00476a50,R
0x0057d0cc,0x00476a50,R
0x0057d974,0x00476a50,R
0x004d2a60,0x00476a50,R
0x0057d968,0x00476a50,R
0x0057d96c,0x00476a50,R
0x0057d970,0x00476a50,R
0x0057d974,0x00476a50,R
0x004d2a40,0x00476a50,R
0x0057dacc,0x00476cf0,W
0x004d2a70,0x00476cf0,R
0x0057c2bc,0x00476cf0,R
0x0057c2bc,0x00476cf0,R
0x004e0e84,0x00476cf0,R
0x0057c2bc,0x00476cf0,R
0x00566950,0x00476cf0,R
0x004e0e88,0x00476cf0,R
0x00566868,0x00476cf0,R
0x0057c2bc,0x00476cf0,R
0x00576224,0x00476cf0,R
0x0056bbe8,0x00476cf0,R
0x0057623c,0x00476cf0,R
0x00576240,0x00476cf0,R
0x00576244,0x00476cf0,R
0x00576248,0x00476cf0,R
0x0056bc68,0x00476cf0,R
0x0057dacc,0x00476cf0,W
0x0057dacc,0x00476cf0,W
0x00576214,0x00476cf0,R
0x0057dacc,0x00476cf0,W
0x0057dacc,0x00476cf0,W
0x004d2a70,0x00476cf0,R
0x0057c2bc,0x00476cf0,R
0x0057c2bc,0x00476cf0,R
0x004e0e84,0x00476cf0,R
0x0057c2bc,0x00476cf0,R
0x00566950,0x00476cf0,R
0x004e0e88,0x00476cf0,R
0x00566868,0x00476cf0,R
0x0057dac0,0x00476cf0,W
0x0057d978,0x00476cf0,R
0x004d2a44,0x00476cf0,R
0x0057dac4,0x00476cf0,W
0x0056b424,0x00476cf0,R
0x0056b424,0x00476cf0,R
0x00576218,0x00476cf0,W
0x0057c2bc,0x00476cf0,R
0x0057c5c4,0x00476cf0,A
0x0057c5c4,0x00476cf0,W
0x0057c5d0,0x00476cf0,W
0x0057c5c8,0x00476cf0,W
0x0057c5d4,0x00476cf0,W
0x0057c5cc,0x00476cf0,W
0x0057c5d8,0x00476cf0,W
0x0057c5dc,0x00476cf0,R
0x0057c5d0,0x00476cf0,R
0x0057c5e0,0x00476cf0,R
0x0057c5d4,0x00476cf0,R
0x0057c5e4,0x00476cf0,R
0x0057c5d8,0x00476cf0,R
0x0057c5c4,0x00476cf0,R
0x0057c5d0,0x00476cf0,R
0x0057c5c4,0x00476cf0,A
0x0057c5c8,0x00476cf0,R
0x0057c5d4,0x00476cf0,R
0x0057c5cc,0x00476cf0,R
0x0057c5d8,0x00476cf0,R
0x0057c5c4,0x00476cf0,R
0x0057c5c8,0x00476cf0,R
0x0057c5cc,0x00476cf0,R
0x004e0fc0,0x00476cf0,R
0x004e0fc0,0x00476cf0,R
0x0057d9c8,0x00476cf0,R
0x0057d0cc,0x00476cf0,A
0x0057d1cc,0x00476cf0,W
0x0057d1d0,0x00476cf0,W
0x0057d0cc,0x00476cf0,W
0x0057d0d0,0x00476cf0,W
0x0057d9c8,0x00476cf0,R
0x0057d0cc,0x00476cf0,R
0x0057d3cc,0x00476cf0,A
0x0057d3cc,0x00476cf0,A
0x0057cdc4,0x00476cf0,R
0x00576218,0x00476cf0,A
0x0057dac8,0x00476cf0,W
0x0057c8c4,0x00476cf0,A
0x0057c5c4,0x00476cf0,A
0x0057c8c4,0x00476cf0,A
0x004d2a68,0x00476cf0,R
0x0057c8b8,0x00476cf0,A
0x0057c8c8,0x00476cf0,R
0x0057c8d4,0x00476cf0,R
0x0057c8b8,0x00476cf0,A
0x0057c8c4,0x00476cf0,R
0x0057c8bc,0x00476cf0,A
0x0057c8c8,0x00476cf0,R
0x0057c8c4,0x00476cf0,R
0x0057c8d0,0x00476cf0,R
0x0057624c,0x00476cf0,R
0x0057c8c4,0x00476cf0,A
0x0057c8c4,0x00476cf0,R
0x0057c8c8,0x00476cf0,R
0x00576218,0x00476cf0,A
0x0057d960,0x00476cf0,R
0x0057dac0,0x00476cf0,W
0x0057d978,0x00476cf0,R
0x004d2a44,0x00476cf0,R
0x0057dac4,0x00476cf0,W
0x0057cdc4,0x00476cf0,R
0x0057d0cc,0x00476cf0,A
0x0057c5c4,0x00476cf0,A
0x0057c8c4,0x00476cf0,A
0x0057da2c,0x00476cf0,R
0x00576258,0x00476cf0,A
0x00576258,0x00476cf0,A
0x005762ac,0x00476cf0,R
0x005762b4,0x00476cf0,R
0x005762b0,0x00476cf0,R
0x005762b8,0x00476cf0,R
0x0057c8c8,0x00476cf0,A
0x005762ac,0x00476cf0,R
0x0057c8c4,0x00476cf0,R
0x0057c8d0,0x00476cf0,R
0x005762b4,0x00476cf0,R
0x0057c8c4,0x00476cf0,W
0x0057c8d0,0x00476cf0,W
0x005762b0,0x00476cf0,R
0x0057c8c8,0x00476cf0,R
0x0057c8d4,0x00476cf0,R
0x005762b8,0x00476cf0,R
0x0057c8c8,0x00476cf0,W
0x0057c8d4,0x00476cf0,W
0x00576224,0x00476cf0,R
0x0057dac0,0x00476cf0,W
0x0057dac4,0x00476cf0,W
0x0057d960,0x00476cf0,R
0x0057d964,0x00476cf0,R
0x0057cdc4,0x00476cf0,R
0x0057c8c4,0x00476cf0,A
0x0057d960,0x00476cf0,R
0x0057cdc4,0x00476cf0,R
0x0057d0cc,0x00476cf0,A
0x0057c8c4,0x00476cf0,A
0x00576218,0x00476cf0,A
0x0057c8c4,0x00476cf0,A
0x0057c5c4,0x00476cf0,A
0x0057dac8,0x00476cf0,W
0x0057c8c4,0x00476cf0,A
0x004d2a68,0x00476cf0,R
0x0057c8b8,0x00476cf0,A
0x0057c8c8,0x00476cf0,R
0x0057c8d4,0x00476cf0,R
0x0057c8b8,0x00476cf0,A
0x0057c8c4,0x00476cf0,R
0x0057c8bc,0x00476cf0,A
0x0057c8c8,0x00476cf0,R
0x0057c8c4,0x00476cf0,R
0x0057c8d0,0x00476cf0,R
0x0057624c,0x00476cf0,R
0x0057c8c4,0x00476cf0,A
0x0057c8c4,0x00476cf0,R
0x0057c8c8,0x00476cf0,R
0x00576218,0x00476cf0,A
0x0057d960,0x00476cf0,R
0x0057d964,0x00476cf0,R
0x0057dac0,0x00476cf0,W
0x0057d978,0x00476cf0,R
0x004d2a44,0x00476cf0,R
0x0057dac4,0x00476cf0,W
0x0057cdc4,0x00476cf0,R
0x0057c5c4,0x00476cf0,A
0x0057c8c4,0x00476cf0,A
0x0057da2c,0x00476cf0,R
0x00576258,0x00476cf0,A
0x00576258,0x00476cf0,A
0x005762ac,0x00476cf0,R
0x005762b4,0x00476cf0,R
0x005762b0,0x00476cf0,R
0x005762b8,0x00476cf0,R
0x0057c8c8,0x00476cf0,A
0x005762ac,0x00476cf0,R
0x0057c8c4,0x00476cf0,R
0x0057c8d0,0x00476cf0,R
0x005762b4,0x00476cf0,R
0x0057c8c4,0x00476cf0,W
0x0057c8d0,0x00476cf0,W
0x005762b0,0x00476cf0,R
0x0057c8c8,0x00476cf0,R
0x0057c8d4,0x00476cf0,R
0x005762b8,0x00476cf0,R
0x0057c8c8,0x00476cf0,W
0x0057c8d4,0x00476cf0,W
0x00576224,0x00476cf0,R
0x0057dac0,0x00476cf0,W
0x0057d960,0x00476cf0,R
0x0057dac4,0x00476cf0,W
0x0057d964,0x00476cf0,R
0x0057cdc4,0x00476cf0,R
0x0057c8c4,0x00476cf0,A
0x004d2a40,0x00476cf0,R
0x00576218,0x00476cf0,A
0x0057c8c4,0x00476cf0,A
0x0057c5c4,0x00476cf0,A
0x0057dac8,0x00476cf0,W
0x0057c8c4,0x00476cf0,A
0x004d2a68,0x00476cf0,R
0x0057c8b8,0x00476cf0,A
0x0057c8c8,0x00476cf0,R
0x0057c8d4,0x00476cf0,R
0x0057c8b8,0x00476cf0,A
0x0057c8c4,0x00476cf0,R
0x0057c8bc,0x00476cf0,A
0x0057c8c8,0x00476cf0,R
0x0057c8c4,0x00476cf0,R
0x0057c8d0,0x00476cf0,R
0x0057624c,0x00476cf0,R
0x0057c8c4,0x00476cf0,A
0x0057c8c4,0x00476cf0,R
0x0057c8c8,0x00476cf0,R
0x00576218,0x00476cf0,A
0x0057d960,0x00476cf0,R
0x0057dac0,0x00476cf0,W
0x0057d978,0x00476cf0,R
0x004d2a44,0x00476cf0,R
0x0057dac4,0x00476cf0,W
0x0057d964,0x00476cf0,R
0x0057c8c4,0x00476cf0,A
0x0057da2c,0x00476cf0,R
0x00576258,0x00476cf0,A
0x00576258,0x00476cf0,A
0x005762ac,0x00476cf0,R
0x005762b4,0x00476cf0,R
0x005762b0,0x00476cf0,R
0x005762b8,0x00476cf0,R
0x0057c8c8,0x00476cf0,A
0x005762ac,0x00476cf0,R
0x0057c8c4,0x00476cf0,R
0x0057c8d0,0x00476cf0,R
0x005762b4,0x00476cf0,R
0x0057c8c4,0x00476cf0,W
0x0057c8d0,0x00476cf0,W
0x005762b0,0x00476cf0,R
0x0057c8c8,0x00476cf0,R
0x0057c8d4,0x00476cf0,R
0x005762b8,0x00476cf0,R
0x0057c8c8,0x00476cf0,W
0x0057c8d4,0x00476cf0,W
0x00576224,0x00476cf0,R
0x0057dac0,0x00476cf0,W
0x0057d960,0x00476cf0,R
0x0057dac4,0x00476cf0,W
0x0057d964,0x00476cf0,R
0x0057c8c4,0x00476cf0,A
0x0057dacc,0x00477b30,W
0x004d2a70,0x00477b30,R
0x0057c2bc,0x00477b30,R
0x0057c2bc,0x00477b30,R
0x004e0e84,0x00477b30,R
0x0057c2bc,0x00477b30,R
0x00566950,0x00477b30,R
0x004e0e88,0x00477b30,R
0x00566868,0x00477b30,R
0x0057c2bc,0x00477b30,R
0x00576224,0x00477b30,R
0x0056bbe8,0x00477b30,R
0x0057623c,0x00477b30,R
0x00576240,0x00477b30,R
0x00576244,0x00477b30,R
0x00576248,0x00477b30,R
0x0056bc68,0x00477b30,R
0x0057dacc,0x00477b30,W
0x0057dacc,0x00477b30,W
0x00576214,0x00477b30,R
0x0057dacc,0x00477b30,W
0x0057dacc,0x00477b30,W
0x004d2a70,0x00477b30,R
0x0057c2bc,0x00477b30,R
0x0057c2bc,0x00477b30,R
0x004e0e84,0x00477b30,R
0x0057c2bc,0x00477b30,R
0x00566950,0x00477b30,R
0x004e0e88,0x00477b30,R
0x00566868,0x00477b30,R
0x0057d40c,0x00477b30,R
0x004e0e84,0x00477b30,R
0x0057c2c0,0x00477b30,R
0x00566950,0x00477b30,R
0x004e0e88,0x00477b30,R
0x00566868,0x00477b30,R
0x0057c2c0,0x00477b30,R
0x0056b424,0x00477b30,R
0x0056b424,0x00477b30,R
0x00576218,0x00477b30,W
0x0057c2bc,0x00477b30,R
0x0057c5c4,0x00477b30,A
0x0057c5c4,0x00477b30,W
0x0057c5d0,0x00477b30,W
0x0057c5c8,0x00477b30,W
0x0057c5d4,0x00477b30,W
0x0057c5cc,0x00477b30,W
0x0057c5d8,0x00477b30,W
0x0057c5dc,0x00477b30,R
0x0057c5d0,0x00477b30,R
0x0057c5e0,0x00477b30,R
0x0057c5d4,0x00477b30,R
0x0057c5e4,0x00477b30,R
0x0057c5d8,0x00477b30,R
0x0057c5c4,0x00477b30,R
0x0057c5d0,0x00477b30,R
0x0057c5c4,0x00477b30,A
0x0057c5c8,0x00477b30,R
0x0057c5d4,0x00477b30,R
0x0057c5cc,0x00477b30,R
0x0057c5d8,0x00477b30,R
0x0057c5c4,0x00477b30,R
0x0057c5c8,0x00477b30,R
0x0057c5cc,0x00477b30,R
0x004e0fc0,0x00477b30,R
0x004e0fc0,0x00477b30,R
0x0057d40c,0x00477b30,R
0x0057c2c0,0x00477b30,R
0x0057cdc8,0x00477b30,A
0x0057d0c8,0x00477b30,W
0x0057cdc8,0x00477b30,W
0x0057cdd4,0x00477b30,W
0x0057cdcc,0x00477b30,W
0x0057cdd8,0x00477b30,W
0x0057cdd0,0x00477b30,W
0x0057cddc,0x00477b30,W
0x0057d0c8,0x00477b30,W
0x0057d0cc,0x00477b30,A
0x0057d1cc,0x00477b30,W
0x0057d1d0,0x00477b30,W
0x0057d0cc,0x00477b30,W
0x0057d0d0,0x00477b30,W
0x0057d0cc,0x00477b30,A
0x0057d1cc,0x00477b30,W
0x0057d1d0,0x00477b30,W
0x0057d0cc,0x00477b30,W
0x0057d0d0,0x00477b30,W
0x0057cdc4,0x00477b30,R
0x00576218,0x00477b30,A
0x0057d1cc,0x00477b30,A
0x0057d0cc,0x00477b30,R
0x0057d0cc,0x00477b30,A
0x0057d0d0,0x00477b30,A
0x0057d1cc,0x00477b30,R
0x0057d1cc,0x00477b30,A
0x0057d1d0,0x00477b30,A
0x0057d2cc,0x00477b30,R
0x0057d2cc,0x00477b30,A
0x0057d2d0,0x00477b30,A
0x0057c8c4,0x00477b30,A
0x0057c5c4,0x00477b30,A
0x0057c8cc,0x00477b30,A
0x0057cdc4,0x00477b30,R
0x0057c8cc,0x00477b30,R
0x0057c8d8,0x00477b30,R
0x0057cdc4,0x00477b30,R
0x0057c8cc,0x00477b30,R
0x0057c8d8,0x00477b30,R
0x00576218,0x00477b30,A
0x0057d1cc,0x00477b30,A
0x0057d0cc,0x00477b30,R
0x0057d0cc,0x00477b30,A
0x0057d0d0,0x00477b30,A
0x0057d1cc,0x00477b30,R
0x0057d1cc,0x00477b30,A
0x0057d1d0,0x00477b30,A
0x0057d2cc,0x00477b30,R
0x0057d2cc,0x00477b30,A
0x0057d2d0,0x00477b30,A
0x0057cdc4,0x00477b30,R
0x0057c8cc,0x00477b30,A
0x004d2a40,0x00477b30,R
0x0057c8cc,0x00477b30,R
0x0057c8d8,0x00477b30,R
0x0057d978,0x00477b30,R
0x004d2a44,0x00477b30,R
0x0057c8cc,0x00477b30,A
0x0057c8cc,0x00477b30,R
0x0057c8d8,0x00477b30,R
0x0057c8cc,0x00477b30,W
0x0057c8d8,0x00477b30,W
0x0057d0c8,0x00477b30,R
0x0057d960,0x00477b30,R
0x0057d964,0x00477b30,R
0x0057c8c4,0x00477b30,A
0x0057d2cc,0x00477b30,A
0x0057d2cc,0x00477b30,A
0x0057d0cc,0x00477b30,A
0x0057d1cc,0x00477b30,A
0x0056bc64,0x00477b30,R
0x0057d960,0x00477b30,R
0x0057d964,0x00477b30,R
0x0057c8c4,0x00477b30,A
0x0057d2cc,0x00477b30,A
0x0057d2cc,0x00477b30,A
0x0057d0cc,0x00477b30,A
0x0057d1cc,0x00477b30,A
0x0056bc60,0x00477b30,R
0x0057da2c,0x00477b30,R
0x00576258,0x00477b30,A
0x00576258,0x00477b30,A
0x0057d1cc,0x00477b30,A
0x0057d0cc,0x00477b30,R
0x0057d0cc,0x00477b30,A
0x0057d0d0,0x00477b30,A
0x0057d1cc,0x00477b30,R
0x0057d1cc,0x00477b30,A
0x0057d1d0,0x00477b30,A
0x0057d2cc,0x00477b30,R
0x0057d2cc,0x00477b30,A
0x0057d2d0,0x00477b30,A
0x0057c8c8,0x00477b30,A
0x004d2a40,0x00477b30,R
0x0057c8cc,0x00477b30,R
0x0057c8d8,0x00477b30,R
0x005762ac,0x00477b30,R
0x0057c8c4,0x00477b30,R
0x0057c8d0,0x00477b30,R
0x005762b4,0x00477b30,R
0x0057c8c4,0x00477b30,W
0x0057c8d0,0x00477b30,W
0x005762b0,0x00477b30,R
0x0057c8c8,0x00477b30,R
0x0057c8d4,0x00477b30,R
0x005762b8,0x00477b30,R
0x0057c8c8,0x00477b30,W
0x0057c8d4,0x00477b30,W
0x004d2a44,0x00477b30,R
0x00576224,0x00477b30,R
0x0057c8cc,0x00477b30,R
0x0057c8d8,0x00477b30,R
0x0057c8cc,0x00477b30,W
0x0057cdc4,0x00477b30,R
0x0057d960,0x00477b30,R
0x0057d964,0x00477b30,R
0x0057d0cc,0x00477b30,A
0x0057d1cc,0x00477b30,A
0x0057c8c4,0x00477b30,A
0x0056bc60,0x00477b30,R
0x00576218,0x00477b30,A
0x0057c8c4,0x00477b30,A
0x0057c5c4,0x00477b30,A
0x0057c8cc,0x00477b30,A
0x0057cdc4,0x00477b30,R
0x0057c8cc,0x00477b30,R
0x0057c8d8,0x00477b30,R
0x0057cdc4,0x00477b30,R
0x0057c8cc,0x00477b30,R
0x0057c8d8,0x00477b30,R
0x00576218,0x00477b30,A
0x0057cdc4,0x00477b30,R
0x0057c8cc,0x00477b30,A
0x004d2a40,0x00477b30,R
0x0057c8cc,0x00477b30,R
0x0057c8d8,0x00477b30,R
0x0057d978,0x00477b30,R
0x004d2a44,0x00477b30,R
0x0057c8cc,0x00477b30,A
0x0057c8cc,0x00477b30,R
0x0057c8d8,0x00477b30,R
0x0057c8cc,0x00477b30,W
0x0057c8d8,0x00477b30,W
0x0057d960,0x00477b30,R
0x0057d964,0x00477b30,R
0x0057c8c4,0x00477b30,A
0x0056bc5c,0x00477b30,R
0x0057da2c,0x00477b30,R
0x00576258,0x00477b30,A
0x00576258,0x00477b30,A
0x0057c8c8,0x00477b30,A
0x004d2a40,0x00477b30,R
0x0057c8cc,0x00477b30,R
0x0057c8d8,0x00477b30,R
0x005762ac,0x00477b30,R
0x0057c8c4,0x00477b30,R
0x0057c8d0,0x00477b30,R
0x005762b4,0x00477b30,R
0x0057c8c4,0x00477b30,W
0x0057c8d0,0x00477b30,W
0x005762b0,0x00477b30,R
0x0057c8c8,0x00477b30,R
0x0057c8d4,0x00477b30,R
0x005762b8,0x00477b30,R
0x0057c8c8,0x00477b30,W
0x0057c8d4,0x00477b30,W
0x004d2a44,0x00477b30,R
0x00576224,0x00477b30,R
0x0057c8cc,0x00477b30,R
0x0057c8d8,0x00477b30,R
0x0057c8cc,0x00477b30,W
0x0057cdc4,0x00477b30,R
0x0057d960,0x00477b30,R
0x0057d964,0x00477b30,R
0x0057c8c4,0x00477b30,A
0x0056bc5c,0x00477b30,R
0x00576218,0x00477b30,A
0x0057c8c4,0x00477b30,A
0x0057c5c4,0x00477b30,A
0x00576218,0x00477b30,A
0x0057d978,0x00477b30,R
0x004d2a44,0x00477b30,R
0x0057c8cc,0x00477b30,A
0x0057c8cc,0x00477b30,R
0x0057c8d8,0x00477b30,R
0x0057c8cc,0x00477b30,W
0x0057c8d8,0x00477b30,W
0x0057d960,0x00477b30,R
0x0057d964,0x00477b30,R
0x0057c8c4,0x00477b30,A
0x0057d2cc,0x00477b30,A
0x0057d2cc,0x00477b30,A
0x0057d0cc,0x00477b30,A
0x0057d1cc,0x00477b30,A
0x0056bc58,0x00477b30,R
0x00576218,0x00477b30,A
0x0057c8c4,0x00477b30,A
0x0057c5c4,0x00477b30,A
0x00576218,0x00477b30,A
0x0057d978,0x00477b30,R
0x004d2a44,0x00477b30,R
0x0057c8cc,0x00477b30,A
0x0057c8cc,0x00477b30,R
0x0057c8d8,0x00477b30,R
0x0057c8cc,0x00477b30,W
0x0057c8d8,0x00477b30,W
0x0057d960,0x00477b30,R
0x0057d964,0x00477b30,R
0x0057c8c4,0x00477b30,A
0x0056bc50,0x00477b30,R
0x0057da2c,0x00477b30,R
0x00576258,0x00477b30,A
0x00576258,0x00477b30,A
0x0057c8c8,0x00477b30,A
0x005762ac,0x00477b30,R
0x0057c8c4,0x00477b30,R
0x0057c8d0,0x00477b30,R
0x005762b4,0x00477b30,R
0x0057c8c4,0x00477b30,W
0x0057c8d0,0x00477b30,W
0x005762b0,0x00477b30,R
0x0057c8c8,0x00477b30,R
0x0057c8d4,0x00477b30,R
0x005762b8,0x00477b30,R
0x0057c8c8,0x00477b30,W
0x0057c8d4,0x00477b30,W
0x004d2a44,0x00477b30,R
0x00576224,0x00477b30,R
0x0057c8cc,0x00477b30,R
0x0057c8d8,0x00477b30,R
0x0057c8cc,0x00477b30,W
0x0057c8d8,0x00477b30,W
0x0057d960,0x00477b30,R
0x0057d964,0x00477b30,R
0x0057c8c4,0x00477b30,A
0x0056bc50,0x00477b30,R
0x00576214,0x00478c70,R
0x00576214,0x00478c70,R
0x00576214,0x00478c70,R
0x00576214,0x00478c70,R
0x00576214,0x00478c70,R
0x00576214,0x00478c70,R
0x00576214,0x00478c70,R
0x00576214,0x00478c70,R
0x00576214,0x00478c70,R
0x0056bbd8,0x00478fc0,R
0x004e0e84,0x00479020,R
0x00566950,0x00479020,R
0x004e0e88,0x00479020,R
0x00566868,0x00479020,R
0x00576224,0x00479020,R
0x0056bbe8,0x00479020,R
0x0057623c,0x00479020,R
0x00576240,0x00479020,R
0x00576244,0x00479020,R
0x00576248,0x00479020,R
0x0056bbe8,0x00479020,R
0x0057d978,0x00479020,R
0x004d2a44,0x00479020,R
0x0056bc68,0x00479020,R
0x0056bbe8,0x004791c0,R
0x004d2a68,0x004791c0,R
0x004d2a68,0x004791c0,R
0x0056b424,0x004791c0,R
0x0056b424,0x004791c0,R
0x004cc504,0x004791c0,R
0x004cc504,0x004791c0,R
0x004cc500,0x004791c0,R
0x004cc500,0x004791c0,R
0x004d2a68,0x004791c0,R
0x0056b424,0x004791c0,R
0x004cc504,0x004791c0,R
0x004cc500,0x004791c0,R
0x004d2a68,0x004791c0,R
0x0056b424,0x004791c0,R
0x004cc504,0x004791c0,R
0x004cc500,0x004791c0,R
0x0057d9b4,0x00479660,R
0x004d2a78,0x00479660,R
0x004d2a40,0x00479660,R
0x004d2a78,0x00479660,R
0x0057d9b4,0x00479660,W
0x0057d9b8,0x00479660,R
0x004d2a78,0x00479660,R
0x004d2a40,0x00479660,R
0x004d2a78,0x00479660,R
0x0057d9b8,0x00479660,W
0x0057d9b4,0x00479660,R
0x004d2a7c,0x00479660,R
0x004d2a44,0x00479660,R
0x004d2a7c,0x00479660,R
0x0057d9b4,0x00479660,W
0x004d2a7c,0x00479660,R
0x004d2a44,0x00479660,R
0x004d2a7c,0x00479660,R
0x0057d9b8,0x00479660,W
0x0057d9a4,0x00479660,R
0x0057d9a8,0x00479660,A
0x0056bc0c,0x00479660,R
0x0057de38,0x00479660,R
0x0056bc10,0x00479660,R
0x0056bc18,0x00479660,R
0x0057d9a4,0x00479c50,W
0x0057d9a4,0x00479c60,R
0x0057d9a0,0x00479c60,W
0x0057d9a8,0x00479c60,A
0x0057d9a0,0x00479c80,R
0x0057d9b4,0x00479c90,W
0x0057d9b8,0x00479c90,W
0x0057d9a0,0x00479cb0,W
0x0057d9a8,0x00479cc0,A
0x0057d9a8,0x00479cc0,R
0x0057d9ac,0x00479cc0,R
0x0057d9b4,0x00479cc0,A
0x00576214,0x00479ce0,W
0x004d2a80,0x00479ce0,R
0x00576214,0x00479ce0,R
0x0056bbe8,0x00479ce0,R
0x00576224,0x00479ce0,W
0x004d2a8c,0x00479ce0,R
0x00576224,0x00479ce0,R
0x00576214,0x00479ce0,R
0x00576230,0x00479ce0,W
0x00576214,0x00479ce0,R
0x0056bbe8,0x00479ce0,R
0x004d2a90,0x00479ce0,R
0x004d2a90,0x00479ce0,R
0x0057621c,0x00479ce0,W
0x00576228,0x00479ce0,W
0x00576234,0x00479ce0,W
0x00576220,0x00479ce0,W
0x004d2a94,0x00479ce0,R
0x004d2a94,0x00479ce0,R
0x004d2a94,0x00479ce0,R
0x004d2a94,0x00479ce0,R
0x004d2a98,0x00479ce0,R
0x0057621c,0x00479ce0,W
0x004d2a9c,0x00479ce0,R
0x004d2aa0,0x00479ce0,R
0x004d2a98,0x00479ce0,R
0x004d2a9c,0x00479ce0,R
0x004d2aa0,0x00479ce0,R
0x00576228,0x00479ce0,W
0x00576234,0x00479ce0,W
0x00576220,0x00479ce0,W
0x0057622c,0x00479ce0,W
0x00576238,0x00479ce0,W
0x00576214,0x00479ce0,R
0x0057623c,0x00479ce0,W
0x00576240,0x00479ce0,W
0x004d2aa0,0x00479ce0,R
0x00576244,0x00479ce0,W
0x004d2aa0,0x00479ce0,R
0x00576248,0x00479ce0,W
0x004d2aa4,0x00479ce0,R
0x004d2aa4,0x00479ce0,R
0x00576214,0x00479ce0,R
0x00576258,0x00479f90,W
0x0057625c,0x00479f90,W
0x00576268,0x00479f90,W
0x00576268,0x00479f90,R
0x00576260,0x00479f90,W
0x00576274,0x00479f90,W
0x0057621c,0x00479f90,R
0x0057626c,0x00479f90,W
0x00576278,0x00479f90,W
0x0057628c,0x00479f90,R
0x00576220,0x00479f90,R
0x005762a4,0x00479f90,W
0x00576290,0x00479f90,R
0x005762a8,0x00479f90,W
0x0057629c,0x00479f90,R
0x005762ac,0x00479f90,W
0x005762a0,0x00479f90,R
0x005762b0,0x00479f90,W
0x004d2aa4,0x00479f90,R
0x004d2aa4,0x00479f90,R
0x005669e4,0x00479f90,R
0x00576260,0x00479f90,R
0x0057625c,0x00479f90,R
0x005762ac,0x00479f90,R
0x005762b0,0x00479f90,R
0x0057628c,0x00479f90,R
0x00576290,0x00479f90,R
0x005762b4,0x00479f90,W
0x005762b8,0x00479f90,W
0x00576260,0x00479f90,R
0x0057625c,0x00479f90,R
0x005762ac,0x00479f90,R
0x005762b0,0x00479f90,R
0x0057628c,0x00479f90,R
0x00576290,0x00479f90,R
0x005762b4,0x00479f90,W
0x005762b8,0x00479f90,W
0x0057c5cc,0x0047a200,A
0x0057c5cc,0x0047a200,R
0x0057c5d8,0x0047a200,R
0x0057c5cc,0x0047a200,A
0x0057c5cc,0x0047a200,R
0x0057c5d8,0x0047a200,R
0x0057c5cc,0x0047a200,R
0x0057c5cc,0x0047a200,R
0x0057c5d8,0x0047a200,R
0x0057c5c4,0x0047a200,A
0x0057c5c4,0x0047a200,R
0x0057c5d0,0x0047a200,R
0x0057c5c8,0x0047a200,R
0x0057c5d4,0x0047a200,R
0x0057c5cc,0x0047a200,R
0x0057c5d8,0x0047a200,R
0x0057c5cc,0x0047a200,R
0x0057c5d8,0x0047a200,R
0x0057c5cc,0x0047a200,R
0x0057c5d8,0x0047a200,R
0x0057c5d8,0x0047a200,R
0x0057c5cc,0x0047a200,R
0x0057c5cc,0x0047a200,R
0x0057c5d0,0x0047a200,R
0x0057c5d4,0x0047a200,R
0x0057c5c4,0x0047a200,R
0x0057c5c8,0x0047a200,R
0x0057c5c4,0x0047a200,R
0x0057c5c8,0x0047a200,R
0x0057c5cc,0x0047a200,R
0x0057c5d8,0x0047a200,R
0x0057c5cc,0x0047a200,R
0x0057c5d8,0x0047a200,R
0x0057c5cc,0x0047a200,R
0x0057c5d0,0x0047a200,R
0x0057c5c4,0x0047a200,R
0x0057c5c4,0x0047a200,R
0x0057c5d4,0x0047a200,R
0x0057c5c8,0x0047a200,R
0x0057c5c8,0x0047a200,R
0x0057c5d0,0x0047a200,R
0x0057c5d4,0x0047a200,R
0x0057c5d8,0x0047a200,R
0x0057c5c4,0x0047a200,A
0x0057c5c4,0x0047a200,W
0x0057c5c8,0x0047a200,W
0x0057c5c8,0x0047a200,W
0x0057c5c9,0x0047a200,W
0x0057c5cc,0x0047a4e0,A
0x0057c5cc,0x0047a4e0,R
0x0057c5d8,0x0047a4e0,R
0x0057c5cc,0x0047a4e0,A
0x0057c5cc,0x0047a4e0,R
0x0057c5d8,0x0047a4e0,R
0x0057c5cc,0x0047a4e0,R
0x0057c5cc,0x0047a4e0,R
0x0057c5d8,0x0047a4e0,R
0x0057c5c4,0x0047a4e0,A
0x0057c5c4,0x0047a4e0,R
0x0057c5d0,0x0047a4e0,R
0x0057c5c8,0x0047a4e0,R
0x0057c5d4,0x0047a4e0,R
0x0057d1cc,0x0047a4e0,R
0x0057c5cc,0x0047a4e0,R
0x0057d0cc,0x0047a4e0,R
0x0057d2cc,0x0047a4e0,R
0x0057c5cc,0x0047a4e0,R
0x0057c5d8,0x0047a4e0,R
0x0057c5cc,0x0047a4e0,R
0x0057c5d8,0x0047a4e0,R
0x0057c5d8,0x0047a4e0,R
0x0057c5cc,0x0047a4e0,R
0x0057c5cc,0x0047a4e0,R
0x0057c5d0,0x0047a4e0,R
0x0057c5d4,0x0047a4e0,R
0x0057d0d0,0x0047a4e0,R
0x0057d1d0,0x0047a4e0,R
0x0057c5c4,0x0047a4e0,R
0x0057d2d0,0x0047a4e0,R
0x0057c5c8,0x0047a4e0,R
0x0057d0cc,0x0047a4e0,A
0x0057d1cc,0x0047a4e0,A
0x0057d2cc,0x0047a4e0,A
0x0057c5c4,0x0047a4e0,R
0x0057c5c8,0x0047a4e0,R
0x0057d0cc,0x0047a4e0,A
0x0057d1cc,0x0047a4e0,A
0x0057d2cc,0x0047a4e0,A
0x0057c5cc,0x0047a4e0,R
0x0057c5d8,0x0047a4e0,R
0x0057c5d8,0x0047a4e0,R
0x0057c5cc,0x0047a4e0,R
0x0057c5cc,0x0047a4e0,R
0x0057d0d0,0x0047a4e0,R
0x0057c5d0,0x0047a4e0,A
0x0057c5d0,0x0047a4e0,R
0x0057d1d0,0x0047a4e0,R
0x0057c5d4,0x0047a4e0,R
0x0057d2d0,0x0047a4e0,R
0x0057c5d8,0x0047a4e0,R
0x0057c5d0,0x0047a4e0,A
0x0057c5d0,0x0047a4e0,R
0x0057c5c4,0x0047a4e0,A
0x0057c5d4,0x0047a4e0,R
0x0057c5c8,0x0047a4e0,A
0x0057d0d0,0x0047a4e0,R
0x0057d1d0,0x0047a4e0,R
0x0057d2d0,0x0047a4e0,R
0x0057d0cc,0x0047a4e0,A
0x0057d1cc,0x0047a4e0,A
0x0057d2cc,0x0047a4e0,A
0x0057c5c4,0x0047a4e0,A
0x0057c5c8,0x0047a4e0,A
0x0057d0cc,0x0047a4e0,A
0x0057d1cc,0x0047a4e0,A
0x0057d2cc,0x0047a4e0,A
0x0057c5c4,0x0047a4e0,A
0x0057c5c4,0x0047a4e0,W
0x0057c5c8,0x0047a4e0,W
0x0057c5c8,0x0047a4e0,W
0x0057c5c9,0x0047a4e0,W
0x0057d0cc,0x0047a4e0,A
0x0057d0cc,0x0047a4e0,W
0x0057d0d0,0x0047a4e0,W
0x0057d0d0,0x0047a4e0,W
0x0057d0d1,0x0047a4e0,W
0x0057d1cc,0x0047a4e0,A
0x0057d1cc,0x0047a4e0,W
0x0057d1d0,0x0047a4e0,W
0x0057d1d0,0x0047a4e0,W
0x0057d1d1,0x0047a4e0,W
0x0057d2cc,0x0047a4e0,A
0x0057d2cc,0x0047a4e0,W
0x0057d2d0,0x0047a4e0,W
0x0057d2d0,0x0047a4e0,W
0x0057d2d1,0x0047a4e0,W
0x0057c5cc,0x0047aa80,A
0x0057c5cc,0x0047aa80,R
0x0057c5d8,0x0047aa80,R
0x0057c5cc,0x0047aa80,A
0x0057c5cc,0x0047aa80,R
0x0057c5d8,0x0047aa80,R
0x0057cdc4,0x0047aa80,R
0x0057c5cc,0x0047aa80,R
0x0057c5cc,0x0047aa80,R
0x0057c5d8,0x0047aa80,R
0x0057c5c4,0x0047aa80,A
0x0057c5c4,0x0047aa80,R
0x0057c5d0,0x0047aa80,R
0x0057c5c8,0x0047aa80,R
0x0057c5d4,0x0047aa80,R
0x0057c5cc,0x0047aa80,R
0x0057c5cc,0x0047aa80,R
0x0057c5d8,0x0047aa80,R
0x0057c5cc,0x0047aa80,R
0x0057c5d8,0x0047aa80,R
0x0057c5d8,0x0047aa80,R
0x0057c5cc,0x0047aa80,R
0x0057c5cc,0x0047aa80,R
0x0057c5d0,0x0047aa80,R
0x0057cdc4,0x0047aa80,R
0x0057cdc4,0x0047aa80,R
0x0057c5d4,0x0047aa80,R
0x0057c5c4,0x0047aa80,R
0x0057c5c8,0x0047aa80,R
0x0057c5c4,0x0047aa80,R
0x0057cdc4,0x0047aa80,R
0x0057c5c8,0x0047aa80,R
0x0057c5cc,0x0047aa80,R
0x0057c5d8,0x0047aa80,R
0x0057c5d8,0x0047aa80,R
0x0057c5cc,0x0047aa80,R
0x0057c5cc,0x0047aa80,R
0x0057cdc4,0x0047aa80,R
0x0057c5d0,0x0047aa80,A
0x0057c5d0,0x0047aa80,R
0x0057c5d4,0x0047aa80,R
0x0057c5d8,0x0047aa80,R
0x0057c5d0,0x0047aa80,A
0x0057c5d0,0x0047aa80,R
0x0057c5c4,0x0047aa80,R
0x0057c5d4,0x0047aa80,R
0x0057cdc4,0x0047aa80,R
0x0057c5c8,0x0047aa80,R
0x0057c5c4,0x0047aa80,A
0x0057c5c8,0x0047aa80,A
0x0057cdc4,0x0047aa80,R
0x0057c5c4,0x0047aa80,A
0x0057c5c4,0x0047aa80,W
0x0057c5c8,0x0047aa80,W
0x0057c5c8,0x0047aa80,W
0x0057c5c9,0x0047aa80,W
0x0057cdc4,0x0047aa80,R
0x0057c5cc,0x0047af60,A
0x0057c5cc,0x0047af60,R
0x0057c5d8,0x0047af60,R
0x0057c5cc,0x0047af60,A
0x0057c5cc,0x0047af60,R
0x0057c5d8,0x0047af60,R
0x0057cdc4,0x0047af60,R
0x0057c5cc,0x0047af60,R
0x0057c5cc,0x0047af60,R
0x0057c5d8,0x0047af60,R
0x0057c5c4,0x0047af60,A
0x0057c5c4,0x0047af60,R
0x0057c5d0,0x0047af60,R
0x0057c5c8,0x0047af60,R
0x0057c5d4,0x0047af60,R
0x0057c5cc,0x0047af60,R
0x0057d0cc,0x0047af60,A
0x0057c5cc,0x0047af60,R
0x0057c5d8,0x0047af60,R
0x0057c5cc,0x0047af60,R
0x0057c5d8,0x0047af60,R
0x0057c5d8,0x0047af60,R
0x0057c5cc,0x0047af60,R
0x0057c5cc,0x0047af60,R
0x0057c5d0,0x0047af60,R
0x0057cdc4,0x0047af60,R
0x0057cdc4,0x0047af60,R
0x0057c5d4,0x0047af60,R
0x0057c5c4,0x0047af60,R
0x0057d0cc,0x0047af60,A
0x0057c5c8,0x0047af60,R
0x0057d0cc,0x0047af60,A
0x0057c5c4,0x0047af60,R
0x0057cdc4,0x0047af60,R
0x0057c5c8,0x0047af60,R
0x0057d0cc,0x0047af60,A
0x0057c5cc,0x0047af60,R
0x0057c5d8,0x0047af60,R
0x0057cdc4,0x0047af60,R
0x0057c5d8,0x0047af60,R
0x0057c5cc,0x0047af60,R
0x0057c5cc,0x0047af60,R
0x0057c5d0,0x0047af60,A
0x0057d0cc,0x0047af60,A
0x0057c5d0,0x0047af60,A
0x0057c5d0,0x0047af60,R
0x0057c5d4,0x0047af60,R
0x0057c5d8,0x0047af60,R
0x0057c5d0,0x0047af60,R
0x0057c5c4,0x0047af60,R
0x0057c5d4,0x0047af60,R
0x0057c5c8,0x0047af60,R
0x0057cdc4,0x0047af60,R
0x0057d0cc,0x0047af60,A
0x0057d0cc,0x0047af60,A
0x0057c5c4,0x0047af60,A
0x0057c5c8,0x0047af60,A
0x0057cdc4,0x0047af60,R
0x0057d0cc,0x0047af60,A
0x0057c5c4,0x0047af60,A
0x0057c5c4,0x0047af60,W
0x0057c5c8,0x0047af60,W
0x0057c5c8,0x0047af60,W
0x0057c5c9,0x0047af60,W
0x0057cdc4,0x0047af60,R
0x0057d0cc,0x0047af60,A
0x0057d0cc,0x0047af60,W
0x0057d0d0,0x0047af60,W
0x0057d0d0,0x0047af60,W
0x0057d0d1,0x0047af60,W
0x0057c8c4,0x0047b540,R
0x0057c8c4,0x0047b540,R
0x0057c8d0,0x0047b540,R
0x0057c8c4,0x0047b540,R
0x0057c8d0,0x0047b540,R
0x0057c8c8,0x0047b540,R
0x0057c8d4,0x0047b540,R
0x0057c8cc,0x0047b540,R
0x0057c8c4,0x0047b540,R
0x0057c8d0,0x0047b540,R
0x0057c8c4,0x0047b540,R
0x0057c8d0,0x0047b540,R
0x0057c8d0,0x0047b540,R
0x0057c8c4,0x0047b540,R
0x0057c8c4,0x0047b540,R
0x0057c8d4,0x0047b540,R
0x0057c8c8,0x0047b540,R
0x0057c8d8,0x0047b540,R
0x0057c8cc,0x0047b540,R
0x0057c8c8,0x0047b540,R
0x0057c8cc,0x0047b540,R
0x0057c8c4,0x0047b540,R
0x0057c8d0,0x0047b540,R
0x0057c8d0,0x0047b540,A
0x0057c8d0,0x0047b540,R
0x0057c8c4,0x0047b540,R
0x0057c8c4,0x0047b540,R
0x0057c8d0,0x0047b540,R
0x0057c8d4,0x0047b540,R
0x0057c8d8,0x0047b540,R
0x0057c8d4,0x0047b540,R
0x0057c8c8,0x0047b540,R
0x0057c8d8,0x0047b540,R
0x0057c8cc,0x0047b540,R
0x0057c8c8,0x0047b540,R
0x0057c8cc,0x0047b540,R
0x0057c8c4,0x0047b540,A
0x0057c8c4,0x0047b540,A
0x0057c8c4,0x0047b540,A
0x0057c8c4,0x0047b540,W
0x0057c8d0,0x0047b540,W
0x0057c8c8,0x0047b540,W
0x0057c8d4,0x0047b540,W
0x0057c8cc,0x0047b540,W
0x0057c8d0,0x0047b540,W
0x0057c8d4,0x0047b540,W
0x0057c8d8,0x0047b540,W
0x0057c8d0,0x0047b540,W
0x0057c8d4,0x0047b540,W
0x0057c8d8,0x0047b540,W
0x0057c8dc,0x0047b540,W
0x0057c8e0,0x0047b540,W
0x0057c8e4,0x0047b540,W
0x0057c8c4,0x0047b540,A
0x0057c8c4,0x0047b540,A
0x0057c8c4,0x0047b540,A
0x0057c8c8,0x0047b540,A
0x0057c8c8,0x0047b540,R
0x0057c8c8,0x0047b540,A
0x0057c8c8,0x0047b540,R
0x0057c8d4,0x0047b540,R
0x0057c8c4,0x0047b540,A
0x0057c8c4,0x0047b540,R
0x0057c8d0,0x0047b540,R
0x0057c8c8,0x0047b540,R
0x0057c8d4,0x0047b540,R
0x0057c8cc,0x0047b540,R
0x0057c8c8,0x0047b540,A
0x0057c8d4,0x0047b540,R
0x0057c8c8,0x0047b540,A
0x0057c8d4,0x0047b540,R
0x0057c8d4,0x0047b540,R
0x0057c8c8,0x0047b540,A
0x0057c8c8,0x0047b540,A
0x0057c8d0,0x0047b540,R
0x0057c8c4,0x0047b540,A
0x0057c8c4,0x0047b540,A
0x0057c8d8,0x0047b540,R
0x0057c8cc,0x0047b540,A
0x0057c8cc,0x0047b540,A
0x0057c8c8,0x0047b540,A
0x0057c8d4,0x0047b540,R
0x0057c8d4,0x0047b540,R
0x0057c8c8,0x0047b540,A
0x0057c8c8,0x0047b540,A
0x0057c8d0,0x0047b540,A
0x0057c8d0,0x0047b540,R
0x0057c8c4,0x0047b540,A
0x0057c8c4,0x0047b540,A
0x0057c8d8,0x0047b540,R
0x0057c8cc,0x0047b540,A
0x0057c8cc,0x0047b540,A
0x0057c8d0,0x0047b540,R
0x0057c8d4,0x0047b540,R
0x0057c8d8,0x0047b540,R
0x0057c8c4,0x0047b540,A
0x0057c8c4,0x0047b540,A
0x0057c8c4,0x0047b540,A
0x0057c8c8,0x0047b540,A
0x0057c8c8,0x0047b540,A
0x0057c8c8,0x0047b540,R
0x0057c8d4,0x0047b540,R
0x0057c8c4,0x0047b540,A
0x0057c8c4,0x0047b540,R
0x0057c8d0,0x0047b540,R
0x0057c8c8,0x0047b540,R
0x0057c8cc,0x0047b540,R
0x0057c8c8,0x0047b540,A
0x0057c8d4,0x0047b540,R
0x0057c8c8,0x0047b540,A
0x0057c8d4,0x0047b540,R
0x0057c8d4,0x0047b540,R
0x0057c8c8,0x0047b540,A
0x0057c8c8,0x0047b540,A
0x0057c8d0,0x0047b540,R
0x0057c8c4,0x0047b540,A
0x0057c8c4,0x0047b540,A
0x0057c8d8,0x0047b540,R
0x0057c8cc,0x0047b540,A
0x0057c8cc,0x0047b540,A
0x0057c8c8,0x0047b540,A
0x0057c8d4,0x0047b540,R
0x0057c8d4,0x0047b540,R
0x0057c8c8,0x0047b540,A
0x0057c8c8,0x0047b540,A
0x0057c8d0,0x0047b540,A
0x0057c8d0,0x0047b540,R
0x0057c8c4,0x0047b540,A
0x0057c8c4,0x0047b540,A
0x0057c8d8,0x0047b540,R
0x0057c8cc,0x0047b540,A
0x0057c8cc,0x0047b540,A
0x0057c8d0,0x0047b540,R
0x0057c8d4,0x0047b540,R
0x0057c8d8,0x0047b540,R
0x0057c8c4,0x0047b540,A
0x0057c8c4,0x0047b540,W
0x0057c8c8,0x0047b540,W
0x0057c8c8,0x0047b540,W
0x0057c8c4,0x0047bd30,A
0x0057c8c4,0x0047bd30,A
0x0057c8d0,0x0047bd30,A
0x0057c8c4,0x0047bd30,A
0x0057c8d0,0x0047bd30,A
0x0057c8c8,0x0047bd30,A
0x0057c8d4,0x0047bd30,A
0x0057c8cc,0x0047bd30,A
0x0057c8d8,0x0047bd30,A
0x0057c8c4,0x0047bd30,A
0x0057c8d0,0x0047bd30,A
0x0057c8c4,0x0047bd30,A
0x0057c8d0,0x0047bd30,A
0x0057c8d0,0x0047bd30,A
0x0057c8c4,0x0047bd30,A
0x0057c8c4,0x0047bd30,A
0x0057c8d4,0x0047bd30,A
0x0057c8c8,0x0047bd30,A
0x0057c8d8,0x0047bd30,A
0x0057c8cc,0x0047bd30,A
0x0057d0d0,0x0047bd30,R
0x0057d0cc,0x0047bd30,R
0x0057c8c8,0x0047bd30,A
0x0057c8cc,0x0047bd30,A
0x0057d1d0,0x0047bd30,R
0x0057d1cc,0x0047bd30,R
0x0057d2d0,0x0047bd30,R
0x0057d2cc,0x0047bd30,R
0x0057d0cc,0x0047bd30,R
0x0057d1cc,0x0047bd30,R
0x0057d2cc,0x0047bd30,R
0x0057c8c4,0x0047bd30,A
0x0057c8d0,0x0047bd30,A
0x0057c8c4,0x0047bd30,A
0x0057c8d0,0x0047bd30,A
0x0057c8c4,0x0047bd30,A
0x0057c8c4,0x0047bd30,A
0x0057c8d4,0x0047bd30,A
0x0057c8c8,0x0047bd30,A
0x0057c8d8,0x0047bd30,A
0x0057c8cc,0x0047bd30,A
0x0057d0d0,0x0047bd30,R
0x0057d0cc,0x0047bd30,R
0x0057c8c8,0x0047bd30,A
0x0057c8cc,0x0047bd30,A
0x0057d1d0,0x0047bd30,R
0x0057d1cc,0x0047bd30,R
0x0057d2d0,0x0047bd30,R
0x0057d2cc,0x0047bd30,R
0x0057d0cc,0x0047bd30,R
0x0057d1cc,0x0047bd30,R
0x0057d2cc,0x0047bd30,R
0x0057c8d0,0x0047bd30,A
0x0057c8d4,0x0047bd30,A
0x0057c8d8,0x0047bd30,A
0x0057d0cc,0x0047bd30,R
0x0057d0d0,0x0047bd30,R
0x0057d1cc,0x0047bd30,R
0x0057d1d0,0x0047bd30,R
0x0057d2cc,0x0047bd30,R
0x0057d2d0,0x0047bd30,R
0x0057d1cc,0x0047bd30,A
0x0057c8c4,0x0047bd30,A
0x0057d0cc,0x0047bd30,A
0x0057d1cc,0x0047bd30,A
0x0057d2cc,0x0047bd30,A
0x0057c8c4,0x0047bd30,A
0x0057d0cc,0x0047bd30,A
0x0057d1cc,0x0047bd30,A
0x0057d2cc,0x0047bd30,A
0x0057d2cc,0x0047bd30,A
0x0057d1cc,0x0047bd30,A
0x0057c8c4,0x0047bd30,A
0x0057d0cc,0x0047bd30,A
0x0057c8c4,0x0047bd30,W
0x0057c8c8,0x0047bd30,W
0x0057c8cc,0x0047bd30,W
0x0057d0cc,0x0047bd30,W
0x0057d1cc,0x0047bd30,W
0x0057d0d0,0x0047bd30,A
0x0057d2cc,0x0047bd30,W
0x0057d1d0,0x0047bd30,A
0x0057d2d0,0x0047bd30,A
0x0057c8d0,0x0047bd30,W
0x0057c8d4,0x0047bd30,W
0x0057d0d4,0x0047bd30,A
0x0057c8d8,0x0047bd30,W
0x0057d0d0,0x0047bd30,W
0x0057d1d4,0x0047bd30,A
0x0057d1d0,0x0047bd30,W
0x0057d2d0,0x0047bd30,W
0x0057c8d0,0x0047bd30,W
0x0057c8d4,0x0047bd30,W
0x0057c8dc,0x0047bd30,A
0x0057c8d8,0x0047bd30,W
0x0057d0d0,0x0047bd30,W
0x0057d0d4,0x0047bd30,A
0x0057d1d0,0x0047bd30,W
0x0057d1d4,0x0047bd30,A
0x0057d2d0,0x0047bd30,W
0x0057c8dc,0x0047bd30,W
0x0057c8e0,0x0047bd30,W
0x0057c8e4,0x0047bd30,W
0x0057d0d4,0x0047bd30,W
0x0057d1d4,0x0047bd30,W
0x0057d0d8,0x0047bd30,A
0x0057d2d4,0x0047bd30,W
0x0057d1d8,0x0047bd30,A
0x0057d2d4,0x0047bd30,A
0x0057d2d8,0x0047bd30,A
0x0057c8c4,0x0047bd30,A
0x0057c8c4,0x0047bd30,A
0x0057d0cc,0x0047bd30,A
0x0057d1cc,0x0047bd30,A
0x0057d2cc,0x0047bd30,A
0x0057c8c4,0x0047bd30,A
0x0057d0cc,0x0047bd30,A
0x0057d1cc,0x0047bd30,A
0x0057d2cc,0x0047bd30,A
0x0057d0cc,0x0047bd30,A
0x0057c8c4,0x0047bd30,A
0x0057c8c8,0x0047bd30,A
0x0057c8c8,0x0047bd30,A
0x0057c8c8,0x0047bd30,A
0x0057c8c8,0x0047bd30,R
0x0057c8d4,0x0047bd30,R
0x0057c8c4,0x0047bd30,R
0x0057c8c8,0x0047bd30,R
0x0057c8cc,0x0047bd30,R
0x0057d0cc,0x0047bd30,R
0x0057c8c8,0x0047bd30,A
0x0057c8d4,0x0047bd30,R
0x0057c8c8,0x0047bd30,A
0x0057c8d4,0x0047bd30,R
0x0057c8d4,0x0047bd30,R
0x0057c8c8,0x0047bd30,A
0x0057c8c8,0x0047bd30,A
0x0057c8d0,0x0047bd30,R
0x0057c8c4,0x0047bd30,A
0x0057c8c4,0x0047bd30,A
0x0057c8d8,0x0047bd30,R
0x0057c8cc,0x0047bd30,A
0x0057c8cc,0x0047bd30,A
0x0057d0d0,0x0047bd30,R
0x0057d0cc,0x0047bd30,A
0x0057d0cc,0x0047bd30,A
0x0057d1d0,0x0047bd30,R
0x0057d1cc,0x0047bd30,A
0x0057d1cc,0x0047bd30,A
0x0057d2d0,0x0047bd30,R
0x0057d2cc,0x0047bd30,A
0x0057d2cc,0x0047bd30,A
0x0057c8c8,0x0047bd30,A
0x0057c8d4,0x0047bd30,R
0x0057c8d4,0x0047bd30,R
0x0057c8c8,0x0047bd30,A
0x0057c8c8,0x0047bd30,A
0x0057c8d0,0x0047bd30,A
0x0057c8d0,0x0047bd30,R
0x0057c8c4,0x0047bd30,A
0x0057c8c4,0x0047bd30,A
0x0057c8d8,0x0047bd30,R
0x0057c8cc,0x0047bd30,A
0x0057c8cc,0x0047bd30,A
0x0057d0d0,0x0047bd30,R
0x0057d0cc,0x0047bd30,A
0x0057d0cc,0x0047bd30,A
0x0057d1d0,0x0047bd30,R
0x0057d1cc,0x0047bd30,A
0x0057d1cc,0x0047bd30,A
0x0057d2d0,0x0047bd30,R
0x0057d2cc,0x0047bd30,A
0x0057d2cc,0x0047bd30,A
0x0057c8d0,0x0047bd30,R
0x0057c8d4,0x0047bd30,R
0x0057c8d8,0x0047bd30,R
0x0057d0d0,0x0047bd30,R
0x0057d1cc,0x0047bd30,R
0x0057d1d0,0x0047bd30,R
0x0057d2cc,0x0047bd30,R
0x0057d2d0,0x0047bd30,R
0x0057c8d4,0x0047bd30,A
0x0057c8e0,0x0047bd30,A
0x0057c8c4,0x0047bd30,A
0x0057c8c4,0x0047bd30,A
0x0057d0cc,0x0047bd30,A
0x0057d1cc,0x0047bd30,A
0x0057d2cc,0x0047bd30,A
0x0057c8c4,0x0047bd30,A
0x0057d0cc,0x0047bd30,A
0x0057d1cc,0x0047bd30,A
0x0057d2cc,0x0047bd30,A
0x0057d2cc,0x0047bd30,A
0x0057d0cc,0x0047bd30,A
0x0057c8c8,0x0047bd30,A
0x0057c8c8,0x0047bd30,A
0x0057c8c8,0x0047bd30,A
0x0057c8c8,0x0047bd30,R
0x0057c8d4,0x0047bd30,R
0x0057c8c4,0x0047bd30,R
0x0057c8c8,0x0047bd30,R
0x0057c8cc,0x0047bd30,R
0x0057d0cc,0x0047bd30,R
0x0057d1cc,0x0047bd30,R
0x0057d2cc,0x0047bd30,R
0x0057c8c8,0x0047bd30,A
0x0057c8d4,0x0047bd30,R
0x0057c8c8,0x0047bd30,A
0x0057c8d4,0x0047bd30,R
0x0057c8d4,0x0047bd30,R
0x0057c8c8,0x0047bd30,A
0x0057c8c8,0x0047bd30,A
0x0057c8d0,0x0047bd30,R
0x0057c8c4,0x0047bd30,A
0x0057c8c4,0x0047bd30,A
0x0057c8d8,0x0047bd30,R
0x0057c8cc,0x0047bd30,A
0x0057c8cc,0x0047bd30,A
0x0057d0d0,0x0047bd30,R
0x0057d0cc,0x0047bd30,A
0x0057d0cc,0x0047bd30,A
0x0057d1d0,0x0047bd30,R
0x0057d1cc,0x0047bd30,A
0x0057d1cc,0x0047bd30,A
0x0057d2d0,0x0047bd30,R
0x0057d2cc,0x0047bd30,A
0x0057d2cc,0x0047bd30,A
0x0057c8c8,0x0047bd30,A
0x0057c8d4,0x0047bd30,R
0x0057c8d4,0x0047bd30,R
0x0057c8c8,0x0047bd30,A
0x0057c8c8,0x0047bd30,A
0x0057c8d0,0x0047bd30,A
0x0057c8d0,0x0047bd30,R
0x0057c8c4,0x0047bd30,A
0x0057c8c4,0x0047bd30,A
0x0057c8d8,0x0047bd30,R
0x0057c8cc,0x0047bd30,A
0x0057c8cc,0x0047bd30,A
0x0057d0d0,0x0047bd30,R
0x0057d0cc,0x0047bd30,A
0x0057d0cc,0x0047bd30,A
0x0057d1d0,0x0047bd30,R
0x0057d1cc,0x0047bd30,A
0x0057d1cc,0x0047bd30,A
0x0057d2d0,0x0047bd30,R
0x0057d2cc,0x0047bd30,A
0x0057d2cc,0x0047bd30,A
0x0057c8d0,0x0047bd30,R
0x0057c8d4,0x0047bd30,R
0x0057c8d8,0x0047bd30,R
0x0057d0d0,0x0047bd30,R
0x0057d1d0,0x0047bd30,R
0x0057d2d0,0x0047bd30,R
0x0057c8d4,0x0047bd30,A
0x0057c8e0,0x0047bd30,A
0x0057c8c4,0x0047bd30,A
0x0057c8c4,0x0047bd30,W
0x0057c8c8,0x0047bd30,W
0x0057c8c8,0x0047bd30,W
0x0057d0cc,0x0047bd30,A
0x0057d0cc,0x0047bd30,W
0x0057d0d0,0x0047bd30,W
0x0057d1cc,0x0047bd30,A
0x0057d1cc,0x0047bd30,W
0x0057d1d0,0x0047bd30,W
0x0057d2cc,0x0047bd30,A
0x0057d2cc,0x0047bd30,W
0x0057d2d0,0x0047bd30,W
0x0057c8c4,0x0047cdc0,R
0x0057c8c4,0x0047cdc0,R
0x0057c8d0,0x0047cdc0,R
0x0057c8c4,0x0047cdc0,R
0x0057c8d0,0x0047cdc0,R
0x0057c8c8,0x0047cdc0,R
0x0057c8d4,0x0047cdc0,R
0x0057c8c4,0x0047cdc0,R
0x0057c8d0,0x0047cdc0,R
0x0057c8c4,0x0047cdc0,R
0x0057c8d0,0x0047cdc0,R
0x0057c8d0,0x0047cdc0,R
0x0057c8c4,0x0047cdc0,R
0x0057c8c4,0x0047cdc0,R
0x0057c8d4,0x0047cdc0,R
0x0057c8c8,0x0047cdc0,R
0x0057c8c8,0x0047cdc0,R
0x0057c8c4,0x0047cdc0,R
0x0057c8d0,0x0047cdc0,R
0x0057c8d0,0x0047cdc0,R
0x0057c8c4,0x0047cdc0,R
0x0057c8c4,0x0047cdc0,R
0x0057c8d0,0x0047cdc0,R
0x0057c8d4,0x0047cdc0,R
0x0057c8d4,0x0047cdc0,R
0x0057c8c8,0x0047cdc0,R
0x0057c8c8,0x0047cdc0,R
0x0057c8c4,0x0047cdc0,A
0x0057c8c4,0x0047cdc0,A
0x0057c8d0,0x0047cdc0,W
0x0057c8d4,0x0047cdc0,W
0x0057c8d0,0x0047cdc0,W
0x0057c8d4,0x0047cdc0,W
0x0057c8c4,0x0047cdc0,W
0x0057c8dc,0x0047cdc0,W
0x0057c8c8,0x0047cdc0,W
0x0057c8e0,0x0047cdc0,W
0x0057c8c4,0x0047cdc0,A
0x0057c8c4,0x0047cdc0,A
0x0057c8c4,0x0047cdc0,A
0x0057c8c8,0x0047cdc0,A
0x0057c8c8,0x0047cdc0,R
0x0057c8c8,0x0047cdc0,R
0x0057c8d4,0x0047cdc0,R
0x0057c8c4,0x0047cdc0,R
0x0057c8d0,0x0047cdc0,R
0x0057c8c8,0x0047cdc0,R
0x0057c8d4,0x0047cdc0,R
0x0057c8c8,0x0047cdc0,R
0x0057c8d4,0x0047cdc0,R
0x0057c8d4,0x0047cdc0,R
0x0057c8c8,0x0047cdc0,R
0x0057c8c8,0x0047cdc0,R
0x0057c8d0,0x0047cdc0,R
0x0057c8c4,0x0047cdc0,R
0x0057c8c4,0x0047cdc0,R
0x0057c8c8,0x0047cdc0,R
0x0057c8d4,0x0047cdc0,R
0x0057c8d4,0x0047cdc0,R
0x0057c8c8,0x0047cdc0,R
0x0057c8c8,0x0047cdc0,R
0x0057c8d0,0x0047cdc0,R
0x0057c8c4,0x0047cdc0,R
0x0057c8c4,0x0047cdc0,R
0x0057c8d0,0x0047cdc0,R
0x0057c8c8,0x0047cdc0,R
0x0057c8d4,0x0047cdc0,R
0x0057c8c4,0x0047cdc0,A
0x0057c8c4,0x0047cdc0,A
0x0057c8c4,0x0047cdc0,A
0x0057c8c8,0x0047cdc0,A
0x0057c8c8,0x0047cdc0,R
0x0057c8c8,0x0047cdc0,R
0x0057c8d4,0x0047cdc0,R
0x0057c8c4,0x0047cdc0,R
0x0057c8d0,0x0047cdc0,R
0x0057c8c8,0x0047cdc0,R
0x0057c8d4,0x0047cdc0,R
0x0057c8c8,0x0047cdc0,R
0x0057c8d4,0x0047cdc0,R
0x0057c8d4,0x0047cdc0,R
0x0057c8c8,0x0047cdc0,R
0x0057c8c8,0x0047cdc0,R
0x0057c8d0,0x0047cdc0,R
0x0057c8c4,0x0047cdc0,R
0x0057c8c4,0x0047cdc0,R
0x0057c8c8,0x0047cdc0,R
0x0057c8d4,0x0047cdc0,R
0x0057c8d4,0x0047cdc0,R
0x0057c8c8,0x0047cdc0,R
0x0057c8c8,0x0047cdc0,R
0x0057c8d0,0x0047cdc0,R
0x0057c8c4,0x0047cdc0,R
0x0057c8c4,0x0047cdc0,R
0x0057c8d0,0x0047cdc0,R
0x0057c8c8,0x0047cdc0,R
0x0057c8d4,0x0047cdc0,R
0x0057c8c4,0x0047cdc0,A
0x0057c8c4,0x0047cdc0,W
0x0057c8c8,0x0047cdc0,W
0x0057c8c8,0x0047cdc0,W
0x0057cdc4,0x0047d3f0,R
0x0057c8c4,0x0047d3f0,R
0x0057c8c4,0x0047d3f0,R
0x0057c8d0,0x0047d3f0,R
0x0057c8c4,0x0047d3f0,R
0x0057c8d0,0x0047d3f0,R
0x0057c8c8,0x0047d3f0,R
0x0057c8d4,0x0047d3f0,R
0x0057c8cc,0x0047d3f0,R
0x0057c8c4,0x0047d3f0,R
0x0057c8d0,0x0047d3f0,R
0x0057c8c4,0x0047d3f0,R
0x0057c8d0,0x0047d3f0,R
0x0057c8c4,0x0047d3f0,R
0x0057c8d0,0x0047d3f0,R
0x0057c8c4,0x0047d3f0,R
0x0057c8d4,0x0047d3f0,R
0x0057c8c8,0x0047d3f0,R
0x0057c8c8,0x0047d3f0,R
0x0057c8d8,0x0047d3f0,R
0x0057c8cc,0x0047d3f0,R
0x0057c8cc,0x0047d3f0,R
0x0057c8c4,0x0047d3f0,R
0x0057c8d0,0x0047d3f0,R
0x0057c8c4,0x0047d3f0,R
0x0057c8d0,0x0047d3f0,R
0x0057c8c4,0x0047d3f0,R
0x0057c8d4,0x0047d3f0,R
0x0057c8c8,0x0047d3f0,R
0x0057c8c8,0x0047d3f0,R
0x0057c8d8,0x0047d3f0,R
0x0057c8cc,0x0047d3f0,R
0x0057c8cc,0x0047d3f0,R
0x0057c8d0,0x0047d3f0,R
0x0057c8d4,0x0047d3f0,R
0x0057c8d8,0x0047d3f0,R
0x0057c8c4,0x0047d3f0,A
0x0057cdc4,0x0047d3f0,R
0x0057c8c4,0x0047d3f0,A
0x0057cdc4,0x0047d3f0,R
0x0057c8c4,0x0047d3f0,A
0x0057c8c4,0x0047d3f0,A
0x0057c8c4,0x0047d3f0,W
0x0057c8c8,0x0047d3f0,W
0x0057c8cc,0x0047d3f0,W
0x0057c8c4,0x0047d3f0,W
0x0057c8c8,0x0047d3f0,W
0x0057c8cc,0x0047d3f0,W
0x0057c8d0,0x0047d3f0,W
0x0057c8d4,0x0047d3f0,W
0x0057c8d8,0x0047d3f0,W
0x0057c8c4,0x0047d3f0,A
0x0057cdc4,0x0047d3f0,R
0x0057c8c4,0x0047d3f0,A
0x0057cdc4,0x0047d3f0,R
0x0057c8c4,0x0047d3f0,A
0x0057c8c8,0x0047d3f0,A
0x0057c8c8,0x0047d3f0,A
0x0057c8c8,0x0047d3f0,A
0x0057c8c8,0x0047d3f0,R
0x0057c8d4,0x0047d3f0,R
0x0057c8c4,0x0047d3f0,R
0x0057c8d0,0x0047d3f0,R
0x0057c8c8,0x0047d3f0,R
0x0057c8cc,0x0047d3f0,R
0x0057c8c8,0x0047d3f0,A
0x0057c8d4,0x0047d3f0,R
0x0057c8c8,0x0047d3f0,A
0x0057c8d4,0x0047d3f0,R
0x0057c8c8,0x0047d3f0,A
0x0057c8d4,0x0047d3f0,R
0x0057c8c8,0x0047d3f0,A
0x0057c8d0,0x0047d3f0,R
0x0057c8c4,0x0047d3f0,A
0x0057c8c4,0x0047d3f0,A
0x0057c8d8,0x0047d3f0,R
0x0057c8cc,0x0047d3f0,A
0x0057c8cc,0x0047d3f0,A
0x0057c8c8,0x0047d3f0,A
0x0057c8d4,0x0047d3f0,R
0x0057c8c8,0x0047d3f0,A
0x0057c8d4,0x0047d3f0,R
0x0057c8c8,0x0047d3f0,A
0x0057c8d0,0x0047d3f0,R
0x0057c8c4,0x0047d3f0,A
0x0057c8c4,0x0047d3f0,A
0x0057c8d8,0x0047d3f0,R
0x0057c8cc,0x0047d3f0,A
0x0057c8cc,0x0047d3f0,A
0x0057c8d0,0x0047d3f0,R
0x0057c8d4,0x0047d3f0,R
0x0057c8d8,0x0047d3f0,R
0x0057c8d4,0x0047d3f0,A
0x0057c8e0,0x0047d3f0,A
0x0057c8c4,0x0047d3f0,A
0x0057cdc4,0x0047d3f0,R
0x0057c8c4,0x0047d3f0,A
0x0057cdc4,0x0047d3f0,R
0x0057c8c4,0x0047d3f0,A
0x0057c8c8,0x0047d3f0,A
0x0057c8c8,0x0047d3f0,A
0x0057c8c8,0x0047d3f0,A
0x0057c8c8,0x0047d3f0,R
0x0057c8d4,0x0047d3f0,R
0x0057c8c4,0x0047d3f0,R
0x0057c8d0,0x0047d3f0,R
0x0057c8c8,0x0047d3f0,R
0x0057c8cc,0x0047d3f0,R
0x0057c8c8,0x0047d3f0,A
0x0057c8d4,0x0047d3f0,R
0x0057c8c8,0x0047d3f0,A
0x0057c8d4,0x0047d3f0,R
0x0057c8c8,0x0047d3f0,A
0x0057c8d4,0x0047d3f0,R
0x0057c8c8,0x0047d3f0,A
0x0057c8d0,0x0047d3f0,R
0x0057c8c4,0x0047d3f0,A
0x0057c8c4,0x0047d3f0,A
0x0057c8d8,0x0047d3f0,R
0x0057c8cc,0x0047d3f0,A
0x0057c8cc,0x0047d3f0,A
0x0057c8c8,0x0047d3f0,A
0x0057c8d4,0x0047d3f0,R
0x0057c8c8,0x0047d3f0,A
0x0057c8d4,0x0047d3f0,R
0x0057c8c8,0x0047d3f0,A
0x0057c8d0,0x0047d3f0,R
0x0057c8c4,0x0047d3f0,A
0x0057c8c4,0x0047d3f0,A
0x0057c8d8,0x0047d3f0,R
0x0057c8cc,0x0047d3f0,A
0x0057c8cc,0x0047d3f0,A
0x0057c8d0,0x0047d3f0,R
0x0057c8d4,0x0047d3f0,R
0x0057c8d8,0x0047d3f0,R
0x0057c8d4,0x0047d3f0,A
0x0057c8e0,0x0047d3f0,A
0x0057c8c4,0x0047d3f0,A
0x0057c8c4,0x0047d3f0,W
0x0057c8c8,0x0047d3f0,W
0x0057c8c8,0x0047d3f0,W
0x0057cdc4,0x0047d3f0,R
0x0057c8c4,0x0047dfb0,R
0x0057c8c4,0x0047dfb0,R
0x0057c8d0,0x0047dfb0,R
0x0057c8c4,0x0047dfb0,R
0x0057c8d0,0x0047dfb0,R
0x0057c8c8,0x0047dfb0,R
0x0057c8d4,0x0047dfb0,R
0x0057d0cc,0x0047dfb0,A
0x0057c8c4,0x0047dfb0,R
0x0057c8d0,0x0047dfb0,R
0x0057c8c4,0x0047dfb0,R
0x0057c8d0,0x0047dfb0,R
0x0057c8d0,0x0047dfb0,R
0x0057c8c4,0x0047dfb0,R
0x0057c8c4,0x0047dfb0,R
0x0057c8d4,0x0047dfb0,R
0x0057c8c8,0x0047dfb0,R
0x0057d0cc,0x0047dfb0,A
0x0057d0cc,0x0047dfb0,A
0x0057c8c8,0x0047dfb0,R
0x0057d0cc,0x0047dfb0,A
0x0057c8c4,0x0047dfb0,R
0x0057c8d0,0x0047dfb0,R
0x0057c8d0,0x0047dfb0,R
0x0057c8c4,0x0047dfb0,R
0x0057c8c4,0x0047dfb0,R
0x0057c8d0,0x0047dfb0,R
0x0057c8d4,0x0047dfb0,R
0x0057d0cc,0x0047dfb0,A
0x0057c8d4,0x0047dfb0,R
0x0057c8c8,0x0047dfb0,A
0x0057d0cc,0x0047dfb0,A
0x0057d0cc,0x0047dfb0,A
0x0057c8c8,0x0047dfb0,A
0x0057d0cc,0x0047dfb0,A
0x0057c8c4,0x0047dfb0,A
0x0057d0cc,0x0047dfb0,A
0x0057c8c4,0x0047dfb0,A
0x0057d0cc,0x0047dfb0,A
0x0057d0cc,0x0047dfb0,A
0x0057c8c4,0x0047dfb0,W
0x0057c8d0,0x0047dfb0,W
0x0057c8d0,0x0047dfb0,W
0x0057c8d4,0x0047dfb0,W
0x0057d0d0,0x0047dfb0,W
0x0057c8d0,0x0047dfb0,W
0x0057c8d4,0x0047dfb0,W
0x0057d0d4,0x0047dfb0,A
0x0057d0d0,0x0047dfb0,W
0x0057c8dc,0x0047dfb0,W
0x0057c8c8,0x0047dfb0,W
0x0057c8e0,0x0047dfb0,W
0x0057d0cc,0x0047dfb0,W
0x0057d0d4,0x0047dfb0,W
0x0057d0d0,0x0047dfb0,A
0x0057d0d4,0x0047dfb0,A
0x0057d0d8,0x0047dfb0,A
0x0057c8c4,0x0047dfb0,A
0x0057c8c4,0x0047dfb0,A
0x0057d0cc,0x0047dfb0,A
0x0057c8c4,0x0047dfb0,A
0x0057d0cc,0x0047dfb0,A
0x0057d0cc,0x0047dfb0,A
0x0057c8c8,0x0047dfb0,A
0x0057c8c8,0x0047dfb0,A
0x0057c8c8,0x0047dfb0,R
0x0057c8d4,0x0047dfb0,R
0x0057c8c4,0x0047dfb0,R
0x0057c8d0,0x0047dfb0,R
0x0057c8c8,0x0047dfb0,R
0x0057c8d4,0x0047dfb0,R
0x0057d0cc,0x0047dfb0,A
0x0057c8c8,0x0047dfb0,A
0x0057c8d4,0x0047dfb0,R
0x0057c8c8,0x0047dfb0,A
0x0057c8d4,0x0047dfb0,R
0x0057c8d4,0x0047dfb0,R
0x0057c8c8,0x0047dfb0,A
0x0057c8c8,0x0047dfb0,A
0x0057c8d0,0x0047dfb0,R
0x0057c8c4,0x0047dfb0,A
0x0057c8c4,0x0047dfb0,A
0x0057d0cc,0x0047dfb0,A
0x0057d0cc,0x0047dfb0,A
0x0057d0cc,0x0047dfb0,A
0x0057c8c8,0x0047dfb0,A
0x0057c8d4,0x0047dfb0,R
0x0057c8d4,0x0047dfb0,R
0x0057c8c8,0x0047dfb0,A
0x0057c8c8,0x0047dfb0,A
0x0057c8d0,0x0047dfb0,R
0x0057c8c4,0x0047dfb0,A
0x0057c8c4,0x0047dfb0,A
0x0057d0cc,0x0047dfb0,A
0x0057d0cc,0x0047dfb0,A
0x0057d0cc,0x0047dfb0,A
0x0057c8d0,0x0047dfb0,R
0x0057c8d4,0x0047dfb0,R
0x0057d0cc,0x0047dfb0,A
0x0057c8c4,0x0047dfb0,A
0x0057c8c4,0x0047dfb0,A
0x0057d0cc,0x0047dfb0,A
0x0057c8c4,0x0047dfb0,A
0x0057d0cc,0x0047dfb0,A
0x0057d0cc,0x0047dfb0,A
0x0057c8c8,0x0047dfb0,A
0x0057c8c8,0x0047dfb0,A
0x0057c8c8,0x0047dfb0,R
0x0057c8d4,0x0047dfb0,R
0x0057c8c4,0x0047dfb0,R
0x0057c8d0,0x0047dfb0,R
0x0057c8c8,0x0047dfb0,R
0x0057c8d4,0x0047dfb0,R
0x0057d0cc,0x0047dfb0,A
0x0057c8c8,0x0047dfb0,A
0x0057c8d4,0x0047dfb0,R
0x0057c8c8,0x0047dfb0,A
0x0057c8d4,0x0047dfb0,R
0x0057c8d4,0x0047dfb0,R
0x0057c8c8,0x0047dfb0,A
0x0057c8c8,0x0047dfb0,A
0x0057c8d0,0x0047dfb0,R
0x0057c8c4,0x0047dfb0,A
0x0057c8c4,0x0047dfb0,A
0x0057d0cc,0x0047dfb0,A
0x0057d0cc,0x0047dfb0,A
0x0057d0cc,0x0047dfb0,A
0x0057c8c8,0x0047dfb0,A
0x0057c8d4,0x0047dfb0,R
0x0057c8d4,0x0047dfb0,R
0x0057c8c8,0x0047dfb0,A
0x0057c8c8,0x0047dfb0,A
0x0057c8d0,0x0047dfb0,R
0x0057c8c4,0x0047dfb0,A
0x0057c8c4,0x0047dfb0,A
0x0057d0cc,0x0047dfb0,A
0x0057d0cc,0x0047dfb0,A
0x0057d0cc,0x0047dfb0,A
0x0057c8d0,0x0047dfb0,R
0x0057c8d4,0x0047dfb0,R
0x0057d0cc,0x0047dfb0,A
0x0057c8c4,0x0047dfb0,A
0x0057c8c4,0x0047dfb0,W
0x0057c8c8,0x0047dfb0,W
0x0057c8c8,0x0047dfb0,W
0x0057d0cc,0x0047dfb0,A
0x0057d0cc,0x0047dfb0,W
0x0057d0d0,0x0047dfb0,W
0x0057c5cc,0x0047e900,A
0x0057c5cc,0x0047e900,R
0x0057c5d8,0x0047e900,R
0x0057c5cc,0x0047e900,A
0x0057c5cc,0x0047e900,R
0x0057c5d8,0x0047e900,R
0x0057cdc4,0x0047e900,R
0x0057c5cc,0x0047e900,A
0x0057c5cc,0x0047e900,R
0x0057c5d8,0x0047e900,A
0x0057c5c4,0x0047e900,A
0x0057c5c4,0x0047e900,R
0x0057c5d0,0x0047e900,A
0x0057c5c8,0x0047e900,R
0x0057c5d4,0x0047e900,A
0x0057c5cc,0x0047e900,R
0x0057d0cc,0x0047e900,R
0x0057d2cc,0x0047e900,R
0x0057d1cc,0x0047e900,R
0x0057c5cc,0x0047e900,A
0x0057c5d8,0x0047e900,A
0x0057c5cc,0x0047e900,A
0x0057c5d8,0x0047e900,A
0x0057c5d8,0x0047e900,A
0x0057c5cc,0x0047e900,A
0x0057c5cc,0x0047e900,A
0x0057c5d0,0x0047e900,A
0x0057cdc4,0x0047e900,R
0x0057c5d4,0x0047e900,A
0x0057d0d0,0x0047e900,R
0x0057d2d0,0x0047e900,R
0x0057c5c4,0x0047e900,A
0x0057c5c4,0x0047e900,A
0x0057cdc4,0x0047e900,R
0x0057d1d0,0x0047e900,R
0x0057c5c8,0x0047e900,A
0x0057c5c8,0x0047e900,A
0x0057cdc4,0x0047e900,R
0x0057d0cc,0x0047e900,A
0x0057d2cc,0x0047e900,A
0x0057d1cc,0x0047e900,A
0x0057d0cc,0x0047e900,A
0x0057d2cc,0x0047e900,A
0x0057d1cc,0x0047e900,A
0x0057c5cc,0x0047e900,A
0x0057c5d8,0x0047e900,A
0x0057c5d8,0x0047e900,A
0x0057c5cc,0x0047e900,A
0x0057c5cc,0x0047e900,A
0x0057cdc4,0x0047e900,R
0x0057d0d0,0x0047e900,R
0x0057c5c4,0x0047e900,A
0x0057c5d0,0x0047e900,A
0x0057c5d4,0x0047e900,A
0x0057c5d8,0x0047e900,A
0x0057cdc4,0x0047e900,R
0x0057c5d0,0x0047e900,A
0x0057c5c4,0x0047e900,A
0x0057c5d4,0x0047e900,A
0x0057c5c8,0x0047e900,A
0x0057d0d0,0x0047e900,R
0x0057d2d0,0x0047e900,R
0x0057c5c4,0x0047e900,A
0x0057d1d0,0x0047e900,R
0x0057c5c8,0x0047e900,A
0x0057cdc4,0x0047e900,R
0x0057d0cc,0x0047e900,A
0x0057d2cc,0x0047e900,A
0x0057d1cc,0x0047e900,A
0x0057d0cc,0x0047e900,A
0x0057d2cc,0x0047e900,A
0x0057d1cc,0x0047e900,A
0x0057d2d0,0x0047e900,R
0x0057d1d0,0x0047e900,R
0x0057c5c4,0x0047e900,A
0x0057c5c4,0x0047e900,W
0x0057c5c8,0x0047e900,W
0x0057c5c8,0x0047e900,W
0x0057c5c9,0x0047e900,W
0x0057cdc4,0x0047e900,R
0x0057d0cc,0x0047e900,A
0x0057d0cc,0x0047e900,W
0x0057d0d0,0x0047e900,W
0x0057d0d0,0x0047e900,W
0x0057d0d1,0x0047e900,W
0x0057d2cc,0x0047e900,A
0x0057d2cc,0x0047e900,W
0x0057d2d0,0x0047e900,W
0x0057d2d0,0x0047e900,W
0x0057d2d1,0x0047e900,W
0x0057d1cc,0x0047e900,A
0x0057d1cc,0x0047e900,W
0x0057d1d0,0x0047e900,W
0x0057d1d0,0x0047e900,W
0x0057d1d1,0x0047e900,W
0x0057cdc4,0x0047efd0,R
0x0057c8c4,0x0047efd0,A
0x0057c8c4,0x0047efd0,A
0x0057c8d0,0x0047efd0,A
0x0057c8c4,0x0047efd0,A
0x0057c8d0,0x0047efd0,A
0x0057c8c8,0x0047efd0,A
0x0057c8cc,0x0047efd0,A
0x0057d0cc,0x0047efd0,R
0x0057d2cc,0x0047efd0,R
0x0057d1cc,0x0047efd0,R
0x0057c8c4,0x0047efd0,A
0x0057c8d0,0x0047efd0,A
0x0057c8c4,0x0047efd0,A
0x0057c8d0,0x0047efd0,A
0x0057c8c4,0x0047efd0,A
0x0057c8d0,0x0047efd0,A
0x0057c8c4,0x0047efd0,A
0x0057c8d4,0x0047efd0,A
0x0057c8c8,0x0047efd0,A
0x0057c8c8,0x0047efd0,A
0x0057c8d8,0x0047efd0,A
0x0057c8cc,0x0047efd0,A
0x0057c8cc,0x0047efd0,A
0x0057d0d0,0x0047efd0,R
0x0057d0cc,0x0047efd0,R
0x0057d0cc,0x0047efd0,R
0x0057d2d0,0x0047efd0,R
0x0057d2cc,0x0047efd0,R
0x0057d2cc,0x0047efd0,R
0x0057d1d0,0x0047efd0,R
0x0057d1cc,0x0047efd0,R
0x0057d1cc,0x0047efd0,R
0x0057c8c4,0x0047efd0,A
0x0057c8d0,0x0047efd0,A
0x0057c8c4,0x0047efd0,A
0x0057c8d0,0x0047efd0,A
0x0057c8c4,0x0047efd0,A
0x0057c8d4,0x0047efd0,A
0x0057c8c8,0x0047efd0,A
0x0057c8c8,0x0047efd0,A
0x0057c8d8,0x0047efd0,A
0x0057c8cc,0x0047efd0,A
0x0057c8cc,0x0047efd0,A
0x0057d0d0,0x0047efd0,R
0x0057d0cc,0x0047efd0,R
0x0057d0cc,0x0047efd0,R
0x0057d2d0,0x0047efd0,R
0x0057d2cc,0x0047efd0,R
0x0057d2cc,0x0047efd0,R
0x0057d1d0,0x0047efd0,R
0x0057d1cc,0x0047efd0,R
0x0057d1cc,0x0047efd0,R
0x0057c8d0,0x0047efd0,A
0x0057c8d4,0x0047efd0,A
0x0057c8d8,0x0047efd0,A
0x0057d0d0,0x0047efd0,R
0x0057d2d0,0x0047efd0,R
0x0057d1d0,0x0047efd0,R
0x0057cdc4,0x0047efd0,R
0x0057c8c4,0x0047efd0,A
0x0057d2cc,0x0047efd0,A
0x0057c8c4,0x0047efd0,A
0x0057d0cc,0x0047efd0,A
0x0057d2cc,0x0047efd0,A
0x0057d1cc,0x0047efd0,A
0x0057cdc4,0x0047efd0,R
0x0057c8c4,0x0047efd0,A
0x0057d0cc,0x0047efd0,A
0x0057d2cc,0x0047efd0,A
0x0057d1cc,0x0047efd0,A
0x0057d1cc,0x0047efd0,A
0x0057d0cc,0x0047efd0,A
0x0057d2cc,0x0047efd0,A
0x0057c8c4,0x0047efd0,A
0x0057c8c4,0x0047efd0,W
0x0057c8d0,0x0047efd0,W
0x0057c8c8,0x0047efd0,W
0x0057c8cc,0x0047efd0,W
0x0057d0cc,0x0047efd0,W
0x0057d2cc,0x0047efd0,W
0x0057d1cc,0x0047efd0,W
0x0057c8d0,0x0047efd0,A
0x0057d0d0,0x0047efd0,A
0x0057d2d0,0x0047efd0,A
0x0057d1d0,0x0047efd0,A
0x0057c8d0,0x0047efd0,W
0x0057c8d4,0x0047efd0,W
0x0057c8d8,0x0047efd0,W
0x0057d0d0,0x0047efd0,W
0x0057d2d0,0x0047efd0,W
0x0057d1d0,0x0047efd0,W
0x0057c8dc,0x0047efd0,A
0x0057d0d4,0x0047efd0,A
0x0057c8d0,0x0047efd0,W
0x0057c8d4,0x0047efd0,W
0x0057c8d8,0x0047efd0,W
0x0057d0d0,0x0047efd0,W
0x0057d2d0,0x0047efd0,W
0x0057d1d0,0x0047efd0,W
0x0057d0d4,0x0047efd0,A
0x0057d2d4,0x0047efd0,A
0x0057d1d4,0x0047efd0,A
0x0057c8dc,0x0047efd0,A
0x0057c8dc,0x0047efd0,W
0x0057c8e0,0x0047efd0,W
0x0057c8e4,0x0047efd0,W
0x0057d0d4,0x0047efd0,W
0x0057d2d4,0x0047efd0,W
0x0057d1d4,0x0047efd0,W
0x0057d0d8,0x0047efd0,A
0x0057c8e8,0x0047efd0,A
0x0057d2d4,0x0047efd0,A
0x0057d2d8,0x0047efd0,A
0x0057d1d4,0x0047efd0,A
0x0057d1d8,0x0047efd0,A
0x0057c8c4,0x0047efd0,A
0x0057cdc4,0x0047efd0,R
0x0057c8c4,0x0047efd0,A
0x0057d0cc,0x0047efd0,A
0x0057d2cc,0x0047efd0,A
0x0057d1cc,0x0047efd0,A
0x0057cdc4,0x0047efd0,R
0x0057c8c4,0x0047efd0,A
0x0057d0cc,0x0047efd0,A
0x0057d2cc,0x0047efd0,A
0x0057d1cc,0x0047efd0,A
0x0057d1cc,0x0047efd0,A
0x0057d2cc,0x0047efd0,A
0x0057c8c8,0x0047efd0,A
0x0057c8c8,0x0047efd0,A
0x0057c8c8,0x0047efd0,A
0x0057c8c8,0x0047efd0,R
0x0057c8d4,0x0047efd0,R
0x0057c8c4,0x0047efd0,A
0x0057c8c4,0x0047efd0,R
0x0057c8d0,0x0047efd0,R
0x0057c8c8,0x0047efd0,R
0x0057c8cc,0x0047efd0,R
0x0057d0cc,0x0047efd0,R
0x0057d2cc,0x0047efd0,R
0x0057d1cc,0x0047efd0,R
0x0057c8c8,0x0047efd0,A
0x0057c8d4,0x0047efd0,R
0x0057c8c8,0x0047efd0,A
0x0057c8d4,0x0047efd0,R
0x0057c8c8,0x0047efd0,A
0x0057c8d4,0x0047efd0,R
0x0057c8c8,0x0047efd0,A
0x0057c8d0,0x0047efd0,R
0x0057c8c4,0x0047efd0,A
0x0057c8c4,0x0047efd0,A
0x0057c8d8,0x0047efd0,R
0x0057c8cc,0x0047efd0,A
0x0057c8cc,0x0047efd0,A
0x0057d0d0,0x0047efd0,R
0x0057d0cc,0x0047efd0,A
0x0057d0cc,0x0047efd0,A
0x0057d2d0,0x0047efd0,R
0x0057d2cc,0x0047efd0,A
0x0057d2cc,0x0047efd0,A
0x0057d1d0,0x0047efd0,R
0x0057d1cc,0x0047efd0,A
0x0057d1cc,0x0047efd0,A
0x0057c8c8,0x0047efd0,A
0x0057c8d4,0x0047efd0,R
0x0057c8c8,0x0047efd0,A
0x0057c8d4,0x0047efd0,R
0x0057c8c8,0x0047efd0,A
0x0057c8d0,0x0047efd0,R
0x0057c8c4,0x0047efd0,A
0x0057c8c4,0x0047efd0,A
0x0057c8d8,0x0047efd0,R
0x0057c8cc,0x0047efd0,A
0x0057c8cc,0x0047efd0,A
0x0057d0d0,0x0047efd0,R
0x0057d0cc,0x0047efd0,A
0x0057d0cc,0x0047efd0,A
0x0057d2d0,0x0047efd0,R
0x0057d2cc,0x0047efd0,A
0x0057d2cc,0x0047efd0,A
0x0057d1d0,0x0047efd0,R
0x0057d1cc,0x0047efd0,A
0x0057d1cc,0x0047efd0,A
0x0057c8d0,0x0047efd0,R
0x0057c8d4,0x0047efd0,R
0x0057c8d8,0x0047efd0,R
0x0057d0d0,0x0047efd0,R
0x0057d2d0,0x0047efd0,R
0x0057d1d0,0x0047efd0,R
0x0057c8d4,0x0047efd0,A
0x0057c8e0,0x0047efd0,A
0x0057c8c4,0x0047efd0,A
0x0057cdc4,0x0047efd0,R
0x0057c8c4,0x0047efd0,A
0x0057d0cc,0x0047efd0,A
0x0057d2cc,0x0047efd0,A
0x0057d1cc,0x0047efd0,A
0x0057cdc4,0x0047efd0,R
0x0057c8c4,0x0047efd0,A
0x0057d0cc,0x0047efd0,A
0x0057d2cc,0x0047efd0,A
0x0057d1cc,0x0047efd0,A
0x0057d1cc,0x0047efd0,A
0x0057d2cc,0x0047efd0,A
0x0057c8c8,0x0047efd0,A
0x0057c8c8,0x0047efd0,A
0x0057c8c8,0x0047efd0,A
0x0057c8c8,0x0047efd0,R
0x0057c8d4,0x0047efd0,R
0x0057c8c4,0x0047efd0,A
0x0057c8c4,0x0047efd0,R
0x0057c8d0,0x0047efd0,R
0x0057c8c8,0x0047efd0,R
0x0057c8cc,0x0047efd0,R
0x0057d0cc,0x0047efd0,R
0x0057d2cc,0x0047efd0,R
0x0057d1cc,0x0047efd0,R
0x0057c8c8,0x0047efd0,A
0x0057c8d4,0x0047efd0,R
0x0057c8c8,0x0047efd0,A
0x0057c8d4,0x0047efd0,R
0x0057c8c8,0x0047efd0,A
0x0057c8d4,0x0047efd0,R
0x0057c8c8,0x0047efd0,A
0x0057c8d0,0x0047efd0,R
0x0057c8c4,0x0047efd0,A
0x0057c8c4,0x0047efd0,A
0x0057c8d8,0x0047efd0,R
0x0057c8cc,0x0047efd0,A
0x0057c8cc,0x0047efd0,A
0x0057d0d0,0x0047efd0,R
0x0057d0cc,0x0047efd0,A
0x0057d0cc,0x0047efd0,A
0x0057d2d0,0x0047efd0,R
0x0057d2cc,0x0047efd0,A
0x0057d2cc,0x0047efd0,A
0x0057d1d0,0x0047efd0,R
0x0057d1cc,0x0047efd0,A
0x0057d1cc,0x0047efd0,A
0x0057c8c8,0x0047efd0,A
0x0057c8d4,0x0047efd0,R
0x0057c8c8,0x0047efd0,A
0x0057c8d4,0x0047efd0,R
0x0057c8c8,0x0047efd0,A
0x0057c8d0,0x0047efd0,R
0x0057c8c4,0x0047efd0,A
0x0057c8c4,0x0047efd0,A
0x0057c8d8,0x0047efd0,R
0x0057c8cc,0x0047efd0,A
0x0057c8cc,0x0047efd0,A
0x0057d0d0,0x0047efd0,R
0x0057d0cc,0x0047efd0,A
0x0057d0cc,0x0047efd0,A
0x0057d2d0,0x0047efd0,R
0x0057d2cc,0x0047efd0,A
0x0057d2cc,0x0047efd0,A
0x0057d1d0,0x0047efd0,R
0x0057d1cc,0x0047efd0,A
0x0057d1cc,0x0047efd0,A
0x0057c8d0,0x0047efd0,R
0x0057c8d4,0x0047efd0,R
0x0057c8d8,0x0047efd0,R
0x0057d0d0,0x0047efd0,R
0x0057d2d0,0x0047efd0,R
0x0057d1d0,0x0047efd0,R
0x0057c8d4,0x0047efd0,A
0x0057c8e0,0x0047efd0,A
0x0057c8c4,0x0047efd0,A
0x0057c8c4,0x0047efd0,W
0x0057c8c8,0x0047efd0,W
0x0057c8c8,0x0047efd0,W
0x0057c8c9,0x0047efd0,W
0x0057cdc4,0x0047efd0,R
0x0057d0cc,0x0047efd0,A
0x0057d0cc,0x0047efd0,W
0x0057d0d0,0x0047efd0,W
0x0057d0d0,0x0047efd0,W
0x0057d0d1,0x0047efd0,W
0x0057d2cc,0x0047efd0,A
0x0057d2cc,0x0047efd0,W
0x0057d2d0,0x0047efd0,W
0x0057d2d0,0x0047efd0,W
0x0057d2d1,0x0047efd0,W
0x0057d1cc,0x0047efd0,A
0x0057d1cc,0x0047efd0,W
0x0057d1d0,0x0047efd0,W
0x0057d1d0,0x0047efd0,W
0x0057d1d1,0x0047efd0,W
0x0057c8c4,0x004803b0,A
0x0057c8c4,0x004803b0,R
0x0057c8d0,0x004803b0,R
0x0057c8c4,0x004803b0,A
0x0057c8c4,0x004803b0,R
0x0057c8d0,0x004803b0,R
0x0057c8c8,0x004803b0,A
0x0057c8c8,0x004803b0,R
0x0057c8d4,0x004803b0,R
0x0057c8c8,0x004803b0,A
0x0057c8c8,0x004803b0,R
0x0057c8d4,0x004803b0,R
0x0057624c,0x004804c0,W
0x004d2aa8,0x004804c0,R
0x00576250,0x004804c0,W
0x004e0fc8,0x004804e0,R
0x004e0fd0,0x004804e0,A
0x004e0fd0,0x004804e0,R
0x004e0fd4,0x004804e0,R
0x004e1198,0x004804e0,R
0x004e1199,0x004804e0,R
0x004e1190,0x004804e0,R
0x004cc518,0x004804e0,R
0x004cc514,0x004804e0,R
0x004cc510,0x004804e0,R
0x004e0fd0,0x004804e0,R
0x004e1198,0x004804e0,A
0x004cc50c,0x004804e0,R
0x004e0fc8,0x004804e0,R
0x00566a1c,0x004805b0,R
0x00566a1c,0x004805e0,R
0x004cc594,0x00480600,R
0x00566a18,0x00480600,A
0x004e11c8,0x00480600,A
0x004e11a0,0x00480600,A
0x00566a20,0x00480600,A
0x004e11c8,0x00480600,A
0x004e11a0,0x00480600,A
0x004e1160,0x00480600,A
0x004e11c8,0x00480600,A
0x004e11a0,0x00480600,A
0x004e1164,0x00480600,A
0x004e11c8,0x00480600,A
0x004e11a0,0x00480600,A
0x00566a18,0x00480600,R
0x004cc5dc,0x00480600,R
0x00566a1c,0x00480600,R
0x004e1164,0x00480600,R
0x004cc594,0x00480600,R
0x004e11c8,0x00480600,A
0x004e11a0,0x00480600,A
0x004e1164,0x00480600,R
0x004cc594,0x00480600,R
0x004cc4ec,0x00480600,R
0x004cc594,0x00480600,R
0x004e11c8,0x00480600,A
0x004e11a0,0x00480600,A
0x004e11c8,0x00480600,A
0x004e11a0,0x00480600,A
0x004cc5b4,0x00480600,R
0x00566a18,0x004808c0,R
0x004cc4e0,0x004808c0,R
0x00566a18,0x004808c0,A
0x004e121c,0x004808c0,A
0x00566a20,0x004808c0,A
0x004e121c,0x004808c0,A
0x004e1160,0x004808c0,A
0x004e121c,0x004808c0,A
0x004e1164,0x004808c0,A
0x004e121c,0x004808c0,A
0x00566a18,0x004808c0,R
0x00566a1c,0x004808c0,R
0x004cc5dc,0x004808c0,R
0x004cc4ec,0x004808c0,R
0x00566a1c,0x004808c0,W
0x004e121c,0x004808c0,A
0x004e1164,0x004808c0,R
0x00566a1c,0x004808c0,R
0x004cc5dc,0x004808c0,R
0x004cc5dc,0x004808c0,R
0x004cc4e0,0x004808c0,R
0x004cc4e0,0x004808c0,R
0x00566a1c,0x004808c0,R
0x00566a18,0x004808c0,R
0x004e11e8,0x004808c0,A
0x004e11e8,0x004808c0,A
0x004e11a0,0x004808c0,A
0x00566a18,0x004808c0,R
0x00566a18,0x00480ae0,R
0x00566a18,0x00480ae0,W
0x004cc5dc,0x00480ae0,R
0x00566a18,0x00480ae0,R
0x00566a1c,0x00480ae0,W
0x00566a18,0x00480ae0,R
0x004e1160,0x00480ae0,W
0x00566a1c,0x00480ae0,R
0x00566a1c,0x00480ae0,R
0x00566a18,0x00480ae0,R
0x00566a1c,0x00480ae0,R
0x00566a1c,0x00480ae0,R
0x00566a18,0x00480ae0,R
0x00566a1c,0x00480ae0,R
0x00566a18,0x00480ae0,R
0x00566a1c,0x00480ae0,R
0x005669f0,0x00480ae0,A
0x004e1164,0x00480ae0,W
0x00566a20,0x00480ae0,W
0x00566a18,0x00480bf0,R
0x004e1284,0x00480bf0,A
0x004e1248,0x00480bf0,A
0x004e11a0,0x00480bf0,A
0x00566a18,0x00480bf0,W
0x00566a24,0x00480ca0,R
0x00566a24,0x00480ca0,R
0x004e1164,0x00480ca0,R
0x00566a1c,0x00480ca0,R
0x00566a1c,0x00480ca0,R
0x00566a24,0x00480ca0,W
0x00566a24,0x00480ca0,W
0x004e1164,0x00480d80,R
0x00566a1c,0x00480d80,R
0x004e1164,0x00480d80,R
0x00566a24,0x00480d80,W
0x004cc5b4,0x00480dc0,R
0x00566a1c,0x00480dc0,R
0x00566a1c,0x00480dc0,R
0x00566a1c,0x00480dc0,R
0x004e1164,0x00480dc0,R
0x004e1164,0x00480dc0,W
0x00566a1c,0x00480dc0,R
0x004e1160,0x00480dc0,R
0x004e1160,0x00480dc0,R
0x00566a1c,0x00480dc0,R
0x004e1160,0x00480dc0,W
0x00566a20,0x00480dc0,R
0x00566a20,0x00480dc0,W
0x004e0fc8,0x00480ec0,R
0x004cc5b4,0x00480ec0,R
0x004e0fe8,0x00480ec0,A
0x004e0fe8,0x00480ec0,R
0x004e0fec,0x00480ec0,R
0x004e0fc8,0x00480ec0,R
0x004e0fe8,0x00480ec0,W
0x004e0fc8,0x00480ec0,W
0x00566a1c,0x00480f10,R
0x004cc5b4,0x00480f10,R
0x00566a1c,0x00480f10,W
0x00566a18,0x00480f10,W
0x00566a20,0x00480f10,W
0x004e1160,0x00480f10,W
0x004e1164,0x00480f10,W
0x00566a24,0x00480f10,W
0x004e1164,0x00480fd0,R
0x00566a1c,0x00480fd0,R
0x0056bbe8,0x00480fd0,R
0x0056bc14,0x00480fd0,R
0x00566a1c,0x00480fd0,R
0x005669f0,0x00481050,A
0x004cc4ec,0x00481050,R
0x004da634,0x00481140,A
0x004da62c,0x00481140,A
0x004da62c,0x00481140,A
0x004da634,0x00481140,A
0x004e12c0,0x00481140,A
0x004e11a0,0x00481140,A
0x0056bbd8,0x00481140,R
0x0056b424,0x00481140,R
0x004d2aac,0x00481140,R
0x0056bbd8,0x00481140,R
0x004e12f0,0x00481220,A
0x004e11a0,0x00481220,A
0x004e131c,0x00481260,A
0x004e11a0,0x00481260,A
0x004e1160,0x004812c0,R
0x004e1348,0x004812c0,A
0x004e11a0,0x004812c0,A
0x005669f0,0x004812c0,A
0x00566a1c,0x004812c0,R
0x00566a1c,0x004812c0,R
0x00566a1c,0x004812c0,R
0x004e1160,0x004812c0,W
0x00566a1c,0x004812c0,R
0x004e1164,0x004812c0,R
0x004e1164,0x004812c0,R
0x00566a1c,0x004812c0,R
0x004e1164,0x004812c0,W
0x00566a20,0x004812c0,R
0x00566a20,0x004812c0,W
0x004cc5dc,0x004812c0,R
0x004cc4ac,0x004812c0,R
0x004e1164,0x00481420,R
0x00566a1c,0x00481420,R
0x004cc5dc,0x00481460,R
0x004e0fc8,0x00481460,R
0x004e0fc8,0x00481460,R
0x004e0fe8,0x00481460,W
0x004e0fc8,0x00481460,W
0x004e1398,0x00481530,R
0x004e1398,0x00481540,W
0x004e1388,0x00481550,W
0x004e1390,0x00481560,W
0x00576204,0x00481570,R
0x00576204,0x004815a0,R
0x004cc594,0x004815c0,R
0x00576200,0x004815c0,A
0x004e13c8,0x004815c0,A
0x004e13a0,0x004815c0,A
0x00576208,0x004815c0,A
0x004e13c8,0x004815c0,A
0x004e13a0,0x004815c0,A
0x0057620c,0x004815c0,A
0x004e13c8,0x004815c0,A
0x004e13a0,0x004815c0,A
0x00576200,0x004815c0,R
0x004cc4a0,0x004815c0,R
0x00576204,0x004815c0,R
0x004e13c8,0x004815c0,A
0x004e13a0,0x004815c0,A
0x004cc4a0,0x004815c0,R
0x00576204,0x004815c0,R
0x004cc594,0x004815c0,R
0x004e13c8,0x004815c0,A
0x004e13a0,0x004815c0,A
0x004cc594,0x004815c0,R
0x004cc5dc,0x004815c0,R
0x004cc594,0x004815c0,R
0x004e13c8,0x004815c0,A
0x004e13c8,0x004815c0,A
0x004e13c8,0x004815c0,A
0x004e13a0,0x004815c0,A
0x004cc5b4,0x004815c0,R
0x004cc594,0x004815c0,R
0x00576204,0x004815c0,R
0x004e13c8,0x004815c0,A
0x004e13c8,0x004815c0,A
0x004e13c8,0x004815c0,A
0x004e13c8,0x004815c0,A
0x004e13a0,0x004815c0,A
0x004e13c8,0x004815c0,A
0x004e13a0,0x004815c0,A
0x004cc594,0x004815c0,R
0x004cc4a0,0x004815c0,R
0x004cc490,0x004815c0,R
0x00576200,0x004815c0,R
0x00576204,0x004815c0,R
0x004e13c8,0x004815c0,A
0x004e13a0,0x004815c0,A
0x004e1414,0x00481aa0,A
0x004e13a0,0x00481aa0,A
0x004cc490,0x00481aa0,R
0x004cc4e0,0x00481aa0,R
0x004e13e8,0x00481aa0,A
0x004e13a0,0x00481aa0,A
0x004cc490,0x00481aa0,R
0x004cc4e0,0x00481bc0,R
0x004e13e8,0x00481bc0,A
0x004e13e8,0x00481bc0,A
0x004e13e8,0x00481bc0,A
0x004e13a0,0x00481bc0,A
0x004cc5dc,0x00481c50,R
0x004cc4e0,0x00481c50,R
0x004e15ac,0x00481c50,A
0x004cc4e0,0x00481c50,R
0x004e157c,0x00481c50,A
0x004cc4e0,0x00481c50,R
0x004e154c,0x00481c50,A
0x004cc4e0,0x00481c50,R
0x004e151c,0x00481c50,A
0x004d2ab0,0x00481c50,R
0x004d2ab0,0x00481c50,R
0x004d2ab0,0x00481c50,R
0x004cc4e0,0x00481c50,R
0x004cc4e0,0x00481c50,R
0x004e14f0,0x00481c50,A
0x004cc4e0,0x00481c50,R
0x004cc4e0,0x00481c50,R
0x004cc4e0,0x00481c50,R
0x004e14bc,0x00481c50,A
0x004e1480,0x00481c50,A
0x004e1444,0x00481c50,A
0x004e13a0,0x00481c50,A
0x004e151c,0x00481c50,A
0x00576200,0x00481fa0,R
0x0057620c,0x00481fa0,A
0x00576208,0x00481fa0,A
0x00576200,0x00481fa0,A
0x004e1414,0x00481fa0,A
0x00576200,0x00481fa0,R
0x00576204,0x00481fa0,R
0x004cc5dc,0x00481fa0,R
0x004cc4ec,0x00481fa0,R
0x00576204,0x00481fa0,W
0x004cc4e0,0x00481fa0,R
0x004e13e8,0x00481fa0,A
0x004e13a0,0x00481fa0,A
0x00576200,0x00481fa0,R
0x00576204,0x00481fa0,R
0x00576200,0x00481fa0,R
0x0057620c,0x00482080,R
0x004e15d8,0x00482080,A
0x004e13a0,0x00482080,A
0x00576204,0x00482080,R
0x00576208,0x00482080,R
0x0057620c,0x00482080,W
0x00576208,0x00482080,W
0x00576204,0x004820f0,R
0x0057620c,0x004820f0,R
0x00576208,0x004820f0,R
0x0057620c,0x004820f0,W
0x00576208,0x004820f0,W
0x004cc5b4,0x00482160,R
0x004cc5b4,0x00482160,R
0x004cc5b4,0x00482160,R
0x004cc5b4,0x00482160,R
0x004cc5b4,0x00482160,R
0x004cc5b4,0x00482160,R
0x004cc5b4,0x00482160,R
0x004cc5dc,0x00482270,R
0x004cc5dc,0x00482270,R
0x004cc5dc,0x00482270,R
0x004cc5dc,0x00482270,R
0x004cc5dc,0x00482270,R
0x004cc4ac,0x00482270,R
0x004cc4ec,0x00482270,R
0x004cc5dc,0x00482270,R
0x004cc5dc,0x00482270,R
0x004cc5dc,0x00482270,R
0x004cc5b4,0x00482270,R
0x004e1398,0x00482720,R
0x004e1398,0x00482720,R
0x004e1398,0x00482720,R
0x004d2ab8,0x00482720,R
0x004cc5c4,0x00482720,R
0x004e13a0,0x00482720,A
0x004e162c,0x00482720,A
0x00575de0,0x00482720,A
0x00575de0,0x00482720,A
0x00575de0,0x00482720,R
0x00575de1,0x00482720,R
0x00575de0,0x00482720,A
0x004e1604,0x00482720,A
0x004cc4ec,0x00482720,R
0x004cc4ec,0x00482860,R
0x004d2ab8,0x00482860,R
0x004cc5c4,0x00482860,R
0x004e13a0,0x00482860,A
0x004e162c,0x00482860,A
0x00575de0,0x00482860,A
0x00575de0,0x00482860,A
0x00575de0,0x00482860,R
0x00575de1,0x00482860,R
0x00575de0,0x00482860,A
0x004e1604,0x00482860,A
0x004d2ac0,0x00482a10,R
0x004d2ac0,0x00482a10,R
0x004d2ac0,0x00482a10,R
0x004cc4ec,0x00482a10,R
0x004d2ab8,0x00482a10,R
0x004cc5c4,0x00482a10,R
0x004e13a0,0x00482a10,A
0x004e165c,0x00482a10,A
0x00575de0,0x00482a10,A
0x00575de0,0x00482a10,A
0x00575de0,0x00482a10,R
0x00575de1,0x00482a10,R
0x00575de0,0x00482a10,A
0x004e1604,0x00482a10,A
0x004e1390,0x00482b40,R
0x004e1390,0x00482b40,R
0x004e1390,0x00482b40,R
0x004e1390,0x00482c60,R
0x004e1390,0x00482c60,R
0x004e1390,0x00482c60,R
0x004d2ac8,0x00482c60,R
0x004e1390,0x00482c60,R
0x004d2ae8,0x00482c60,R
0x004d2ac8,0x00482c60,R
0x004e1388,0x00482db0,R
0x004d2ac8,0x00482e30,R
0x004d2ac8,0x00482e30,R
0x004d2ac8,0x00482e30,R
0x004d2ac8,0x00482e30,R
0x004d2ac8,0x00482e30,R
0x004d2ac8,0x00482e30,R
0x004d2ae0,0x00482e30,R
0x004d2ae0,0x00482e30,R
0x004d2ae0,0x00482e30,R
0x004d2ae0,0x00482e30,R
0x004d2ae8,0x00482e30,R
0x004e168c,0x00483240,A
0x004e13a0,0x00483240,A
0x004d2aec,0x00483510,R
0x004d2af0,0x00483510,R
0x004d2af4,0x00483510,R
0x004d2aec,0x00483510,R
0x004d2af0,0x00483510,R
0x004d2af4,0x00483510,R
0x004cc504,0x00483510,R
0x004cc504,0x00483510,R
0x004e1774,0x00483650,A
0x004e13a0,0x00483650,A
0x004d2af8,0x00483650,R
0x004e1744,0x00483650,A
0x004e13a0,0x00483650,A
0x004e1700,0x00483650,A
0x004e13a0,0x00483650,A
0x004e16bc,0x00483650,A
0x004e13a0,0x00483650,A
0x004e139c,0x00483650,R
0x004cc4ec,0x00483650,R
0x004cc5dc,0x00483650,R
0x004cc5dc,0x00483650,R
0x004cc5dc,0x00483650,R
0x004cc504,0x00483650,R
0x004cc504,0x00483650,R
0x004d2b00,0x00483ad0,R
0x004d2b00,0x00483ad0,R
0x004d2b00,0x00483ad0,R
0x0057d97c,0x00483b80,R
0x0057d97c,0x00483b80,R
0x004cc4ec,0x00483f80,R
0x004cc5dc,0x00483f80,R
0x004cc5b4,0x00483f80,R
0x004e13a0,0x00484250,A
0x004e17b0,0x00484250,A
0x00575de0,0x00484250,A
0x004cc5c4,0x00484250,R
0x004cc4f8,0x00484250,R
0x00575de0,0x00484250,A
0x004cc5bc,0x00484250,R
0x004d2ac8,0x00484860,R
0x004d2ae8,0x00484860,R
0x004d2b08,0x00484960,R
0x0057d97c,0x00484960,R
0x0057d97c,0x00484960,R
0x004e0e84,0x00484960,R
0x0057d980,0x00484960,R
0x00566950,0x00484960,R
0x004e0e88,0x00484960,R
0x00566868,0x00484960,R
0x0057c2c4,0x00484960,A
0x0057d980,0x00484960,R
0x0057c2c4,0x00484960,W
0x0057c2d0,0x00484960,W
0x0057c2c8,0x00484960,W
0x0057c2d4,0x00484960,W
0x0057c2cc,0x00484960,W
0x0057c2d8,0x00484960,W
0x0057c2c4,0x00484960,A
0x004d2b10,0x00484b70,R
0x004d2b18,0x00484b70,R
0x004d2b20,0x00484b70,R
0x004d2b08,0x00484e00,R
0x0057d97c,0x00484e00,R
0x0057d97c,0x00484e00,R
0x004e0e84,0x00484e00,R
0x0057d980,0x00484e00,R
0x00566950,0x00484e00,R
0x004e0e88,0x00484e00,R
0x00566868,0x00484e00,R
0x0057c2c4,0x00484e00,A
0x0057d980,0x00484e00,R
0x0057c2c4,0x00484e00,W
0x0057c2d0,0x00484e00,W
0x0057c2c8,0x00484e00,W
0x0057c2d4,0x00484e00,W
0x0057c2cc,0x00484e00,W
0x0057c2d8,0x00484e00,W
0x0057c2c4,0x00484e00,A
0x004d2b08,0x00484fc0,R
0x0057d97c,0x00484fc0,R
0x0057d97c,0x00484fc0,R
0x004e0e84,0x00484fc0,R
0x00566950,0x00484fc0,R
0x004e0e88,0x00484fc0,R
0x00566868,0x00484fc0,R
0x004e0e88,0x00484fc0,R
0x00566868,0x00484fc0,R
0x004e0e88,0x00484fc0,R
0x00566868,0x00484fc0,R
0x004e0e88,0x00484fc0,R
0x00566868,0x00484fc0,R
0x0057c2c4,0x00484fc0,A
0x0057c2c4,0x00484fc0,W
0x0057c2d0,0x00484fc0,W
0x0057c2c8,0x00484fc0,W
0x0057c2d4,0x00484fc0,W
0x0057c2cc,0x00484fc0,W
0x0057c2d8,0x00484fc0,W
0x0057c2c4,0x00484fc0,A
0x0057c2c4,0x00484fc0,A
0x004e0e84,0x00484fc0,R
0x00566950,0x00484fc0,R
0x004e0e88,0x00484fc0,R
0x00566868,0x00484fc0,R
0x004e0e88,0x00484fc0,R
0x00566868,0x00484fc0,R
0x0057c2c4,0x00485380,W
0x0057c2c4,0x00485380,A
0x0057c2c8,0x00485380,W
0x0057c2cc,0x00485380,W
0x0057c2d0,0x00485380,W
0x0057c2d4,0x00485380,W
0x0057c2d8,0x00485380,W
0x0057c2dc,0x00485380,W
0x0057c2e0,0x00485380,W
0x0057c2e4,0x00485380,W
0x0057c2e8,0x00485380,W
0x0057c2ec,0x00485380,W
0x0057c2f0,0x00485380,W
0x0057c2c4,0x00485380,A
0x0057c2d0,0x00485380,W
0x0057c2d4,0x00485380,W
0x0057c2d8,0x00485380,W
0x0057c2dc,0x00485380,W
0x0057c2e0,0x00485380,W
0x0057c2e4,0x00485380,W
0x0057c2e8,0x00485380,W
0x0057c2ec,0x00485380,W
0x0057c2f0,0x00485380,W
0x0057c2c4,0x00485380,A
0x0057c2c4,0x00485380,W
0x0057c2c8,0x00485380,W
0x0057c2cc,0x00485380,W
0x0057c2dc,0x00485380,W
0x0057c2e0,0x00485380,W
0x0057c2e4,0x00485380,W
0x0057c2e8,0x00485380,W
0x0057c2ec,0x00485380,W
0x0057c2f0,0x00485380,W
0x0057c2c4,0x00485380,A
0x0057c2c4,0x00485380,W
0x0057c2c8,0x00485380,W
0x0057c2cc,0x00485380,W
0x0057c2d0,0x00485380,W
0x0057c2d4,0x00485380,W
0x0057c2d8,0x00485380,W
0x0057c2e8,0x00485380,W
0x0057c2ec,0x00485380,W
0x0057c2f0,0x00485380,W
0x0057c2c4,0x00485380,W
0x0057c2c8,0x00485380,W
0x0057c2cc,0x00485380,W
0x0057c2c4,0x00485380,A
0x0057c2d0,0x00485380,W
0x0057c2d4,0x00485380,W
0x0057c2d8,0x00485380,W
0x0057c2e8,0x00485380,W
0x0057c2ec,0x00485380,W
0x0057c2f0,0x00485380,W
0x0057c2c4,0x00485380,A
0x0057c2c4,0x00485380,W
0x0057c2c8,0x00485380,W
0x0057c2cc,0x00485380,W
0x0057c2d0,0x00485380,W
0x0057c2d4,0x00485380,W
0x0057c2d8,0x00485380,W
0x0057c2dc,0x00485380,W
0x0057c2e0,0x00485380,W
0x0057c2e4,0x00485380,W
0x0057c2e8,0x00485380,W
0x0057c2ec,0x00485380,W
0x0057c2f0,0x00485380,W
0x004d2b18,0x004856d0,R
0x004d2b18,0x004856d0,R
0x004d2b08,0x004856d0,R
0x004d2b20,0x004856d0,R
0x004d2b08,0x004857f0,R
0x004d2b10,0x004857f0,R
0x004d2b18,0x004857f0,R
0x004d2b18,0x004857f0,R
0x004d2b18,0x004857f0,R
0x004d2b18,0x004857f0,R
0x004d2b18,0x004857f0,R
0x004d2b18,0x004857f0,R
0x004d2b18,0x004857f0,R
0x004d2b18,0x004857f0,R
0x004d2b18,0x004857f0,R
0x004d2b18,0x004857f0,R
0x004d2b18,0x004857f0,R
0x004d2b18,0x004857f0,R
0x004d2b08,0x00485d10,R
0x004d2b08,0x00485d10,R
0x004d2b18,0x00485d10,R
0x004d2b08,0x00485d10,R
0x004d2b18,0x00485d10,R
0x004d2b08,0x00485d10,R
0x004d2b18,0x00485d10,R
0x004d2b08,0x00486290,R
0x004d2b08,0x00486290,R
0x004d2b18,0x00486290,R
0x004d2b08,0x00486290,R
0x004d2b18,0x00486290,R
0x004d2b08,0x00486290,R
0x004d2b18,0x00486290,R
0x004d2b08,0x004869a0,R
0x004d2b08,0x004869a0,R
0x004d2b18,0x004869a0,R
0x004d2b08,0x004869a0,R
0x004d2b18,0x004869a0,R
0x004d2b08,0x004869a0,R
0x004d2b18,0x004869a0,R
0x004d2b08,0x00487350,R
0x0057d97c,0x00487350,R
0x0057d97c,0x00487350,R
0x004e0e84,0x00487350,R
0x0057d980,0x00487350,R
0x00566950,0x00487350,R
0x004e0e88,0x00487350,R
0x00566868,0x00487350,R
0x0057c2c4,0x00487350,A
0x0057d980,0x00487350,R
0x0057c2c4,0x00487350,W
0x0057c2d0,0x00487350,W
0x0057c2c8,0x00487350,W
0x0057c2d4,0x00487350,W
0x0057c2cc,0x00487350,W
0x0057c2d8,0x00487350,W
0x0057c2c4,0x00487350,A
0x0057c2c4,0x00487350,A
0x0057c2c4,0x00487540,W
0x0057c2c8,0x00487540,W
0x0057c2cc,0x00487540,W
0x0057c2d0,0x00487540,W
0x0057c2d4,0x00487540,W
0x0057c2d8,0x00487540,W
0x0057c2dc,0x00487540,W
0x0057c2e0,0x00487540,W
0x0057c2e4,0x00487540,W
0x0057c2e8,0x00487540,W
0x0057c2ec,0x00487540,W
0x0057c2c4,0x00487540,A
0x0057c2f0,0x00487540,W
0x0057c2d0,0x00487540,W
0x0057c2d4,0x00487540,W
0x0057c2d8,0x00487540,W
0x0057c2dc,0x00487540,W
0x0057c2e0,0x00487540,W
0x0057c2e4,0x00487540,W
0x0057c2e8,0x00487540,W
0x0057c2ec,0x00487540,W
0x0057c2c4,0x00487540,A
0x0057c2f0,0x00487540,W
0x0057c2c4,0x00487540,W
0x0057c2c8,0x00487540,W
0x0057c2cc,0x00487540,W
0x0057c2d0,0x00487540,W
0x0057c2d4,0x00487540,W
0x0057c2d8,0x00487540,W
0x0057c2dc,0x00487540,W
0x0057c2e0,0x00487540,W
0x0057c2e4,0x00487540,W
0x0057c2e8,0x00487540,W
0x0057c2ec,0x00487540,W
0x0057c2c4,0x00487540,A
0x0057c2f0,0x00487540,W
0x0057c2c4,0x00487540,W
0x0057c2c8,0x00487540,W
0x0057c2cc,0x00487540,W
0x0057c2d0,0x00487540,W
0x0057c2d4,0x00487540,W
0x0057c2d8,0x00487540,W
0x0057c2dc,0x00487540,W
0x0057c2e0,0x00487540,W
0x0057c2e4,0x00487540,W
0x0057c2e8,0x00487540,W
0x0057c2ec,0x00487540,W
0x0057c2c4,0x00487540,A
0x0057c2f0,0x00487540,W
0x0057c2c4,0x00487540,W
0x0057c2c8,0x00487540,W
0x0057c2cc,0x00487540,W
0x0057c2dc,0x00487540,W
0x0057c2e0,0x00487540,W
0x0057c2e4,0x00487540,W
0x0057c2e8,0x00487540,W
0x0057c2ec,0x00487540,W
0x0057c2c4,0x00487540,A
0x0057c2f0,0x00487540,W
0x0057c2c4,0x00487540,W
0x0057c2c8,0x00487540,W
0x0057c2cc,0x00487540,W
0x0057c2d0,0x00487540,W
0x0057c2d4,0x00487540,W
0x0057c2d8,0x00487540,W
0x0057c2dc,0x00487540,W
0x0057c2e0,0x00487540,W
0x0057c2e4,0x00487540,W
0x0057c2e8,0x00487540,W
0x0057c2ec,0x00487540,W
0x0057c2c4,0x00487540,A
0x0057c2f0,0x00487540,W
0x0057d98c,0x00487900,W
0x0057d984,0x00487900,R
0x0057d988,0x00487900,R
0x0057d988,0x00487900,R
0x0057d988,0x00487900,R
0x0057d988,0x00487900,R
0x0057d98c,0x00487900,W
0x0057d984,0x004879c0,R
0x0057d98c,0x004879c0,R
0x0057d988,0x004879c0,R
0x0057d410,0x00487a30,W
0x0057d414,0x00487a30,W
0x0057d41c,0x00487a30,W
0x0057d420,0x00487a30,W
0x0057d424,0x00487a30,W
0x0057d410,0x00487a30,R
0x0057d428,0x00487a30,W
0x0057d43c,0x00487a30,W
0x0057d420,0x00487a30,R
0x0057d410,0x00487a30,R
0x0057d42c,0x00487a30,W
0x0057d440,0x00487a30,W
0x0057d414,0x00487a30,R
0x0057d420,0x00487a30,R
0x0057d424,0x00487a30,W
0x0057d424,0x00487a30,R
0x0057d420,0x00487a30,W
0x0057d41c,0x00487a30,R
0x004e1820,0x00487a30,A
0x004e17f8,0x00487a30,A
0x0057d424,0x00487a30,R
0x0057d420,0x00487a30,R
0x0056bbe8,0x00487a30,R
0x0057d418,0x00487a30,W
0x0057d938,0x00487a30,R
0x0057d93c,0x00487a30,R
0x0057d940,0x00487a30,R
0x0057d3d8,0x00487a30,W
0x004d2b2c,0x00487a30,R
0x0057d3dc,0x00487a30,W
0x0057d3e0,0x00487a30,W
0x0057d3e8,0x00487a30,W
0x004d2b28,0x00487a30,R
0x0057d428,0x00487a30,R
0x0057d3cc,0x00487a30,W
0x0057d3d0,0x00487a30,W
0x0057d3d4,0x00487a30,W
0x0057d428,0x00487a30,R
0x0057d3e4,0x00487a30,W
0x0057d3e4,0x00487a30,W
0x0057d3cc,0x00487a30,W
0x0057d3d0,0x00487a30,W
0x0057d3d4,0x00487a30,W
0x0057d408,0x00487a30,W
0x0057d428,0x00487a30,R
0x0057d3f8,0x00487a30,W
0x0057d3fc,0x00487a30,W
0x0057d400,0x00487a30,W
0x0057d428,0x00487a30,R
0x0057d3ec,0x00487a30,W
0x0057d3f0,0x00487a30,W
0x0057d404,0x00487a30,W
0x0057d3f4,0x00487a30,W
0x0057d3f4,0x00487a30,W
0x0057d3f0,0x00487a30,W
0x0057d3ec,0x00487a30,W
0x0057d400,0x00487a30,W
0x0057d3fc,0x00487a30,W
0x0057d3f8,0x00487a30,W
0x0057d404,0x00487a30,W
0x0057d420,0x00487c50,R
0x0057d428,0x00487c50,A
0x0057d42c,0x00487c50,R
0x0057d440,0x00487c50,R
0x0057d430,0x00487c50,W
0x0057d444,0x00487c50,W
0x0057d434,0x00487c50,W
0x0057d448,0x00487c50,W
0x0056bbe8,0x00487c50,R
0x0057d428,0x00487c50,R
0x0057d43c,0x00487c50,R
0x0057d428,0x00487c50,R
0x0057d43c,0x00487c50,R
0x0057d424,0x00487c50,W
0x004d2b2c,0x00487c50,R
0x0057d428,0x00487c50,R
0x0057d43c,0x00487c50,R
0x0057d428,0x00487c50,R
0x0057d43c,0x00487c50,R
0x0057d434,0x00487c50,W
0x0057d448,0x00487c50,W
0x0057d430,0x00487c50,W
0x0057d444,0x00487c50,W
0x0057d43c,0x00487c50,R
0x0057d444,0x00487c50,W
0x0057d448,0x00487c50,W
0x004e184c,0x00487c50,A
0x004e17f8,0x00487c50,A
0x0057d420,0x00487c50,R
0x0057d428,0x00487c50,A
0x0057d0cc,0x00487c50,A
0x0057d434,0x00487c50,R
0x0057d448,0x00487c50,R
0x0057d9c8,0x00487c50,R
0x0057d428,0x00487c50,R
0x0057d43c,0x00487c50,R
0x0057d434,0x00487c50,W
0x0057d448,0x00487c50,W
0x0057d444,0x00487c50,R
0x004d2b28,0x00487c50,R
0x0057d43c,0x00487c50,R
0x0057d43c,0x00487c50,R
0x004d2b28,0x00487c50,R
0x004d2b28,0x00487c50,R
0x004d2b2c,0x00487c50,R
0x004d2b2c,0x00487c50,R
0x0057d1d0,0x00487c50,W
0x0057d0d0,0x00487c50,W
0x0057d420,0x00487c50,R
0x0056bbe8,0x00487f10,R
0x0057c5c4,0x00487f10,A
0x0057d420,0x00487f10,R
0x0057d430,0x00487f10,A
0x0057d428,0x00487f10,R
0x0057d43c,0x00487f10,R
0x0057d434,0x00487f10,R
0x0057d448,0x00487f10,R
0x0057d430,0x00487f10,R
0x0057d444,0x00487f10,R
0x0057c5cc,0x00487f10,A
0x0057c5c4,0x00487f10,A
0x0057c5c4,0x00487f10,R
0x0057c5c8,0x00487f10,R
0x0057c5cc,0x00487f10,R
0x004d2b2c,0x00487f10,R
0x0057d420,0x00487f10,R
0x0057d444,0x00487f10,A
0x0057d458,0x00487f10,A
0x0057c5d0,0x00487f10,A
0x0057c5dc,0x00487f10,A
0x0057d974,0x00487f10,R
0x004d2b30,0x00487f10,R
0x0057d1cc,0x00487f10,A
0x0057d1cc,0x00487f10,W
0x0057d1d0,0x00487f10,W
0x0057d2cc,0x00487f10,A
0x0057d2cc,0x00487f10,W
0x0057d2d0,0x00487f10,W
0x0057d420,0x00487f10,R
0x0057d428,0x00487f10,A
0x0057d428,0x00487f10,A
0x0057d434,0x00487f10,R
0x0057d448,0x00487f10,R
0x0057d428,0x00487f10,R
0x0057d43c,0x00487f10,R
0x0057d43c,0x00487f10,R
0x004d2b38,0x00487f10,R
0x004d2b30,0x00487f10,R
0x004d2b30,0x00487f10,R
0x0057d0c8,0x00487f10,R
0x0057d0c8,0x00487f10,R
0x004d2b38,0x00487f10,R
0x004d2b40,0x00487f10,R
0x004d2b2c,0x00487f10,R
0x004d2b30,0x00487f10,R
0x0057d428,0x00487f10,R
0x0057d43c,0x00487f10,R
0x004d2b44,0x00487f10,R
0x0057d428,0x00487f10,R
0x0057d43c,0x00487f10,R
0x004d2b28,0x00487f10,R
0x004d2b28,0x00487f10,R
0x0057d430,0x00487f10,R
0x0057d444,0x00487f10,R
0x004d2b28,0x00487f10,R
0x004d2b28,0x00487f10,R
0x0057d428,0x00487f10,R
0x0057d43c,0x00487f10,R
0x0057d1cc,0x00487f10,R
0x0057d1cc,0x00487f10,W
0x0057d2cc,0x00487f10,R
0x0057d2cc,0x00487f10,W
0x004d2b30,0x00487f10,R
0x0057d428,0x00487f10,R
0x0057d430,0x00487f10,R
0x0057c5d0,0x00487f10,A
0x0057c5d0,0x00487f10,A
0x0057c5d0,0x00487f10,R
0x0057c5d4,0x00487f10,R
0x0057c5d8,0x00487f10,R
0x0057d428,0x00487f10,R
0x004d2b30,0x00487f10,R
0x004d2b2c,0x00487f10,R
0x004d2b30,0x00487f10,R
0x0057d428,0x00487f10,R
0x004d2b44,0x00487f10,R
0x0057d428,0x00487f10,R
0x0057d0c8,0x00487f10,R
0x004d2b28,0x00487f10,R
0x004d2b28,0x00487f10,R
0x0057d430,0x00487f10,R
0x004d2b28,0x00487f10,R
0x004d2b28,0x00487f10,R
0x0057d428,0x00487f10,R
0x0057d1d0,0x00487f10,R
0x0057d1d4,0x00487f10,R
0x0057d1d0,0x00487f10,W
0x0057d1d4,0x00487f10,W
0x0057d2d4,0x00487f10,R
0x0057d2d4,0x00487f10,W
0x004d2b30,0x00487f10,R
0x004d2b30,0x00487f10,R
0x0057d420,0x00487f10,R
0x0057d43c,0x00487f10,A
0x0057d450,0x00487f10,A
0x0057d974,0x00487f10,R
0x004d2b30,0x00487f10,R
0x0057d2cc,0x00487f10,A
0x0057d974,0x00487f10,R
0x0057d2cc,0x00487f10,R
0x0057d2d0,0x00487f10,R
0x0057d2cc,0x00487f10,W
0x0057d2d0,0x00487f10,W
0x0057d974,0x00487f10,R
0x0057d1cc,0x00487f10,R
0x004d2b28,0x00487f10,R
0x0057d1cc,0x00487f10,W
0x0057d1cc,0x00487f10,R
0x004d2b2c,0x00487f10,R
0x0057d1cc,0x00487f10,W
0x0057d1d0,0x00487f10,A
0x0057d1d0,0x00487f10,R
0x0057d1d4,0x00487f10,R
0x004d2b28,0x00487f10,R
0x0057d1d0,0x00487f10,W
0x0057d1d4,0x00487f10,W
0x0057d1d4,0x00487f10,R
0x004d2b2c,0x00487f10,R
0x0057d1d4,0x00487f10,W
0x0057d1d0,0x00487f10,R
0x0057d1d4,0x00487f10,R
0x0057d1cc,0x00487f10,R
0x004d2b30,0x00487f10,R
0x0057d9c8,0x00487f10,R
0x0057d0cc,0x00487f10,A
0x0057d1cc,0x00487f10,R
0x0057d1d0,0x00487f10,R
0x0057d0cc,0x00487f10,W
0x0057d0d0,0x00487f10,W
0x0057d3ec,0x00487f10,A
0x0057d1cc,0x00487f10,R
0x0057d3ec,0x00487f10,A
0x0057d1cc,0x00487f10,W
0x0057d1cc,0x00487f10,R
0x0057d974,0x00487f10,R
0x004d2b2c,0x00487f10,R
0x0057d1cc,0x00487f10,R
0x0057d1d0,0x00487f10,R
0x004d2b30,0x00487f10,R
0x004d2b28,0x00487f10,R
0x004d2b2c,0x00487f10,R
0x004d2b30,0x00487f10,R
0x0057d0cc,0x00487f10,R
0x0057d0d0,0x00487f10,R
0x0057d0cc,0x00487f10,W
0x0057d0d0,0x00487f10,W
0x0057d968,0x00487f10,A
0x0057d1cc,0x00487f10,A
0x0057d1cc,0x00487f10,R
0x0057d1d0,0x00487f10,R
0x004d2b28,0x00487f10,R
0x0057d1cc,0x00487f10,W
0x0057d1d0,0x00487f10,W
0x0057d1d0,0x00487f10,R
0x004d2b2c,0x00487f10,R
0x0057d1d0,0x00487f10,W
0x0057d1cc,0x00487f10,R
0x0057d1d0,0x00487f10,R
0x004d2b30,0x00487f10,R
0x004d2b28,0x00487f10,R
0x004d2b2c,0x00487f10,R
0x004d2b30,0x00487f10,R
0x0057d0cc,0x00487f10,R
0x0057d0d0,0x00487f10,R
0x0057d0cc,0x00487f10,W
0x0057d0d0,0x00487f10,W
0x0057d2cc,0x00487f10,A
0x0057d2cc,0x00487f10,R
0x0057d2d0,0x00487f10,R
0x004d2b28,0x00487f10,R
0x0057d2cc,0x00487f10,W
0x0057d2d0,0x00487f10,W
0x0057d2d0,0x00487f10,R
0x004d2b2c,0x00487f10,R
0x0057d2d0,0x00487f10,W
0x0057d2cc,0x00487f10,R
0x0057d2d0,0x00487f10,R
0x004d2b30,0x00487f10,R
0x0057d2d0,0x00487f10,A
0x0057d2d0,0x00487f10,R
0x0057d2d4,0x00487f10,R
0x0057d2cc,0x00487f10,R
0x004d2b30,0x00487f10,R
0x0057d968,0x00487f10,A
0x0057d0c8,0x00487f10,R
0x004d2b38,0x00487f10,R
0x004d2b40,0x00487f10,R
0x0057d420,0x00488d60,R
0x0057d428,0x00488d60,A
0x0057d434,0x00488d60,R
0x0057d448,0x00488d60,R
0x0057d430,0x00488d60,R
0x0057d444,0x00488d60,R
0x0057c5c4,0x00488d60,A
0x0057d428,0x00488d60,R
0x0057d43c,0x00488d60,R
0x0057c5c4,0x00488d60,A
0x0057c5c8,0x00488d60,A
0x0057c5cc,0x00488d60,A
0x0057d428,0x00488d60,R
0x00566a28,0x00488d60,W
0x004d2b2c,0x00488d60,R
0x00566a28,0x00488d60,W
0x00566a28,0x00488d60,R
0x0057d420,0x00488d60,R
0x0057d43c,0x00488d60,A
0x0057d974,0x00488d60,R
0x004d2b30,0x00488d60,R
0x0057d420,0x00488d60,R
0x0057d428,0x00488d60,A
0x0057d428,0x00488d60,A
0x0057d434,0x00488d60,R
0x0057d448,0x00488d60,R
0x0057d428,0x00488d60,R
0x0057d43c,0x00488d60,R
0x0057d43c,0x00488d60,R
0x004d2b38,0x00488d60,R
0x004d2b30,0x00488d60,R
0x004d2b30,0x00488d60,R
0x004d2b2c,0x00488d60,R
0x004d2b30,0x00488d60,R
0x0057d428,0x00488d60,R
0x0057d43c,0x00488d60,R
0x004d2b44,0x00488d60,R
0x0057d428,0x00488d60,R
0x0057d43c,0x00488d60,R
0x004d2b28,0x00488d60,R
0x004d2b28,0x00488d60,R
0x0057d430,0x00488d60,R
0x004d2b28,0x00488d60,R
0x00566a28,0x00488d60,R
0x004d2b28,0x00488d60,R
0x00566a28,0x00488d60,R
0x0057c5d0,0x00488d60,A
0x004d2b30,0x00488d60,R
0x0057d428,0x00488d60,R
0x0057d430,0x00488d60,R
0x0057c5d0,0x00488d60,A
0x0057c5d0,0x00488d60,R
0x0057c5d4,0x00488d60,R
0x0057c5d8,0x00488d60,R
0x0057d428,0x00488d60,R
0x004d2b30,0x00488d60,R
0x004d2b2c,0x00488d60,R
0x004d2b30,0x00488d60,R
0x0057d428,0x00488d60,R
0x004d2b44,0x00488d60,R
0x0057d428,0x00488d60,R
0x004d2b28,0x00488d60,R
0x004d2b28,0x00488d60,R
0x0057d430,0x00488d60,R
0x004d2b28,0x00488d60,R
0x00566a2c,0x00488d60,A
0x00566a30,0x00488d60,A
0x004d2b28,0x00488d60,R
0x00566a30,0x00488d60,A
0x0057c5dc,0x00488d60,A
0x0057c5e8,0x00488d60,A
0x004d2b30,0x00488d60,R
0x0057d420,0x00488d60,R
0x0057d43c,0x00488d60,A
0x0057d450,0x00488d60,A
0x0057d974,0x00488d60,R
0x004d2b30,0x00488d60,R
0x0057d974,0x00488d60,R
0x004d2b2c,0x00488d60,R
0x0057d428,0x00488d60,A
0x0057d968,0x00488d60,A
0x004d2b28,0x00488d60,R
0x004d2b2c,0x00488d60,R
0x004d2b28,0x00488d60,R
0x004d2b2c,0x004894f0,R
0x004d2b28,0x004894f0,R
0x0057d944,0x00489540,R
0x004d2b60,0x00489540,R
0x0057d948,0x00489540,R
0x0057d950,0x00489540,R
0x004d2b60,0x00489540,R
0x0057d954,0x00489540,R
0x0057d954,0x00489540,R
0x0057d954,0x00489540,R
0x0057d950,0x00489540,R
0x0057d958,0x00489540,R
0x0057d948,0x00489540,R
0x0057d948,0x00489540,R
0x0057d944,0x00489540,R
0x0057d94c,0x00489540,R
0x0057d950,0x00489540,R
0x004d2b60,0x00489540,R
0x0057d954,0x00489540,R
0x0057d954,0x00489540,R
0x0057d954,0x00489540,R
0x0057d950,0x00489540,R
0x0057d958,0x00489540,R
0x004d2b64,0x00489540,R
0x004d2b64,0x00489540,R
0x004d2b60,0x00489540,R
0x004d2b60,0x00489540,R
0x0057c5c4,0x004896d0,A
0x0057c5cc,0x004896d0,R
0x0057c5d8,0x004896d0,R
0x0057c5c4,0x004896d0,R
0x0057c5d0,0x004896d0,R
0x0057c5c4,0x004896d0,A
0x0057d944,0x004896d0,R
0x0057d948,0x004896d0,R
0x0057d950,0x004896d0,R
0x0057d954,0x004896d0,R
0x0057d950,0x004896d0,R
0x0057d958,0x004896d0,R
0x0057d944,0x004896d0,R
0x0057d94c,0x004896d0,R
0x0057d950,0x004896d0,R
0x0057d954,0x004896d0,R
0x0057d950,0x004896d0,R
0x0057d958,0x004896d0,R
0x004d2b64,0x004896d0,R
0x004d2b60,0x004896d0,R
0x004d2b68,0x004896d0,R
0x004d2b68,0x004896d0,R
0x004d2b68,0x004896d0,R
0x0057d0cc,0x004896d0,W
0x0057d0d0,0x004896d0,W
0x0057c5cc,0x00489920,R
0x0057c5cc,0x00489920,R
0x0057c5c4,0x00489920,R
0x0057c5c4,0x00489920,R
0x0057d944,0x00489920,R
0x004d2b60,0x00489920,R
0x0057d948,0x00489920,R
0x0057c5c4,0x00489920,A
0x0057d950,0x00489920,R
0x004d2b60,0x00489920,R
0x0057d954,0x00489920,R
0x0057d950,0x00489920,R
0x0057d958,0x00489920,R
0x0057d944,0x00489920,R
0x0057c5c4,0x00489920,A
0x0057d94c,0x00489920,R
0x0057d950,0x00489920,R
0x004d2b60,0x00489920,R
0x0057d954,0x00489920,R
0x0057d950,0x00489920,R
0x0057d958,0x00489920,R
0x004d2b64,0x00489920,R
0x004d2b64,0x00489920,R
0x004d2b60,0x00489920,R
0x004d2b60,0x00489920,R
0x004d2b70,0x00489920,R
0x0057c5c4,0x00489a90,A
0x0057c5cc,0x00489a90,R
0x0057c5d8,0x00489a90,R
0x0057c5c4,0x00489a90,R
0x0057c5d0,0x00489a90,R
0x0057c5c4,0x00489a90,A
0x0057d944,0x00489a90,R
0x0057d2cc,0x00489a90,W
0x0057d2d0,0x00489a90,W
0x0057d948,0x00489a90,R
0x0057d2d0,0x00489a90,W
0x0057d950,0x00489a90,R
0x0057d2d0,0x00489a90,W
0x0057d954,0x00489a90,R
0x0057d950,0x00489a90,R
0x0057d958,0x00489a90,R
0x0057d944,0x00489a90,R
0x0057d94c,0x00489a90,R
0x0057d2d0,0x00489a90,W
0x0057d950,0x00489a90,R
0x0057d2d0,0x00489a90,W
0x0057d954,0x00489a90,R
0x0057d950,0x00489a90,R
0x0057d958,0x00489a90,R
0x0057d2d0,0x00489a90,R
0x0057d2d0,0x00489a90,W
0x0057d2cc,0x00489a90,A
0x0057d2cc,0x00489a90,R
0x0057d2d0,0x00489a90,R
0x004d2b64,0x00489a90,R
0x0057d2cc,0x00489a90,W
0x0057d2d0,0x00489a90,W
0x0057d2d0,0x00489a90,R
0x004d2b60,0x00489a90,R
0x0057d2d0,0x00489a90,W
0x0057d2cc,0x00489a90,A
0x0057d2cc,0x00489a90,R
0x0057d2d0,0x00489a90,R
0x004d2b68,0x00489a90,R
0x0057d2d0,0x00489a90,A
0x0057d2d0,0x00489a90,R
0x0057d2d4,0x00489a90,R
0x0057d2cc,0x00489a90,R
0x004d2b68,0x00489a90,R
0x0057d938,0x00489a90,A
0x0056aafc,0x00489d00,W
0x0056ab3c,0x00489d00,W
0x0056aa28,0x00489d00,W
0x0056aa40,0x00489d00,W
0x0056aa48,0x00489d00,W
0x0056aaf0,0x00489d00,W
0x0056aaf4,0x00489d00,W
0x0056aaf8,0x00489d00,W
0x0056ab30,0x00489d00,R
0x0056ab30,0x00489d00,W
0x0056ab34,0x00489d00,W
0x0056ab38,0x00489d00,W
0x0056aaf0,0x00489e10,R
0x0056aa28,0x00489e10,W
0x0056ab30,0x00489e10,R
0x0056ab30,0x00489e10,W
0x0056aaf4,0x00489e10,W
0x0056ab38,0x00489e10,R
0x0056ab38,0x00489e10,W
0x0056ab34,0x00489e10,R
0x0056ab3c,0x00489e10,R
0x0056ab34,0x00489e10,W
0x004cc5b4,0x00489e10,R
0x0056ab3c,0x00489e10,W
0x0056ab30,0x00489f30,R
0x004cc5b4,0x00489f30,R
0x0056ab30,0x00489f30,R
0x0056aa44,0x00489f70,R
0x0056aa30,0x00489f80,R
0x0056ab38,0x00489fa0,R
0x004cc5b4,0x00489fa0,R
0x004cc5b4,0x00489fa0,R
0x0056ab38,0x00489fa0,R
0x0056ab34,0x0048a030,R
0x0056ab34,0x0048a030,R
0x004f3eec,0x0048a0d0,R
0x0056aaf0,0x0048a0d0,R
0x0056aa48,0x0048a0d0,R
0x004e1860,0x0048a0d0,A
0x0056ab38,0x0048a0d0,R
0x0056ab38,0x0048a130,R
0x0056aaf0,0x0048a140,R
0x004e1860,0x0048a140,A
0x0056aaf0,0x0048a180,R
0x0056aaf0,0x0048a180,W
0x0056aaf0,0x0048a180,A
0x0056aaf0,0x0048a180,R
0x004cc59c,0x0048a180,R
0x004db5b0,0x0048a180,A
0x004db5b8,0x0048a180,A
0x0056aa34,0x0048a180,W
0x0056aa38,0x0048a180,W
0x0056aa3c,0x0048a180,W
0x004e1860,0x0048a180,A
0x0056aaf0,0x0048a220,R
0x0056aa48,0x0048a220,R
0x004e1860,0x0048a220,A
0x0056ab30,0x0048a220,R
0x0056ab30,0x0048a2c0,R
0x0056ab30,0x0048a2e0,R
0x0056aaf0,0x0048a310,R
0x004e1860,0x0048a310,A
0x0056ab34,0x0048a310,R
0x0056aaf0,0x0048a350,R
0x0056ab08,0x0048a350,W
0x0056ab08,0x0048a350,A
0x004cc4f8,0x0048a350,R
0x004e18dc,0x0048a350,A
0x004cc5bc,0x0048a350,R
0x004e1860,0x0048a350,A
0x0056aa38,0x0048a350,R
0x0056ab0c,0x0048a350,R
0x004cc4f8,0x0048a350,R
0x004e18b8,0x0048a350,A
0x004cc5bc,0x0048a350,R
0x0056aa3c,0x0048a350,W
0x0056aa3c,0x0048a350,R
0x004e18b0,0x0048a350,A
0x004e18a8,0x0048a350,A
0x004e18a8,0x0048a350,A
0x004e18b0,0x0048a350,A
0x004e188c,0x0048a350,A
0x004cc4dc,0x0048a350,R
0x0056aaa0,0x0048a410,A
0x0056aaa0,0x0048a410,W
0x0056aaa4,0x0048a410,W
0x0056aaa4,0x0048a410,W
0x0056aaa5,0x0048a410,W
0x004cc5dc,0x0048a410,R
0x0056aa48,0x0048a410,R
0x0056aaa0,0x0048a410,A
0x004cc5e4,0x0048a410,R
0x0056aaf0,0x0048a410,R
0x004e1860,0x0048a410,A
0x0056aaf0,0x0048a410,R
0x0056aaf4,0x0048a410,R
0x004cc5b4,0x0048a410,R
0x0056aaf4,0x0048a410,W
0x0056ab30,0x0048a520,R
0x0056aaf4,0x0048a520,W
0x0056aaf4,0x0048a520,R
0x0056aaf4,0x0048a520,R
0x0056aaf0,0x0048a520,R
0x004f3eec,0x0048a520,R
0x004e1ad8,0x0048a520,A
0x004e1abc,0x0048a520,A
0x004cc664,0x0048a520,R
0x004f3eec,0x0048a520,R
0x004e1ad8,0x0048a520,A
0x004e1aa8,0x0048a520,A
0x004cc664,0x0048a520,R
0x004f3eec,0x0048a520,R
0x004e1ad8,0x0048a520,A
0x004e1a98,0x0048a520,A
0x004cc664,0x0048a520,R
0x004f3eec,0x0048a520,R
0x004e1ad8,0x0048a520,A
0x004e1a80,0x0048a520,A
0x004cc664,0x0048a520,R
0x004f3eec,0x0048a520,R
0x004e1ad8,0x0048a520,A
0x004e1a70,0x0048a520,A
0x004cc664,0x0048a520,R
0x004f3eec,0x0048a520,R
0x004e1ad8,0x0048a520,A
0x004e1a58,0x0048a520,A
0x004cc664,0x0048a520,R
0x004f3eec,0x0048a520,R
0x004e1ad8,0x0048a520,A
0x004e1a48,0x0048a520,A
0x004cc664,0x0048a520,R
0x004f3eec,0x0048a520,R
0x004e1ad8,0x0048a520,A
0x004e1a30,0x0048a520,A
0x004cc664,0x0048a520,R
0x004f3eec,0x0048a520,R
0x004e1ad8,0x0048a520,A
0x004e1a18,0x0048a520,A
0x004cc664,0x0048a520,R
0x004f3eec,0x0048a520,R
0x004e1ad8,0x0048a520,A
0x004e1a00,0x0048a520,A
0x004cc664,0x0048a520,R
0x004f3eec,0x0048a520,R
0x004e1ad8,0x0048a520,A
0x004e19ec,0x0048a520,A
0x004cc664,0x0048a520,R
0x004f3eec,0x0048a520,R
0x004e1ad8,0x0048a520,A
0x004e19d8,0x0048a520,A
0x004cc664,0x0048a520,R
0x004f3eec,0x0048a520,R
0x004e1ad8,0x0048a520,A
0x004e19c8,0x0048a520,A
0x004cc664,0x0048a520,R
0x004f3eec,0x0048a520,R
0x004e1ad8,0x0048a520,A
0x004e19b0,0x0048a520,A
0x004cc664,0x0048a520,R
0x004f3eec,0x0048a520,R
0x004e1ad8,0x0048a520,A
0x004e1994,0x0048a520,A
0x004cc664,0x0048a520,R
0x004f3eec,0x0048a520,R
0x004e1ad8,0x0048a520,A
0x004e1974,0x0048a520,A
0x004cc664,0x0048a520,R
0x004f3eec,0x0048a520,R
0x004e1ad8,0x0048a520,A
0x004e1954,0x0048a520,A
0x004cc664,0x0048a520,R
0x004f3eec,0x0048a520,R
0x004e1ad8,0x0048a520,A
0x004e1940,0x0048a520,A
0x004cc664,0x0048a520,R
0x004f3eec,0x0048a520,R
0x004e1ad8,0x0048a520,A
0x004e1924,0x0048a520,A
0x004cc664,0x0048a520,R
0x004f3eec,0x0048a520,R
0x004e1ad8,0x0048a520,A
0x004e1914,0x0048a520,A
0x004cc664,0x0048a520,R
0x004f3eec,0x0048a520,R
0x004e1ad8,0x0048a520,A
0x004e1900,0x0048a520,A
0x004cc664,0x0048a520,R
0x0056aaf0,0x0048a520,R
0x0056aaf4,0x0048a520,R
0x0056aaf4,0x0048a520,R
0x0056aaf4,0x0048a520,R
0x0056aaf4,0x0048a520,R
0x0056aaf4,0x0048a520,R
0x0056aaf4,0x0048a520,R
0x0056aaf8,0x0048a980,R
0x0056aaf0,0x0048a980,R
0x004e1860,0x0048a980,A
0x004e1b90,0x0048a9c0,A
0x004cc5a0,0x0048a9c0,R
0x0056aaf8,0x0048a9c0,W
0x0056aa50,0x0048a9c0,A
0x0056aa50,0x0048a9c0,W
0x0056aa54,0x0048a9c0,W
0x0056aa54,0x0048a9c0,W
0x0056aa55,0x0048a9c0,W
0x0056aa50,0x0048a9c0,A
0x0056aa50,0x0048a9c0,A
0x0056aa50,0x0048a9c0,R
0x0056aa51,0x0048a9c0,R
0x0056aa50,0x0048a9c0,R
0x0056aa51,0x0048a9c0,R
0x0056aaf0,0x0048a9c0,R
0x004f3eec,0x0048a9c0,R
0x004e1ad8,0x0048a9c0,A
0x004e1b74,0x0048a9c0,A
0x004cc664,0x0048a9c0,R
0x004f3eec,0x0048a9c0,R
0x004e1ad8,0x0048a9c0,A
0x004e1b54,0x0048a9c0,A
0x004cc664,0x0048a9c0,R
0x004f3eec,0x0048a9c0,R
0x004e1ad8,0x0048a9c0,A
0x004e1b30,0x0048a9c0,A
0x004cc664,0x0048a9c0,R
0x004f3eec,0x0048a9c0,R
0x004e1ad8,0x0048a9c0,A
0x004e1b08,0x0048a9c0,A
0x004cc664,0x0048a9c0,R
0x004f3eec,0x0048a9c0,R
0x004e1ad8,0x0048a9c0,A
0x004e1af0,0x0048a9c0,A
0x004cc664,0x0048a9c0,R
0x0056aaf0,0x0048a9c0,R
0x0056aa30,0x0048a9c0,W
0x004e1860,0x0048a9c0,A
0x0056aaf4,0x0048a9c0,R
0x0056ab34,0x0048a9c0,R
0x004e185c,0x0048a9c0,W
0x0056aa44,0x0048a9c0,W
0x0056aaf0,0x0048acf0,R
0x0056aaf8,0x0048acf0,R
0x004e1860,0x0048acf0,A
0x0056aaf0,0x0048ad30,R
0x0056aaf8,0x0048ad30,R
0x004e1860,0x0048ad30,A
0x0056ab04,0x0048ad70,R
0x0056aaf0,0x0048ad70,R
0x0056ab00,0x0048ad70,R
0x0056ab04,0x0048ad70,W
0x0056aaf8,0x0048ad70,R
0x0056aaf0,0x0048ad70,R
0x0056ab00,0x0048ad70,A
0x004e1860,0x0048ad70,A
0x0056aaf0,0x0048ae10,R
0x0056aaf8,0x0048ae10,R
0x004e1860,0x0048ae10,A
0x0056aa28,0x0048ae70,R
0x0056aa40,0x0048ae70,R
0x004cc4ec,0x0048ae70,R
0x0056add4,0x0048ae70,R
0x0056ab3c,0x0048ae70,R
0x0056aaf0,0x0048ae70,R
0x0056ab3c,0x0048ae70,R
0x0056ab3c,0x0048ae70,W
0x0056add4,0x0048ae70,R
0x004e1b98,0x0048ae70,A
0x004e1860,0x0048ae70,A
0x0056add4,0x0048ae70,W
0x0056ab3c,0x0048ae70,R
0x0056ab3c,0x0048ae70,R
0x004cc5a0,0x0048afa0,R
0x004e1bc8,0x0048afe0,A
0x004e1860,0x0048afe0,A
0x004e185c,0x0048afe0,W
0x004e1b90,0x0048afe0,A
0x004cc5a0,0x0048afe0,R
0x0056ab34,0x0048afe0,R
0x004e185c,0x0048afe0,R
0x004e185c,0x0048afe0,W
0x0056aa30,0x0048afe0,W
0x0056aafc,0x0048afe0,R
0x0056aa40,0x0048afe0,W
0x0056aaf4,0x0048afe0,R
0x0056ab00,0x0048afe0,R
0x0056ab04,0x0048afe0,W
0x004cc5e4,0x0048b3a0,R
0x004cc4ac,0x0048b3a0,R
0x0056ab38,0x0048b3a0,R
0x004cc5dc,0x0048b5e0,R
0x004cc5e4,0x0048b5e0,R
0x0056ab30,0x0048b5e0,R
0x004cc70c,0x0048b730,R
0x004d2bc8,0x0048b730,A
0x004d2bd8,0x0048b730,A
0x004cc708,0x0048b730,R
0x004e1c20,0x0048b730,A
0x004e1860,0x0048b730,A
0x004e1c08,0x0048b730,A
0x004e1860,0x0048b730,A
0x004e1bec,0x0048b730,A
0x004e1860,0x0048b730,A
0x004e1860,0x0048b730,A
0x004cc710,0x0048b7f0,R
0x004cc5dc,0x0048b860,R
0x0056ab34,0x0048b860,R
0x0056ab34,0x0048b860,R
0x004cc5b4,0x0048b860,R
0x0056aaf4,0x0048b940,R
0x0056ad54,0x0048b940,A
0x0056ad54,0x0048b940,R
0x0056ad58,0x0048b940,R
0x0056ad58,0x0048b940,W
0x0056aaf8,0x0048b980,R
0x0056aaf4,0x0048b9a0,R
0x0056ab34,0x0048b9d0,R
0x0056ad50,0x0048b9e0,A
0x0056ab34,0x0048b9e0,R
0x0056ab34,0x0048ba60,R
0x0056aaf4,0x0048bab0,R
0x0056aaf4,0x0048bb20,R
0x0056aaf4,0x0048bb20,R
0x0056aaf4,0x0048bb20,R
0x0056aaf4,0x0048bb20,R
0x0056aaf4,0x0048bb20,R
0x0056aaf4,0x0048bb20,R
0x0056aaf4,0x0048bb20,R
0x0056aaf0,0x0048bb20,R
0x0056aaf4,0x0048bb20,R
0x0056aaa0,0x0048bb20,A
0x0056aaa0,0x0048bb20,W
0x0056aaa4,0x0048bb20,W
0x0056aaa4,0x0048bb20,W
0x0056aaa5,0x0048bb20,W
0x004d2bfc,0x0048bbe0,R
0x004d2c00,0x0048bbe0,R
0x004d2c04,0x0048bbe0,R
0x004d2ce8,0x0048bbe0,R
0x004d2cec,0x0048bbe0,R
0x004d2cf0,0x0048bbe0,R
0x004d2cf4,0x0048bbe0,R
0x004d2d48,0x0048bbe0,R
0x004d2d4c,0x0048bbe0,R
0x004d2d50,0x0048bbe0,R
0x004d2d54,0x0048bbe0,R
0x004d2bf8,0x0048bbe0,R
0x004d2bf8,0x0048bbe0,A
0x004cc0c8,0x0048bbe0,R
0x004cc5dc,0x0048bbe0,R
0x004e1c38,0x0048bbe0,A
0x004cc5e4,0x0048bbe0,R
0x004cc4ac,0x0048bbe0,R
0x004cc5b4,0x0048bbe0,R
0x004cc5b4,0x0048bbe0,R
0x004cc5b4,0x0048bbe0,R
0x004d2c78,0x0048be10,A
0x0056aaf0,0x0048be70,R
0x0056aa48,0x0048be70,R
0x004cc5b4,0x0048bee0,R
0x0056addc,0x0048bf40,R
0x0056ade0,0x0048bf40,R
0x0056ade0,0x0048bf40,W
0x0056add8,0x0048bfb0,W
0x0056addc,0x0048bfb0,W
0x0056ade0,0x0048bfb0,W
0x0056aa3c,0x0048c060,R
0x0056aa3c,0x0048c080,R
0x0056addc,0x0048c0a0,R
0x0056ade0,0x0048c0a0,R
0x0056ade0,0x0048c0a0,W
0x0056addc,0x0048c120,R
0x0056ade0,0x0048c120,R
0x0056ade0,0x0048c120,W
0x0056addc,0x0048c200,R
0x004e20f8,0x0048c250,A
0x004e20e4,0x0048c250,A
0x004e20d4,0x0048c250,A
0x004e20c0,0x0048c250,A
0x004e20ac,0x0048c250,A
0x004e2090,0x0048c250,A
0x004e207c,0x0048c250,A
0x004e2068,0x0048c250,A
0x004e2050,0x0048c250,A
0x004e203c,0x0048c250,A
0x004e2024,0x0048c250,A
0x004e200c,0x0048c250,A
0x004e1ff4,0x0048c250,A
0x004e1fd8,0x0048c250,A
0x004e1fc8,0x0048c250,A
0x004e1fb4,0x0048c250,A
0x004e1fa0,0x0048c250,A
0x004e1f8c,0x0048c250,A
0x004e1f78,0x0048c250,A
0x004e1f68,0x0048c250,A
0x004e1f54,0x0048c250,A
0x004e1f40,0x0048c250,A
0x004e1f28,0x0048c250,A
0x004e1f18,0x0048c250,A
0x004e1f04,0x0048c250,A
0x004e1ef0,0x0048c250,A
0x004e1ee0,0x0048c250,A
0x004e1ecc,0x0048c250,A
0x004e1ec0,0x0048c250,A
0x004e1eac,0x0048c250,A
0x004e1e90,0x0048c250,A
0x004e1e7c,0x0048c250,A
0x004e1e68,0x0048c250,A
0x004e1e50,0x0048c250,A
0x004e1e3c,0x0048c250,A
0x004e1e28,0x0048c250,A
0x004e1e10,0x0048c250,A
0x004e1df8,0x0048c250,A
0x004e1de4,0x0048c250,A
0x004e1dcc,0x0048c250,A
0x004e1db4,0x0048c250,A
0x004e1d9c,0x0048c250,A
0x004e1d88,0x0048c250,A
0x004e1d70,0x0048c250,A
0x004e1d54,0x0048c250,A
0x004e1d40,0x0048c250,A
0x004e1d24,0x0048c250,A
0x004e1d10,0x0048c250,A
0x004e1cf8,0x0048c250,A
0x004e1ce4,0x0048c250,A
0x004e1cc4,0x0048c250,A
0x004e1ca4,0x0048c250,A
0x004e1c90,0x0048c250,A
0x004e1c7c,0x0048c250,A
0x004dca40,0x0048c250,A
0x004e1c68,0x0048c250,A
0x004cc5c4,0x0048c250,R
0x004e1c48,0x0048c250,A
0x0056ae70,0x0048c7d0,R
0x0056ae70,0x0048c7d0,W
0x004cc5dc,0x0048c800,R
0x0056ae74,0x0048c800,W
0x0056ae70,0x0048c820,R
0x0056ae70,0x0048c820,W
0x0056ae78,0x0048c820,R
0x0056ae78,0x0048c820,W
0x0056ae78,0x0048c820,R
0x0056ae78,0x0048c820,W
0x0056ae70,0x0048c890,R
0x004cc5b4,0x0048c890,R
0x0056ae70,0x0048c890,R
0x0056ae70,0x0048c890,W
0x0056ae70,0x0048c8e0,R
0x0056ae7c,0x0048c8e0,W
0x0056ae78,0x0048c8e0,R
0x0056ae78,0x0048c8e0,W
0x0056ae78,0x0048c8e0,W
0x004cc5dc,0x0048c950,R
0x004cc5b4,0x0048c970,R
0x0056b184,0x0048cc70,R
0x0056b184,0x0048cc70,W
0x0056b188,0x0048cc70,W
0x0056b180,0x0048cca0,R
0x0056b180,0x0048cca0,W
0x0056b180,0x0048cca0,R
0x0056b180,0x0048cce0,R
0x0056b180,0x0048cce0,W
0x0056b180,0x0048cd10,R
0x0056b184,0x0048cd10,R
0x0056b180,0x0048cd10,W
0x0056b184,0x0048cd10,W
0x0056b180,0x0048cd40,R
0x004cc5dc,0x0048cda0,R
0x0056ae80,0x0048cdc0,A
0x0056af80,0x0048cdc0,A
0x004cc4cc,0x0048cdc0,R
0x0056ae80,0x0048cdc0,A
0x0056ae80,0x0048cdc0,R
0x0056ae81,0x0048cdc0,R
0x0056af80,0x0048cdc0,A
0x0056af80,0x0048cdc0,R
0x0056af81,0x0048cdc0,R
0x0056af80,0x0048cdc0,W
0x0056af84,0x0048cdc0,W
0x0056af81,0x0048cdc0,W
0x0056af84,0x0048cdc0,W
0x0056af85,0x0048cdc0,W
0x0056af80,0x0048cdc0,A
0x004cc5b4,0x0048ce40,R
0x004cc5b4,0x0048ce60,R
0x004cc5b4,0x0048ce60,R
0x004cc134,0x0048d080,R
0x004cc5dc,0x0048d080,R
0x004e2140,0x0048d080,A
0x004e2118,0x0048d080,A
0x0056b184,0x0048d1c0,R
0x0056b184,0x0048d1c0,R
0x0056b184,0x0048d1c0,R
0x0056b188,0x0048d210,W
0x0056b184,0x0048d210,R
0x0056b184,0x0048d2c0,R
0x0056b188,0x0048d2c0,R
0x0056b188,0x0048d2c0,W
0x0056b184,0x0048d2c0,R
0x0056b188,0x0048d2c0,R
0x0056b184,0x0048d2c0,R
0x0056b1b8,0x0048d340,W
0x004cc5dc,0x0048d340,R
0x0056b1bc,0x0048d340,W
0x0056b1b8,0x0048d340,R
0x004cc5d8,0x0048d340,R
0x0056b1bc,0x0048d340,R
0x0056b1b8,0x0048d340,R
0x004cc5dc,0x0048d340,R
0x0056b1c4,0x0048d340,W
0x0056b1c8,0x0048d340,W
0x0056b1cc,0x0048d340,W
0x0056b1d0,0x0048d340,W
0x0056b1d4,0x0048d340,W
0x0056b1c0,0x0048d340,W
0x0056b1d8,0x0048d340,W
0x0056b1bc,0x0048d3e0,R
0x004cc5b4,0x0048d3e0,R
0x0056b1c0,0x0048d3e0,R
0x0056b1bc,0x0048d3e0,W
0x0056b1c0,0x0048d3e0,W
0x0056b1c8,0x0048d420,W
0x0056b1cc,0x0048d420,W
0x0056b1d0,0x0048d420,W
0x0056b1c4,0x0048d420,W
0x0056b1d4,0x0048d420,W
0x0056b19c,0x0048d450,R
0x0056b1b0,0x0048d450,R
0x0056b198,0x0048d450,R
0x0056b19c,0x0048d4b0,R
0x0056b1b0,0x0048d4b0,R
0x0056b198,0x0048d4b0,R
0x0056b19c,0x0048d510,R
0x0056b1dc,0x0048d510,R
0x0056b1e4,0x0048d510,R
0x0056b1e0,0x0048d510,R
0x0056b19c,0x0048d5f0,R
0x0056b1dc,0x0048d5f0,R
0x0056b1e4,0x0048d5f0,R
0x0056b1e0,0x0048d5f0,R
0x0056b1cc,0x0048d6d0,R
0x0056b1c8,0x0048d6d0,R
0x0056bbe8,0x0048d6d0,R
0x0062e9e4,0x0048d6d0,W
0x0062e9e8,0x0048d6d0,W
0x0062e9ec,0x0048d6d0,W
0x0062e9e0,0x0048d6d0,W
0x0062e9dc,0x0048d6d0,W
0x0062e9f0,0x0048d6d0,W
0x0062e9f8,0x0048d6d0,W
0x0062e9fc,0x0048d6d0,W
0x0062e9dc,0x0048d7a0,R
0x00632110,0x0048d7a0,R
0x0057de38,0x0048d7a0,R
0x0056b1d8,0x0048d7a0,W
0x0056b1d8,0x0048d7a0,W
0x0056b1d8,0x0048d7a0,W
0x0056b1d8,0x0048d7a0,W
0x0062e9f8,0x0048d7a0,R
0x004d2d88,0x0048d7a0,R
0x0062e9f0,0x0048d7a0,R
0x004d2d90,0x0048d7a0,R
0x0062e9f8,0x0048d7a0,R
0x0062e9f0,0x0048d7a0,R
0x0056b1dc,0x0048d7a0,W
0x0056b1e4,0x0048d7a0,W
0x004d2d88,0x0048d7a0,R
0x0056b1b0,0x0048d7a0,W
0x0056b1e0,0x0048d7a0,W
0x0056b198,0x0048d7a0,W
0x0056b1d4,0x0048d7a0,R
0x0062e9e4,0x0048d7a0,R
0x0062e9e8,0x0048d7a0,R
0x0056b1c4,0x0048d7a0,R
0x0056b19c,0x0048d7a0,W
0x0062e9e0,0x0048d7a0,R
0x0062e9ec,0x0048d7a0,R
0x0056b1d8,0x0048d7a0,R
0x0056b1d4,0x0048d7a0,R
0x0062e9ec,0x0048d7a0,R
0x004d2d98,0x0048d910,R
0x004d2da0,0x0048d910,R
0x0056b1cc,0x0048d910,R
0x0056b1c8,0x0048d910,R
0x004cc5d8,0x0048d910,R
0x0056b1b8,0x0048d910,R
0x0056b1bc,0x0048d910,R
0x0056b1d4,0x0048d910,R
0x0056b1c4,0x0048d910,R
0x0056b190,0x0048da60,R
0x0056b194,0x0048da60,R
0x0056b1a0,0x0048da60,R
0x0056b1a8,0x0048da60,R
0x0056b1a4,0x0048da60,R
0x0056b1ac,0x0048da60,R
0x0056b1a8,0x0048da60,R
0x0056b1d4,0x0048da60,R
0x0056b1c8,0x0048da60,R
0x0056b1c4,0x0048da60,R
0x0056b1c0,0x0048da60,R
0x0056b1d4,0x0048daf0,R
0x0056b1c8,0x0048daf0,R
0x0056b1c4,0x0048daf0,R
0x0056b1c0,0x0048daf0,R
0x0056b1a0,0x0048daf0,W
0x0056b1a4,0x0048daf0,W
0x0056b1a8,0x0048daf0,W
0x0056b1ac,0x0048daf0,W
0x0056b1cc,0x0048daf0,R
0x0056b1a4,0x0048daf0,W
0x0056b1c8,0x0048daf0,R
0x0056b1a0,0x0048daf0,W
0x0056b1ac,0x0048daf0,W
0x0056b1a8,0x0048daf0,W
0x0056b1a4,0x0048daf0,R
0x004d2da8,0x0048daf0,R
0x0056b1a0,0x0048daf0,R
0x0056b1a8,0x0048daf0,R
0x0056b1a4,0x0048daf0,R
0x0056b1ac,0x0048daf0,R
0x0056b1d4,0x0048daf0,R
0x0056b1c8,0x0048daf0,R
0x0056b1d4,0x0048daf0,R
0x0056b1c8,0x0048daf0,R
0x0056b1d4,0x0048daf0,R
0x0056b1c8,0x0048daf0,R
0x0056b1d4,0x0048daf0,R
0x0056b1c8,0x0048daf0,R
0x0056b1d4,0x0048daf0,R
0x0056b1c8,0x0048daf0,R
0x0056b1d4,0x0048daf0,R
0x0056b1c8,0x0048daf0,R
0x0056b1d4,0x0048daf0,R
0x0056b1c8,0x0048daf0,R
0x0056b1d4,0x0048daf0,R
0x0056b1c8,0x0048daf0,R
0x0056b1d4,0x0048daf0,R
0x0056b1c8,0x0048daf0,R
0x0056b1d4,0x0048daf0,R
0x0056b1c8,0x0048daf0,R
0x0056b1d4,0x0048daf0,R
0x0056b1c8,0x0048daf0,R
0x0056b1d4,0x0048daf0,R
0x0056b1c8,0x0048daf0,R
0x0056b1d4,0x0048daf0,R
0x0056b1c8,0x0048daf0,R
0x0056b1d4,0x0048daf0,R
0x0056b1c8,0x0048daf0,R
0x0056b1d4,0x0048daf0,R
0x0056b1c8,0x0048daf0,R
0x0056b1d4,0x0048daf0,R
0x0056b1c8,0x0048daf0,R
0x0056b1d4,0x0048daf0,R
0x0056b1c4,0x0048daf0,R
0x0056b1c0,0x0048daf0,R
0x0056b1c8,0x0048daf0,R
0x0056b190,0x0048daf0,W
0x0056b194,0x0048daf0,W
0x0056b1a4,0x0048daf0,R
0x0056b1ac,0x0048daf0,R
0x0056b1a0,0x0048daf0,R
0x0056b1a0,0x0048daf0,R
0x0056b1d4,0x0048daf0,R
0x0056b1c4,0x0048daf0,R
0x0056b1c8,0x0048daf0,R
0x0056b1c0,0x0048daf0,R
0x0056b1a8,0x0048daf0,R
0x0056b1cc,0x0048e380,R
0x0056b1c8,0x0048e380,R
0x0056b1cc,0x0048e380,R
0x0056b1c8,0x0048e380,R
0x0056b1d4,0x0048e380,R
0x0056b1c0,0x0048e380,R
0x0056b1c4,0x0048e380,R
0x0056b1d4,0x0048e380,R
0x0056b1d4,0x0048e380,R
0x0056b1c4,0x0048e380,R
0x0056b1c0,0x0048e380,R
0x0056b1cc,0x0048e670,R
0x0056b1c8,0x0048e670,R
0x0056b1cc,0x0048e670,R
0x0056b1c8,0x0048e670,R
0x0056b1c4,0x0048e670,R
0x0056b1d4,0x0048e670,R
0x0056b1c8,0x0048e670,R
0x0056b1c0,0x0048e670,R
0x0056b1d4,0x0048e670,R
0x0056b1c0,0x0048e670,R
0x0056b1c4,0x0048e670,R
0x0056b1c8,0x0048e670,R
0x0056b1cc,0x0048e870,R
0x0056b1c8,0x0048e870,R
0x0056b1cc,0x0048e870,R
0x0056b1c8,0x0048e870,R
0x0056b1c4,0x0048e870,R
0x0056b1d4,0x0048e870,R
0x0056b1c8,0x0048e870,R
0x0056b1c0,0x0048e870,R
0x0056b1d4,0x0048e870,R
0x0056b1cc,0x0048ea20,R
0x0056b1c8,0x0048ea20,R
0x0056bbe8,0x0048ea20,R
0x0056b1d4,0x0048ea20,R
0x0056b1c4,0x0048ea20,R
0x0056b1d4,0x0048ea20,R
0x0056b1cc,0x0048eb80,R
0x0056b1c8,0x0048eb80,R
0x0056bbe8,0x0048eb80,R
0x0056b1d4,0x0048eb80,R
0x0056b1c4,0x0048eb80,R
0x0056b1d4,0x0048eb80,R
0x0056b1c8,0x0048ec90,R
0x0056b1cc,0x0048ec90,R
0x004d2dac,0x0048ed60,R
0x004d2db0,0x0048ed60,R
0x004d2db0,0x0048ed60,R
0x004d2db0,0x0048ed60,R
0x004d2db0,0x0048ed60,R
0x004d2db0,0x0048ed60,R
0x004d2db0,0x0048ed60,R
0x004d2db0,0x0048ed60,R
0x0063205c,0x0048ed60,R
0x004d2db4,0x0048ed60,R
0x0056b1c4,0x0048ed60,R
0x0057de38,0x0048ed60,R
0x004d2db4,0x0048ed60,R
0x0056b1c4,0x0048ed60,R
0x0057de38,0x0048ed60,R
0x00632050,0x0048f500,R
0x006320ac,0x0048f500,R
0x00632054,0x0048f560,R
0x00632058,0x0048f560,R
0x00632058,0x0048f560,R
0x0063205c,0x0048f560,R
0x00632050,0x0048f560,R
0x0057de38,0x0048f560,R
0x00632054,0x0048f560,R
0x0057de38,0x0048f560,R
0x00632054,0x0048f560,R
0x0057dae0,0x0048fd80,W
0x0057dae4,0x0048fd80,W
0x0057dae8,0x0048fd80,W
0x0057daec,0x0048fd80,W
0x0057daf0,0x0048fd80,W
0x0057daf4,0x0048fd80,W
0x0057daf8,0x0048fd80,W
0x0057dafc,0x0048fd80,W
0x0057de58,0x0048fd80,W
0x0057de5c,0x0048fd80,W
0x0057de60,0x0048fd80,W
0x0057de64,0x0048fd80,W
0x0057de68,0x0048fd80,W
0x0057de70,0x0048fd80,W
0x0057dac0,0x0048fd80,W
0x0057dac4,0x0048fd80,W
0x0057dac8,0x0048fd80,W
0x0057dacc,0x0048fd80,W
0x0057de7c,0x0048fd80,W
0x005cb270,0x0048fd80,W
0x0062e9dc,0x0048fd80,W
0x0062ea00,0x0048fd80,W
0x00631ccc,0x0048fd80,W
0x00631dd0,0x0048fd80,A
0x0056bbe8,0x0048fd80,R
0x00631dd0,0x0048fd80,A
0x00631e70,0x0048fd80,A
0x00631dd0,0x0048fd80,R
0x00631e70,0x0048fd80,W
0x00631dd4,0x0048fd80,R
0x00631e74,0x0048fd80,W
0x00631dd0,0x0048fd80,A
0x00631fb0,0x0048fd80,A
0x00631dd0,0x0048fd80,R
0x00631fb0,0x0048fd80,W
0x00631dd4,0x0048fd80,R
0x00631fb4,0x0048fd80,W
0x0063209c,0x0048fd80,W
0x006320a0,0x0048fd80,W
0x00632050,0x0048fd80,W
0x00632054,0x0048fd80,W
0x00632058,0x0048fd80,W
0x0063205c,0x0048fd80,W
0x00632060,0x0048fd80,W
0x00632064,0x0048fd80,W
0x00632068,0x0048fd80,W
0x00632074,0x0048fd80,W
0x0063206c,0x0048fd80,W
0x00632078,0x0048fd80,W
0x00632070,0x0048fd80,W
0x00632088,0x0048fd80,W
0x0063208c,0x0048fd80,W
0x00632090,0x0048fd80,W
0x00632094,0x0048fd80,W
0x00632098,0x0048fd80,W
0x0063207c,0x0048fd80,W
0x00632080,0x0048fd80,W
0x00632084,0x0048fd80,W
0x006320ac,0x0048fd80,W
0x0063210c,0x0048fd80,W
0x004da834,0x0048fd80,A
0x004da888,0x0048fd80,A
0x00632110,0x0048fd80,W
0x00632110,0x0048fd80,W
0x0063210c,0x0048fd80,A
0x0057de5c,0x0048fd80,R
0x00632060,0x0048fd80,R
0x0057de6c,0x0048fd80,W
0x0057de3c,0x0048ff80,A
0x0057de38,0x0048ff80,A
0x0057de34,0x0048ff80,A
0x0057de44,0x0048ff80,A
0x0057de40,0x0048ff80,A
0x0057de48,0x0048ff80,A
0x0057de50,0x0048ff80,A
0x0057de4c,0x0048ff80,A
0x0057de54,0x0048ff80,A
0x00632110,0x0048ff80,R
0x00632110,0x0048ff80,R
0x00632060,0x0048ff80,R
0x0057de38,0x0048ff80,R
0x006320fc,0x0048ff80,W
0x00632100,0x0048ff80,W
0x006320f0,0x0048ff80,W
0x006320f4,0x0048ff80,W
0x006320f8,0x0048ff80,W
0x006320b0,0x0048ff80,W
0x006320c0,0x0048ff80,W
0x00632110,0x0048ff80,R
0x006320b4,0x0048ff80,W
0x006320b8,0x0048ff80,W
0x006320b8,0x0048ff80,W
0x006320bc,0x0048ff80,W
0x00632104,0x0048ff80,W
0x00632108,0x0048ff80,W
0x006320b8,0x0048ff80,W
0x006320bc,0x0048ff80,W
0x00632104,0x0048ff80,W
0x00632110,0x0048ff80,R
0x006320b4,0x0048ff80,W
0x006320b8,0x0048ff80,W
0x006320b8,0x0048ff80,W
0x006320bc,0x0048ff80,W
0x00632104,0x0048ff80,W
0x00632108,0x0048ff80,W
0x006320b8,0x0048ff80,W
0x006320bc,0x0048ff80,W
0x00632104,0x0048ff80,W
0x00632108,0x0048ff80,W
0x00632110,0x0048ff80,R
0x0057de38,0x0048ff80,R
0x00632110,0x0048ff80,R
0x0057de38,0x0048ff80,R
0x006320c8,0x0048ff80,W
0x006320d0,0x0048ff80,W
0x006320c8,0x0048ff80,W
0x006320d0,0x0048ff80,W
0x006320d8,0x0048ff80,W
0x006320dc,0x0048ff80,W
0x006320e0,0x0048ff80,W
0x006320e4,0x0048ff80,W
0x006320e8,0x0048ff80,W
0x006320ec,0x0048ff80,W
0x006320cc,0x0048ff80,W
0x006320d4,0x0048ff80,W
0x006320c8,0x0048ff80,W
0x006320d0,0x0048ff80,W
0x006320c8,0x0048ff80,W
0x006320d0,0x0048ff80,W
0x006320d8,0x0048ff80,W
0x006320dc,0x0048ff80,W
0x006320e0,0x0048ff80,W
0x006320e4,0x0048ff80,W
0x006320e8,0x0048ff80,W
0x006320ec,0x0048ff80,W
0x006320cc,0x0048ff80,W
0x006320d4,0x0048ff80,W
0x006320c8,0x0048ff80,W
0x006320d0,0x0048ff80,W
0x006320d8,0x0048ff80,W
0x006320dc,0x0048ff80,W
0x006320e0,0x0048ff80,W
0x006320e4,0x0048ff80,W
0x006320e8,0x0048ff80,W
0x006320ec,0x0048ff80,W
0x006320cc,0x0048ff80,W
0x006320d4,0x0048ff80,W
0x00632050,0x00490340,W
0x00632054,0x00490340,W
0x00632058,0x00490340,W
0x0063206c,0x00490340,W
0x00632070,0x00490340,W
0x00632074,0x00490340,W
0x00632078,0x00490340,W
0x00632060,0x00490340,W
0x0057de5c,0x00490340,R
0x00632060,0x00490340,R
0x0063205c,0x00490340,W
0x0057de6c,0x00490340,W
0x00632054,0x004903c0,W
0x00632058,0x004903c0,W
0x00632068,0x004903e0,W
0x00632064,0x004903e0,W
0x00632054,0x004903f0,R
0x00632058,0x004903f0,R
0x00632060,0x004903f0,R
0x0063205c,0x004903f0,R
0x00632050,0x004903f0,R
0x0057de58,0x00490430,W
0x0057de60,0x00490430,W
0x0057de60,0x00490430,W
0x0057de5c,0x00490430,W
0x00632060,0x00490430,R
0x0057de5c,0x00490430,R
0x0057de64,0x00490430,W
0x0057de6c,0x00490430,W
0x0057de70,0x00490480,W
0x0057de74,0x00490480,W
0x0057de78,0x00490480,W
0x004d2dd0,0x004904a0,R
0x004d2dc4,0x004904a0,R
0x0057de68,0x004904a0,W
0x004d2dd8,0x004904d0,R
0x0057db04,0x004904d0,W
0x004d2dc0,0x004904d0,R
0x0057db08,0x004904d0,W
0x0057db0c,0x004904d0,W
0x004d2dc4,0x004904d0,R
0x0057db0c,0x004904d0,W
0x004cc4ac,0x00490520,R
0x0057dafc,0x00490520,W
0x0057db00,0x00490520,W
0x0057dae4,0x00490520,W
0x0057db00,0x00490520,R
0x0057dae8,0x00490520,W
0x0057de30,0x00490520,W
0x006320a4,0x00490520,W
0x006320a8,0x00490520,W
0x0057dafc,0x00490590,R
0x0057dae4,0x00490590,R
0x0057dafc,0x00490590,R
0x0057dae8,0x00490590,R
0x0057daf0,0x00490590,W
0x0057dae0,0x00490590,W
0x0057de30,0x00490590,R
0x0057daf4,0x00490590,W
0x0057db10,0x00490590,A
0x0057db70,0x00490590,R
0x0057dbd4,0x00490590,R
0x0057de30,0x00490590,R
0x0057de30,0x00490600,W
0x004d2ddc,0x00490610,R
0x004d2ddc,0x00490610,R
0x004d2ddc,0x00490610,R
0x004d2ddc,0x00490610,R
0x004d2ddc,0x00490610,R
0x004d2ddc,0x00490610,R
0x004d2ddc,0x00490610,R
0x004d2ddc,0x00490610,R
0x0057de30,0x00490710,R
0x0057db10,0x00490710,A
0x0057db10,0x00490710,A
0x0057db1c,0x00490710,A
0x0057db14,0x00490710,A
0x0057db20,0x00490710,A
0x0057db18,0x00490710,A
0x0057db24,0x00490710,A
0x0057de30,0x00490710,R
0x0057db70,0x00490710,A
0x0057de30,0x00490710,R
0x0057de30,0x00490710,W
0x0057dae4,0x00490780,R
0x004cc5b4,0x00490780,R
0x0057dae4,0x00490780,W
0x0057dae8,0x00490780,R
0x0057dae8,0x00490780,W
0x0057db08,0x004907c0,R
0x0057db0c,0x004907c0,R
0x0057db04,0x004907c0,R
0x0057db04,0x004907c0,R
0x0057db04,0x004907c0,R
0x0057db04,0x004907c0,R
0x0057db04,0x004907c0,R
0x0057db04,0x004907c0,R
0x0057db04,0x004907c0,R
0x0057db04,0x004907c0,R
0x0057db04,0x004907c0,R
0x0057dae4,0x00490ae0,R
0x0057dae0,0x00490ae0,R
0x0057daf0,0x00490ae0,W
0x0057daf4,0x00490ae0,W
0x0057daf0,0x00490ae0,R
0x0057daf4,0x00490ae0,R
0x0057db08,0x00490ae0,R
0x0057db08,0x00490ae0,R
0x0057daf0,0x00490ae0,W
0x0057daf4,0x00490ae0,W
0x0057dae0,0x00490ae0,R
0x0057dae0,0x00490ae0,R
0x0057daf0,0x00490ae0,W
0x0057daf4,0x00490ae0,W
0x0057daf0,0x00490ae0,W
0x0057daf4,0x00490ae0,W
0x0057daf0,0x00490ae0,W
0x0057daf4,0x00490ae0,W
0x0057daf4,0x00490ae0,R
0x0057dae0,0x00490ae0,R
0x0057dae0,0x00490ae0,R
0x0057daf0,0x00490ae0,R
0x0057dae0,0x00490ae0,R
0x0057daec,0x00490ae0,W
0x0057dae0,0x00490ae0,W
0x0057daec,0x00490ae0,W
0x0057daf0,0x00490ae0,W
0x0057dae4,0x00490ae0,R
0x0057daec,0x00490ae0,R
0x0057dae0,0x00490ae0,R
0x0057dae0,0x00490ae0,R
0x0057daf0,0x00490ae0,W
0x0057daf4,0x00490ae0,W
0x0057dae0,0x00490ae0,R
0x0057daec,0x00490ae0,W
0x0057dae0,0x00490ae0,W
0x0057daec,0x00490ae0,W
0x0057daf0,0x00490ae0,W
0x0057daf0,0x00490ae0,W
0x0057daf4,0x00490ae0,W
0x0057dae0,0x00490ae0,R
0x0057dae0,0x00490ae0,R
0x0057daf0,0x00490ae0,R
0x0057dae0,0x00490ae0,R
0x0057daec,0x00490ae0,W
0x0057dae0,0x00490ae0,W
0x0057daec,0x00490ae0,W
0x0057daf0,0x00490ae0,W
0x0057dae0,0x00490ae0,R
0x0057daf0,0x00490ae0,W
0x0057daf4,0x00490ae0,W
0x0057dae0,0x00490ae0,R
0x0057daec,0x00490ae0,W
0x0057dae0,0x00490ae0,W
0x0057daec,0x00490ae0,W
0x0057daf0,0x00490ae0,W
0x0057daf0,0x00490ae0,W
0x0057daf4,0x00490ae0,W
0x0057daf0,0x00490ae0,W
0x0057daf4,0x00490ae0,W
0x0057daf0,0x00490ae0,R
0x0057daf0,0x00490ae0,R
0x0057dae0,0x00490ae0,R
0x0057daf0,0x00490ae0,R
0x0057dae0,0x00490ae0,R
0x0057dae0,0x00490ae0,R
0x0057daec,0x00490ae0,W
0x0057dae0,0x00490ae0,W
0x0057daec,0x00490ae0,W
0x0057daec,0x00490ae0,R
0x0057dae0,0x00490ae0,R
0x0057daf0,0x00490ae0,W
0x0057dae0,0x00490ae0,R
0x0057dae0,0x00490ae0,R
0x0057dae0,0x00490ae0,R
0x0057dae0,0x00490ae0,R
0x0057daf0,0x00490ae0,R
0x0057dae0,0x00490ae0,R
0x0057daf0,0x00490ae0,R
0x0057dae0,0x00490ae0,R
0x0057dae0,0x00490ae0,R
0x0057daec,0x00490ae0,W
0x0057dae0,0x00490ae0,W
0x0057daf0,0x00490ae0,W
0x0057daf4,0x00490ae0,W
0x0057daf0,0x00490ae0,W
0x0057daf4,0x00490ae0,W
0x0057daf4,0x00490ae0,R
0x0057dae0,0x00490ae0,R
0x0057dae0,0x00490ae0,R
0x0057daf0,0x00490ae0,R
0x0057dae0,0x00490ae0,R
0x0057daec,0x00490ae0,W
0x0057dae0,0x00490ae0,W
0x0057daec,0x00490ae0,W
0x0057daf0,0x00490ae0,W
0x0057dae4,0x00490ae0,R
0x0057daec,0x00490ae0,R
0x0057dae0,0x00490ae0,R
0x0057dae4,0x00490ae0,R
0x0057dae0,0x00490ae0,R
0x0057dae0,0x00490ae0,R
0x0057dae0,0x00490ae0,R
0x0057dae0,0x00490ae0,W
0x0057dae0,0x004912a0,R
0x0057dae4,0x004912a0,R
0x0057daf0,0x004912a0,W
0x0057daf4,0x004912a0,W
0x0057daf0,0x004912a0,R
0x0057daf4,0x004912a0,R
0x0057daf0,0x004912a0,W
0x0057daf4,0x004912a0,W
0x0057dae0,0x004912a0,R
0x0057dae0,0x004912a0,R
0x0057daf0,0x004912a0,W
0x0057daf4,0x004912a0,W
0x0057dae0,0x004912a0,R
0x0057daec,0x004912a0,W
0x0057dae0,0x004912a0,W
0x0057daec,0x004912a0,W
0x0057daf0,0x004912a0,W
0x0057dae4,0x004912a0,R
0x0057daec,0x004912a0,R
0x0057dae0,0x004912a0,R
0x0057dae0,0x004912a0,R
0x0057daf0,0x004912a0,W
0x0057daf4,0x004912a0,W
0x0057dae0,0x004912a0,R
0x0057daec,0x004912a0,W
0x0057dae0,0x004912a0,W
0x0057daec,0x004912a0,W
0x0057daf0,0x004912a0,W
0x0057daf0,0x004912a0,W
0x0057daf4,0x004912a0,W
0x0057dae0,0x004912a0,R
0x0057dae0,0x004912a0,R
0x0057daf0,0x004912a0,R
0x0057dae0,0x004912a0,R
0x0057daec,0x004912a0,W
0x0057dae0,0x004912a0,W
0x0057daec,0x004912a0,W
0x0057daf0,0x004912a0,W
0x0057dae4,0x004912a0,R
0x0057daec,0x004912a0,R
0x0057dae0,0x004912a0,R
0x0057daf0,0x004912a0,W
0x0057daf4,0x004912a0,W
0x0057daf0,0x004912a0,W
0x0057daf4,0x004912a0,W
0x0057daf4,0x004912a0,R
0x0057dae0,0x004912a0,R
0x0057dae0,0x004912a0,R
0x0057daf0,0x004912a0,R
0x0057dae0,0x004912a0,R
0x0057daec,0x004912a0,W
0x0057dae0,0x004912a0,W
0x0057daec,0x004912a0,W
0x0057daf0,0x004912a0,W
0x0057dae4,0x004912a0,R
0x0057daec,0x004912a0,R
0x0057daf0,0x004912a0,W
0x0057daf4,0x004912a0,W
0x0057daf0,0x004912a0,R
0x0057daf0,0x004912a0,R
0x0057dae0,0x004912a0,R
0x0057daf0,0x004912a0,R
0x0057dae0,0x004912a0,R
0x0057dae0,0x004912a0,R
0x0057daec,0x004912a0,W
0x0057dae0,0x004912a0,W
0x0057daec,0x004912a0,W
0x0057daec,0x004912a0,R
0x0057dae0,0x004912a0,R
0x0057daf0,0x004912a0,W
0x0057dae0,0x004912a0,R
0x0057dae0,0x004912a0,R
0x0057dae0,0x004912a0,R
0x0057dae0,0x004912a0,R
0x0057daf0,0x004912a0,R
0x0057dae0,0x004912a0,R
0x0057daf0,0x004912a0,R
0x0057dae0,0x004912a0,R
0x0057dae0,0x004912a0,R
0x0057daec,0x004912a0,W
0x0057dae0,0x004912a0,W
0x0057dae0,0x004912a0,R
0x0057dae4,0x004912a0,R
0x0057dae0,0x004912a0,R
0x0057dae0,0x004912a0,R
0x0057dae0,0x004912a0,R
0x0057dae0,0x004912a0,W
0x0057dae4,0x00491840,R
0x0057dae0,0x00491840,R
0x0057dae0,0x00491840,R
0x0057dae0,0x00491840,R
0x0057dae0,0x00491840,R
0x0057dae0,0x00491840,R
0x0057dae0,0x00491840,W
0x0057db08,0x00491840,R
0x0057db08,0x00491840,R
0x0057dae0,0x00491840,R
0x0057daec,0x00491840,W
0x0057dae0,0x00491840,W
0x0057dae0,0x00491840,R
0x0057daec,0x00491840,W
0x0057dae0,0x00491840,R
0x0057dae0,0x00491840,R
0x0057daec,0x00491840,W
0x0057dae0,0x00491840,R
0x0057dae0,0x00491840,W
0x0057dae0,0x00491840,R
0x0057daec,0x00491840,W
0x0057dae0,0x00491840,R
0x0057daec,0x00491840,W
0x0057dae0,0x00491840,W
0x0057dae0,0x00491840,R
0x0057dae0,0x00491840,R
0x0057daec,0x00491840,W
0x0057dae0,0x00491840,W
0x0057dae0,0x00491840,R
0x0057daec,0x00491840,W
0x0057dae0,0x00491da0,R
0x0057dae0,0x00491da0,R
0x0057dae0,0x00491da0,R
0x0057dae0,0x00491da0,W
0x0057dae4,0x00491dd0,R
0x0057dae0,0x00491dd0,R
0x0057db08,0x00491dd0,R
0x0057db08,0x00491dd0,R
0x004d2df0,0x00492000,R
0x004d2df0,0x00492000,R
0x0057dac8,0x00492000,R
0x004d2df4,0x00492000,R
0x004d2df8,0x00492000,R
0x004d2e00,0x00492000,R
0x004d2e04,0x00492000,R
0x004d2df4,0x00492000,R
0x004d2df8,0x00492000,R
0x004d2df4,0x00492000,R
0x004d2df8,0x00492000,R
0x004d2df4,0x00492000,R
0x004d2df8,0x00492000,R
0x004d2e00,0x00492000,R
0x004d2e00,0x00492000,R
0x004d2e04,0x00492000,R
0x004d2df4,0x00492000,R
0x004d2df8,0x00492000,R
0x004d2df4,0x00492000,R
0x004d2df8,0x00492000,R
0x004d2df4,0x00492000,R
0x004d2df8,0x00492000,R
0x004d2e00,0x00492000,R
0x004d2df4,0x00492000,R
0x004d2df8,0x00492000,R
0x004d2e00,0x00492000,R
0x004d2e04,0x00492000,R
0x004d2df4,0x00492000,R
0x004d2df8,0x00492000,R
0x004d2df4,0x00492000,R
0x004d2df8,0x00492000,R
0x004d2df4,0x00492000,R
0x004d2df8,0x00492000,R
0x004d2e00,0x00492000,R
0x004d2e00,0x00492000,R
0x004d2e04,0x00492000,R
0x004d2df4,0x00492000,R
0x004d2df8,0x00492000,R
0x004d2df4,0x00492000,R
0x004d2df8,0x00492000,R
0x004d2df4,0x00492000,R
0x004d2df8,0x00492000,R
0x004d2e00,0x00492000,R
0x0063205c,0x00492000,R
0x004d2df4,0x00492000,R
0x004d2df8,0x00492000,R
0x00632050,0x00492000,R
0x0057dae0,0x00492000,R
0x0057dae0,0x00492000,R
0x0057dae0,0x00492000,R
0x0057dac4,0x00492000,R
0x0057dac0,0x00492000,R
0x0057dae0,0x00492000,R
0x0057dac4,0x00492000,R
0x0057dac0,0x00492000,R
0x0057dae0,0x00492000,R
0x006320a4,0x00492000,R
0x00632060,0x00492000,R
0x0056b270,0x00492000,W
0x006320b0,0x00492000,R
0x0063205c,0x00492000,R
0x0057dac8,0x004927d0,R
0x004d2df4,0x004927d0,R
0x004d2df8,0x004927d0,R
0x004d2e00,0x004927d0,R
0x004d2e04,0x004927d0,R
0x004d2df4,0x004927d0,R
0x004d2df8,0x004927d0,R
0x004d2df4,0x004927d0,R
0x004d2df8,0x004927d0,R
0x004d2df4,0x004927d0,R
0x004d2df8,0x004927d0,R
0x004d2e00,0x004927d0,R
0x004d2e00,0x004927d0,R
0x004d2e04,0x004927d0,R
0x004d2df4,0x004927d0,R
0x004d2df8,0x004927d0,R
0x004d2df4,0x004927d0,R
0x004d2df8,0x004927d0,R
0x004d2df4,0x004927d0,R
0x004d2df8,0x004927d0,R
0x004d2e00,0x004927d0,R
0x004d2df4,0x004927d0,R
0x004d2df8,0x004927d0,R
0x004d2e00,0x004927d0,R
0x004d2e04,0x004927d0,R
0x004d2df4,0x004927d0,R
0x004d2df8,0x004927d0,R
0x004d2df4,0x004927d0,R
0x004d2df8,0x004927d0,R
0x004d2df4,0x004927d0,R
0x004d2df8,0x004927d0,R
0x004d2e00,0x004927d0,R
0x004d2e00,0x004927d0,R
0x004d2e04,0x004927d0,R
0x004d2df4,0x004927d0,R
0x004d2df8,0x004927d0,R
0x004d2df4,0x004927d0,R
0x004d2df8,0x004927d0,R
0x004d2df4,0x004927d0,R
0x004d2df8,0x004927d0,R
0x004d2e00,0x004927d0,R
0x004d2df4,0x004927d0,R
0x004d2df8,0x004927d0,R
0x0057dae0,0x004927d0,R
0x0057dae0,0x004927d0,R
0x0057dae0,0x004927d0,R
0x0057dae0,0x004927d0,R
0x0057dae0,0x004927d0,R
0x006320a4,0x004927d0,R
0x004d2df0,0x00492f00,R
0x004d2df0,0x00492f00,R
0x0057dac8,0x00492f00,R
0x004d2df4,0x00492f00,R
0x004d2df8,0x00492f00,R
0x004d2e00,0x00492f00,R
0x004d2e04,0x00492f00,R
0x004d2df4,0x00492f00,R
0x004d2df8,0x00492f00,R
0x004d2df4,0x00492f00,R
0x004d2df8,0x00492f00,R
0x004d2df4,0x00492f00,R
0x004d2df8,0x00492f00,R
0x004d2e00,0x00492f00,R
0x004d2e00,0x00492f00,R
0x004d2e04,0x00492f00,R
0x004d2df4,0x00492f00,R
0x004d2df8,0x00492f00,R
0x004d2df4,0x00492f00,R
0x004d2df8,0x00492f00,R
0x004d2df4,0x00492f00,R
0x004d2df8,0x00492f00,R
0x004d2e00,0x00492f00,R
0x004d2df4,0x00492f00,R
0x004d2df8,0x00492f00,R
0x004d2e00,0x00492f00,R
0x004d2e04,0x00492f00,R
0x004d2df4,0x00492f00,R
0x004d2df8,0x00492f00,R
0x004d2df4,0x00492f00,R
0x004d2df8,0x00492f00,R
0x004d2df4,0x00492f00,R
0x004d2df8,0x00492f00,R
0x004d2e00,0x00492f00,R
0x004d2e00,0x00492f00,R
0x004d2e04,0x00492f00,R
0x004d2df4,0x00492f00,R
0x004d2df8,0x00492f00,R
0x004d2df4,0x00492f00,R
0x004d2df8,0x00492f00,R
0x004d2df4,0x00492f00,R
0x004d2df8,0x00492f00,R
0x004d2e00,0x00492f00,R
0x0063205c,0x00492f00,R
0x004d2df4,0x00492f00,R
0x004d2df8,0x00492f00,R
0x00632050,0x00492f00,R
0x0057dae0,0x00492f00,R
0x0057dae0,0x00492f00,R
0x0057dae0,0x00492f00,R
0x0057dac4,0x00492f00,R
0x0057dac0,0x00492f00,R
0x0057dae0,0x00492f00,R
0x0057dac4,0x00492f00,R
0x0057dac0,0x00492f00,R
0x0057dae0,0x00492f00,R
0x006320a8,0x00492f00,R
0x00632060,0x00492f00,R
0x0056b270,0x00492f00,W
0x006320b4,0x00492f00,R
0x0063205c,0x00492f00,R
0x0057dac8,0x004936d0,R
0x004d2df4,0x004936d0,R
0x004d2df8,0x004936d0,R
0x004d2e00,0x004936d0,R
0x004d2e04,0x004936d0,R
0x004d2df4,0x004936d0,R
0x004d2df8,0x004936d0,R
0x004d2df4,0x004936d0,R
0x004d2df8,0x004936d0,R
0x004d2df4,0x004936d0,R
0x004d2df8,0x004936d0,R
0x004d2e00,0x004936d0,R
0x004d2e00,0x004936d0,R
0x004d2e04,0x004936d0,R
0x004d2df4,0x004936d0,R
0x004d2df8,0x004936d0,R
0x004d2df4,0x004936d0,R
0x004d2df8,0x004936d0,R
0x004d2df4,0x004936d0,R
0x004d2df8,0x004936d0,R
0x004d2e00,0x004936d0,R
0x004d2df4,0x004936d0,R
0x004d2df8,0x004936d0,R
0x004d2e00,0x004936d0,R
0x004d2e04,0x004936d0,R
0x004d2df4,0x004936d0,R
0x004d2df8,0x004936d0,R
0x004d2df4,0x004936d0,R
0x004d2df8,0x004936d0,R
0x004d2df4,0x004936d0,R
0x004d2df8,0x004936d0,R
0x004d2e00,0x004936d0,R
0x004d2e00,0x004936d0,R
0x004d2e04,0x004936d0,R
0x004d2df4,0x004936d0,R
0x004d2df8,0x004936d0,R
0x004d2df4,0x004936d0,R
0x004d2df8,0x004936d0,R
0x004d2df4,0x004936d0,R
0x004d2df8,0x004936d0,R
0x004d2e00,0x004936d0,R
0x00632050,0x004936d0,R
0x0063205c,0x004936d0,R
0x004d2df4,0x004936d0,R
0x004d2df8,0x004936d0,R
0x00632060,0x004936d0,R
0x0056b270,0x004936d0,W
0x006320b0,0x004936d0,R
0x0063205c,0x004936d0,R
0x004d2e08,0x00493df0,R
0x004d2e10,0x00493df0,R
0x0057dac8,0x00493df0,R
0x004d2df4,0x00493df0,R
0x004d2df8,0x00493df0,R
0x004d2e00,0x00493df0,R
0x004d2e04,0x00493df0,R
0x004d2df4,0x00493df0,R
0x004d2df8,0x00493df0,R
0x004d2df4,0x00493df0,R
0x004d2df8,0x00493df0,R
0x004d2df4,0x00493df0,R
0x004d2df8,0x00493df0,R
0x004d2e00,0x00493df0,R
0x004d2e00,0x00493df0,R
0x004d2e04,0x00493df0,R
0x004d2df4,0x00493df0,R
0x004d2df8,0x00493df0,R
0x004d2df4,0x00493df0,R
0x004d2df8,0x00493df0,R
0x004d2df4,0x00493df0,R
0x004d2df8,0x00493df0,R
0x004d2e00,0x00493df0,R
0x004d2df4,0x00493df0,R
0x004d2df8,0x00493df0,R
0x004d2e00,0x00493df0,R
0x004d2e04,0x00493df0,R
0x004d2df4,0x00493df0,R
0x004d2df8,0x00493df0,R
0x004d2df4,0x00493df0,R
0x004d2df8,0x00493df0,R
0x004d2df4,0x00493df0,R
0x004d2df8,0x00493df0,R
0x004d2e00,0x00493df0,R
0x004d2e00,0x00493df0,R
0x004d2e04,0x00493df0,R
0x004d2df4,0x00493df0,R
0x004d2df8,0x00493df0,R
0x004d2df4,0x00493df0,R
0x004d2df8,0x00493df0,R
0x004d2df4,0x00493df0,R
0x004d2df8,0x00493df0,R
0x004d2e00,0x00493df0,R
0x004d2df4,0x00493df0,R
0x004d2df8,0x00493df0,R
0x00632050,0x00493df0,R
0x0063205c,0x00493df0,R
0x0056b260,0x00493df0,W
0x006320c8,0x00493df0,R
0x006320d0,0x00493df0,R
0x0056b27c,0x00493df0,W
0x006320c0,0x00493df0,W
0x006320cc,0x00493df0,R
0x006320d4,0x00493df0,R
0x0056b27c,0x00493df0,W
0x006320c0,0x00493df0,W
0x006320c4,0x00493df0,W
0x0056b264,0x00493df0,W
0x0056b264,0x00493df0,W
0x004e21f0,0x00493df0,W
0x004e21f8,0x00493df0,W
0x004e21f4,0x00493df0,W
0x004d2df0,0x00493df0,R
0x004d2df0,0x00493df0,R
0x0057dae0,0x00493df0,R
0x0057dae0,0x00493df0,R
0x0057dae0,0x00493df0,R
0x0057dac4,0x00493df0,R
0x0057dac0,0x00493df0,R
0x0057dae0,0x00493df0,R
0x0057dac4,0x00493df0,R
0x0057dac0,0x00493df0,R
0x0057dae0,0x00493df0,R
0x006320a8,0x00493df0,R
0x00632060,0x00493df0,R
0x004d2e18,0x00493df0,R
0x0056b270,0x00493df0,W
0x004d2e14,0x00493df0,R
0x004d2e1c,0x00493df0,R
0x004d2e1c,0x00493df0,R
0x004d2df8,0x00493df0,R
0x004d2e18,0x00493df0,R
0x004d2df8,0x00493df0,R
0x004d2e20,0x00493df0,R
0x004d2e20,0x00493df0,R
0x0056b268,0x00493df0,W
0x004e21f0,0x00493df0,R
0x0056b26c,0x00493df0,W
0x0063205c,0x00493df0,R
0x004d2e08,0x00494af0,R
0x004d2e10,0x00494af0,R
0x0057dac8,0x00494af0,R
0x004d2df4,0x00494af0,R
0x004d2df8,0x00494af0,R
0x004d2e00,0x00494af0,R
0x004d2e04,0x00494af0,R
0x004d2df4,0x00494af0,R
0x004d2df8,0x00494af0,R
0x004d2df4,0x00494af0,R
0x004d2df8,0x00494af0,R
0x004d2df4,0x00494af0,R
0x004d2df8,0x00494af0,R
0x004d2e00,0x00494af0,R
0x004d2e00,0x00494af0,R
0x004d2e04,0x00494af0,R
0x004d2df4,0x00494af0,R
0x004d2df8,0x00494af0,R
0x004d2df4,0x00494af0,R
0x004d2df8,0x00494af0,R
0x004d2df4,0x00494af0,R
0x004d2df8,0x00494af0,R
0x004d2e00,0x00494af0,R
0x004d2df4,0x00494af0,R
0x004d2df8,0x00494af0,R
0x004d2e00,0x00494af0,R
0x004d2e04,0x00494af0,R
0x004d2df4,0x00494af0,R
0x004d2df8,0x00494af0,R
0x004d2df4,0x00494af0,R
0x004d2df8,0x00494af0,R
0x004d2df4,0x00494af0,R
0x004d2df8,0x00494af0,R
0x004d2e00,0x00494af0,R
0x004d2e00,0x00494af0,R
0x004d2e04,0x00494af0,R
0x004d2df4,0x00494af0,R
0x004d2df8,0x00494af0,R
0x004d2df4,0x00494af0,R
0x004d2df8,0x00494af0,R
0x004d2df4,0x00494af0,R
0x004d2df8,0x00494af0,R
0x004d2e00,0x00494af0,R
0x004d2df4,0x00494af0,R
0x004d2df8,0x00494af0,R
0x00632050,0x00494af0,R
0x0063205c,0x00494af0,R
0x0056b260,0x00494af0,W
0x006320e4,0x00494af0,R
0x0057da48,0x00494af0,W
0x006320e0,0x00494af0,R
0x0056b27c,0x00494af0,W
0x006320c0,0x00494af0,W
0x006320c4,0x00494af0,W
0x004d2e28,0x00494af0,R
0x006320e8,0x00494af0,R
0x0056b27c,0x00494af0,W
0x006320ec,0x00494af0,R
0x006320c0,0x00494af0,W
0x004d2e20,0x00494af0,R
0x006320c4,0x00494af0,W
0x0057da48,0x00494af0,W
0x0056b264,0x00494af0,W
0x0056b264,0x00494af0,W
0x004e21f0,0x00494af0,W
0x004e21f8,0x00494af0,W
0x004e21f4,0x00494af0,W
0x0057dae0,0x00494af0,R
0x004d2e00,0x00494af0,R
0x0057dae0,0x00494af0,R
0x004d2e00,0x00494af0,R
0x004d2e00,0x00494af0,R
0x0057dae0,0x00494af0,R
0x0057dac4,0x00494af0,R
0x0057dac0,0x00494af0,R
0x0057dae0,0x00494af0,R
0x0057dac4,0x00494af0,R
0x0057dac0,0x00494af0,R
0x0057dae0,0x00494af0,R
0x006320a8,0x00494af0,R
0x00632060,0x00494af0,R
0x004d2e18,0x00494af0,R
0x004d2e00,0x00494af0,R
0x0056b270,0x00494af0,W
0x004d2e00,0x00494af0,R
0x004d2e1c,0x00494af0,R
0x004d2e1c,0x00494af0,R
0x004d2df8,0x00494af0,R
0x004d2e18,0x00494af0,R
0x004d2df8,0x00494af0,R
0x004d2e1c,0x00494af0,R
0x004d2df8,0x00494af0,R
0x004d2e1c,0x00494af0,R
0x004d2df8,0x00494af0,R
0x0056b268,0x00494af0,W
0x0056b26c,0x00494af0,W
0x004e21f0,0x00494af0,R
0x0063205c,0x00494af0,R
0x0056b1f0,0x00495850,W
0x0056b1f4,0x00495850,W
0x0056b1f8,0x00495850,W
0x0056b1fc,0x00495850,W
0x0056b200,0x00495850,W
0x0056b204,0x00495850,W
0x004d2e2c,0x00495850,R
0x004d2e2c,0x00495850,R
0x004d2e2c,0x00495850,R
0x0056b238,0x00495850,A
0x0056b230,0x00495850,A
0x0056b208,0x00495850,A
0x0056b218,0x00495850,A
0x0056b220,0x00495850,A
0x0056b228,0x00495850,A
0x0056b218,0x00495850,R
0x005761e0,0x00495850,R
0x005761e4,0x00495850,R
0x0056b210,0x00495850,W
0x0056b214,0x00495850,W
0x0056b218,0x00495850,W
0x0056b21c,0x00495850,R
0x0056b21c,0x00495850,W
0x0056b208,0x00495850,R
0x0056b208,0x00495850,W
0x0056b230,0x00495850,R
0x0056b230,0x00495850,W
0x0056b234,0x00495850,R
0x0056b234,0x00495850,W
0x0056b238,0x00495850,R
0x0056b238,0x00495850,W
0x004d2e08,0x00495850,R
0x004d2e10,0x00495850,R
0x0056b1f0,0x00495850,R
0x0056b1f8,0x00495850,R
0x0056b200,0x00495850,R
0x0056b1f8,0x00495850,R
0x0056b1f4,0x00495850,R
0x0056b1fc,0x00495850,R
0x0056b204,0x00495850,R
0x0056b1fc,0x00495850,R
0x0056b228,0x00495850,W
0x0056b22c,0x00495850,W
0x0056b218,0x00495850,W
0x0056b21c,0x00495850,W
0x0056b230,0x00495850,W
0x0056b234,0x00495850,W
0x0056b234,0x00495850,W
0x0056b230,0x00495850,W
0x0056b21c,0x00495850,W
0x0056b218,0x00495850,W
0x0056b22c,0x00495850,W
0x0056b228,0x00495850,W
0x0056b1f0,0x00495850,R
0x0056b1f4,0x00495850,R
0x0056b220,0x00495850,W
0x0056b208,0x00495850,W
0x0056b238,0x00495850,W
0x0056b210,0x00495850,W
0x0056b214,0x00495850,W
0x0056b230,0x00495850,A
0x0056b218,0x00495850,A
0x0056b228,0x00495850,A
0x0056b1f0,0x00495850,A
0x004d2e14,0x00495850,R
0x004d2e30,0x00495850,R
0x0056b210,0x00495850,R
0x0056b228,0x00495850,R
0x0056b214,0x00495850,R
0x0056b22c,0x00495850,R
0x0056b220,0x00495850,R
0x004d2e04,0x00495850,R
0x0057dac8,0x00495850,R
0x004d2df4,0x00495850,R
0x004d2df8,0x00495850,R
0x004d2e00,0x00495850,R
0x004d2e04,0x00495850,R
0x004d2df4,0x00495850,R
0x004d2df8,0x00495850,R
0x004d2df4,0x00495850,R
0x004d2df8,0x00495850,R
0x004d2df4,0x00495850,R
0x004d2df8,0x00495850,R
0x004d2e00,0x00495850,R
0x004d2e00,0x00495850,R
0x004d2e04,0x00495850,R
0x004d2df4,0x00495850,R
0x004d2df8,0x00495850,R
0x004d2df4,0x00495850,R
0x004d2df8,0x00495850,R
0x004d2df4,0x00495850,R
0x004d2df8,0x00495850,R
0x004d2e00,0x00495850,R
0x004d2df4,0x00495850,R
0x004d2df8,0x00495850,R
0x004d2e00,0x00495850,R
0x004d2e04,0x00495850,R
0x004d2df4,0x00495850,R
0x004d2df8,0x00495850,R
0x004d2df4,0x00495850,R
0x004d2df8,0x00495850,R
0x004d2df4,0x00495850,R
0x004d2df8,0x00495850,R
0x004d2e00,0x00495850,R
0x004d2e00,0x00495850,R
0x004d2e04,0x00495850,R
0x004d2df4,0x00495850,R
0x004d2df8,0x00495850,R
0x004d2df4,0x00495850,R
0x004d2df8,0x00495850,R
0x004d2df4,0x00495850,R
0x004d2df8,0x00495850,R
0x004d2e00,0x00495850,R
0x004d2df4,0x00495850,R
0x0057de70,0x00495850,R
0x004d2df8,0x00495850,R
0x0056b228,0x00495850,R
0x004d2e04,0x00495850,R
0x0057de74,0x00495850,R
0x0057de78,0x00495850,R
0x0057de74,0x00495850,R
0x0056b228,0x00495850,R
0x004d2e20,0x00495850,R
0x00632060,0x00495850,R
0x0057de5c,0x00495850,R
0x0057de6c,0x00495850,R
0x0057de64,0x00495850,R
0x004d2e18,0x00495850,R
0x00632050,0x00495850,R
0x0063205c,0x00495850,R
0x004d2e34,0x00495850,R
0x0056b228,0x00495850,R
0x0056b260,0x00495850,W
0x004e21f0,0x00495850,W
0x004e21f8,0x00495850,W
0x0056b218,0x00495850,R
0x004e21f4,0x00495850,W
0x0056b230,0x00495850,R
0x006320b8,0x00495850,R
0x004e2200,0x00495850,R
0x00631fb0,0x00495850,A
0x006320bc,0x00495850,R
0x0056b264,0x00495850,W
0x0056b264,0x00495850,W
0x006320bc,0x00495850,R
0x0056b264,0x00495850,W
0x0057dae0,0x00495850,R
0x004d2e00,0x00495850,R
0x0057dae0,0x00495850,R
0x0057dae0,0x00495850,R
0x0056b214,0x00495850,R
0x0056b22c,0x00495850,R
0x0056b220,0x00495850,R
0x004d2e00,0x00495850,R
0x0056b210,0x00495850,R
0x004d2e00,0x00495850,R
0x0056b210,0x00495850,R
0x0056b228,0x00495850,R
0x0057dac4,0x00495850,R
0x0057dac0,0x00495850,R
0x0057dae0,0x00495850,R
0x0056b228,0x00495850,R
0x0057dac4,0x00495850,R
0x0057dac0,0x00495850,R
0x0056b228,0x00495850,R
0x0057dae0,0x00495850,R
0x006320a4,0x00495850,R
0x0056b21c,0x00495850,R
0x0056b208,0x00495850,R
0x0056b234,0x00495850,R
0x0056b238,0x00495850,R
0x00632060,0x00495850,R
0x004d2e00,0x00495850,R
0x004d2e00,0x00495850,R
0x0056b210,0x00495850,R
0x0056b228,0x00495850,R
0x0056b270,0x00495850,W
0x0056b218,0x00495850,R
0x0056b230,0x00495850,R
0x004d2e18,0x00495850,R
0x004d2e28,0x00495850,R
0x004d2e28,0x00495850,R
0x004d2e04,0x00495850,R
0x004d2e04,0x00495850,R
0x004d2e18,0x00495850,R
0x004d2e28,0x00495850,R
0x004d2e04,0x00495850,R
0x004d2e20,0x00495850,R
0x004d2e20,0x00495850,R
0x004d2e20,0x00495850,R
0x0056b268,0x00495850,W
0x004d2e20,0x00495850,R
0x0056b26c,0x00495850,W
0x004d2df4,0x00495850,R
0x004e21f0,0x00495850,R
0x004d2df8,0x00495850,R
0x0056b274,0x00495850,W
0x004d2e20,0x00495850,R
0x0056b278,0x00495850,W
0x0056b278,0x00495850,R
0x0056b274,0x00495850,R
0x0056b270,0x00495850,R
0x00632104,0x00495850,R
0x004d2df4,0x00495850,R
0x004e21f0,0x00495850,R
0x004d2df8,0x00495850,R
0x0056b274,0x00495850,W
0x004d2e20,0x00495850,R
0x0056b278,0x00495850,W
0x0056b270,0x00495850,R
0x0056b270,0x00495850,W
0x004d2e18,0x00495850,R
0x004d2e34,0x00495850,R
0x0056b210,0x00495850,R
0x0056b228,0x00495850,R
0x004d2e18,0x00495850,R
0x0056b218,0x00495850,R
0x0056b230,0x00495850,R
0x004d2e28,0x00495850,R
0x004d2e28,0x00495850,R
0x004d2e04,0x00495850,R
0x004d2e04,0x00495850,R
0x004d2e20,0x00495850,R
0x004d2e20,0x00495850,R
0x004d2e20,0x00495850,R
0x0056b268,0x00495850,W
0x004d2e20,0x00495850,R
0x0056b26c,0x00495850,W
0x004d2df4,0x00495850,R
0x004e21f0,0x00495850,R
0x004d2df8,0x00495850,R
0x0056b274,0x00495850,W
0x004d2e20,0x00495850,R
0x0056b278,0x00495850,W
0x0056b278,0x00495850,R
0x0056b274,0x00495850,R
0x0056b270,0x00495850,R
0x00632104,0x00495850,R
0x004d2df4,0x00495850,R
0x004e21f0,0x00495850,R
0x004d2df8,0x00495850,R
0x0056b274,0x00495850,W
0x004d2e20,0x00495850,R
0x0056b278,0x00495850,W
0x0063205c,0x00495850,R
0x004d2e2c,0x004969d0,R
0x004d2e2c,0x004969d0,R
0x004d2e2c,0x004969d0,R
0x005761e0,0x004969d0,R
0x005761e4,0x004969d0,R
0x004d2e08,0x004969d0,R
0x004d2e10,0x004969d0,R
0x004d2e14,0x004969d0,R
0x004d2e30,0x004969d0,R
0x004d2e04,0x004969d0,R
0x004d2df0,0x004969d0,R
0x004d2df0,0x004969d0,R
0x0057dac8,0x004969d0,R
0x004d2df4,0x004969d0,R
0x004d2df8,0x004969d0,R
0x004d2e00,0x004969d0,R
0x004d2e04,0x004969d0,R
0x004d2df4,0x004969d0,R
0x004d2df8,0x004969d0,R
0x004d2df4,0x004969d0,R
0x004d2df8,0x004969d0,R
0x004d2df4,0x004969d0,R
0x004d2df8,0x004969d0,R
0x004d2e00,0x004969d0,R
0x004d2e00,0x004969d0,R
0x004d2e04,0x004969d0,R
0x004d2df4,0x004969d0,R
0x004d2df8,0x004969d0,R
0x004d2df4,0x004969d0,R
0x004d2df8,0x004969d0,R
0x004d2df4,0x004969d0,R
0x004d2df8,0x004969d0,R
0x004d2e00,0x004969d0,R
0x004d2df4,0x004969d0,R
0x004d2df8,0x004969d0,R
0x004d2e00,0x004969d0,R
0x004d2e04,0x004969d0,R
0x004d2df4,0x004969d0,R
0x004d2df8,0x004969d0,R
0x004d2df4,0x004969d0,R
0x004d2df8,0x004969d0,R
0x004d2df4,0x004969d0,R
0x004d2df8,0x004969d0,R
0x004d2e00,0x004969d0,R
0x004d2e00,0x004969d0,R
0x004d2e04,0x004969d0,R
0x004d2df4,0x004969d0,R
0x004d2df8,0x004969d0,R
0x004d2df4,0x004969d0,R
0x004d2df8,0x004969d0,R
0x004d2df4,0x004969d0,R
0x004d2df8,0x004969d0,R
0x004d2e00,0x004969d0,R
0x004d2df4,0x004969d0,R
0x004d2df8,0x004969d0,R
0x0063205c,0x004969d0,R
0x00632050,0x004969d0,R
0x0057de70,0x004969d0,R
0x004d2e04,0x004969d0,R
0x0057de74,0x004969d0,R
0x0057de78,0x004969d0,R
0x0057de74,0x004969d0,R
0x004d2e20,0x004969d0,R
0x00632060,0x004969d0,R
0x0057de6c,0x004969d0,R
0x0057de5c,0x004969d0,R
0x0057de64,0x004969d0,R
0x0056b260,0x004969d0,W
0x004e21ec,0x004969d0,W
0x004e21f0,0x004969d0,W
0x004e21f8,0x004969d0,W
0x004e21f4,0x004969d0,W
0x006320b8,0x004969d0,R
0x0056b264,0x004969d0,W
0x0056b264,0x004969d0,W
0x006320bc,0x004969d0,R
0x0057dae0,0x004969d0,R
0x0057dae0,0x004969d0,R
0x0057dae0,0x004969d0,R
0x0057dac4,0x004969d0,R
0x0057dac0,0x004969d0,R
0x0057dae0,0x004969d0,R
0x0057dac4,0x004969d0,R
0x0057dac0,0x004969d0,R
0x0057dae0,0x004969d0,R
0x006320a4,0x004969d0,R
0x00632060,0x004969d0,R
0x004d2e18,0x004969d0,R
0x0056b270,0x004969d0,W
0x004d2e18,0x004969d0,R
0x004e21f0,0x004969d0,R
0x004d2e20,0x004969d0,R
0x004d2e20,0x004969d0,R
0x004d2e20,0x004969d0,R
0x004d2e20,0x004969d0,R
0x0056b268,0x004969d0,W
0x0056b26c,0x004969d0,W
0x0056b270,0x004969d0,R
0x0056b270,0x004969d0,W
0x004e21f0,0x004969d0,R
0x004d2e20,0x004969d0,R
0x004d2e20,0x004969d0,R
0x004d2e20,0x004969d0,R
0x0056b268,0x004969d0,W
0x004d2e20,0x004969d0,R
0x0056b26c,0x004969d0,W
0x0063205c,0x004969d0,R
0x004d2e2c,0x00497ac0,R
0x004d2e2c,0x00497ac0,R
0x004d2e2c,0x00497ac0,R
0x005761e0,0x00497ac0,R
0x005761e4,0x00497ac0,R
0x004d2e08,0x00497ac0,R
0x004d2e10,0x00497ac0,R
0x004d2e14,0x00497ac0,R
0x004d2e30,0x00497ac0,R
0x004d2e04,0x00497ac0,R
0x004d2df0,0x00497ac0,R
0x004d2df0,0x00497ac0,R
0x0057dac8,0x00497ac0,R
0x004d2df4,0x00497ac0,R
0x004d2df8,0x00497ac0,R
0x004d2e00,0x00497ac0,R
0x004d2e04,0x00497ac0,R
0x004d2df4,0x00497ac0,R
0x004d2df8,0x00497ac0,R
0x004d2df4,0x00497ac0,R
0x004d2df8,0x00497ac0,R
0x004d2df4,0x00497ac0,R
0x004d2df8,0x00497ac0,R
0x004d2e00,0x00497ac0,R
0x004d2e00,0x00497ac0,R
0x004d2e04,0x00497ac0,R
0x004d2df4,0x00497ac0,R
0x004d2df8,0x00497ac0,R
0x004d2df4,0x00497ac0,R
0x004d2df8,0x00497ac0,R
0x004d2df4,0x00497ac0,R
0x004d2df8,0x00497ac0,R
0x004d2e00,0x00497ac0,R
0x004d2df4,0x00497ac0,R
0x004d2df8,0x00497ac0,R
0x004d2e00,0x00497ac0,R
0x004d2e04,0x00497ac0,R
0x004d2df4,0x00497ac0,R
0x004d2df8,0x00497ac0,R
0x004d2df4,0x00497ac0,R
0x004d2df8,0x00497ac0,R
0x004d2df4,0x00497ac0,R
0x004d2df8,0x00497ac0,R
0x004d2e00,0x00497ac0,R
0x004d2e00,0x00497ac0,R
0x004d2e04,0x00497ac0,R
0x004d2df4,0x00497ac0,R
0x004d2df8,0x00497ac0,R
0x004d2df4,0x00497ac0,R
0x004d2df8,0x00497ac0,R
0x004d2df4,0x00497ac0,R
0x004d2df8,0x00497ac0,R
0x004d2e00,0x00497ac0,R
0x004d2df4,0x00497ac0,R
0x004d2df8,0x00497ac0,R
0x0063205c,0x00497ac0,R
0x00632050,0x00497ac0,R
0x0057de70,0x00497ac0,R
0x004d2e04,0x00497ac0,R
0x0057de74,0x00497ac0,R
0x0057de78,0x00497ac0,R
0x0057de74,0x00497ac0,R
0x004d2e20,0x00497ac0,R
0x00632060,0x00497ac0,R
0x0057de6c,0x00497ac0,R
0x0057de5c,0x00497ac0,R
0x0057de64,0x00497ac0,R
0x0056b260,0x00497ac0,W
0x004e21ec,0x00497ac0,W
0x004e21f0,0x00497ac0,W
0x004e21f8,0x00497ac0,W
0x004e21f4,0x00497ac0,W
0x0057da48,0x00497ac0,W
0x006320d8,0x00497ac0,R
0x0056b264,0x00497ac0,W
0x0056b264,0x00497ac0,W
0x006320dc,0x00497ac0,R
0x0057dae0,0x00497ac0,R
0x0057dae0,0x00497ac0,R
0x0057dae0,0x00497ac0,R
0x0057dac4,0x00497ac0,R
0x0057dac0,0x00497ac0,R
0x0057dae0,0x00497ac0,R
0x0057dac4,0x00497ac0,R
0x0057dac0,0x00497ac0,R
0x0057dae0,0x00497ac0,R
0x006320a8,0x00497ac0,R
0x00632060,0x00497ac0,R
0x004d2e18,0x00497ac0,R
0x0056b270,0x00497ac0,W
0x004d2e18,0x00497ac0,R
0x004e21f0,0x00497ac0,R
0x004d2e20,0x00497ac0,R
0x004d2e20,0x00497ac0,R
0x004d2e20,0x00497ac0,R
0x004d2e20,0x00497ac0,R
0x0056b268,0x00497ac0,W
0x0056b26c,0x00497ac0,W
0x0056b270,0x00497ac0,R
0x0056b270,0x00497ac0,W
0x004e21f0,0x00497ac0,R
0x004d2e20,0x00497ac0,R
0x004d2e20,0x00497ac0,R
0x004d2e20,0x00497ac0,R
0x004d2e20,0x00497ac0,R
0x0056b268,0x00497ac0,W
0x0056b26c,0x00497ac0,W
0x0063205c,0x00497ac0,R
0x00632050,0x00498bd0,R
0x006320f0,0x00498bd0,R
0x00632050,0x00498c00,R
0x006320f8,0x00498c00,R
0x0057dae0,0x00498c40,R
0x0057dae0,0x00498c40,R
0x0057dae0,0x00498c40,R
0x0057dae0,0x00498c40,R
0x0057dae0,0x00498c40,R
0x004d2e04,0x00498cb0,R
0x004d2e04,0x00498cb0,R
0x004d2e18,0x00498cb0,R
0x00632054,0x00498cb0,R
0x00632058,0x00498cb0,R
0x0063205c,0x00498cb0,R
0x00632050,0x00498cb0,R
0x0062e9dc,0x00498cb0,R
0x0062e9f8,0x00498cb0,R
0x004d2e38,0x00498cb0,R
0x0057de38,0x00498cb0,R
0x0062e9f0,0x00498cb0,R
0x0062e9f0,0x00498cb0,R
0x0062e9f0,0x00498cb0,R
0x0062e9f0,0x00498cb0,R
0x0057de38,0x00498cb0,R
0x00632050,0x00498f90,R
0x00632100,0x00498f90,R
0x0056b23c,0x00498fb0,W
0x0056b240,0x00498fb0,W
0x0056b244,0x00498fb0,W
0x0056b23c,0x00499020,R
0x0056b240,0x00499020,R
0x00632050,0x00499020,R
0x00632100,0x00499020,R
0x0056b23c,0x00499020,R
0x0056b240,0x00499020,R
0x00632050,0x00499020,R
0x00632100,0x00499020,R
0x0056b23c,0x00499020,R
0x00632050,0x00499020,R
0x0056b240,0x00499020,R
0x00632100,0x00499020,R
0x0056b23c,0x00499020,R
0x0056b240,0x00499020,R
0x00632050,0x00499020,R
0x00632100,0x00499020,R
0x0056b23c,0x00499020,R
0x0056b240,0x00499020,R
0x00632050,0x00499020,R
0x00632100,0x00499020,R
0x0056b23c,0x00499020,R
0x0056b240,0x00499020,R
0x00632050,0x00499020,R
0x00632100,0x00499020,R
0x0056b23c,0x00499020,R
0x0056b240,0x00499020,R
0x00632050,0x00499020,R
0x00632100,0x00499020,R
0x0056b23c,0x00499020,R
0x00632050,0x00499020,R
0x0056b240,0x00499020,R
0x00632100,0x00499020,R
0x0063209c,0x00499130,R
0x004d2e18,0x00499130,R
0x004d2e18,0x00499130,R
0x004d2e18,0x00499130,R
0x004d2e20,0x00499130,R
0x0063205c,0x004992b0,R
0x0063205c,0x004992d0,R
0x0063205c,0x004993a0,R
0x004d2e04,0x00499500,R
0x0063205c,0x00499500,R
0x0056b270,0x004997d0,R
0x0056b270,0x00499810,R
0x0056b270,0x004998a0,R
0x004e21fc,0x00499930,W
0x004d2e40,0x00499930,R
0x004e21fc,0x00499930,W
0x004e21fc,0x00499930,W
0x004e21fc,0x00499990,W
0x004e2200,0x00499a00,W
0x004e2200,0x00499a00,W
0x005cb270,0x00499a20,R
0x004e21c0,0x00499a20,A
0x005cb270,0x00499a20,W
0x005cb274,0x00499a20,A
0x005cb274,0x00499a20,A
0x005cb278,0x00499a20,A
0x005cb27c,0x00499a20,A
0x005cb27c,0x00499a20,A
0x005cb27d,0x00499a20,A
0x005cb59c,0x00499a20,A
0x005cb5a0,0x00499a20,A
0x005cb5c0,0x00499a20,A
0x005cb5e4,0x00499a20,A
0x005cb5c8,0x00499a20,A
0x005cb5c4,0x00499a20,A
0x0057dac8,0x00499a20,R
0x005cb6ec,0x00499a20,A
0x0057dac0,0x00499a20,R
0x005cb6f4,0x00499a20,A
0x0057dac4,0x00499a20,R
0x005cb6f8,0x00499a20,A
0x0057de7c,0x00499a20,R
0x004e2194,0x00499a20,A
0x004e2168,0x00499a20,A
0x0057dac0,0x00499a20,R
0x0057de88,0x00499a20,A
0x0057de88,0x00499a20,A
0x0057de8c,0x00499a20,A
0x0057de8c,0x00499a20,A
0x0057de8d,0x00499a20,A
0x0057de7c,0x00499a20,R
0x0057e1ac,0x00499a20,A
0x0057e1ac,0x00499a20,A
0x0057e1b0,0x00499a20,A
0x0057de7c,0x00499a20,R
0x0057de80,0x00499a20,A
0x0057de7c,0x00499a20,R
0x0057de84,0x00499a20,A
0x0057de7c,0x00499a20,R
0x0057e1fc,0x00499a20,A
0x0057de7c,0x00499a20,R
0x0057e1f8,0x00499a20,A
0x0057de7c,0x00499a20,R
0x0057dac8,0x00499a20,R
0x0057e1e8,0x00499a20,A
0x0057de7c,0x00499a20,R
0x0057e1f0,0x00499a20,A
0x0057de7c,0x00499a20,R
0x0057dac4,0x00499a20,R
0x0057e1f4,0x00499a20,A
0x0057de7c,0x00499a20,W
0x005cb270,0x00499c40,R
0x004e21c0,0x00499c40,A
0x005cb270,0x00499c40,W
0x005cb274,0x00499c40,A
0x005cb274,0x00499c40,A
0x005cb5c8,0x00499c40,A
0x005cb5e4,0x00499c40,A
0x0057dac0,0x00499c40,R
0x005cb6f4,0x00499c40,A
0x0057dac4,0x00499c40,R
0x005cb6f8,0x00499c40,A
0x0057dac8,0x00499c40,R
0x005cb6ec,0x00499c40,A
0x005cb5c0,0x00499c40,A
0x005cb278,0x00499c40,A
0x005cb27c,0x00499c40,A
0x005cb27c,0x00499c40,A
0x005cb27d,0x00499c40,A
0x005cb59c,0x00499c40,A
0x005cb5a0,0x00499c40,A
0x005cb5cc,0x00499c40,A
0x005cb5d0,0x00499c40,A
0x005cb578,0x00499c40,A
0x005cb57c,0x00499c40,A
0x005cb6f0,0x00499c40,A
0x004e21fc,0x00499c40,R
0x005cb6fc,0x00499c40,A
0x005cb6f0,0x00499c40,A
0x004e21fc,0x00499c40,R
0x005cb6fc,0x00499c40,A
0x004d2e48,0x00499c40,R
0x004e21fc,0x00499c40,R
0x0057de7c,0x00499c40,R
0x004e2194,0x00499c40,A
0x004e2168,0x00499c40,A
0x0057de80,0x00499c40,A
0x0057de84,0x00499c40,A
0x0057de80,0x00499c40,A
0x0057dac0,0x00499c40,R
0x0057e1f0,0x00499c40,A
0x0057dac4,0x00499c40,R
0x0057e1f4,0x00499c40,A
0x0057dac8,0x00499c40,R
0x0057e1e8,0x00499c40,A
0x0057e1f8,0x00499c40,A
0x004d2e4c,0x00499c40,R
0x0057e1f8,0x00499c40,A
0x0057de88,0x00499c40,A
0x0057de8c,0x00499c40,A
0x0057de8c,0x00499c40,A
0x0057de8d,0x00499c40,A
0x0057e1ac,0x00499c40,A
0x0057e1b0,0x00499c40,A
0x0057e1d0,0x00499c40,A
0x0057e1d4,0x00499c40,A
0x0057e188,0x00499c40,A
0x0057e18c,0x00499c40,A
0x0057e1ec,0x00499c40,A
0x0057e1ec,0x00499c40,A
0x004e21fc,0x00499c40,R
0x0057e200,0x00499c40,A
0x0057de7c,0x00499c40,R
0x0057de7c,0x00499c40,W
0x004e21fc,0x00499ec0,R
0x00631fb0,0x00499ec0,A
0x004d2e40,0x00499ec0,R
0x005cb270,0x00499ec0,R
0x004e21c0,0x00499ec0,A
0x005cb270,0x00499ec0,W
0x005cb274,0x00499ec0,A
0x005cb274,0x00499ec0,A
0x005cb5c8,0x00499ec0,A
0x005cb5e4,0x00499ec0,A
0x0057dac0,0x00499ec0,R
0x005cb6f4,0x00499ec0,A
0x0057dac4,0x00499ec0,R
0x005cb6f8,0x00499ec0,A
0x0057dac8,0x00499ec0,R
0x005cb6ec,0x00499ec0,A
0x005cb5c0,0x00499ec0,A
0x005cb278,0x00499ec0,A
0x005cb27c,0x00499ec0,A
0x005cb27c,0x00499ec0,A
0x005cb27d,0x00499ec0,A
0x005cb59c,0x00499ec0,A
0x005cb5a0,0x00499ec0,A
0x005cb5cc,0x00499ec0,A
0x005cb5d0,0x00499ec0,A
0x005cb5e8,0x00499ec0,A
0x005cb5ec,0x00499ec0,A
0x005cb578,0x00499ec0,A
0x005cb57c,0x00499ec0,A
0x005cb6f0,0x00499ec0,A
0x005cb6fc,0x00499ec0,A
0x005cb6f0,0x00499ec0,A
0x005cb6fc,0x00499ec0,A
0x0057de7c,0x00499ec0,R
0x004e2194,0x00499ec0,A
0x004e2168,0x00499ec0,A
0x0057de80,0x00499ec0,A
0x0057de84,0x00499ec0,A
0x0057de80,0x00499ec0,A
0x0057dac0,0x00499ec0,R
0x0057e1f0,0x00499ec0,A
0x0057dac4,0x00499ec0,R
0x0057e1f4,0x00499ec0,A
0x0057dac8,0x00499ec0,R
0x0057e1e8,0x00499ec0,A
0x0057e1f8,0x00499ec0,A
0x0057de88,0x00499ec0,A
0x0057de8c,0x00499ec0,A
0x0057de8c,0x00499ec0,A
0x0057de8d,0x00499ec0,A
0x0057e1ac,0x00499ec0,A
0x0057e1b0,0x00499ec0,A
0x0057e1d0,0x00499ec0,A
0x0057e1d4,0x00499ec0,A
0x0057e200,0x00499ec0,A
0x0057de7c,0x00499ec0,R
0x0057de7c,0x00499ec0,W
0x0057de7c,0x0049a2b0,R
0x005cacf8,0x0049a2b0,A
0x005cacf8,0x0049a2b0,W
0x005cacfc,0x0049a2b0,W
0x0057de7c,0x0049a2b0,R
0x005cacfc,0x0049a2b0,A
0x005cacfc,0x0049a2b0,R
0x005cad00,0x0049a2b0,R
0x005cacf8,0x0049a2b0,R
0x005cacfc,0x0049a2b0,R
0x0057e1b4,0x0049a2b0,A
0x0057e1b4,0x0049a2b0,A
0x005cacf8,0x0049a2b0,W
0x005cacfc,0x0049a2b0,W
0x005cacfc,0x0049a2b0,W
0x005cad00,0x0049a2b0,W
0x0057de7c,0x0049a2b0,R
0x005cacf8,0x0049a2b0,A
0x005cacf8,0x0049a2b0,R
0x005cacfc,0x0049a2b0,R
0x0057e1f4,0x0049a2b0,A
0x0057e1f0,0x0049a2b0,A
0x0057e1e8,0x0049a2b0,A
0x0057dac4,0x0049a2b0,W
0x0057de80,0x0049a2b0,A
0x0057dac0,0x0049a2b0,W
0x0057dac8,0x0049a2b0,W
0x0057e1f8,0x0049a2b0,A
0x004d2e48,0x0049a2b0,R
0x0057e200,0x0049a2b0,A
0x0057de84,0x0049a2b0,A
0x0057e1d0,0x0049a2b0,A
0x0057e1ac,0x0049a2b0,A
0x0057de88,0x0049a2b0,A
0x0057de84,0x0049a2b0,A
0x0057e1d0,0x0049a2b0,A
0x0057e1ac,0x0049a2b0,A
0x0057de88,0x0049a2b0,A
0x0057e1ec,0x0049a2b0,A
0x0057e188,0x0049a2b0,A
0x0057e200,0x0049a2b0,A
0x0057e1f8,0x0049a2b0,A
0x0057de84,0x0049a2b0,A
0x0057e1d0,0x0049a2b0,A
0x0057e1ac,0x0049a2b0,A
0x0057de88,0x0049a2b0,A
0x0057e1fc,0x0049a2b0,A
0x0057e1f8,0x0049a2b0,A
0x0057de84,0x0049a2b0,A
0x0057e1ac,0x0049a2b0,A
0x0057de88,0x0049a2b0,A
0x0057de7c,0x0049a2b0,R
0x0057de7c,0x0049a2b0,W
0x005cb270,0x0049a490,R
0x006320a4,0x0049a490,W
0x006320a8,0x0049a490,W
0x005cb6f8,0x0049a490,A
0x005cb6f8,0x0049a490,R
0x005cbb84,0x0049a490,R
0x005cb6f4,0x0049a490,R
0x005cbb80,0x0049a490,R
0x005cb6ec,0x0049a490,R
0x005cbb78,0x0049a490,R
0x0057dac4,0x0049a490,W
0x005cb5e4,0x0049a490,R
0x005cba70,0x0049a490,R
0x0057dac0,0x0049a490,W
0x0057dac8,0x0049a490,W
0x005cb274,0x0049a490,R
0x005cb700,0x0049a490,R
0x005cb278,0x0049a490,A
0x005cb278,0x0049a490,R
0x005cb704,0x0049a490,R
0x005cb5e8,0x0049a490,R
0x005cba74,0x0049a490,R
0x005cb27c,0x0049a490,R
0x005cb708,0x0049a490,R
0x005cb280,0x0049a490,R
0x005cb70c,0x0049a490,R
0x005cb5c8,0x0049a490,R
0x005cb5f0,0x0049a490,A
0x005cb290,0x0049a490,A
0x005cb284,0x0049a490,A
0x005cb284,0x0049a490,R
0x005cb290,0x0049a490,R
0x005cb288,0x0049a490,R
0x005cb294,0x0049a490,R
0x005cb290,0x0049a490,R
0x005cb29c,0x0049a490,R
0x005cb28c,0x0049a490,R
0x005cb298,0x0049a490,R
0x005cb294,0x0049a490,R
0x005cb2a0,0x0049a490,R
0x005cb5ec,0x0049a490,R
0x005cb5f0,0x0049a490,R
0x005cb5f0,0x0049a490,R
0x005cb5f4,0x0049a490,R
0x005cb298,0x0049a490,R
0x005cb2a4,0x0049a490,R
0x005cb6f0,0x0049a490,R
0x005cb578,0x0049a490,A
0x005cb6fc,0x0049a490,R
0x005cb5cc,0x0049a490,A
0x005cb5cc,0x0049a490,A
0x005cb59c,0x0049a490,A
0x005cb59c,0x0049a490,A
0x005cb5e4,0x0049a490,R
0x005cb578,0x0049a490,A
0x005cb5c8,0x0049a490,R
0x005cb5c0,0x0049a490,W
0x005cb5c0,0x0049a490,R
0x005cba4c,0x0049a490,R
0x004d2e48,0x0049a490,R
0x005cb6fc,0x0049a490,R
0x005cbb88,0x0049a490,R
0x005cb5c8,0x0049a490,R
0x005cb5cc,0x0049a490,A
0x005cb59c,0x0049a490,A
0x005cb5cc,0x0049a490,A
0x005cb5e4,0x0049a490,R
0x005cb59c,0x0049a490,A
0x005cb278,0x0049a490,A
0x005cbb88,0x0049a490,R
0x005cba54,0x0049a490,R
0x005cba58,0x0049a490,A
0x005cba28,0x0049a490,A
0x005cba58,0x0049a490,A
0x005cba28,0x0049a490,A
0x005cba70,0x0049a490,R
0x005cb704,0x0049a490,A
0x005cbb7c,0x0049a490,R
0x005cba04,0x0049a490,A
0x005cbb88,0x0049a490,R
0x005cba4c,0x0049a490,R
0x005cba54,0x0049a490,R
0x005cba58,0x0049a490,A
0x005cba28,0x0049a490,A
0x005cba58,0x0049a490,A
0x005cba70,0x0049a490,R
0x005cba28,0x0049a490,A
0x005cba04,0x0049a490,A
0x005cb704,0x0049a490,A
0x005cba50,0x0049a490,R
0x005cba4c,0x0049a490,R
0x005cba54,0x0049a490,R
0x005cba28,0x0049a490,A
0x005cb704,0x0049a490,A
0x005cb270,0x0049a490,R
0x005cb270,0x0049a490,W
0x006320a4,0x0049a490,W
0x006320a8,0x0049a490,W
0x005cba4c,0x0049a490,R
0x004d2e48,0x0049a490,R
0x005cbb7c,0x0049a490,R
0x005cba04,0x0049a490,A
0x005cbb88,0x0049a490,R
0x005cba54,0x0049a490,R
0x005cba58,0x0049a490,A
0x005cba58,0x0049a490,A
0x005cba28,0x0049a490,A
0x005cba28,0x0049a490,A
0x005cba04,0x0049a490,A
0x005cb704,0x0049a490,A
0x005cba4c,0x0049a490,R
0x004d2e4c,0x0049a490,R
0x005cba4c,0x0049a490,W
0x005cba4c,0x0049a490,R
0x004d2e4c,0x0049a490,R
0x005cba50,0x0049a490,R
0x005cba54,0x0049a490,R
0x005cba28,0x0049a490,A
0x005cb704,0x0049a490,A
0x0062ea00,0x0049a830,R
0x0057dac4,0x0049a830,R
0x0057dac0,0x0049a830,R
0x0062ea00,0x0049a830,R
0x0062ea04,0x0049a830,A
0x0062ea04,0x0049a830,A
0x0062ea08,0x0049a830,A
0x0062ea0c,0x0049a830,A
0x0062ea00,0x0049a830,R
0x0062ea10,0x0049a830,A
0x0062ea00,0x0049a830,R
0x0062ea14,0x0049a830,A
0x0062ea00,0x0049a830,R
0x0062ea00,0x0049a830,W
0x0062ea00,0x0049a8b0,R
0x0062ea00,0x0049a8c0,R
0x0062ea04,0x0049a8c0,A
0x0062ea00,0x0049a8c0,R
0x0062ea00,0x0049a8c0,W
0x0062e9dc,0x0049a8c0,W
0x0062ea00,0x0049a910,W
0x0062ea00,0x0049a920,R
0x0062ea04,0x0049a920,A
0x0062ea14,0x0049a920,A
0x0062ef04,0x0049a920,A
0x0062ea0c,0x0049a920,A
0x004d2e44,0x0049a920,R
0x00631ccc,0x0049a920,R
0x00631cd0,0x0049a920,A
0x00631ccc,0x0049a920,R
0x00631ccc,0x0049a920,W
0x0062ea00,0x0049a920,R
0x0062ea00,0x0049a920,R
0x0062ea00,0x0049a920,W
0x0062ea04,0x0049a920,A
0x0062ea04,0x0049a920,A
0x0062ea08,0x0049a920,A
0x0062ea00,0x0049a9c0,R
0x00631ccc,0x0049a9c0,W
0x0062ea14,0x0049a9c0,A
0x0062ea14,0x0049a9c0,A
0x0062ea28,0x0049a9c0,A
0x0062ef14,0x0049a9c0,A
0x0062ea0c,0x0049a9c0,A
0x0062ea20,0x0049a9c0,A
0x004d2e44,0x0049a9c0,R
0x00631cd0,0x0049a9c0,W
0x00631cd4,0x0049a9c0,W
0x00631ccc,0x0049a9c0,R
0x00631ccc,0x0049a9c0,W
0x0062ea00,0x0049a9c0,R
0x00631cd0,0x0049aa30,A
0x0056b250,0x0049aa40,A
0x0056b250,0x0049aa40,R
0x0056b254,0x0049aa40,R
0x0056b258,0x0049aa40,R
0x0056b25c,0x0049aa40,R
0x0056b248,0x0049aa40,W
0x0056b248,0x0049aa40,W
0x004d2e48,0x0049aa90,R
0x004d2e50,0x0049aa90,R
0x004d2e50,0x0049aa90,R
0x004d2e54,0x0049aa90,R
0x004d2e54,0x0049aa90,R
0x004d2e58,0x0049aa90,R
0x004d2e44,0x0049aa90,R
0x004d2e48,0x0049aa90,R
0x004d2e48,0x0049aa90,R
0x004d2e48,0x0049aa90,R
0x004d2e54,0x0049aa90,R
0x004d2e48,0x0049aa90,R
0x004d2e48,0x0049aa90,R
0x004d2e48,0x0049aa90,R
0x004d2e54,0x0049aa90,R
0x00632054,0x0049aa90,R
0x004d2e50,0x0049aa90,R
0x00632058,0x0049aa90,R
0x004d2e50,0x0049aa90,R
0x004d2e48,0x0049aa90,R
0x004d2e48,0x0049aa90,R
0x004d2e58,0x0049aa90,R
0x004d2e44,0x0049aa90,R
0x004d2e44,0x0049aa90,R
0x004d2e44,0x0049aa90,R
0x004d2e54,0x0049aa90,R
0x004d2e48,0x0049aa90,R
0x004d2e48,0x0049aa90,R
0x004d2e54,0x0049aa90,R
0x004d2e48,0x0049aa90,R
0x004d2e48,0x0049aa90,R
0x004d2e48,0x0049aa90,R
0x004d2e54,0x0049aa90,R
0x004d2e44,0x0049aa90,R
0x0056bbe8,0x0049aa90,R
0x0056bc5c,0x0049aa90,R
0x004d2e60,0x0049aa90,R
0x004d2e60,0x0049aa90,R
0x004d2e60,0x0049aa90,R
0x004d2e60,0x0049aa90,R
0x004d2e60,0x0049aa90,R
0x004d2e60,0x0049aa90,R
0x004d2e60,0x0049aa90,R
0x004d2e60,0x0049aa90,R
0x00631cd0,0x0049afb0,A
0x0056b248,0x0049afb0,R
0x004d2e48,0x0049afb0,R
0x00632054,0x0049b020,R
0x00632058,0x0049b020,R
0x004d2e64,0x0049b020,R
0x004d2e58,0x0049b020,R
0x004d2e58,0x0049b020,R
0x0056b250,0x0049b020,R
0x0063206c,0x0049b020,A
0x0056b254,0x0049b020,R
0x004d2e68,0x0049b020,R
0x004d2e68,0x0049b020,R
0x0063206c,0x0049b020,A
0x0056b258,0x0049b020,R
0x004d2e6c,0x0049b020,R
0x004d2e6c,0x0049b020,R
0x0063206c,0x0049b020,A
0x004d2e70,0x0049b020,R
0x0056b25c,0x0049b020,R
0x0063206c,0x0049b020,A
0x0056b248,0x0049b1a0,R
0x00631ccc,0x0049b1a0,R
0x00631ccc,0x0049b1a0,R
0x00631ccc,0x0049b1a0,W
0x004d2e78,0x0049b1e0,R
0x004d2e7c,0x0049b1e0,R
0x004d2e78,0x0049b1e0,R
0x004d2e7c,0x0049b1e0,R
0x004d2e78,0x0049b1e0,R
0x004d2e7c,0x0049b1e0,R
0x00631dd0,0x0049b1e0,R
0x004d2e80,0x0049b1e0,R
0x00631dd4,0x0049b1e0,R
0x004d2e80,0x0049b1e0,R
0x00631dd8,0x0049b1e0,R
0x004d2e80,0x0049b1e0,R
0x00631dd0,0x0049b1e0,W
0x00631dd4,0x0049b1e0,W
0x00631dd8,0x0049b1e0,W
0x0056bbe8,0x0049b1e0,R
0x004d2e88,0x0049b1e0,R
0x004d2e8c,0x0049b1e0,R
0x0057de54,0x0049b1e0,R
0x004d2e88,0x0049b1e0,R
0x004d2e8c,0x0049b1e0,R
0x0057de50,0x0049b1e0,R
0x0057de44,0x0049b1e0,R
0x004d2e88,0x0049b1e0,R
0x004d2e8c,0x0049b1e0,R
0x0057de4c,0x0049b1e0,R
0x0057de40,0x0049b1e0,R
0x00631dd0,0x0049b1e0,A
0x004d2e78,0x0049b350,R
0x004d2e7c,0x0049b350,R
0x004d2e78,0x0049b350,R
0x004d2e7c,0x0049b350,R
0x004d2e78,0x0049b350,R
0x004d2e7c,0x0049b350,R
0x00631f10,0x0049b350,R
0x004d2e80,0x0049b350,R
0x00631f14,0x0049b350,R
0x004d2e80,0x0049b350,R
0x00631f18,0x0049b350,R
0x004d2e80,0x0049b350,R
0x00631f10,0x0049b350,W
0x00631f14,0x0049b350,W
0x00631f18,0x0049b350,W
0x0056bbe8,0x0049b350,R
0x004d2e88,0x0049b350,R
0x004d2e8c,0x0049b350,R
0x0057de54,0x0049b350,R
0x004d2e88,0x0049b350,R
0x004d2e8c,0x0049b350,R
0x0057de50,0x0049b350,R
0x0057de44,0x0049b350,R
0x004d2e88,0x0049b350,R
0x004d2e8c,0x0049b350,R
0x0057de4c,0x0049b350,R
0x0057de40,0x0049b350,R
0x00631f10,0x0049b350,A
0x00631fb0,0x0049b4c0,R
0x00631f10,0x0049b4c0,R
0x004d2e80,0x0049b4c0,R
0x00631fb4,0x0049b4c0,R
0x00631f14,0x0049b4c0,R
0x004d2e80,0x0049b4c0,R
0x00631fb8,0x0049b4c0,R
0x00631f18,0x0049b4c0,R
0x004d2e80,0x0049b4c0,R
0x00631f10,0x0049b4c0,A
0x00631fb0,0x0049b4c0,A
0x00631f10,0x0049b4c0,R
0x00631fb0,0x0049b4c0,W
0x00631f14,0x0049b4c0,R
0x00631fb4,0x0049b4c0,W
0x00631fb0,0x0049b530,R
0x00631dd0,0x0049b530,R
0x004d2e80,0x0049b530,R
0x00631fb4,0x0049b530,R
0x00631dd4,0x0049b530,R
0x004d2e80,0x0049b530,R
0x00631fb8,0x0049b530,R
0x00631dd8,0x0049b530,R
0x004d2e80,0x0049b530,R
0x00631dd0,0x0049b530,A
0x00631fb0,0x0049b530,A
0x00631dd0,0x0049b530,R
0x00631fb0,0x0049b530,W
0x00631dd4,0x0049b530,R
0x00631fb4,0x0049b530,W
0x004d2e90,0x0049b5a0,R
0x004d2e94,0x0049b5a0,R
0x004d2e90,0x0049b5a0,R
0x004d2e94,0x0049b5a0,R
0x004d2e90,0x0049b5a0,R
0x004d2e94,0x0049b5a0,R
0x00631e70,0x0049b5a0,R
0x004d2e98,0x0049b5a0,R
0x00631e74,0x0049b5a0,R
0x004d2e98,0x0049b5a0,R
0x00631e78,0x0049b5a0,R
0x004d2e98,0x0049b5a0,R
0x00631e70,0x0049b5a0,W
0x00631e74,0x0049b5a0,W
0x00631e78,0x0049b5a0,W
0x0056bbe8,0x0049b5a0,R
0x004d2ea0,0x0049b5a0,R
0x004d2ea4,0x0049b5a0,R
0x0057de54,0x0049b5a0,R
0x004d2ea0,0x0049b5a0,R
0x004d2ea4,0x0049b5a0,R
0x0057de50,0x0049b5a0,R
0x0057de44,0x0049b5a0,R
0x004d2ea0,0x0049b5a0,R
0x004d2ea4,0x0049b5a0,R
0x0057de4c,0x0049b5a0,R
0x0057de40,0x0049b5a0,R
0x00631e70,0x0049b5a0,A
0x00631fb0,0x0049b710,R
0x00631e70,0x0049b710,R
0x004d2e98,0x0049b710,R
0x00631fb4,0x0049b710,R
0x00631e74,0x0049b710,R
0x004d2e98,0x0049b710,R
0x00631fb8,0x0049b710,R
0x00631e78,0x0049b710,R
0x004d2e98,0x0049b710,R
0x00631e70,0x0049b710,A
0x00631fb0,0x0049b710,A
0x00631e70,0x0049b710,R
0x00631fb0,0x0049b710,W
0x00631e74,0x0049b710,R
0x00631fb4,0x0049b710,W
0x00631fc0,0x0049b780,R
0x0057de44,0x0049b780,R
0x0057de48,0x0049b780,R
0x00631fbc,0x0049b780,R
0x00631fc4,0x0049b780,R
0x0057de40,0x0049b780,R
0x0057de40,0x0049b780,R
0x0057da38,0x0049b7e0,W
0x0056b270,0x0049b7e0,R
0x0056b260,0x0049b7e0,R
0x0056b268,0x0049b7e0,R
0x004e21f4,0x0049b7e0,R
0x004e21f4,0x0049b7e0,R
0x0056b26c,0x0049b7e0,R
0x0057da38,0x0049b7e0,R
0x0057da38,0x0049b7e0,W
0x0056b270,0x0049b7e0,R
0x0056b260,0x0049b7e0,R
0x0056b268,0x0049b7e0,R
0x004e21f4,0x0049b7e0,R
0x004e21f4,0x0049b7e0,R
0x0056b26c,0x0049b7e0,R
0x0057da38,0x0049b7e0,R
0x0057da38,0x0049b7e0,W
0x0056b270,0x0049b7e0,R
0x0056b260,0x0049b7e0,R
0x0056b268,0x0049b7e0,R
0x004e21f4,0x0049b7e0,R
0x004e21f4,0x0049b7e0,R
0x0056b26c,0x0049b7e0,R
0x0057da38,0x0049b7e0,R
0x0057da38,0x0049b7e0,W
0x0056b270,0x0049b7e0,R
0x0056b260,0x0049b7e0,R
0x0056b268,0x0049b7e0,R
0x004e21f4,0x0049b7e0,R
0x004e21f4,0x0049b7e0,R
0x0056b26c,0x0049b7e0,R
0x0057da38,0x0049b7e0,R
0x0057da38,0x0049b7e0,W
0x0056b270,0x0049b7e0,R
0x0056b260,0x0049b7e0,R
0x0056b268,0x0049b7e0,R
0x004e21f4,0x0049b7e0,R
0x004e21f4,0x0049b7e0,R
0x0056b26c,0x0049b7e0,R
0x0057da38,0x0049b7e0,R
0x0057da38,0x0049b7e0,W
0x0056b270,0x0049b7e0,R
0x0056b260,0x0049b7e0,R
0x0056b268,0x0049b7e0,R
0x004e21f4,0x0049b7e0,R
0x004e21f4,0x0049b7e0,R
0x0056b26c,0x0049b7e0,R
0x0057da38,0x0049b7e0,R
0x0057da38,0x0049b7e0,W
0x0056b270,0x0049b7e0,R
0x0056b260,0x0049b7e0,R
0x0056b268,0x0049b7e0,R
0x004e21f4,0x0049b7e0,R
0x004e21f4,0x0049b7e0,R
0x0056b26c,0x0049b7e0,R
0x0057da38,0x0049b7e0,R
0x0057da38,0x0049b7e0,W
0x0056b270,0x0049b7e0,R
0x0056b260,0x0049b7e0,R
0x0056b268,0x0049b7e0,R
0x004e21f4,0x0049b7e0,R
0x004e21f4,0x0049b7e0,R
0x0056b26c,0x0049b7e0,R
0x0057da38,0x0049b7e0,R
0x0057da38,0x0049bbf0,W
0x0056b270,0x0049bbf0,R
0x0056b260,0x0049bbf0,R
0x004e21f4,0x0049bbf0,R
0x0056b264,0x0049bbf0,R
0x0056b268,0x0049bbf0,R
0x0056b26c,0x0049bbf0,R
0x004e21f4,0x0049bbf0,R
0x0057da38,0x0049bbf0,R
0x0057da38,0x0049bbf0,W
0x0056b270,0x0049bbf0,R
0x0056b260,0x0049bbf0,R
0x004e21f4,0x0049bbf0,R
0x0056b264,0x0049bbf0,R
0x0056b268,0x0049bbf0,R
0x0056b26c,0x0049bbf0,R
0x004e21f4,0x0049bbf0,R
0x0057da38,0x0049bbf0,R
0x0057da38,0x0049bbf0,W
0x0056b270,0x0049bbf0,R
0x0056b260,0x0049bbf0,R
0x004e21f4,0x0049bbf0,R
0x0056b264,0x0049bbf0,R
0x0056b268,0x0049bbf0,R
0x0056b26c,0x0049bbf0,R
0x004e21f4,0x0049bbf0,R
0x0057da38,0x0049bbf0,R
0x0057da38,0x0049bbf0,W
0x0056b270,0x0049bbf0,R
0x0056b260,0x0049bbf0,R
0x004e21f4,0x0049bbf0,R
0x0056b264,0x0049bbf0,R
0x0056b268,0x0049bbf0,R
0x0056b26c,0x0049bbf0,R
0x004e21f4,0x0049bbf0,R
0x0057da38,0x0049bbf0,R
0x0057da38,0x0049bbf0,W
0x0056b270,0x0049bbf0,R
0x0056b260,0x0049bbf0,R
0x004e21f4,0x0049bbf0,R
0x0056b264,0x0049bbf0,R
0x0056b268,0x0049bbf0,R
0x0056b26c,0x0049bbf0,R
0x004e21f4,0x0049bbf0,R
0x0057da38,0x0049bbf0,R
0x0057da38,0x0049bbf0,W
0x0056b270,0x0049bbf0,R
0x0056b260,0x0049bbf0,R
0x004e21f4,0x0049bbf0,R
0x0056b264,0x0049bbf0,R
0x0056b268,0x0049bbf0,R
0x0056b26c,0x0049bbf0,R
0x004e21f4,0x0049bbf0,R
0x0057da38,0x0049bbf0,R
0x0057da38,0x0049bbf0,W
0x0056b270,0x0049bbf0,R
0x0056b260,0x0049bbf0,R
0x004e21f4,0x0049bbf0,R
0x0056b264,0x0049bbf0,R
0x0056b268,0x0049bbf0,R
0x0056b26c,0x0049bbf0,R
0x004e21f4,0x0049bbf0,R
0x0057da38,0x0049bbf0,R
0x0057da38,0x0049bbf0,W
0x0056b270,0x0049bbf0,R
0x0056b260,0x0049bbf0,R
0x004e21f4,0x0049bbf0,R
0x0056b264,0x0049bbf0,R
0x0056b268,0x0049bbf0,R
0x0056b26c,0x0049bbf0,R
0x004e21f4,0x0049bbf0,R
0x0057da38,0x0049bbf0,R
0x0056b260,0x0049c020,R
0x0057da48,0x0049c020,R
0x0056b270,0x0049c020,R
0x0056b264,0x0049c020,R
0x004e21f4,0x0049c020,R
0x004e21f8,0x0049c020,R
0x0057da48,0x0049c020,R
0x0057da48,0x0049c020,R
0x0056b268,0x0049c020,R
0x0056b26c,0x0049c020,R
0x0056b260,0x0049c150,R
0x0056b270,0x0049c150,R
0x0057da48,0x0049c150,R
0x004e21f4,0x0049c150,R
0x004e21f8,0x0049c150,R
0x0057da48,0x0049c150,R
0x0057da48,0x0049c150,R
0x0056b268,0x0049c150,R
0x0056b26c,0x0049c150,R
0x0056b260,0x0049c230,R
0x0057da48,0x0049c230,R
0x0056b270,0x0049c230,R
0x0056b264,0x0049c230,R
0x004e21f4,0x0049c230,R
0x004e21f8,0x0049c230,R
0x0057da48,0x0049c230,R
0x0057da48,0x0049c230,R
0x0056b268,0x0049c230,R
0x0056b26c,0x0049c230,R
0x0056b268,0x0049c360,R
0x0056b260,0x0049c360,R
0x0056b26c,0x0049c360,R
0x0056b27c,0x0049c360,R
0x0056b270,0x0049c360,R
0x004e21f4,0x0049c360,R
0x004e21f8,0x0049c360,R
0x004e21f4,0x0049c360,R
0x004e21f8,0x0049c360,R
0x0056b268,0x0049c560,R
0x0056b260,0x0049c560,R
0x0056b26c,0x0049c560,R
0x0056b27c,0x0049c560,R
0x0056b270,0x0049c560,R
0x004e21f4,0x0049c560,R
0x004e21f8,0x0049c560,R
0x004e21f4,0x0049c560,R
0x004e21f8,0x0049c560,R
0x0056b260,0x0049c760,R
0x0057da48,0x0049c760,R
0x0056b270,0x0049c760,R
0x004e21f4,0x0049c760,R
0x004e21f8,0x0049c760,R
0x0057da48,0x0049c760,R
0x0057da48,0x0049c760,R
0x0056b268,0x0049c760,R
0x0056b26c,0x0049c760,R
0x0056b260,0x0049c860,R
0x0056b270,0x0049c860,R
0x0057da48,0x0049c860,R
0x004e21f4,0x0049c860,R
0x004e21f8,0x0049c860,R
0x0057da48,0x0049c860,R
0x0057da48,0x0049c860,R
0x0057da48,0x0049c860,R
0x0056b268,0x0049c860,R
0x0056b26c,0x0049c860,R
0x0056b260,0x0049c970,R
0x0056b270,0x0049c970,R
0x0056b27c,0x0049c970,R
0x004e21f4,0x0049c970,R
0x004e21f8,0x0049c970,R
0x0057da48,0x0049c970,R
0x004d2ea8,0x0049c970,R
0x0056b268,0x0049c970,R
0x0056b26c,0x0049c970,R
0x0056b260,0x0049ca90,R
0x0056b27c,0x0049ca90,R
0x0056b270,0x0049ca90,R
0x004e21f4,0x0049ca90,R
0x004e21f8,0x0049ca90,R
0x0057da48,0x0049ca90,R
0x004d2ea8,0x0049ca90,R
0x0056b268,0x0049ca90,R
0x0056b26c,0x0049ca90,R
0x0057da74,0x0049cbb0,W
0x0056b270,0x0049cbb0,R
0x0056b260,0x0049cbb0,R
0x0056b27c,0x0049cbb0,R
0x0056b26c,0x0049cbb0,R
0x0057da70,0x0049cbb0,W
0x0056b268,0x0049cbb0,R
0x0057da64,0x0049cbb0,W
0x0057da5c,0x0049cbb0,W
0x0057da58,0x0049cbb0,W
0x0057da60,0x0049cbb0,W
0x0057da34,0x0049cbb0,W
0x0057da30,0x0049cbb0,W
0x0057da70,0x0049cbb0,R
0x0057da60,0x0049cbb0,R
0x0057da50,0x0049cbb0,R
0x0057da40,0x0049cbb0,R
0x0057da58,0x0049cbb0,R
0x0057da30,0x0049cbb0,R
0x0057da68,0x0049cbb0,R
0x0057da68,0x0049cbb0,R
0x0057daa8,0x0049cbb0,R
0x0057dab0,0x0049cbb0,R
0x0057daa8,0x0049cbb0,R
0x0057dab0,0x0049cbb0,R
0x0057da98,0x0049cbb0,R
0x0057da90,0x0049cbb0,R
0x0057da74,0x0049cea0,W
0x0056b270,0x0049cea0,R
0x0056b260,0x0049cea0,R
0x0056b27c,0x0049cea0,R
0x0056b26c,0x0049cea0,R
0x0057da70,0x0049cea0,W
0x0056b268,0x0049cea0,R
0x0057da64,0x0049cea0,W
0x0057da5c,0x0049cea0,W
0x0057da58,0x0049cea0,W
0x0057da60,0x0049cea0,W
0x0057da34,0x0049cea0,W
0x0057da30,0x0049cea0,W
0x0057da70,0x0049cea0,R
0x0057da60,0x0049cea0,R
0x0057da50,0x0049cea0,R
0x0057da40,0x0049cea0,R
0x0057da58,0x0049cea0,R
0x0057da30,0x0049cea0,R
0x0057da68,0x0049cea0,R
0x0057da68,0x0049cea0,R
0x0057daa8,0x0049cea0,R
0x0057dab0,0x0049cea0,R
0x0057daa8,0x0049cea0,R
0x0057dab0,0x0049cea0,R
0x0057da98,0x0049cea0,R
0x0057da90,0x0049cea0,R
0x0056b27c,0x0049d1a0,R
0x0056b260,0x0049d1a0,R
0x0056b268,0x0049d1a0,R
0x0056b26c,0x0049d1a0,R
0x0056b264,0x0049d1a0,R
0x0056b270,0x0049d1a0,R
0x004e21f4,0x0049d1a0,R
0x004e21f8,0x0049d1a0,R
0x004e21f4,0x0049d1a0,R
0x004e21f8,0x0049d1a0,R
0x0056b27c,0x0049d3b0,R
0x0056b260,0x0049d3b0,R
0x0056b268,0x0049d3b0,R
0x0056b26c,0x0049d3b0,R
0x0056b264,0x0049d3b0,R
0x0056b270,0x0049d3b0,R
0x004e21f4,0x0049d3b0,R
0x004e21f8,0x0049d3b0,R
0x004e21f4,0x0049d3b0,R
0x004e21f8,0x0049d3b0,R
0x0056b260,0x0049d5c0,R
0x0057da48,0x0049d5c0,R
0x0056b270,0x0049d5c0,R
0x0056b264,0x0049d5c0,R
0x004e21f4,0x0049d5c0,R
0x004e21f8,0x0049d5c0,R
0x0057da48,0x0049d5c0,R
0x0057da48,0x0049d5c0,R
0x0056b268,0x0049d5c0,R
0x0056b26c,0x0049d5c0,R
0x0056b260,0x0049d6e0,R
0x0056b270,0x0049d6e0,R
0x0056b264,0x0049d6e0,R
0x0057da48,0x0049d6e0,R
0x004e21f4,0x0049d6e0,R
0x004e21f8,0x0049d6e0,R
0x0057da48,0x0049d6e0,R
0x0057da48,0x0049d6e0,R
0x0057da48,0x0049d6e0,R
0x0056b268,0x0049d6e0,R
0x0056b26c,0x0049d6e0,R
0x0056b260,0x0049d810,R
0x0056b270,0x0049d810,R
0x0056b264,0x0049d810,R
0x0056b27c,0x0049d810,R
0x004e21f4,0x0049d810,R
0x004e21f8,0x0049d810,R
0x0057da48,0x0049d810,R
0x004d2ea8,0x0049d810,R
0x0056b268,0x0049d810,R
0x0056b26c,0x0049d810,R
0x0056b260,0x0049d950,R
0x0056b264,0x0049d950,R
0x0056b27c,0x0049d950,R
0x0056b270,0x0049d950,R
0x004e21f4,0x0049d950,R
0x004e21f8,0x0049d950,R
0x0057da48,0x0049d950,R
0x004d2ea8,0x0049d950,R
0x0056b268,0x0049d950,R
0x0056b26c,0x0049d950,R
0x0057da74,0x0049da80,W
0x0056b270,0x0049da80,R
0x0056b260,0x0049da80,R
0x0056b264,0x0049da80,R
0x0056b27c,0x0049da80,R
0x0056b26c,0x0049da80,R
0x0057da70,0x0049da80,W
0x0056b268,0x0049da80,R
0x0057da64,0x0049da80,W
0x0057da5c,0x0049da80,W
0x0057da58,0x0049da80,W
0x0057da60,0x0049da80,W
0x0057da34,0x0049da80,W
0x0057da30,0x0049da80,W
0x0057da70,0x0049da80,R
0x0057da60,0x0049da80,R
0x0057da50,0x0049da80,R
0x0057da40,0x0049da80,R
0x0057da58,0x0049da80,R
0x0057da30,0x0049da80,R
0x0057da68,0x0049da80,R
0x0057da68,0x0049da80,R
0x0057daa8,0x0049da80,R
0x0057dab0,0x0049da80,R
0x0057daa8,0x0049da80,R
0x0057dab0,0x0049da80,R
0x0057da98,0x0049da80,R
0x0057da90,0x0049da80,R
0x0057da74,0x0049ddb0,W
0x0056b270,0x0049ddb0,R
0x0056b260,0x0049ddb0,R
0x0056b264,0x0049ddb0,R
0x0056b27c,0x0049ddb0,R
0x0056b26c,0x0049ddb0,R
0x0057da70,0x0049ddb0,W
0x0056b268,0x0049ddb0,R
0x0057da64,0x0049ddb0,W
0x0057da5c,0x0049ddb0,W
0x0057da58,0x0049ddb0,W
0x0057da60,0x0049ddb0,W
0x0057da34,0x0049ddb0,W
0x0057da30,0x0049ddb0,W
0x0057da70,0x0049ddb0,R
0x0057da60,0x0049ddb0,R
0x0057da50,0x0049ddb0,R
0x0057da40,0x0049ddb0,R
0x0057da58,0x0049ddb0,R
0x0057da30,0x0049ddb0,R
0x0057da68,0x0049ddb0,R
0x0057da68,0x0049ddb0,R
0x0057daa8,0x0049ddb0,R
0x0057dab0,0x0049ddb0,R
0x0057daa8,0x0049ddb0,R
0x0057dab0,0x0049ddb0,R
0x0057da98,0x0049ddb0,R
0x0057da90,0x0049ddb0,R
0x0057daae,0x0049e140,W
0x0057daac,0x0049e140,W
0x0057daaa,0x0049e140,W
0x0057daa8,0x0049e140,W
0x0057dab6,0x0049e140,W
0x0057dab4,0x0049e140,W
0x0057dab2,0x0049e140,W
0x0057dab0,0x0049e140,W
0x0057daae,0x0049e140,W
0x0057daac,0x0049e140,W
0x0057daaa,0x0049e140,W
0x0057daa8,0x0049e140,W
0x0057dab6,0x0049e140,W
0x0057dab4,0x0049e140,W
0x0057dab2,0x0049e140,W
0x0057dab0,0x0049e140,W
0x0057da9e,0x0049e140,W
0x0057da9c,0x0049e140,W
0x0057da9a,0x0049e140,W
0x0057da98,0x0049e140,W
0x0057da96,0x0049e140,W
0x0057da94,0x0049e140,W
0x0057da92,0x0049e140,W
0x0057da90,0x0049e140,W
0x00631fc8,0x0049e200,R
0x00631fd0,0x0049e200,A
0x00631fcc,0x0049e200,R
0x00631fd0,0x0049e200,A
0x00631fc8,0x0049e300,R
0x00631fd0,0x0049e300,A
0x00631fcc,0x0049e300,R
0x00631fd0,0x0049e300,A
0x0057daa0,0x0049e400,W
0x0057daa4,0x0049e400,W
0x0057daa0,0x0049e400,R
0x0057daa8,0x0049e400,R
0x0057dab0,0x0049e400,R
0x0057da88,0x0049e400,R
0x0057da80,0x0049e400,R
0x0057da78,0x0049e400,R
0x0057da98,0x0049e400,R
0x0057da90,0x0049e400,R
0x0057daa0,0x0049e560,W
0x0057daa4,0x0049e560,W
0x0057daa0,0x0049e560,R
0x0057daa8,0x0049e560,R
0x0057dab0,0x0049e560,R
0x0057da88,0x0049e560,R
0x0057da80,0x0049e560,R
0x0057da78,0x0049e560,R
0x0057da98,0x0049e560,R
0x0057da90,0x0049e560,R
0x0057da38,0x0049e6c0,W
0x0056b270,0x0049e6c0,R
0x0056b260,0x0049e6c0,R
0x0056b268,0x0049e6c0,R
0x004e21f4,0x0049e6c0,R
0x004e21f4,0x0049e6c0,R
0x0056b26c,0x0049e6c0,R
0x0057da38,0x0049e6c0,R
0x0057da38,0x0049e6c0,W
0x0056b270,0x0049e6c0,R
0x0056b260,0x0049e6c0,R
0x0056b268,0x0049e6c0,R
0x004e21f4,0x0049e6c0,R
0x004e21f4,0x0049e6c0,R
0x0056b26c,0x0049e6c0,R
0x0057da38,0x0049e6c0,R
0x0057da38,0x0049e6c0,W
0x0056b270,0x0049e6c0,R
0x0056b260,0x0049e6c0,R
0x0056b268,0x0049e6c0,R
0x004e21f4,0x0049e6c0,R
0x004e21f4,0x0049e6c0,R
0x0056b26c,0x0049e6c0,R
0x0057da38,0x0049e6c0,R
0x0057da38,0x0049e6c0,W
0x0056b270,0x0049e6c0,R
0x0056b260,0x0049e6c0,R
0x0056b268,0x0049e6c0,R
0x004e21f4,0x0049e6c0,R
0x004e21f4,0x0049e6c0,R
0x0056b26c,0x0049e6c0,R
0x0057da38,0x0049e6c0,R
0x0057da38,0x0049e6c0,W
0x0056b270,0x0049e6c0,R
0x0056b260,0x0049e6c0,R
0x0056b268,0x0049e6c0,R
0x004e21f4,0x0049e6c0,R
0x004e21f4,0x0049e6c0,R
0x0056b26c,0x0049e6c0,R
0x0057da38,0x0049e6c0,R
0x0057da38,0x0049e6c0,W
0x0056b270,0x0049e6c0,R
0x0056b260,0x0049e6c0,R
0x0056b268,0x0049e6c0,R
0x004e21f4,0x0049e6c0,R
0x004e21f4,0x0049e6c0,R
0x0056b26c,0x0049e6c0,R
0x0057da38,0x0049e6c0,R
0x0057da38,0x0049e6c0,W
0x0056b270,0x0049e6c0,R
0x0056b260,0x0049e6c0,R
0x0056b268,0x0049e6c0,R
0x004e21f4,0x0049e6c0,R
0x004e21f4,0x0049e6c0,R
0x0056b26c,0x0049e6c0,R
0x0057da38,0x0049e6c0,R
0x0057da38,0x0049e6c0,W
0x0056b270,0x0049e6c0,R
0x0056b260,0x0049e6c0,R
0x0056b268,0x0049e6c0,R
0x004e21f4,0x0049e6c0,R
0x004e21f4,0x0049e6c0,R
0x0056b26c,0x0049e6c0,R
0x0057da38,0x0049e6c0,R
0x004e21f4,0x0049ea40,R
0x0057da6c,0x0049ea40,W
0x0057da54,0x0049ea40,W
0x0057da50,0x0049ea40,W
0x004e21f8,0x0049ea40,R
0x0057da68,0x0049ea40,W
0x0057da44,0x0049ea40,W
0x0057da40,0x0049ea40,W
0x0056b270,0x0049ea80,R
0x0056b260,0x0049ea80,R
0x004e21f4,0x0049ea80,R
0x004e21f8,0x0049ea80,R
0x0056b268,0x0049ea80,R
0x0056b26c,0x0049ea80,R
0x0056b268,0x0049ea80,R
0x0056b26c,0x0049ea80,R
0x004e21f4,0x0049ea80,R
0x004e21f8,0x0049ea80,R
0x0057da74,0x0049ea80,W
0x0057da64,0x0049ea80,W
0x0057da60,0x0049ea80,W
0x0057da5c,0x0049ea80,W
0x0057da58,0x0049ea80,W
0x0057da70,0x0049ea80,W
0x0057da34,0x0049ea80,W
0x0057da30,0x0049ea80,W
0x0057da70,0x0049ea80,R
0x0057da60,0x0049ea80,R
0x0057da50,0x0049ea80,R
0x0057da40,0x0049ea80,R
0x0057da58,0x0049ea80,R
0x0057da30,0x0049ea80,R
0x0057da68,0x0049ea80,R
0x0057da68,0x0049ea80,R
0x0056b270,0x0049ec20,R
0x0056b260,0x0049ec20,R
0x004e21f4,0x0049ec20,R
0x004e21f8,0x0049ec20,R
0x0056b268,0x0049ec20,R
0x0056b26c,0x0049ec20,R
0x0056b268,0x0049ec20,R
0x0056b26c,0x0049ec20,R
0x004e21f4,0x0049ec20,R
0x004e21f8,0x0049ec20,R
0x0057da74,0x0049ec20,W
0x0057da64,0x0049ec20,W
0x0057da60,0x0049ec20,W
0x0057da5c,0x0049ec20,W
0x0057da58,0x0049ec20,W
0x0057da70,0x0049ec20,W
0x0057da34,0x0049ec20,W
0x0057da30,0x0049ec20,W
0x0057da70,0x0049ec20,R
0x0057da60,0x0049ec20,R
0x0057da50,0x0049ec20,R
0x0057da40,0x0049ec20,R
0x0057da58,0x0049ec20,R
0x0057da30,0x0049ec20,R
0x0057da68,0x0049ec20,R
0x0057da68,0x0049ec20,R
0x0057da38,0x0049edc0,W
0x0056b270,0x0049edc0,R
0x0056b260,0x0049edc0,R
0x004e21f4,0x0049edc0,R
0x0056b264,0x0049edc0,R
0x0056b268,0x0049edc0,R
0x0056b26c,0x0049edc0,R
0x004e21f4,0x0049edc0,R
0x0057da38,0x0049edc0,R
0x0057da38,0x0049edc0,W
0x0056b270,0x0049edc0,R
0x0056b260,0x0049edc0,R
0x004e21f4,0x0049edc0,R
0x0056b264,0x0049edc0,R
0x0056b268,0x0049edc0,R
0x0056b26c,0x0049edc0,R
0x004e21f4,0x0049edc0,R
0x0057da38,0x0049edc0,R
0x0057da38,0x0049edc0,W
0x0056b270,0x0049edc0,R
0x0056b260,0x0049edc0,R
0x004e21f4,0x0049edc0,R
0x0056b264,0x0049edc0,R
0x0056b268,0x0049edc0,R
0x0056b26c,0x0049edc0,R
0x004e21f4,0x0049edc0,R
0x0057da38,0x0049edc0,R
0x0057da38,0x0049edc0,W
0x0056b270,0x0049edc0,R
0x0056b260,0x0049edc0,R
0x004e21f4,0x0049edc0,R
0x0056b264,0x0049edc0,R
0x0056b268,0x0049edc0,R
0x0056b26c,0x0049edc0,R
0x004e21f4,0x0049edc0,R
0x0057da38,0x0049edc0,R
0x0057da38,0x0049edc0,W
0x0056b270,0x0049edc0,R
0x0056b260,0x0049edc0,R
0x004e21f4,0x0049edc0,R
0x0056b264,0x0049edc0,R
0x0056b268,0x0049edc0,R
0x0056b26c,0x0049edc0,R
0x004e21f4,0x0049edc0,R
0x0057da38,0x0049edc0,R
0x0057da38,0x0049edc0,W
0x0056b270,0x0049edc0,R
0x0056b260,0x0049edc0,R
0x004e21f4,0x0049edc0,R
0x0056b264,0x0049edc0,R
0x0056b268,0x0049edc0,R
0x0056b26c,0x0049edc0,R
0x004e21f4,0x0049edc0,R
0x0057da38,0x0049edc0,R
0x0057da38,0x0049edc0,W
0x0056b270,0x0049edc0,R
0x0056b260,0x0049edc0,R
0x004e21f4,0x0049edc0,R
0x0056b264,0x0049edc0,R
0x0056b268,0x0049edc0,R
0x0056b26c,0x0049edc0,R
0x004e21f4,0x0049edc0,R
0x0057da38,0x0049edc0,R
0x0057da38,0x0049edc0,W
0x0056b270,0x0049edc0,R
0x0056b260,0x0049edc0,R
0x004e21f4,0x0049edc0,R
0x0056b264,0x0049edc0,R
0x0056b268,0x0049edc0,R
0x0056b26c,0x0049edc0,R
0x004e21f4,0x0049edc0,R
0x0057da38,0x0049edc0,R
0x0057da38,0x0049f180,W
0x0056b270,0x0049f180,R
0x004e21f4,0x0049f180,R
0x0056b264,0x0049f180,R
0x004e21f4,0x0049f180,R
0x0056b260,0x0049f180,R
0x0056b26c,0x0049f180,R
0x0056b274,0x0049f180,R
0x0056b278,0x0049f180,R
0x0056b274,0x0049f180,W
0x0056b268,0x0049f180,R
0x0057da38,0x0049f180,R
0x0057da38,0x0049f180,W
0x0056b270,0x0049f180,R
0x004e21f4,0x0049f180,R
0x0056b264,0x0049f180,R
0x004e21f4,0x0049f180,R
0x0056b260,0x0049f180,R
0x0056b26c,0x0049f180,R
0x0056b274,0x0049f180,R
0x0056b278,0x0049f180,R
0x0056b274,0x0049f180,W
0x0056b268,0x0049f180,R
0x0057da38,0x0049f180,R
0x0057da38,0x0049f180,W
0x0056b270,0x0049f180,R
0x004e21f4,0x0049f180,R
0x0056b264,0x0049f180,R
0x004e21f4,0x0049f180,R
0x0056b260,0x0049f180,R
0x0056b26c,0x0049f180,R
0x0056b274,0x0049f180,R
0x0056b278,0x0049f180,R
0x0056b274,0x0049f180,W
0x0056b268,0x0049f180,R
0x0057da38,0x0049f180,R
0x0057da38,0x0049f180,W
0x0056b270,0x0049f180,R
0x004e21f4,0x0049f180,R
0x0056b264,0x0049f180,R
0x004e21f4,0x0049f180,R
0x0056b260,0x0049f180,R
0x0056b26c,0x0049f180,R
0x0056b274,0x0049f180,R
0x0056b278,0x0049f180,R
0x0056b274,0x0049f180,W
0x0056b268,0x0049f180,R
0x0057da38,0x0049f180,R
0x0057da38,0x0049f180,W
0x0056b270,0x0049f180,R
0x004e21f4,0x0049f180,R
0x0056b264,0x0049f180,R
0x004e21f4,0x0049f180,R
0x0056b260,0x0049f180,R
0x0056b26c,0x0049f180,R
0x0056b274,0x0049f180,R
0x0056b278,0x0049f180,R
0x0056b274,0x0049f180,W
0x0056b268,0x0049f180,R
0x0057da38,0x0049f180,R
0x0057da38,0x0049f180,W
0x0056b270,0x0049f180,R
0x004e21f4,0x0049f180,R
0x0056b264,0x0049f180,R
0x004e21f4,0x0049f180,R
0x0056b260,0x0049f180,R
0x0056b26c,0x0049f180,R
0x0056b274,0x0049f180,R
0x0056b278,0x0049f180,R
0x0056b274,0x0049f180,W
0x0056b268,0x0049f180,R
0x0057da38,0x0049f180,R
0x0057da38,0x0049f180,W
0x0056b270,0x0049f180,R
0x004e21f4,0x0049f180,R
0x0056b264,0x0049f180,R
0x004e21f4,0x0049f180,R
0x0056b260,0x0049f180,R
0x0056b26c,0x0049f180,R
0x0056b274,0x0049f180,R
0x0056b278,0x0049f180,R
0x0056b274,0x0049f180,W
0x0056b268,0x0049f180,R
0x0057da38,0x0049f180,R
0x0057da38,0x0049f180,W
0x0056b270,0x0049f180,R
0x004e21f4,0x0049f180,R
0x0056b264,0x0049f180,R
0x004e21f4,0x0049f180,R
0x0056b260,0x0049f180,R
0x0056b26c,0x0049f180,R
0x0056b274,0x0049f180,R
0x0056b278,0x0049f180,R
0x0056b274,0x0049f180,W
0x0056b268,0x0049f180,R
0x0057da38,0x0049f180,R
0x0056b2ac,0x0049f620,R
0x0056b2b0,0x0049f620,R
0x0056b2b0,0x0049f620,R
0x0056b424,0x0049f620,R
0x0056b3d0,0x0049f620,R
0x0056b3d8,0x0049f620,R
0x0056b430,0x0049f620,R
0x0056b3d0,0x0049f620,R
0x0056b3d8,0x0049f620,R
0x0056b3d8,0x0049f620,W
0x0056b3d0,0x0049f620,W
0x0056b3dc,0x0049f620,W
0x0056b3dc,0x0049f620,R
0x0056b3d4,0x0049f620,R
0x0056b3dc,0x0049f620,W
0x0056b3d8,0x0049f620,W
0x0056b2ac,0x0049f6d0,R
0x004cc5dc,0x0049f6f0,R
0x0056b2b0,0x0049f6f0,R
0x004e2208,0x0049f6f0,A
0x004cc5b4,0x0049f6f0,R
0x004cc4ec,0x0049f6f0,R
0x004cc5dc,0x0049f830,R
0x0056b2b0,0x0049f830,R
0x004cc5b4,0x0049f830,R
0x004cc4ec,0x0049f830,R
0x0056b2a4,0x0049f960,R
0x0056b2a0,0x0049f960,R
0x004d2eb0,0x0049f9a0,R
0x004d2eb4,0x0049f9a0,R
0x004e2204,0x0049f9a0,R
0x004d2eb8,0x0049f9a0,R
0x0056b2ac,0x0049fa10,R
0x0056b3c8,0x0049fa60,R
0x0056b430,0x0049fa60,R
0x0056b3d0,0x0049fa60,W
0x0056b3d4,0x0049fa60,W
0x0056b2b0,0x0049fa60,R
0x004e2208,0x0049fa60,A
0x0056b3c8,0x0049fbb0,R
0x0056b430,0x0049fbb0,R
0x0056b3d0,0x0049fbb0,W
0x0056b3d4,0x0049fbb0,W
0x004e2208,0x0049fbb0,A
0x0056b2a4,0x0049fcf0,R
0x0056b2a0,0x0049fcf0,R
0x0056b3c4,0x0049fcf0,R
0x0056b3dc,0x0049fd50,W
0x0056b3c4,0x0049fd50,R
0x0056b2a4,0x0049fda0,R
0x0056b2a0,0x0049fda0,R
0x0056b3d0,0x0049fda0,R
0x0056b3d8,0x0049fda0,W
0x0056b3d0,0x0049fda0,W
0x0056b2ac,0x0049fda0,R
0x004e2208,0x0049fda0,A
0x004e2208,0x0049fda0,A
0x004e2208,0x0049fda0,A
0x004e2208,0x0049fda0,A
0x0056b2ac,0x0049fec0,R
0x004e2208,0x0049fec0,A
0x004e2208,0x0049fec0,A
0x004e2208,0x0049fec0,A
0x004e2208,0x0049fec0,A
0x0056b3c4,0x0049fff0,R
0x0056b2ac,0x0049fff0,R
0x0056b2ac,0x004a0300,R
0x004d2ec8,0x004a0380,R
0x004e2208,0x004a0380,A
0x004e2208,0x004a0400,A
0x004e2208,0x004a0400,A
0x004e2208,0x004a0400,A
0x0056b2ac,0x004a0490,R
0x004d2ebc,0x004a0490,R
0x004d2ec0,0x004a0490,R
0x0056b2ac,0x004a0500,R
0x0056b3c4,0x004a0590,R
0x0056b2a0,0x004a0670,R
0x0056b3bc,0x004a0670,R
0x0056b3b8,0x004a0670,R
0x0056b3bc,0x004a0670,W
0x0056b3bc,0x004a0670,R
0x0056b2ac,0x004a0670,R
0x0056b2a0,0x004a07a0,R
0x0056b3bc,0x004a07a0,R
0x004e2234,0x004a07f0,W
0x0056b290,0x004a0810,W
0x0056b294,0x004a0810,W
0x0056b298,0x004a0810,W
0x0056b29c,0x004a0810,W
0x0056b298,0x004a0880,R
0x0056b294,0x004a0880,R
0x0056b294,0x004a0880,R
0x0056b298,0x004a0880,W
0x0056b294,0x004a08d0,R
0x0056b298,0x004a08d0,R
0x0056b294,0x004a0900,R
0x0056b298,0x004a0900,R
0x0056b294,0x004a0920,R
0x0056b298,0x004a0920,R
0x0056b2a4,0x004a0990,R
0x0056b294,0x004a0990,R
0x0056b298,0x004a0990,R
0x0056b298,0x004a0990,R
0x004cc4ac,0x004a09e0,R
0x004cc5e4,0x004a09e0,R
0x0056b298,0x004a09e0,R
0x0056b29c,0x004a09e0,R
0x0056b294,0x004a09e0,R
0x0056b294,0x004a09e0,R
0x0056b290,0x004a09e0,A
0x0056b298,0x004a09e0,R
0x0056b290,0x004a09e0,A
0x0056b298,0x004a09e0,R
0x0056b294,0x004a09e0,R
0x0056b290,0x004a09e0,A
0x0056b294,0x004a09e0,R
0x0056b294,0x004a09e0,R
0x0056b29c,0x004a09e0,W
0x0056b298,0x004a09e0,R
0x0056b298,0x004a09e0,W
0x0056b294,0x004a09e0,W
0x0056b290,0x004a09e0,A
0x0056b298,0x004a09e0,R
0x0056b290,0x004a09e0,A
0x0056b298,0x004a09e0,R
0x0056b290,0x004a09e0,A
0x0056b298,0x004a09e0,R
0x0056b298,0x004a09e0,R
0x0056b298,0x004a09e0,W
0x004cc5b4,0x004a0c00,R
0x004e2250,0x004a0c40,A
0x004e2244,0x004a0c40,A
0x004e2238,0x004a0c40,A
0x004e2234,0x004a0c40,R
0x0056b3b0,0x004a0c40,R
0x004e2238,0x004a0c40,A
0x0056b364,0x004a0c40,R
0x0056b364,0x004a0c40,R
0x0056b2ac,0x004a0ec0,R
0x0056b3c4,0x004a1090,R
0x0056b3c4,0x004a10b0,R
0x0056b3c8,0x004a10d0,W
0x004d2ed4,0x004a10e0,R
0x004d2ed8,0x004a10e0,R
0x0056b2ac,0x004a10e0,R
0x004e225c,0x004a10e0,A
0x0056b2ac,0x004a11d0,R
0x0056b3c4,0x004a11d0,R
0x0056b3c4,0x004a11d0,R
0x0056b2a0,0x004a1290,R
0x0056b2ac,0x004a1290,W
0x0056b2ac,0x004a12b0,R
0x0056b2a0,0x004a12c0,R
0x0056b2ac,0x004a12c0,R
0x0056b2a0,0x004a12c0,W
0x0056b2a4,0x004a12c0,W
0x0056b2a8,0x004a12c0,W
0x0056b2b0,0x004a12c0,W
0x0056b2b4,0x004a12c0,W
0x0056b324,0x004a12c0,R
0x004da798,0x004a12c0,A
0x0056b318,0x004a12c0,W
0x0056b364,0x004a12c0,W
0x0056b328,0x004a12c0,W
0x0056b324,0x004a12c0,W
0x0056b32c,0x004a12c0,W
0x0056b330,0x004a12c0,W
0x0056b332,0x004a12c0,W
0x0056b31c,0x004a12c0,W
0x0056b3ac,0x004a12c0,W
0x0056b3b0,0x004a12c0,W
0x0056b3b0,0x004a12c0,W
0x0056b3ac,0x004a12c0,A
0x004da7b0,0x004a12c0,A
0x0056b3b4,0x004a12c0,W
0x0056b3b8,0x004a12c0,W
0x0056b3b4,0x004a12c0,A
0x0056b3b8,0x004a12c0,W
0x0056b3b4,0x004a12c0,R
0x004da7a4,0x004a12c0,A
0x0056b3bc,0x004a12c0,W
0x0056b3cc,0x004a12c0,W
0x0056b3d0,0x004a12c0,W
0x0056b3c0,0x004a12c0,W
0x0056b3c4,0x004a12c0,W
0x0056b3c4,0x004a12c0,W
0x0056b3c0,0x004a12c0,A
0x0056b3c8,0x004a12c0,W
0x0056b368,0x004a13d0,R
0x0056b368,0x004a13d0,W
0x0056b364,0x004a13d0,R
0x0056b364,0x004a13d0,W
0x0056b2a4,0x004a1420,R
0x0056b2a0,0x004a1420,R
0x0056b2a8,0x004a1420,W
0x0056b2ac,0x004a1420,R
0x0056b2ac,0x004a1420,W
0x0056b2a4,0x004a1420,W
0x0056b368,0x004a1420,W
0x004e22bc,0x004a1420,A
0x004e2290,0x004a1420,A
0x004e2288,0x004a1420,A
0x0056b368,0x004a1420,R
0x0056b368,0x004a1420,R
0x0056b368,0x004a1510,R
0x004e2310,0x004a1510,A
0x0056b368,0x004a1510,R
0x004e2304,0x004a1510,A
0x0056b364,0x004a1510,R
0x0056b364,0x004a1510,W
0x0056b368,0x004a1510,R
0x004e22f4,0x004a1510,A
0x0056b368,0x004a1510,R
0x004e22ec,0x004a1510,A
0x004da634,0x004a1510,A
0x004da634,0x004a1510,R
0x004da636,0x004a1510,R
0x004da635,0x004a1510,R
0x004da637,0x004a1510,R
0x004da634,0x004a1510,A
0x004da634,0x004a1510,R
0x004da636,0x004a1510,R
0x004da635,0x004a1510,R
0x004da637,0x004a1510,R
0x004da636,0x004a1510,A
0x004da638,0x004a1510,A
0x004da634,0x004a1510,A
0x004da634,0x004a1510,R
0x004da636,0x004a1510,R
0x004da635,0x004a1510,R
0x004da637,0x004a1510,R
0x004da636,0x004a1510,A
0x004da638,0x004a1510,A
0x0056b368,0x004a1510,R
0x004e22dc,0x004a1510,A
0x0056b368,0x004a1870,R
0x004e2310,0x004a1870,A
0x0056b368,0x004a1870,R
0x004e2304,0x004a1870,A
0x0056b364,0x004a1870,R
0x0056b364,0x004a1870,W
0x0056b368,0x004a1870,R
0x004e22f4,0x004a1870,A
0x0056b368,0x004a1870,R
0x004e22ec,0x004a1870,A
0x004e2364,0x004a1870,A
0x004e235c,0x004a1870,A
0x004e2350,0x004a1870,A
0x004e2344,0x004a1870,A
0x004e2338,0x004a1870,A
0x004e2330,0x004a1870,A
0x004e2328,0x004a1870,A
0x004d2ee0,0x004a1870,R
0x004d2ee4,0x004a1870,R
0x004e2320,0x004a1870,A
0x004df804,0x004a1870,A
0x004da624,0x004a1870,A
0x004cc5e4,0x004a1870,R
0x004e231c,0x004a1870,A
0x004cc5e4,0x004a1870,R
0x004da618,0x004a1870,A
0x004cc5e4,0x004a1870,R
0x0056b368,0x004a1870,R
0x004e22dc,0x004a1870,A
0x004cc70c,0x004a1d10,R
0x0056b2b0,0x004a1d10,A
0x004d3258,0x004a1d10,A
0x004d3248,0x004a1d10,A
0x004cc708,0x004a1d10,R
0x004e23d8,0x004a1d10,A
0x004cc4dc,0x004a1d10,R
0x004e23a4,0x004a1d10,A
0x004cc4dc,0x004a1d10,R
0x004e2368,0x004a1d10,A
0x004cc4dc,0x004a1d10,R
0x0056b2b0,0x004a1d10,R
0x0056b2b0,0x004a1d10,R
0x0056b2a8,0x004a1d10,R
0x0056b2b0,0x004a1d10,R
0x0056b2b8,0x004a1d10,A
0x004d3268,0x004a1d10,A
0x004e2290,0x004a1d10,A
0x0056b2b0,0x004a1d10,R
0x0056b2b4,0x004a1d10,A
0x004d3288,0x004a1d10,A
0x004e2290,0x004a1d10,A
0x0056b2b0,0x004a1d10,R
0x004e2290,0x004a1d10,A
0x0056b2b0,0x004a1d10,R
0x0056b2b0,0x004a1d10,R
0x0056b2b0,0x004a1e50,A
0x004e2290,0x004a1e50,A
0x0056b2b0,0x004a1e50,R
0x0056b2a8,0x004a1e50,R
0x004e2290,0x004a1e50,A
0x0056b2b0,0x004a1e50,R
0x0056b2b8,0x004a1e50,W
0x0056b2b8,0x004a1e50,A
0x004e2290,0x004a1e50,A
0x0056b2b0,0x004a1e50,R
0x0056b2b4,0x004a1e50,A
0x004e2290,0x004a1e50,A
0x0056b2a4,0x004a1f40,R
0x0056b2a0,0x004a1f40,R
0x0056b2ac,0x004a1f40,R
0x0056b2b8,0x004a1f40,R
0x0056b2b8,0x004a1f40,W
0x0056b2b4,0x004a1f40,R
0x0056b2b4,0x004a1f40,W
0x0056b2b0,0x004a1f40,R
0x0056b2b0,0x004a1f40,W
0x004cc710,0x004a1f40,R
0x0056b2a4,0x004a1f40,W
0x0056b2b4,0x004a1f40,R
0x0056b2b4,0x004a1f40,W
0x0056b2b0,0x004a1f40,R
0x0056b2b0,0x004a1f40,W
0x0056b2a4,0x004a1f40,W
0x0056b3e0,0x004a2020,W
0x0056b3e4,0x004a2020,W
0x0056b3e8,0x004a2020,W
0x0056b324,0x004a20d0,R
0x004cc6e8,0x004a20d0,R
0x004e2418,0x004a20d0,A
0x004e23f0,0x004a20d0,A
0x0056b328,0x004a20d0,W
0x004e23f0,0x004a20d0,A
0x0056b328,0x004a20d0,R
0x004e23f0,0x004a20d0,A
0x0056b328,0x004a20d0,R
0x004e23f0,0x004a20d0,A
0x0056b328,0x004a20d0,R
0x0056b334,0x004a20d0,W
0x004e23f0,0x004a20d0,A
0x004cc6dc,0x004a20d0,R
0x004cc6d4,0x004a20d0,R
0x0056b324,0x004a20d0,W
0x0056b32c,0x004a20d0,W
0x0056b32c,0x004a20d0,R
0x004cc6e0,0x004a20d0,R
0x0056b332,0x004a20d0,W
0x0056b330,0x004a20d0,W
0x0056b338,0x004a20d0,W
0x0056b33c,0x004a20d0,W
0x0056b324,0x004a20d0,R
0x0056b324,0x004a20d0,W
0x004cc5e4,0x004a20d0,R
0x0056b3e4,0x004a20d0,R
0x0056b3e8,0x004a20d0,R
0x0056b3e8,0x004a20d0,W
0x0056b340,0x004a2490,W
0x0056b344,0x004a2490,W
0x0056b348,0x004a2490,W
0x0056b34c,0x004a2490,W
0x0056b350,0x004a2490,W
0x0056b354,0x004a2490,W
0x0056b358,0x004a2490,W
0x0056b35c,0x004a2490,W
0x0056b360,0x004a2490,W
0x0056b328,0x004a24d0,R
0x0056b328,0x004a24d0,R
0x004cc6e8,0x004a24d0,R
0x0056b328,0x004a24d0,W
0x0056b324,0x004a24d0,R
0x0056b3e4,0x004a24d0,R
0x0056b324,0x004a24d0,W
0x004cc5b4,0x004a24d0,R
0x0056b3e4,0x004a24d0,R
0x0056b3e8,0x004a24d0,R
0x0056b3e8,0x004a24d0,W
0x0056b324,0x004a2600,R
0x0056b34c,0x004a2600,R
0x0056b334,0x004a2600,R
0x0056b358,0x004a2600,W
0x0056b2a8,0x004a2600,R
0x0056b328,0x004a2600,R
0x004cc6e8,0x004a2600,R
0x004e23f0,0x004a2600,A
0x0056b31c,0x004a2600,W
0x0056b324,0x004a26b0,R
0x0056b31c,0x004a26b0,R
0x0056b328,0x004a26b0,R
0x0056b34c,0x004a26b0,R
0x0056b324,0x004a26f0,R
0x0056b328,0x004a26f0,R
0x004cc6e8,0x004a26f0,R
0x004e23f0,0x004a26f0,A
0x0056b31c,0x004a26f0,W
0x0056b324,0x004a2750,R
0x0056b328,0x004a2750,R
0x004cc6e8,0x004a2750,R
0x004e23f0,0x004a2750,A
0x0056b34c,0x004a2750,W
0x0056b358,0x004a2750,W
0x0056b340,0x004a2750,W
0x0056b324,0x004a27d0,R
0x0056b32c,0x004a27d0,R
0x0056b324,0x004a27f0,R
0x0056b32c,0x004a27f0,R
0x004cc6e0,0x004a27f0,R
0x004e23f0,0x004a27f0,A
0x0056b330,0x004a27f0,W
0x0056b332,0x004a27f0,W
0x0056b332,0x004a27f0,W
0x0056b332,0x004a27f0,R
0x0056b324,0x004a2880,R
0x0056b32c,0x004a2880,R
0x004cc6e4,0x004a2880,R
0x004e23f0,0x004a2880,A
0x0056b330,0x004a2880,W
0x0056b332,0x004a2880,W
0x0056b324,0x004a2930,R
0x0056b334,0x004a2930,R
0x0056b2ac,0x004a2950,R
0x0056b2b4,0x004a2950,R
0x0056b2b4,0x004a2950,R
0x0056b2b4,0x004a2950,R
0x0056b36c,0x004a2950,W
0x0056b370,0x004a2950,A
0x0056b370,0x004a2950,W
0x0056b374,0x004a2950,W
0x0056b3a0,0x004a2950,W
0x0056b3a4,0x004a2950,W
0x0056b3a8,0x004a2950,W
0x0056b36c,0x004a2950,W
0x0056b2ac,0x004a2a30,R
0x004d2ee8,0x004a2a70,R
0x004d2ef0,0x004a2a70,R
0x0056b36c,0x004a2b40,R
0x0056b394,0x004a2b40,A
0x0056b394,0x004a2b40,R
0x0056b398,0x004a2b40,R
0x0056b39c,0x004a2b40,R
0x004d2ef8,0x004a2b40,R
0x004d2efc,0x004a2b40,R
0x004d2efc,0x004a2b40,R
0x0056b370,0x004a2b40,A
0x0056b370,0x004a2b40,R
0x0056b374,0x004a2b40,R
0x0056b378,0x004a2b40,R
0x004d2f00,0x004a2b40,R
0x004d2efc,0x004a2b40,R
0x004d2f04,0x004a2b40,R
0x0056b3a0,0x004a2b40,A
0x0056b3a0,0x004a2b40,R
0x0056b3a4,0x004a2b40,R
0x0056b3a8,0x004a2b40,R
0x004e2424,0x004a2b40,R
0x004d2efc,0x004a2b40,R
0x004e2428,0x004a2b40,A
0x004e2428,0x004a2b40,A
0x004e2420,0x004a2e70,R
0x004d2efc,0x004a2e80,R
0x004e2420,0x004a2e80,W
0x004e2424,0x004a2e80,W
0x0056b2ac,0x004a2ea0,R
0x0056b2b0,0x004a2ec0,R
0x004e2450,0x004a2ec0,A
0x004e2450,0x004a2ec0,A
0x004e2450,0x004a2ec0,A
0x004e2450,0x004a2ec0,A
0x004e2450,0x004a2ec0,A
0x004cc5dc,0x004a2ec0,R
0x0056b2b0,0x004a3180,R
0x004e247c,0x004a3180,A
0x004e2450,0x004a3180,A
0x004e2450,0x004a3180,A
0x004e2450,0x004a3180,A
0x004e2450,0x004a3180,A
0x004e2450,0x004a3180,A
0x004e2450,0x004a3180,A
0x004e2450,0x004a3180,A
0x004cc5dc,0x004a3180,R
0x0056b2ac,0x004a34e0,R
0x004e2450,0x004a34e0,A
0x004e2450,0x004a34e0,A
0x0056b2ac,0x004a3590,R
0x004e2450,0x004a3590,A
0x004e2450,0x004a3590,A
0x0056b2ac,0x004a3620,R
0x004cc5b4,0x004a3690,R
0x0056b2ac,0x004a3690,R
0x004cc4ac,0x004a3850,R
0x004e5ce0,0x004a3850,A
0x004cc5b4,0x004a3850,R
0x004cc5b4,0x004a3910,R
0x0056b3f0,0x004a3940,W
0x0056b3f4,0x004a3940,W
0x0056b3f8,0x004a3940,W
0x0056b400,0x004a3940,W
0x0056b404,0x004a3940,W
0x0056b408,0x004a3940,W
0x0056b404,0x004a3a80,R
0x0056b408,0x004a3a80,R
0x0056b408,0x004a3a80,W
0x004d2f10,0x004a3ad0,R
0x004d2f18,0x004a3ad0,R
0x004d2f1c,0x004a3ad0,R
0x004d2f20,0x004a3ad0,R
0x0056b2ac,0x004a3ad0,R
0x004d2f28,0x004a3ad0,R
0x004d2f10,0x004a3ad0,R
0x004d2f08,0x004a3ad0,R
0x004d2f0c,0x004a3ad0,R
0x0056b404,0x004a3ad0,R
0x0056b408,0x004a3ad0,R
0x0056b408,0x004a3ad0,W
0x0056b3f8,0x004a3c20,R
0x0056b3f4,0x004a3c20,R
0x0056b3f8,0x004a3c20,R
0x0056b3f8,0x004a3c20,W
0x0056b3f4,0x004a3d20,R
0x0056b3f4,0x004a3d20,R
0x0056b3f0,0x004a3d20,A
0x0056b404,0x004a3d20,R
0x0056b404,0x004a3d20,R
0x0056b408,0x004a3d20,R
0x0056b408,0x004a3d20,W
0x004cc6ec,0x004a3ea0,R
0x004cc4f8,0x004a3ea0,R
0x004e24a0,0x004a3ea0,A
0x004cc5bc,0x004a3ea0,R
0x004e2c64,0x004a3ef0,A
0x004e2c3c,0x004a3ef0,A
0x004e2c10,0x004a3ef0,A
0x004e2bec,0x004a3ef0,A
0x004e2bc8,0x004a3ef0,A
0x004e2ba8,0x004a3ef0,A
0x004e2b8c,0x004a3ef0,A
0x004e2b6c,0x004a3ef0,A
0x004e2b50,0x004a3ef0,A
0x004e2b28,0x004a3ef0,A
0x004e2b04,0x004a3ef0,A
0x004e2ae4,0x004a3ef0,A
0x004e2ac4,0x004a3ef0,A
0x004e2aa4,0x004a3ef0,A
0x004e2a8c,0x004a3ef0,A
0x004e2a70,0x004a3ef0,A
0x004e2a58,0x004a3ef0,A
0x004e2a40,0x004a3ef0,A
0x004e2a1c,0x004a3ef0,A
0x004e29f8,0x004a3ef0,A
0x004e29dc,0x004a3ef0,A
0x004e29bc,0x004a3ef0,A
0x004e29a4,0x004a3ef0,A
0x004e297c,0x004a3ef0,A
0x004e2950,0x004a3ef0,A
0x004e291c,0x004a3ef0,A
0x004e2900,0x004a3ef0,A
0x004e28d8,0x004a3ef0,A
0x004e28b8,0x004a3ef0,A
0x004e289c,0x004a3ef0,A
0x004e2880,0x004a3ef0,A
0x004e2860,0x004a3ef0,A
0x004e283c,0x004a3ef0,A
0x004e2818,0x004a3ef0,A
0x004e27ec,0x004a3ef0,A
0x004e27c8,0x004a3ef0,A
0x004e27a4,0x004a3ef0,A
0x004e2780,0x004a3ef0,A
0x004e275c,0x004a3ef0,A
0x004e2740,0x004a3ef0,A
0x004e271c,0x004a3ef0,A
0x004e26f4,0x004a3ef0,A
0x004e26dc,0x004a3ef0,A
0x004e26b0,0x004a3ef0,A
0x004e2680,0x004a3ef0,A
0x004e265c,0x004a3ef0,A
0x004e2644,0x004a3ef0,A
0x004e2614,0x004a3ef0,A
0x004e25e4,0x004a3ef0,A
0x004e25c0,0x004a3ef0,A
0x004e2590,0x004a3ef0,A
0x004e2570,0x004a3ef0,A
0x004e2550,0x004a3ef0,A
0x004e2534,0x004a3ef0,A
0x004e2510,0x004a3ef0,A
0x004e24f0,0x004a3ef0,A
0x004e24c8,0x004a3ef0,A
0x004dca40,0x004a3ef0,A
0x004cc5c4,0x004a3ef0,R
0x004e24b8,0x004a3ef0,A
0x004e2da4,0x004a4330,A
0x004e2d94,0x004a4330,A
0x004e2d80,0x004a4330,A
0x004e2d6c,0x004a4330,A
0x004e2d58,0x004a4330,A
0x004e2d48,0x004a4330,A
0x004e2d30,0x004a4330,A
0x004e2d1c,0x004a4330,A
0x004e2d04,0x004a4330,A
0x004e2cf4,0x004a4330,A
0x004e2ce4,0x004a4330,A
0x004e2cc8,0x004a4330,A
0x004dca40,0x004a4330,A
0x004e2cb0,0x004a4330,A
0x004e2c9c,0x004a4330,A
0x004cc5c4,0x004a4330,R
0x004e2c84,0x004a4330,A
0x0056b40c,0x004a44c0,R
0x0056b40c,0x004a4530,R
0x0056b40c,0x004a4530,W
0x0056b40c,0x004a4530,R
0x004cc4ac,0x004a4590,R
0x004cc4ec,0x004a4590,R
0x004e2ee0,0x004a4590,A
0x004e2ee0,0x004a4590,R
0x004e2ee2,0x004a4590,R
0x004e2ee1,0x004a4590,R
0x004e2ee3,0x004a4590,R
0x004e2eb0,0x004a4590,A
0x004e2e9c,0x004a4590,A
0x004e2e9c,0x004a4590,R
0x004e2e9e,0x004a4590,R
0x004e2e9d,0x004a4590,R
0x004e2e9f,0x004a4590,R
0x004e2e64,0x004a4590,A
0x004e2e54,0x004a4590,A
0x004e2e54,0x004a4590,R
0x004e2e56,0x004a4590,R
0x004e2e55,0x004a4590,R
0x004e2e57,0x004a4590,R
0x004e2e20,0x004a4590,A
0x004e2df8,0x004a4590,A
0x004d2f30,0x004a4590,R
0x004d2f34,0x004a4590,R
0x004e2dec,0x004a4590,A
0x004e2dec,0x004a4590,R
0x004e2dee,0x004a4590,R
0x004e2ded,0x004a4590,R
0x004e2def,0x004a4590,R
0x004e2de4,0x004a4590,A
0x004e2de4,0x004a4590,R
0x004e2de6,0x004a4590,R
0x004e2de5,0x004a4590,R
0x004e2de7,0x004a4590,R
0x004e2db8,0x004a4590,A
0x004e2df8,0x004a4590,A
0x004d2f38,0x004a4590,R
0x004d2f3c,0x004a4590,R
0x004cc4ac,0x004a49b0,R
0x004e2f90,0x004a49b0,A
0x004e2f90,0x004a49b0,R
0x004e2f92,0x004a49b0,R
0x004e2f91,0x004a49b0,R
0x004e2f93,0x004a49b0,R
0x004e2f60,0x004a49b0,A
0x004e2f54,0x004a49b0,A
0x004e2f54,0x004a49b0,R
0x004e2f56,0x004a49b0,R
0x004e2f55,0x004a49b0,R
0x004e2f57,0x004a49b0,R
0x004d2f40,0x004a49b0,R
0x004e2f24,0x004a49b0,A
0x004e2df8,0x004a49b0,A
0x004e2f1c,0x004a49b0,A
0x004e2f1c,0x004a49b0,R
0x004e2f1e,0x004a49b0,R
0x004e2f1d,0x004a49b0,R
0x004e2f1f,0x004a49b0,R
0x004e2ef0,0x004a49b0,A
0x004e2df8,0x004a49b0,A
0x0056b418,0x004a4c40,R
0x0056b418,0x004a4c40,W
0x0056b41c,0x004a4c40,W
0x004d2f30,0x004a4d10,R
0x004d2f44,0x004a4d10,R
0x004cc5d8,0x004a4d10,R
0x004d2f30,0x004a4d10,R
0x004d2f48,0x004a4d10,R
0x004d2f30,0x004a4d10,R
0x004d2f44,0x004a4d10,R
0x004d2f3c,0x004a4d10,R
0x0056b424,0x004a4ea0,R
0x004e2f9c,0x004a4ea0,A
0x004e2f9c,0x004a4ea0,R
0x004e2f9e,0x004a4ea0,R
0x004e2f9d,0x004a4ea0,R
0x004e2f9f,0x004a4ea0,R
0x004d2f30,0x004a4ea0,R
0x0056b424,0x004a4fd0,R
0x0056b424,0x004a5020,R
0x0056b410,0x004a5050,R
0x0056b418,0x004a5050,R
0x0056b410,0x004a5050,R
0x0056b418,0x004a5050,R
0x0056b414,0x004a5050,R
0x0056b41c,0x004a5050,R
0x0056b418,0x004a5050,W
0x0056b41c,0x004a5050,W
0x0056b420,0x004a50a0,R
0x0056b420,0x004a50a0,R
0x0056b420,0x004a50a0,R
0x0056b420,0x004a50a0,W
0x0056b410,0x004a50a0,R
0x004cc5b4,0x004a50a0,R
0x0056b410,0x004a50a0,R
0x0056b410,0x004a50a0,R
0x0056b410,0x004a50a0,W
0x0056b414,0x004a50a0,R
0x0056b414,0x004a50a0,R
0x0056b414,0x004a50a0,R
0x0056b414,0x004a50a0,W
0x0056b40c,0x004a50a0,R
0x0056b40c,0x004a50a0,R
0x0056b40c,0x004a50a0,R
0x0056b40c,0x004a50a0,W
0x0056b410,0x004a51f0,R
0x0056b420,0x004a5250,R
0x0056b410,0x004a5250,R
0x0056b414,0x004a5250,R
0x004cc5dc,0x004a5250,R
0x0056b410,0x004a5250,R
0x0056b420,0x004a5350,R
0x0056b420,0x004a5350,W
0x0056b40c,0x004a5350,R
0x0056b40c,0x004a5350,W
0x0056b410,0x004a5350,R
0x0056b410,0x004a5350,W
0x0056b414,0x004a5350,R
0x0056b414,0x004a5350,W
0x004cc5e4,0x004a53f0,R
0x004cc5b4,0x004a5440,R
0x004daf54,0x004a5540,A
0x004cc5b8,0x004a5540,R
0x004cc4ac,0x004a5540,R
0x004cc4e0,0x004a5540,R
0x004cc5c0,0x004a5540,R
0x004cc5b4,0x004a55c0,R
0x004cc4ac,0x004a5600,R
0x004e2fb4,0x004a5670,W
0x0056b430,0x004a5670,W
0x0056b42c,0x004a5670,W
0x0056b428,0x004a5670,W
0x0056b424,0x004a5670,W
0x004d2f50,0x004a5670,R
0x004e2fb0,0x004a5670,W
0x0056b430,0x004a56d0,R
0x004e2fb8,0x004a56d0,R
0x004d2f50,0x004a56d0,R
0x004e2fac,0x004a56d0,R
0x004e2fb8,0x004a56d0,W
0x004e2fb4,0x004a56d0,W
0x004e2fb0,0x004a56d0,R
0x0056b42c,0x004a56d0,W
0x0056b42c,0x004a56d0,R
0x0056b42c,0x004a56d0,R
0x0056b430,0x004a56d0,W
0x0056b424,0x004a56d0,W
0x0056b424,0x004a56d0,R
0x004e2fa8,0x004a56d0,R
0x004e2fa8,0x004a56d0,R
0x0056b424,0x004a56d0,W
0x0056b428,0x004a56d0,R
0x0056b424,0x004a56d0,R
0x004e2fb0,0x004a56d0,W
0x0056b428,0x004a56d0,W
0x004f3eec,0x004a5780,W
0x004e2ff0,0x004a5780,A
0x004e2ff0,0x004a5780,R
0x004e2ff1,0x004a5780,R
0x004cc4f8,0x004a5780,R
0x004cc51c,0x004a5780,R
0x004da248,0x004a5780,A
0x004cc13c,0x004a5780,R
0x004e2fe4,0x004a5780,A
0x004e2fe4,0x004a5780,R
0x004e2fe5,0x004a5780,R
0x004cc4f8,0x004a5780,R
0x004da248,0x004a5780,A
0x004e2fd0,0x004a5780,A
0x004cc5bc,0x004a5780,R
0x004cc4fc,0x004a5780,R
0x004e2fc8,0x004a5780,A
0x004e2fc8,0x004a5780,R
0x004e2fc9,0x004a5780,R
0x004cc4f8,0x004a5780,R
0x004da248,0x004a5780,A
0x004cc13c,0x004a5780,R
0x004e2fbc,0x004a5780,A
0x004e2fbc,0x004a5780,R
0x004e2fbd,0x004a5780,R
0x004cc4f8,0x004a5780,R
0x004da248,0x004a5780,A
0x004e2fd0,0x004a5780,A
0x004cc5bc,0x004a5780,R
0x004cc4fc,0x004a5780,R
0x004cc520,0x004a5980,R
0x004cc0ec,0x004a5980,R
0x0056b564,0x004a59a0,W
0x0056bbe8,0x004a59b0,R
0x0056b564,0x004a59b0,R
0x004cc164,0x004a59e0,R
0x004cc5c4,0x004a59e0,R
0x004dc6c8,0x004a59e0,A
0x0056b438,0x004a59e0,A
0x004cc160,0x004a59e0,R
0x0056b438,0x004a59e0,A
0x004cc508,0x004a59e0,R
0x0056b438,0x004a59e0,A
0x004cc508,0x004a59e0,R
0x0056b438,0x004a59e0,A
0x004cc0b8,0x004a5ad0,R
0x0056b670,0x004a5ad0,W
0x004e2ff8,0x004a5ad0,A
0x004cc0bc,0x004a5ad0,R
0x0056b568,0x004a5ad0,W
0x0056b670,0x004a5b00,R
0x004cc16c,0x004a5b00,R
0x0056b670,0x004a5b00,W
0x0056b568,0x004a5b20,R
0x0056b670,0x004a5b60,R
0x004cc0f4,0x004a5b60,R
0x004cc5a0,0x004a5b60,R
0x004cc0fc,0x004a5b60,R
0x0056b570,0x004a5bf0,A
0x0056b570,0x004a5bf0,A
0x0056b570,0x004a5bf0,A
0x004cc524,0x004a5c20,R
0x004cc4a0,0x004a5c50,R
0x004cc490,0x004a5c50,R
0x004cc4c0,0x004a5ce0,R
0x0056bb8c,0x004a5ce0,R
0x004cc5e4,0x004a5ce0,R
0x004e3004,0x004a5ce0,A
0x004cc5e4,0x004a5ce0,R
0x004e3004,0x004a5ce0,A
0x004cc5b4,0x004a5ce0,R
0x0056bb8c,0x004a5ce0,R
0x0056bb8c,0x004a5ce0,W
0x0056bb8c,0x004a5df0,R
0x0056bb8c,0x004a5df0,W
0x0056bb8c,0x004a5e10,R
0x004cc5b4,0x004a5e10,R
0x004cc5c4,0x004a5e50,R
0x004cc4cc,0x004a5e50,R
0x0056b778,0x004a5e50,A
0x0056b678,0x004a5e50,A
0x0056ba88,0x004a5e50,A
0x0056bb88,0x004a5e50,A
0x0056b778,0x004a5e50,A
0x0056b678,0x004a5e50,A
0x004dc6c8,0x004a5e50,A
0x0056b980,0x004a5e50,A
0x0056bb8c,0x004a5e50,R
0x0056b980,0x004a5e50,A
0x0056bb8c,0x004a5e50,R
0x0056b778,0x004a5e50,A
0x0056b678,0x004a5e50,A
0x004e3008,0x004a5e50,A
0x0056b980,0x004a5e50,A
0x0056b980,0x004a5e50,A
0x004cc5b8,0x004a5f50,R
0x004cc5b8,0x004a5f50,R
0x0056bbb0,0x004a5f90,W
0x0056bb90,0x004a5f90,W
0x0056bbb4,0x004a5f90,W
0x0056bb94,0x004a5f90,W
0x0056bbb8,0x004a5f90,W
0x0056bb98,0x004a5f90,W
0x0056bbbc,0x004a5f90,W
0x0056bb9c,0x004a5f90,W
0x0056bbc0,0x004a5f90,W
0x0056bba4,0x004a5f90,W
0x0056bba0,0x004a5f90,W
0x0056bba8,0x004a5f90,W
0x0056bbb0,0x004a5f90,W
0x0056bbb4,0x004a5f90,W
0x0056bba8,0x004a5f90,W
0x004cc5c4,0x004a5f90,R
0x0056bb8c,0x004a5f90,R
0x0056bb88,0x004a5f90,R
0x004dacbc,0x004a5f90,A
0x0056bbac,0x004a5f90,R
0x0056bba4,0x004a5f90,R
0x0056bba8,0x004a6070,R
0x0056bb90,0x004a6070,A
0x0056bb90,0x004a6070,R
0x0056bb94,0x004a6070,R
0x0056bb90,0x004a6070,W
0x0056bb94,0x004a6070,W
0x0056bb94,0x004a6070,R
0x0056bb94,0x004a6070,W
0x004cc5c4,0x004a6070,R
0x0056bb90,0x004a6070,A
0x004dacbc,0x004a6070,A
0x0056bbb0,0x004a6070,A
0x0056bba4,0x004a6070,R
0x004cc134,0x004a6110,R
0x004cc5dc,0x004a6110,R
0x004cc134,0x004a6110,R
0x004cc5b4,0x004a61b0,R
0x004cc130,0x004a61d0,R
0x004cc0dc,0x004a61d0,R
0x004cc0f4,0x004a61d0,R
0x004e3038,0x004a61d0,A
0x004e3010,0x004a61d0,A
0x004cc0fc,0x004a61d0,R
0x004cc130,0x004a6270,R
0x004cc0e4,0x004a62b0,R
0x004cc4ec,0x004a62f0,R
0x004cc5b4,0x004a6330,R
0x004cc144,0x004a6360,R
0x004cc138,0x004a6360,R
0x004cc14c,0x004a63f0,R
0x004cc144,0x004a63f0,R
0x004cc134,0x004a63f0,R
0x004cc144,0x004a64d0,R
0x004cc14c,0x004a64d0,R
0x004cc5a0,0x004a64d0,R
0x004cc138,0x004a64d0,R
0x004cc4c8,0x004a65d0,R
0x004cc144,0x004a6630,R
0x004cc144,0x004a6670,R
0x004cc134,0x004a6670,R
0x00632150,0x004a66e0,R
0x006333bc,0x004a66f0,R
0x00632210,0x004a6710,R
0x00632200,0x004a6720,R
0x00632204,0x004a6730,R
0x00632208,0x004a6740,R
0x00632200,0x004a6770,A
0x006333c4,0x004a6770,R
0x00632208,0x004a6770,R
0x00632210,0x004a6770,R
0x00632208,0x004a6770,R
0x00632204,0x004a6770,R
0x00632210,0x004a6770,R
0x00632200,0x004a6770,R
0x00632208,0x004a6770,R
0x00632204,0x004a6770,R
0x00632200,0x004a6770,R
0x00632210,0x004a6770,R
0x00632200,0x004a67d0,A
0x00632214,0x004a67e0,R
0x00632230,0x004a67f0,R
0x00632220,0x004a6800,R
0x00632224,0x004a6810,R
0x00632228,0x004a6820,R
0x00632220,0x004a6830,A
0x00632120,0x004a6840,R
0x00632128,0x004a6840,R
0x00632220,0x004a6840,A
0x006333c4,0x004a6840,R
0x00632228,0x004a6840,R
0x00632230,0x004a6840,R
0x00632228,0x004a6840,R
0x00632224,0x004a6840,R
0x00632230,0x004a6840,R
0x00632220,0x004a6840,R
0x00632228,0x004a6840,R
0x00632224,0x004a6840,R
0x00632220,0x004a6840,R
0x00632230,0x004a6840,R
0x00632128,0x004a6840,R
0x00632220,0x004a6840,A
0x006333c0,0x004a6840,R
0x00632220,0x004a68d0,A
0x00632240,0x004a68e0,A
0x00632240,0x004a68f0,A
0x00632144,0x004a6900,R
0x006333b4,0x004a6900,R
0x0056bbd8,0x004a6900,W
0x006321c8,0x004a6930,R
0x004cc610,0x004a6930,R
0x006321c8,0x004a6930,R
0x004cc69c,0x004a6930,R
0x006321c8,0x004a6930,R
0x006321c8,0x004a6930,R
0x004cc6b0,0x004a6930,R
0x006321c8,0x004a6930,R
0x004cc6bc,0x004a6930,R
0x006321c8,0x004a6930,R
0x004cc68c,0x004a6930,R
0x004cc09c,0x004a6930,R
0x00632768,0x004a6930,A
0x004cc0a0,0x004a6930,R
0x004cc6c4,0x004a6930,R
0x00632220,0x004a69e0,R
0x00632220,0x004a69e0,R
0x00632224,0x004a69e0,R
0x00632224,0x004a69e0,R
0x0063223c,0x004a69e0,R
0x00632234,0x004a69e0,R
0x00632220,0x004a69e0,A
0x0063223c,0x004a69e0,R
0x00632220,0x004a69e0,A
0x004e3054,0x004a69e0,A
0x00632120,0x004a6b40,R
0x00632120,0x004a6b40,W
0x0056bbe8,0x004a6b40,W
0x00632138,0x004a6b60,W
0x0063213c,0x004a6b70,W
0x006321cc,0x004a6b80,W
0x00632158,0x004a6b90,R
0x0063215c,0x004a6b90,R
0x00632160,0x004a6b90,R
0x00632164,0x004a6bb0,R
0x00632168,0x004a6bb0,R
0x0063216c,0x004a6bb0,R
0x00632170,0x004a6bd0,R
0x00632174,0x004a6bd0,R
0x00632178,0x004a6bd0,R
0x00632164,0x004a6bf0,W
0x00632168,0x004a6bf0,W
0x0063216c,0x004a6bf0,W
0x00632158,0x004a6bf0,W
0x00632174,0x004a6bf0,W
0x00632170,0x004a6bf0,W
0x0063215c,0x004a6bf0,W
0x00632178,0x004a6bf0,W
0x00632160,0x004a6bf0,W
0x0063217c,0x004a6bf0,W
0x00632180,0x004a6bf0,W
0x00632184,0x004a6bf0,W
0x00632180,0x004a6ca0,R
0x00632174,0x004a6ca0,R
0x0063217c,0x004a6ca0,R
0x00632170,0x004a6ca0,R
0x00632178,0x004a6ca0,R
0x00632180,0x004a6cf0,R
0x0063217c,0x004a6cf0,R
0x00632174,0x004a6cf0,R
0x00632170,0x004a6cf0,R
0x00632178,0x004a6cf0,R
0x004d2f58,0x004a6d40,R
0x004d2f58,0x004a6d40,R
0x00632170,0x004a6d40,R
0x0063217c,0x004a6d40,R
0x00632180,0x004a6d40,R
0x004d2f58,0x004a6d40,R
0x00632174,0x004a6d40,R
0x00632178,0x004a6d40,R
0x00632194,0x004a6db0,W
0x00632198,0x004a6db0,W
0x006321a4,0x004a6db0,W
0x006321a0,0x004a6db0,W
0x0063219c,0x004a6db0,W
0x00632188,0x004a6db0,W
0x006321b4,0x004a6db0,W
0x006321a8,0x004a6db0,W
0x006321ac,0x004a6db0,W
0x0063218c,0x004a6db0,W
0x00632190,0x004a6db0,W
0x006321b0,0x004a6db0,W
0x006321b8,0x004a6db0,W
0x006321bc,0x004a6db0,W
0x006321c0,0x004a6db0,W
0x006321c4,0x004a6db0,W
0x00632240,0x004a6e80,R
0x00632244,0x004a6e80,R
0x00632248,0x004a6e80,R
0x00632250,0x004a6e80,R
0x00632220,0x004a6e80,R
0x00632224,0x004a6e80,R
0x00632228,0x004a6e80,R
0x00632230,0x004a6e80,R
0x00632200,0x004a6e80,R
0x00632204,0x004a6e80,R
0x00632208,0x004a6e80,R
0x00632210,0x004a6e80,R
0x004cc5dc,0x004a6e80,R
0x00632244,0x004a6fe0,R
0x00632248,0x004a6fe0,R
0x00632240,0x004a6fe0,R
0x00632250,0x004a6fe0,R
0x00632224,0x004a6fe0,R
0x00632228,0x004a6fe0,R
0x00632220,0x004a6fe0,R
0x00632230,0x004a6fe0,R
0x00632204,0x004a6fe0,R
0x00632208,0x004a6fe0,R
0x00632200,0x004a6fe0,R
0x00632210,0x004a6fe0,R
0x004cc5dc,0x004a6fe0,R
0x0063212c,0x004a71c0,R
0x00632128,0x004a71c0,R
0x0063212c,0x004a71c0,W
0x00632120,0x004a71c0,R
0x0056bc00,0x004a71c0,R
0x00632220,0x004a7200,R
0x00632224,0x004a7200,R
0x0056bbd0,0x004a7200,W
0x0056bbd4,0x004a7200,W
0x0056bbc8,0x004a7200,A
0x004d2f5c,0x004a7220,R
0x006321d0,0x004a7220,W
0x004d2f5c,0x004a7220,R
0x006321d4,0x004a7220,W
0x004d2f5c,0x004a7220,R
0x006321d8,0x004a7220,W
0x004d2f5c,0x004a7250,R
0x00632120,0x004a7250,R
0x006321dc,0x004a7250,W
0x004d2f5c,0x004a7250,R
0x006321e0,0x004a7250,W
0x004d2f5c,0x004a7250,R
0x006321e4,0x004a7250,W
0x006321dc,0x004a7250,R
0x006321e0,0x004a7250,R
0x006321dc,0x004a7250,R
0x006321e4,0x004a7250,R
0x00632140,0x004a7250,W
0x006321e0,0x004a7250,R
0x006321e4,0x004a7250,R
0x00632140,0x004a7250,W
0x006321dc,0x004a7250,R
0x006321e4,0x004a7250,R
0x00632140,0x004a7250,W
0x00632140,0x004a7250,W
0x004d2f5c,0x004a7300,R
0x006321e8,0x004a7300,W
0x004d2f5c,0x004a7300,R
0x006321ec,0x004a7300,W
0x004d2f5c,0x004a7300,R
0x006321f0,0x004a7300,W
0x006321f4,0x004a7330,R
0x006321d0,0x004a7330,R
0x006321f8,0x004a7330,R
0x006321d4,0x004a7330,R
0x006321fc,0x004a7330,R
0x006321d8,0x004a7330,R
0x006321d0,0x004a7330,R
0x006321d4,0x004a7330,R
0x006321d8,0x004a7330,R
0x006321f4,0x004a7330,W
0x006321f8,0x004a7330,W
0x006321fc,0x004a7330,W
0x006321f4,0x004a73a0,R
0x006321e8,0x004a73a0,R
0x006321f8,0x004a73a0,R
0x006321ec,0x004a73a0,R
0x006321fc,0x004a73a0,R
0x006321f0,0x004a73a0,R
0x006321e8,0x004a73a0,R
0x006321ec,0x004a73a0,R
0x006321f0,0x004a73a0,R
0x006321f4,0x004a73a0,W
0x006321f8,0x004a73a0,W
0x006321fc,0x004a73a0,W
0x00633e40,0x004a7410,R
0x004e307c,0x004a7410,A
0x00633e40,0x004a7490,W
0x00633e44,0x004a7490,A
0x006359f4,0x004a7490,W
0x00632148,0x004a74d0,R
0x00632148,0x004a74d0,W
0x00632148,0x004a74f0,R
0x00632148,0x004a74f0,R
0x00632148,0x004a74f0,W
0x00632120,0x004a7530,A
0x00632120,0x004a7530,W
0x00632124,0x004a7530,W
0x0056bbd8,0x004a7530,W
0x0063214c,0x004a7530,W
0x00632360,0x004a7530,W
0x006321cc,0x004a7530,W
0x00632124,0x004a7530,W
0x00633434,0x004a7530,W
0x0063213c,0x004a7530,W
0x0056bbf4,0x004a7530,W
0x0056bbec,0x004a7530,W
0x00632154,0x004a75f0,R
0x006321c8,0x004a75f0,W
0x0056bbd8,0x004a75f0,W
0x006333ac,0x004a75f0,R
0x004e30c8,0x004a75f0,A
0x004e30a0,0x004a75f0,A
0x004cc678,0x004a75f0,R
0x00632154,0x004a75f0,W
0x004e3084,0x004a75f0,A
0x004e30a0,0x004a75f0,A
0x00632120,0x004a75f0,R
0x004e3338,0x004a75f0,A
0x0056bc08,0x004a75f0,R
0x006333a8,0x004a75f0,W
0x00633638,0x004a75f0,W
0x00633690,0x004a75f0,A
0x006336b0,0x004a75f0,W
0x00633730,0x004a75f0,W
0x00633690,0x004a75f0,W
0x00633710,0x004a75f0,W
0x00633670,0x004a75f0,W
0x006336f0,0x004a75f0,W
0x00633650,0x004a75f0,W
0x006336d0,0x004a75f0,W
0x00633e90,0x004a75f0,A
0x006321c8,0x004a7700,R
0x00632f88,0x004a7700,A
0x004cc670,0x004a7700,R
0x006321c8,0x004a7700,R
0x004cc6c8,0x004a7700,R
0x00632f88,0x004a7700,A
0x006321c8,0x004a7700,R
0x00632f90,0x004a7700,A
0x00632154,0x004a7740,R
0x00632154,0x004a7740,W
0x006333b0,0x004a7740,R
0x004cc678,0x004a7740,R
0x00632120,0x004a77a0,R
0x00632124,0x004a77a0,W
0x006333ac,0x004a77a0,W
0x006333b0,0x004a77a0,W
0x006333b8,0x004a77a0,W
0x006333bc,0x004a77a0,W
0x006333b4,0x004a77a0,W
0x006333b4,0x004a77a0,W
0x00633e40,0x004a77a0,R
0x006333c4,0x004a77a0,W
0x006333c0,0x004a77a0,W
0x006333d0,0x004a77a0,W
0x006333cc,0x004a77a0,W
0x006333c8,0x004a77a0,W
0x006333d4,0x004a77a0,W
0x0056bc30,0x004a77a0,W
0x0056bc2c,0x004a77a0,W
0x0056bbfc,0x004a77a0,W
0x0056bc00,0x004a77a0,W
0x0056bc04,0x004a77a0,W
0x0056bc34,0x004a77a0,W
0x0056bc38,0x004a77a0,W
0x0056bc3c,0x004a77a0,W
0x0056bc08,0x004a77a0,W
0x0056bc0c,0x004a77a0,W
0x0056bc10,0x004a77a0,W
0x0056bc14,0x004a77a0,W
0x0056bc18,0x004a77a0,W
0x0056bc1c,0x004a77a0,W
0x0056bc20,0x004a77a0,W
0x0056bc24,0x004a77a0,W
0x0056bc28,0x004a77a0,W
0x0056bc40,0x004a77a0,W
0x0056bc44,0x004a77a0,W
0x0056bc48,0x004a77a0,W
0x0056bc4c,0x004a77a0,W
0x0056bc50,0x004a77a0,W
0x0056bc54,0x004a77a0,W
0x0056bc58,0x004a77a0,W
0x0056bc5c,0x004a77a0,W
0x0056bc60,0x004a77a0,W
0x0056bc64,0x004a77a0,W
0x0056bc68,0x004a77a0,W
0x0056bc6c,0x004a77a0,W
0x0056bc70,0x004a77a0,W
0x0056bc74,0x004a77a0,W
0x00632128,0x004a7990,W
0x00632240,0x004a7990,W
0x00632220,0x004a7990,W
0x00632200,0x004a7990,W
0x00632204,0x004a7990,W
0x00632244,0x004a7990,W
0x00632128,0x004a7990,W
0x00632240,0x004a7990,W
0x00632220,0x004a7990,W
0x00632200,0x004a7990,W
0x00632204,0x004a7990,W
0x00632244,0x004a7990,W
0x00632128,0x004a7990,W
0x00632240,0x004a7990,W
0x00632200,0x004a7990,W
0x00632220,0x004a7990,W
0x00632128,0x004a7990,W
0x00632240,0x004a7990,W
0x00632200,0x004a7990,W
0x00632220,0x004a7990,W
0x00632128,0x004a7990,W
0x00632240,0x004a7990,W
0x00632200,0x004a7990,W
0x00632220,0x004a7990,W
0x00632128,0x004a7990,W
0x00632240,0x004a7990,W
0x00632200,0x004a7990,W
0x00632220,0x004a7990,W
0x00632244,0x004a7990,W
0x00632204,0x004a7990,W
0x00632224,0x004a7990,W
0x00632150,0x004a7990,W
0x0063214c,0x004a7990,W
0x00632154,0x004a7af0,R
0x006333bc,0x004a7af0,R
0x00632130,0x004a7b20,R
0x00632130,0x004a7b20,W
0x00632130,0x004a7b30,R
0x00633e40,0x004a7b40,W
0x00633e44,0x004a7b40,A
0x006359f4,0x004a7b40,W
0x0063225c,0x004a7b60,R
0x0063223c,0x004a7b60,R
0x00632128,0x004a7b60,R
0x0063212c,0x004a7b60,R
0x0063225c,0x004a7b60,R
0x0063223c,0x004a7b60,R
0x00632238,0x004a7b60,W
0x00632220,0x004a7b60,A
0x0056bc78,0x004a7b60,A
0x00632220,0x004a7b60,R
0x0056bc78,0x004a7b60,W
0x00632224,0x004a7b60,R
0x0056bc7c,0x004a7b60,W
0x00632200,0x004a7b60,A
0x00632220,0x004a7b60,A
0x00632200,0x004a7b60,R
0x00632220,0x004a7b60,W
0x00632204,0x004a7b60,R
0x00632224,0x004a7b60,W
0x0056bc78,0x004a7b60,A
0x00632200,0x004a7b60,A
0x0056bc78,0x004a7b60,R
0x00632200,0x004a7b60,W
0x0056bc7c,0x004a7b60,R
0x00632204,0x004a7b60,W
0x00632238,0x004a7b60,R
0x0063223c,0x004a7b60,R
0x00632238,0x004a7b60,W
0x0063225c,0x004a7b60,R
0x0063223c,0x004a7b60,R
0x0063225c,0x004a7b60,R
0x004e30e8,0x004a7b60,A
0x004e30e8,0x004a7b60,A
0x004e30e8,0x004a7b60,A
0x006333a8,0x004a7d40,R
0x006333a8,0x004a7d40,W
0x006333d8,0x004a7d70,R
0x00632134,0x004a7d70,R
0x0063223c,0x004a7d90,R
0x0063221c,0x004a7d90,R
0x004e30e8,0x004a7d90,A
0x0063221c,0x004a7dd0,R
0x0063223c,0x004a7dd0,R
0x004e30e8,0x004a7dd0,A
0x00633e40,0x004a7e10,R
0x00632220,0x004a7e10,R
0x00632220,0x004a7e10,R
0x00632224,0x004a7e10,R
0x00632224,0x004a7e10,R
0x00632234,0x004a7e10,R
0x00632220,0x004a7e10,A
0x0063223c,0x004a7e10,R
0x00632220,0x004a7e10,A
0x004e30e8,0x004a7e10,A
0x00632124,0x004a7fc0,R
0x00632240,0x004a7fc0,A
0x00632124,0x004a8030,R
0x00632240,0x004a8030,A
0x004e30e8,0x004a8060,A
0x004e30e8,0x004a80c0,A
0x004e30e8,0x004a8100,A
0x004e30e8,0x004a8160,A
0x006333f4,0x004a81a0,R
0x006333f4,0x004a81a0,R
0x006333f4,0x004a81a0,R
0x004e30e8,0x004a81a0,A
0x00632130,0x004a8220,R
0x006321cc,0x004a8220,R
0x004e30e8,0x004a8220,A
0x006333f4,0x004a8220,R
0x006333f4,0x004a8220,R
0x006333f4,0x004a8220,R
0x004e30e8,0x004a8220,A
0x006333d8,0x004a83d0,R
0x004d2fd8,0x004a83d0,A
0x004e30e8,0x004a83d0,A
0x004e30e8,0x004a8500,A
0x004e30e8,0x004a8500,A
0x004cc5b4,0x004a8500,R
0x004e30e8,0x004a8500,A
0x004e30e8,0x004a8500,A
0x006333d8,0x004a8720,R
0x006321c8,0x004a8720,R
0x004e30e8,0x004a8720,A
0x00632150,0x004a8720,R
0x006333d8,0x004a8720,R
0x00632244,0x004a8720,R
0x00632240,0x004a8720,R
0x004e30e8,0x004a8720,A
0x00633e40,0x004a8800,R
0x004e30e8,0x004a8800,A
0x006333d8,0x004a8800,A
0x004d2f98,0x004a8800,A
0x004e30e8,0x004a8800,A
0x00633e44,0x004a8870,A
0x00633ef0,0x004a8870,A
0x00633e40,0x004a8870,W
0x006359f4,0x004a8870,W
0x004d2fd8,0x004a88b0,A
0x00632128,0x004a88f0,R
0x00632120,0x004a88f0,R
0x0056bbe8,0x004a88f0,R
0x004da834,0x004a88f0,A
0x004da888,0x004a88f0,A
0x006333d8,0x004a88f0,R
0x0063225c,0x004a88f0,A
0x004e30e8,0x004a88f0,A
0x0063225c,0x004a88f0,R
0x00632134,0x004a88f0,W
0x0063223c,0x004a88f0,A
0x004e30e8,0x004a88f0,A
0x00633e40,0x004a88f0,R
0x00632200,0x004a88f0,R
0x00632204,0x004a88f0,R
0x006333d8,0x004a88f0,R
0x0063221c,0x004a88f0,A
0x004e30e8,0x004a88f0,A
0x0063225c,0x004a88f0,R
0x006333d8,0x004a88f0,R
0x006333dc,0x004a88f0,A
0x004e30e8,0x004a88f0,A
0x006333dc,0x004a88f0,R
0x006321c8,0x004a88f0,R
0x004e30e8,0x004a88f0,A
0x0063225c,0x004a88f0,R
0x006333dc,0x004a88f0,R
0x004e30e8,0x004a88f0,A
0x0056bbe8,0x004a8b20,R
0x004da834,0x004a8b20,A
0x004da888,0x004a8b20,A
0x006333d8,0x004a8b20,R
0x0063225c,0x004a8b20,A
0x004e30e8,0x004a8b20,A
0x00632240,0x004a8b20,A
0x0063225c,0x004a8b20,R
0x006333d8,0x004a8b20,R
0x0063225c,0x004a8b20,A
0x004e30e8,0x004a8b20,A
0x00632240,0x004a8b20,A
0x00632134,0x004a8b20,W
0x00633e40,0x004a8b20,R
0x00632240,0x004a8b20,R
0x00632244,0x004a8b20,R
0x006333d8,0x004a8b20,R
0x0063223c,0x004a8b20,A
0x004e30e8,0x004a8b20,A
0x00633e40,0x004a8b20,R
0x00632240,0x004a8b20,R
0x00632244,0x004a8b20,R
0x006333d8,0x004a8b20,R
0x0063221c,0x004a8b20,A
0x004e30e8,0x004a8b20,A
0x0063225c,0x004a8b20,R
0x006333d8,0x004a8b20,R
0x006333dc,0x004a8b20,A
0x004e30e8,0x004a8b20,A
0x006333dc,0x004a8b20,R
0x006321c8,0x004a8b20,R
0x004e30e8,0x004a8b20,A
0x0063225c,0x004a8b20,R
0x006333dc,0x004a8b20,R
0x004e30e8,0x004a8b20,A
0x006333d8,0x004a8dc0,R
0x0063225c,0x004a8dc0,A
0x004e30e8,0x004a8dc0,A
0x0063225c,0x004a8dc0,R
0x00632134,0x004a8dc0,W
0x0063221c,0x004a8dc0,A
0x004e30e8,0x004a8dc0,A
0x00632240,0x004a8dc0,R
0x00632244,0x004a8dc0,R
0x00633e40,0x004a8dc0,R
0x006333d8,0x004a8dc0,R
0x0063223c,0x004a8dc0,A
0x004e30e8,0x004a8dc0,A
0x0063225c,0x004a8dc0,R
0x006333d8,0x004a8dc0,R
0x006333dc,0x004a8dc0,A
0x004e30e8,0x004a8dc0,A
0x006333dc,0x004a8dc0,R
0x006321c8,0x004a8dc0,R
0x004e30e8,0x004a8dc0,A
0x0063225c,0x004a8dc0,R
0x006333dc,0x004a8dc0,R
0x004e30e8,0x004a8dc0,A
0x0063225c,0x004a8f80,R
0x004e30e8,0x004a8f80,A
0x004e3110,0x004a8f80,A
0x004e30e8,0x004a8f80,A
0x00632200,0x004a9060,A
0x00632200,0x004a9060,A
0x00632220,0x004a9060,A
0x00632220,0x004a9060,A
0x00632240,0x004a9060,A
0x00632240,0x004a9060,A
0x0063225c,0x004a90e0,R
0x004e30e8,0x004a90e0,A
0x0063223c,0x004a90e0,R
0x004e30e8,0x004a90e0,A
0x0063221c,0x004a90e0,R
0x004e30e8,0x004a90e0,A
0x00635cf4,0x004a9160,R
0x006333e8,0x004a9160,R
0x004e30e8,0x004a9160,A
0x00633400,0x004a91b0,R
0x00633400,0x004a91b0,W
0x006333fc,0x004a91b0,R
0x006333fc,0x004a91b0,W
0x006333f0,0x004a91b0,R
0x006333f0,0x004a91b0,W
0x006333ec,0x004a91b0,R
0x006333ec,0x004a91b0,W
0x006333dc,0x004a91b0,R
0x006333dc,0x004a91b0,W
0x006333f4,0x004a91b0,R
0x006333f4,0x004a91b0,W
0x0063221c,0x004a91b0,R
0x00632218,0x004a91b0,R
0x004e30e8,0x004a91b0,A
0x0063221c,0x004a91b0,R
0x00632218,0x004a91b0,W
0x0063221c,0x004a91b0,W
0x0063223c,0x004a91b0,R
0x00632238,0x004a91b0,R
0x004e30e8,0x004a91b0,A
0x0063223c,0x004a91b0,R
0x00632238,0x004a91b0,W
0x0063223c,0x004a91b0,W
0x0063225c,0x004a91b0,R
0x0063225c,0x004a91b0,W
0x006333e4,0x004a91b0,R
0x006333e4,0x004a91b0,W
0x006333e0,0x004a9300,R
0x006333e0,0x004a9300,R
0x006333e0,0x004a9300,W
0x006333e8,0x004a9300,R
0x00635d0c,0x004a9300,R
0x006333e8,0x004a9300,R
0x006333e8,0x004a9300,W
0x006333d8,0x004a9300,R
0x006321c8,0x004a9300,R
0x006333d8,0x004a9300,R
0x006333d8,0x004a9300,W
0x004e312c,0x004a9390,A
0x004cc4dc,0x004a9390,R
0x004e30e8,0x004a9390,A
0x00632f98,0x004a93d0,R
0x004cc4dc,0x004a93d0,R
0x0056bc98,0x004a93d0,R
0x0056bc98,0x004a93d0,W
0x004e3188,0x004a93d0,A
0x00633e44,0x004a93d0,A
0x004cc4f8,0x004a93d0,R
0x004cc4fc,0x004a93d0,R
0x00632f98,0x004a93d0,R
0x004e3154,0x004a93d0,A
0x00633e44,0x004a93d0,A
0x00633e48,0x004a93d0,A
0x00633e44,0x004a93d0,A
0x00633e44,0x004a93d0,A
0x00633e48,0x004a93d0,A
0x00633e4c,0x004a93d0,A
0x00633e50,0x004a93d0,A
0x00633e54,0x004a93d0,A
0x004cc5a0,0x004a93d0,R
0x00633e40,0x004a93d0,W
0x006359f8,0x004a93d0,A
0x00635b74,0x004a93d0,A
0x006359f8,0x004a93d0,W
0x006359fc,0x004a93d0,W
0x00635b74,0x004a93d0,A
0x00635b74,0x004a93d0,W
0x00635b78,0x004a93d0,W
0x006359f8,0x004a93d0,A
0x006359f8,0x004a93d0,W
0x00635b74,0x004a93d0,W
0x006333d8,0x004a93d0,R
0x004e30e8,0x004a93d0,A
0x00635a00,0x004a93d0,R
0x00635b7c,0x004a93d0,R
0x004e314c,0x004a93d0,A
0x00633ee8,0x004a93d0,A
0x004e314c,0x004a93d0,R
0x004e314d,0x004a93d0,R
0x00633e58,0x004a93d0,A
0x00633e59,0x004a93d0,A
0x00633e58,0x004a93d0,A
0x00633e5c,0x004a93d0,A
0x00633e59,0x004a93d0,A
0x00633e5c,0x004a93d0,A
0x00633e5d,0x004a93d0,A
0x006333d8,0x004a93d0,R
0x00633edc,0x004a93d0,A
0x00633ed8,0x004a93d0,A
0x006333d8,0x004a93d0,R
0x00633ee4,0x004a93d0,A
0x00633ee0,0x004a93d0,A
0x00632f98,0x004a93d0,W
0x004cc4dc,0x004a95e0,R
0x004e31b4,0x004a95e0,A
0x004cc4f8,0x004a95e0,R
0x004cc4fc,0x004a95e0,R
0x006333d8,0x004a95e0,R
0x006333ec,0x004a95e0,A
0x004d3048,0x004a95e0,A
0x004e30e8,0x004a95e0,A
0x006333ec,0x004a95e0,R
0x006333ec,0x004a95e0,R
0x006333ec,0x004a95e0,W
0x004e31a0,0x004a95e0,A
0x004cc4dc,0x004a96b0,R
0x004e329c,0x004a96b0,A
0x004cc4f8,0x004a96b0,R
0x004cc4fc,0x004a96b0,R
0x004e3268,0x004a96b0,A
0x004cc4f8,0x004a96b0,R
0x004e323c,0x004a96b0,A
0x004cc4f8,0x004a96b0,R
0x004e3208,0x004a96b0,A
0x004cc4f8,0x004a96b0,R
0x004e31dc,0x004a96b0,A
0x004e30e8,0x004a96b0,A
0x004cc5a0,0x004a96b0,R
0x004e31d0,0x004a96b0,A
0x004cc4dc,0x004a96b0,R
0x004cc4f8,0x004a96b0,R
0x004cc4fc,0x004a96b0,R
0x00632f9c,0x004a96b0,R
0x00632f9c,0x004a96b0,W
0x00632150,0x004a9890,R
0x006333e4,0x004a9890,R
0x004e30e8,0x004a9890,A
0x00632f98,0x004a9900,R
0x00632f9c,0x004a9910,R
0x006359f4,0x004a9940,R
0x004e32ac,0x004a9940,A
0x006333f0,0x004a9ac0,R
0x004e3374,0x004a9ac0,A
0x00632138,0x004a9ac0,R
0x006333f0,0x004a9ac0,R
0x006333f0,0x004a9ac0,R
0x00632138,0x004a9ac0,W
0x0063213c,0x004a9ac0,R
0x006333f0,0x004a9ac0,R
0x0063213c,0x004a9ac0,W
0x006333f0,0x004a9b40,R
0x004e3374,0x004a9b40,A
0x0063225c,0x004a9b70,R
0x0063225c,0x004a9b70,R
0x0063221c,0x004a9b70,R
0x0063223c,0x004a9b70,R
0x0063225c,0x004a9b70,R
0x0063225c,0x004a9b70,R
0x004e3374,0x004a9b70,A
0x00632200,0x004a9c20,R
0x00632204,0x004a9c20,R
0x006333d8,0x004a9c20,R
0x00632130,0x004a9c20,W
0x006333f4,0x004a9c20,A
0x004e3374,0x004a9c20,A
0x006333f4,0x004a9c20,R
0x006333f8,0x004a9c20,A
0x004d2fb8,0x004a9c20,A
0x004e3374,0x004a9c20,A
0x0063221c,0x004a9c20,R
0x006333f8,0x004a9c20,R
0x004e3374,0x004a9c20,A
0x006333d8,0x004a9c20,R
0x006333ec,0x004a9c20,A
0x004d3048,0x004a9c20,A
0x004e3374,0x004a9c20,A
0x0063221c,0x004a9c20,R
0x006333ec,0x004a9c20,R
0x006333f0,0x004a9c20,A
0x006359f4,0x004a9c20,R
0x004e3374,0x004a9c20,A
0x006333ec,0x004a9c20,R
0x006333fc,0x004a9c20,A
0x004e3374,0x004a9c20,A
0x006333f0,0x004a9c20,R
0x006333fc,0x004a9c20,R
0x004e3374,0x004a9c20,A
0x00632240,0x004a9c20,R
0x00632244,0x004a9c20,R
0x006333fc,0x004a9c20,R
0x004e3374,0x004a9c20,A
0x006333f0,0x004a9c20,R
0x006333fc,0x004a9c20,R
0x004e3374,0x004a9c20,A
0x006333ec,0x004a9c20,R
0x00633400,0x004a9c20,A
0x004e3374,0x004a9c20,A
0x00633400,0x004a9c20,R
0x004e3374,0x004a9c20,A
0x00633400,0x004a9c20,R
0x006333f0,0x004a9c20,R
0x00633404,0x004a9c20,A
0x004e3374,0x004a9c20,A
0x006333fc,0x004a9c20,R
0x00633404,0x004a9c20,R
0x004e3374,0x004a9c20,A
0x0063353c,0x004a9c20,A
0x0063353c,0x004a9c20,W
0x00633440,0x004a9c20,W
0x006333f0,0x004a9c20,R
0x00633440,0x004a9c20,A
0x004e3374,0x004a9c20,A
0x006333f0,0x004a9c20,R
0x006333f0,0x004a9c20,R
0x006333f0,0x004a9c20,R
0x006333f0,0x004a9c20,R
0x006333f0,0x004a9c20,R
0x006333f0,0x004a9c20,R
0x006333f0,0x004a9c20,R
0x006333f0,0x004a9c20,R
0x006333f0,0x004a9c20,R
0x006333f0,0x004a9c20,R
0x00632138,0x004a9c20,W
0x006359f4,0x004aa0f0,R
0x006334c4,0x004aa0f0,R
0x004e3474,0x004aa0f0,A
0x006334c4,0x004aa0f0,R
0x004e3438,0x004aa0f0,A
0x004e3374,0x004aa0f0,A
0x006333a8,0x004aa0f0,R
0x0063216c,0x004aa0f0,R
0x00632168,0x004aa0f0,R
0x00632164,0x004aa0f0,R
0x00632160,0x004aa0f0,R
0x00632158,0x004aa0f0,R
0x0063215c,0x004aa0f0,R
0x006333d8,0x004aa0f0,R
0x006333d8,0x004aa0f0,R
0x004d3108,0x004aa0f0,A
0x0063344c,0x004aa0f0,R
0x006333d8,0x004aa0f0,R
0x004d3108,0x004aa0f0,A
0x006333f0,0x004aa0f0,R
0x004e3374,0x004aa0f0,A
0x004e33e8,0x004aa0f0,A
0x004e339c,0x004aa0f0,A
0x004e3374,0x004aa0f0,A
0x006333a8,0x004aa0f0,R
0x00632150,0x004aa600,R
0x00632150,0x004aa600,R
0x00632164,0x004aa6f0,R
0x00632168,0x004aa6f0,R
0x0063216c,0x004aa6f0,R
0x0063215c,0x004aa6f0,R
0x0063216c,0x004aa6f0,R
0x006333a8,0x004aa980,R
0x004cc5b4,0x004aa980,R
0x004cc4ac,0x004aa9d0,R
0x00633430,0x004aa9e0,R
0x006333f0,0x004aa9e0,R
0x00633430,0x004aa9e0,W
0x00633434,0x004aa9e0,R
0x006333f0,0x004aa9e0,R
0x00633434,0x004aa9e0,W
0x006321f4,0x004aab30,R
0x004d3360,0x004aab30,R
0x006333f0,0x004aab30,R
0x006321f8,0x004aab30,R
0x004d3360,0x004aab30,R
0x006321fc,0x004aab30,R
0x004d3360,0x004aab30,R
0x00632164,0x004aab90,R
0x00632170,0x004aab90,R
0x00632168,0x004aab90,R
0x00632174,0x004aab90,R
0x0063216c,0x004aab90,R
0x00632178,0x004aab90,R
0x00635d1c,0x004aab90,A
0x00635d18,0x004aab90,W
0x00635d38,0x004aab90,W
0x00635d1c,0x004aab90,W
0x00635d3c,0x004aab90,W
0x00635d20,0x004aab90,W
0x00635d40,0x004aab90,W
0x00635d24,0x004aab90,W
0x00635d44,0x004aab90,W
0x00635d28,0x004aab90,W
0x00635d48,0x004aab90,W
0x00635d2c,0x004aab90,W
0x00635d4c,0x004aab90,W
0x006333a4,0x004aab90,R
0x004e351c,0x004aab90,A
0x006b7118,0x004aab90,A
0x006333a4,0x004aab90,W
0x006b7118,0x004aab90,A
0x006b711c,0x004aab90,A
0x006b7120,0x004aab90,A
0x006b7124,0x004aab90,A
0x00635d18,0x004aab90,A
0x00635d18,0x004aab90,R
0x006b7128,0x004aab90,A
0x00635d1c,0x004aab90,R
0x006b712c,0x004aab90,A
0x00635d38,0x004aab90,R
0x006b7148,0x004aab90,A
0x00633424,0x004aab90,R
0x006333f0,0x004aab90,R
0x00633424,0x004aab90,W
0x0063340c,0x004aab90,R
0x006333f0,0x004aab90,R
0x0063340c,0x004aab90,W
0x006333f0,0x004aab90,R
0x00635d18,0x004aab90,A
0x004e3374,0x004aab90,A
0x006333a4,0x004aab90,R
0x004e34ec,0x004aab90,A
0x006b7118,0x004aab90,A
0x006333a4,0x004aab90,W
0x006b7124,0x004aab90,A
0x006b7118,0x004aab90,A
0x006b711c,0x004aab90,A
0x006b7120,0x004aab90,A
0x006b7128,0x004aab90,A
0x006b7148,0x004aab90,A
0x006b712c,0x004aab90,A
0x006b714c,0x004aab90,A
0x006b7130,0x004aab90,A
0x006b7150,0x004aab90,A
0x006b7134,0x004aab90,A
0x006b7154,0x004aab90,A
0x006b7138,0x004aab90,A
0x006b7158,0x004aab90,A
0x006b713c,0x004aab90,A
0x006b715c,0x004aab90,A
0x00632fa0,0x004aab90,R
0x004e34c0,0x004aab90,A
0x004e3374,0x004aab90,A
0x00636518,0x004aab90,A
0x00632fa0,0x004aab90,R
0x0063651c,0x004aab90,A
0x00632fa0,0x004aab90,R
0x00636520,0x004aab90,A
0x00632fa0,0x004aab90,R
0x00636524,0x004aab90,A
0x00636544,0x004aab90,A
0x00632fa0,0x004aab90,R
0x00636528,0x004aab90,A
0x00636548,0x004aab90,A
0x00632fa0,0x004aab90,R
0x0063652c,0x004aab90,A
0x00632fa0,0x004aab90,R
0x00636530,0x004aab90,A
0x00632fa0,0x004aab90,R
0x00636534,0x004aab90,A
0x00632fa0,0x004aab90,R
0x00636538,0x004aab90,A
0x00632fa0,0x004aab90,W
0x00635d1c,0x004aaef0,A
0x00635d18,0x004aaef0,W
0x00635d38,0x004aaef0,W
0x00635d1c,0x004aaef0,W
0x00635d3c,0x004aaef0,W
0x00635d20,0x004aaef0,W
0x00635d40,0x004aaef0,W
0x00635d24,0x004aaef0,W
0x00635d44,0x004aaef0,W
0x00632164,0x004aaef0,R
0x00632170,0x004aaef0,R
0x00632174,0x004aaef0,R
0x00632168,0x004aaef0,R
0x00632178,0x004aaef0,R
0x0063216c,0x004aaef0,R
0x00635d28,0x004aaef0,W
0x00635d2c,0x004aaef0,W
0x006333a4,0x004aaef0,R
0x004e34ec,0x004aaef0,A
0x006b7118,0x004aaef0,A
0x006333a4,0x004aaef0,W
0x006b7118,0x004aaef0,A
0x006b711c,0x004aaef0,A
0x006b7120,0x004aaef0,A
0x006b7124,0x004aaef0,A
0x00635d18,0x004aaef0,A
0x00635d18,0x004aaef0,R
0x006b7128,0x004aaef0,A
0x00635d1c,0x004aaef0,R
0x006b712c,0x004aaef0,A
0x00635d38,0x004aaef0,R
0x006b7148,0x004aaef0,A
0x00633424,0x004aaef0,R
0x006333f0,0x004aaef0,R
0x00633424,0x004aaef0,W
0x0063340c,0x004aaef0,R
0x006333f0,0x004aaef0,R
0x0063340c,0x004aaef0,W
0x006333f0,0x004aaef0,R
0x00635d18,0x004aaef0,A
0x004e3374,0x004aaef0,A
0x006333a4,0x004aaef0,R
0x004e34ec,0x004aaef0,A
0x006b7118,0x004aaef0,A
0x006333a4,0x004aaef0,W
0x006b7118,0x004aaef0,A
0x006b711c,0x004aaef0,A
0x006b7120,0x004aaef0,A
0x006b7124,0x004aaef0,A
0x006b7128,0x004aaef0,A
0x006b7148,0x004aaef0,A
0x006b712c,0x004aaef0,A
0x006b714c,0x004aaef0,A
0x006b7130,0x004aaef0,A
0x006b7150,0x004aaef0,A
0x006b7134,0x004aaef0,A
0x006b7154,0x004aaef0,A
0x00632164,0x004aaef0,R
0x00632170,0x004aaef0,R
0x00632174,0x004aaef0,R
0x00632168,0x004aaef0,R
0x00632178,0x004aaef0,R
0x0063216c,0x004aaef0,R
0x006b7138,0x004aaef0,A
0x006b713c,0x004aaef0,A
0x00632fa0,0x004aaef0,R
0x004e34c0,0x004aaef0,A
0x004e3374,0x004aaef0,A
0x00636518,0x004aaef0,A
0x00632fa0,0x004aaef0,R
0x0063651c,0x004aaef0,A
0x00632fa0,0x004aaef0,R
0x00636520,0x004aaef0,A
0x00632fa0,0x004aaef0,R
0x00636524,0x004aaef0,A
0x00636544,0x004aaef0,A
0x00632fa0,0x004aaef0,R
0x00636528,0x004aaef0,A
0x00636548,0x004aaef0,A
0x00632fa0,0x004aaef0,R
0x0063652c,0x004aaef0,A
0x00632fa0,0x004aaef0,R
0x00636530,0x004aaef0,A
0x00632164,0x004aaef0,R
0x00632170,0x004aaef0,R
0x00632174,0x004aaef0,R
0x00632168,0x004aaef0,R
0x00632178,0x004aaef0,R
0x0063216c,0x004aaef0,R
0x00632fa0,0x004aaef0,R
0x00636534,0x004aaef0,A
0x00632fa0,0x004aaef0,R
0x00636538,0x004aaef0,A
0x00632fa0,0x004aaef0,W
0x004d335c,0x004ab320,R
0x00635d2c,0x004ab320,A
0x004d335c,0x004ab320,R
0x004d3368,0x004ab320,R
0x004d3370,0x004ab320,R
0x00635d2c,0x004ab320,W
0x00635d2c,0x004ab320,A
0x00635d2c,0x004ab320,W
0x00635d4c,0x004ab320,W
0x00635d28,0x004ab320,A
0x004d3378,0x004ab320,R
0x004d3360,0x004ab320,R
0x004d3360,0x004ab320,R
0x004d3360,0x004ab320,R
0x006321dc,0x004ab320,R
0x00632140,0x004ab320,R
0x006321e0,0x004ab320,R
0x006321e4,0x004ab320,R
0x004d337c,0x004ab320,R
0x004d335c,0x004ab320,R
0x004d337c,0x004ab320,R
0x00635d28,0x004ab320,W
0x00635d48,0x004ab320,W
0x004d3360,0x004ab320,R
0x004d3360,0x004ab320,R
0x004d3360,0x004ab320,R
0x00635d28,0x004ab320,A
0x00635d28,0x004ab320,W
0x00635d48,0x004ab320,W
0x00635d1c,0x004ab320,A
0x00635d18,0x004ab320,W
0x00635d38,0x004ab320,W
0x00635d1c,0x004ab320,W
0x00635d3c,0x004ab320,W
0x00635d20,0x004ab320,W
0x00635d40,0x004ab320,W
0x00635d24,0x004ab320,W
0x00635d44,0x004ab320,W
0x006333a4,0x004ab320,R
0x004e34ec,0x004ab320,A
0x004e3374,0x004ab320,A
0x006b7118,0x004ab320,A
0x006333a4,0x004ab320,W
0x006b7118,0x004ab320,A
0x006b711c,0x004ab320,A
0x006b7120,0x004ab320,A
0x006b7124,0x004ab320,A
0x00635d18,0x004ab320,A
0x00635d18,0x004ab320,R
0x006b7128,0x004ab320,A
0x00635d1c,0x004ab320,R
0x006b712c,0x004ab320,A
0x00635d38,0x004ab320,R
0x006b7148,0x004ab320,A
0x00633424,0x004ab320,R
0x006333f0,0x004ab320,R
0x00633424,0x004ab320,W
0x0063340c,0x004ab320,R
0x006333f0,0x004ab320,R
0x0063340c,0x004ab320,W
0x006333f0,0x004ab320,R
0x00635d18,0x004ab320,A
0x004e3374,0x004ab320,A
0x004d335c,0x004ab6d0,R
0x004e3370,0x004ab6d0,R
0x00635d1c,0x004ab6d0,A
0x00635d18,0x004ab6d0,W
0x00635d38,0x004ab6d0,W
0x00635d1c,0x004ab6d0,W
0x00635d3c,0x004ab6d0,W
0x00635d20,0x004ab6d0,W
0x00635d40,0x004ab6d0,W
0x00635d24,0x004ab6d0,W
0x00635d44,0x004ab6d0,W
0x00635d28,0x004ab6d0,W
0x00635d48,0x004ab6d0,W
0x00635d2c,0x004ab6d0,W
0x00635d4c,0x004ab6d0,W
0x00635d30,0x004ab6d0,W
0x00635d50,0x004ab6d0,W
0x00635d34,0x004ab6d0,W
0x00635d54,0x004ab6d0,W
0x006333a4,0x004ab6d0,R
0x004e34ec,0x004ab6d0,A
0x006b7118,0x004ab6d0,A
0x006333a4,0x004ab6d0,W
0x006b7118,0x004ab6d0,A
0x006b711c,0x004ab6d0,A
0x006b7120,0x004ab6d0,A
0x006b7124,0x004ab6d0,A
0x00635d18,0x004ab6d0,A
0x00635d18,0x004ab6d0,R
0x006b7128,0x004ab6d0,A
0x00635d1c,0x004ab6d0,R
0x006b712c,0x004ab6d0,A
0x00635d38,0x004ab6d0,R
0x006b7148,0x004ab6d0,A
0x0063340c,0x004ab6d0,R
0x006333f0,0x004ab6d0,R
0x0063340c,0x004ab6d0,W
0x00633424,0x004ab6d0,R
0x006333f0,0x004ab6d0,R
0x00633424,0x004ab6d0,W
0x00633410,0x004ab6d0,R
0x006333f0,0x004ab6d0,R
0x00633410,0x004ab6d0,W
0x00633414,0x004ab6d0,R
0x006333f0,0x004ab6d0,R
0x00633414,0x004ab6d0,W
0x00633418,0x004ab6d0,R
0x006333f0,0x004ab6d0,R
0x00633418,0x004ab6d0,W
0x006333f0,0x004ab6d0,R
0x00635d18,0x004ab6d0,A
0x004e3374,0x004ab6d0,A
0x006333a4,0x004ab6d0,R
0x004e34ec,0x004ab6d0,A
0x004d337c,0x004ab6d0,R
0x006b7118,0x004ab6d0,A
0x006333a4,0x004ab6d0,W
0x006b7120,0x004ab6d0,A
0x006b7124,0x004ab6d0,A
0x006b7118,0x004ab6d0,A
0x006b711c,0x004ab6d0,A
0x006b7128,0x004ab6d0,A
0x006b7148,0x004ab6d0,A
0x006b712c,0x004ab6d0,A
0x006b714c,0x004ab6d0,A
0x006b7130,0x004ab6d0,A
0x006b7150,0x004ab6d0,A
0x006b7134,0x004ab6d0,A
0x006b7154,0x004ab6d0,A
0x006b7138,0x004ab6d0,A
0x006b7158,0x004ab6d0,A
0x006b7140,0x004ab6d0,A
0x006b7160,0x004ab6d0,A
0x006b7144,0x004ab6d0,A
0x006b7164,0x004ab6d0,A
0x006b713c,0x004ab6d0,A
0x006b715c,0x004ab6d0,A
0x00632fa0,0x004ab6d0,R
0x004e34c0,0x004ab6d0,A
0x004e3374,0x004ab6d0,A
0x004d337c,0x004ab6d0,R
0x00636518,0x004ab6d0,A
0x00632fa0,0x004ab6d0,R
0x0063651c,0x004ab6d0,A
0x00632fa0,0x004ab6d0,R
0x00636520,0x004ab6d0,A
0x00632fa0,0x004ab6d0,R
0x00636524,0x004ab6d0,A
0x00636544,0x004ab6d0,A
0x00632fa0,0x004ab6d0,R
0x00636528,0x004ab6d0,A
0x00636548,0x004ab6d0,A
0x00632fa0,0x004ab6d0,R
0x0063652c,0x004ab6d0,A
0x00632fa0,0x004ab6d0,R
0x00636530,0x004ab6d0,A
0x00632fa0,0x004ab6d0,R
0x00636534,0x004ab6d0,A
0x00632fa0,0x004ab6d0,R
0x0063653c,0x004ab6d0,A
0x00632fa0,0x004ab6d0,R
0x00636540,0x004ab6d0,A
0x00632fa0,0x004ab6d0,R
0x00636538,0x004ab6d0,A
0x00632fa0,0x004ab6d0,W
0x004d335c,0x004abb20,R
0x004d335c,0x004abb20,R
0x004d337c,0x004abb20,R
0x00635d2c,0x004abb20,A
0x004d335c,0x004abb20,R
0x004d3368,0x004abb20,R
0x004d3370,0x004abb20,R
0x00635d2c,0x004abb20,W
0x00635d2c,0x004abb20,A
0x00635d2c,0x004abb20,W
0x00635d4c,0x004abb20,W
0x004d337c,0x004abb20,R
0x00635d28,0x004abb20,A
0x00635d28,0x004abb20,A
0x004d3378,0x004abb20,R
0x00635d28,0x004abb20,W
0x006321dc,0x004abb20,R
0x006321e0,0x004abb20,R
0x006321e4,0x004abb20,R
0x00632140,0x004abb20,R
0x004d337c,0x004abb20,R
0x004d335c,0x004abb20,R
0x004d337c,0x004abb20,R
0x00635d48,0x004abb20,W
0x00635d48,0x004abb20,A
0x00635d68,0x004abb20,A
0x00635d28,0x004abb20,A
0x00635d28,0x004abb20,W
0x00635d48,0x004abb20,W
0x004d335c,0x004abb20,R
0x00635d1c,0x004abb20,A
0x00635d18,0x004abb20,W
0x00635d38,0x004abb20,W
0x00635d1c,0x004abb20,W
0x00635d3c,0x004abb20,W
0x00635d20,0x004abb20,W
0x00635d40,0x004abb20,W
0x00635d24,0x004abb20,W
0x00635d44,0x004abb20,W
0x00635d30,0x004abb20,W
0x00635d50,0x004abb20,W
0x00635d34,0x004abb20,W
0x00635d54,0x004abb20,W
0x0056bbec,0x004abb20,R
0x00635d38,0x004abb20,R
0x0056bbec,0x004abb20,W
0x00635d18,0x004abb20,W
0x00635d3c,0x004abb20,R
0x00635d1c,0x004abb20,W
0x00635d40,0x004abb20,R
0x00635d20,0x004abb20,W
0x00635d44,0x004abb20,R
0x00635d24,0x004abb20,W
0x00635d50,0x004abb20,R
0x00635d30,0x004abb20,W
0x00635d54,0x004abb20,R
0x00635d34,0x004abb20,A
0x00635d48,0x004abb20,R
0x00635d28,0x004abb20,A
0x00635d4c,0x004abb20,R
0x00635d2c,0x004abb20,A
0x006333a4,0x004abb20,R
0x004e34ec,0x004abb20,A
0x006b7118,0x004abb20,A
0x006333a4,0x004abb20,W
0x006b7118,0x004abb20,A
0x006b711c,0x004abb20,A
0x006b7120,0x004abb20,A
0x006b7124,0x004abb20,A
0x00635d18,0x004abb20,A
0x00635d18,0x004abb20,R
0x006b7128,0x004abb20,A
0x00635d1c,0x004abb20,R
0x006b712c,0x004abb20,A
0x00635d38,0x004abb20,R
0x006b7148,0x004abb20,A
0x0063340c,0x004abb20,R
0x006333f0,0x004abb20,R
0x0063340c,0x004abb20,W
0x00633424,0x004abb20,R
0x006333f0,0x004abb20,R
0x00633424,0x004abb20,W
0x00633410,0x004abb20,R
0x006333f0,0x004abb20,R
0x00633410,0x004abb20,W
0x00633414,0x004abb20,R
0x006333f0,0x004abb20,R
0x00633414,0x004abb20,W
0x00633418,0x004abb20,R
0x006333f0,0x004abb20,R
0x00633418,0x004abb20,W
0x006333f0,0x004abb20,R
0x00635d18,0x004abb20,A
0x004e3374,0x004abb20,A
0x006333a4,0x004abb20,R
0x004e34ec,0x004abb20,A
0x006b7118,0x004abb20,A
0x006333a4,0x004abb20,W
0x006b7124,0x004abb20,A
0x006b7120,0x004abb20,A
0x006b7118,0x004abb20,A
0x00635d14,0x004abb20,A
0x00635d18,0x004abb20,A
0x006b7128,0x004abb20,A
0x006b7148,0x004abb20,A
0x006b712c,0x004abb20,A
0x006b714c,0x004abb20,A
0x006b7130,0x004abb20,A
0x006b7150,0x004abb20,A
0x006b7134,0x004abb20,A
0x006b7154,0x004abb20,A
0x006b7138,0x004abb20,A
0x006b7158,0x004abb20,A
0x006b7140,0x004abb20,A
0x006b7160,0x004abb20,A
0x006b7144,0x004abb20,A
0x006b7164,0x004abb20,A
0x006b713c,0x004abb20,A
0x006b715c,0x004abb20,A
0x0056bbec,0x004abb20,R
0x0056bbec,0x004abb20,W
0x006b7148,0x004abb20,A
0x006b714c,0x004abb20,A
0x006b7150,0x004abb20,A
0x006b7154,0x004abb20,A
0x006b7160,0x004abb20,A
0x006b7164,0x004abb20,A
0x006b7158,0x004abb20,A
0x006b715c,0x004abb20,A
0x006b711c,0x004abb20,A
0x00632fa0,0x004abb20,R
0x004e34c0,0x004abb20,A
0x004e3374,0x004abb20,A
0x0063651c,0x004abb20,A
0x00632fa0,0x004abb20,R
0x00636520,0x004abb20,A
0x00632fa0,0x004abb20,R
0x00636524,0x004abb20,A
0x00636544,0x004abb20,A
0x00632fa0,0x004abb20,R
0x00636528,0x004abb20,A
0x00636548,0x004abb20,A
0x00632fa0,0x004abb20,R
0x0063652c,0x004abb20,A
0x00632fa0,0x004abb20,R
0x00636530,0x004abb20,A
0x00632fa0,0x004abb20,R
0x00635d28,0x004abb20,R
0x00636534,0x004abb20,A
0x00632fa0,0x004abb20,R
0x0063653c,0x004abb20,A
0x00632fa0,0x004abb20,R
0x00636540,0x004abb20,A
0x00632fa0,0x004abb20,R
0x00635d2c,0x004abb20,R
0x00636538,0x004abb20,A
0x0056bbec,0x004abb20,R
0x00632fa0,0x004abb20,R
0x0056bbec,0x004abb20,W
0x00636544,0x004abb20,A
0x00636524,0x004abb20,A
0x00632fa0,0x004abb20,R
0x00636548,0x004abb20,A
0x00636528,0x004abb20,A
0x00632fa0,0x004abb20,R
0x0063654c,0x004abb20,A
0x0063652c,0x004abb20,A
0x00632fa0,0x004abb20,R
0x00636550,0x004abb20,A
0x00636530,0x004abb20,A
0x00632fa0,0x004abb20,R
0x0063655c,0x004abb20,A
0x0063653c,0x004abb20,A
0x00632fa0,0x004abb20,R
0x00636560,0x004abb20,A
0x00636540,0x004abb20,A
0x00632fa0,0x004abb20,R
0x00636554,0x004abb20,A
0x00636534,0x004abb20,A
0x00632fa0,0x004abb20,R
0x00636558,0x004abb20,A
0x00636538,0x004abb20,A
0x00632fa0,0x004abb20,R
0x00636518,0x004abb20,A
0x00632fa0,0x004abb20,R
0x00632fa0,0x004abb20,W
0x004d335c,0x004ac370,R
0x004d337c,0x004ac370,R
0x00635d2c,0x004ac370,A
0x004d335c,0x004ac370,R
0x004d3368,0x004ac370,R
0x004d3370,0x004ac370,R
0x00635d2c,0x004ac370,W
0x00635d2c,0x004ac370,A
0x00635d2c,0x004ac370,W
0x00635d4c,0x004ac370,W
0x00635d28,0x004ac370,A
0x004d335c,0x004ac370,R
0x004d3378,0x004ac370,R
0x004d337c,0x004ac370,R
0x00635d28,0x004ac370,W
0x006321dc,0x004ac370,R
0x006321e0,0x004ac370,R
0x006321e4,0x004ac370,R
0x00632140,0x004ac370,R
0x004d337c,0x004ac370,R
0x004d335c,0x004ac370,R
0x004d337c,0x004ac370,R
0x00635d48,0x004ac370,W
0x00635d28,0x004ac370,A
0x004d335c,0x004ac370,R
0x004d337c,0x004ac370,R
0x00635d28,0x004ac370,W
0x004d335c,0x004ac370,R
0x00635d1c,0x004ac370,A
0x00635d18,0x004ac370,W
0x00635d38,0x004ac370,W
0x00635d1c,0x004ac370,W
0x00635d3c,0x004ac370,W
0x00635d20,0x004ac370,W
0x00635d40,0x004ac370,W
0x00635d24,0x004ac370,W
0x00635d44,0x004ac370,W
0x00635d30,0x004ac370,W
0x00635d50,0x004ac370,W
0x00635d34,0x004ac370,W
0x00635d54,0x004ac370,W
0x0056bbec,0x004ac370,R
0x00635d38,0x004ac370,R
0x0056bbec,0x004ac370,W
0x00635d18,0x004ac370,W
0x00635d3c,0x004ac370,R
0x00635d1c,0x004ac370,W
0x00635d40,0x004ac370,R
0x00635d20,0x004ac370,W
0x00635d44,0x004ac370,R
0x00635d24,0x004ac370,W
0x00635d50,0x004ac370,R
0x00635d30,0x004ac370,W
0x00635d54,0x004ac370,R
0x00635d34,0x004ac370,A
0x00635d48,0x004ac370,R
0x00635d28,0x004ac370,A
0x00635d4c,0x004ac370,R
0x00635d2c,0x004ac370,A
0x006333a4,0x004ac370,R
0x004e34ec,0x004ac370,A
0x006b7118,0x004ac370,A
0x006333a4,0x004ac370,W
0x006b7118,0x004ac370,A
0x006b711c,0x004ac370,A
0x006b7120,0x004ac370,A
0x006b7124,0x004ac370,A
0x00635d18,0x004ac370,A
0x00635d18,0x004ac370,R
0x006b7128,0x004ac370,A
0x00635d1c,0x004ac370,R
0x006b712c,0x004ac370,A
0x00635d38,0x004ac370,R
0x006b7148,0x004ac370,A
0x0063340c,0x004ac370,R
0x006333f0,0x004ac370,R
0x0063340c,0x004ac370,W
0x00633424,0x004ac370,R
0x006333f0,0x004ac370,R
0x00633424,0x004ac370,W
0x00633410,0x004ac370,R
0x006333f0,0x004ac370,R
0x00633410,0x004ac370,W
0x00633414,0x004ac370,R
0x006333f0,0x004ac370,R
0x00633414,0x004ac370,W
0x00633418,0x004ac370,R
0x006333f0,0x004ac370,R
0x00633418,0x004ac370,W
0x006333f0,0x004ac370,R
0x00635d18,0x004ac370,A
0x004e3374,0x004ac370,A
0x006333a4,0x004ac370,R
0x004e34ec,0x004ac370,A
0x006b7118,0x004ac370,A
0x006333a4,0x004ac370,W
0x006b7124,0x004ac370,A
0x006b7120,0x004ac370,A
0x006b7118,0x004ac370,A
0x00635d14,0x004ac370,A
0x00635d18,0x004ac370,A
0x006b7128,0x004ac370,A
0x006b7148,0x004ac370,A
0x006b712c,0x004ac370,A
0x006b714c,0x004ac370,A
0x006b7130,0x004ac370,A
0x006b7150,0x004ac370,A
0x006b7134,0x004ac370,A
0x006b7154,0x004ac370,A
0x006b7138,0x004ac370,A
0x006b7158,0x004ac370,A
0x006b7140,0x004ac370,A
0x006b7160,0x004ac370,A
0x006b7144,0x004ac370,A
0x006b7164,0x004ac370,A
0x006b713c,0x004ac370,A
0x006b715c,0x004ac370,A
0x0056bbec,0x004ac370,R
0x0056bbec,0x004ac370,W
0x006b7148,0x004ac370,A
0x006b7128,0x004ac370,A
0x006b714c,0x004ac370,A
0x006b712c,0x004ac370,A
0x006b7150,0x004ac370,A
0x006b7130,0x004ac370,A
0x006b7154,0x004ac370,A
0x006b7160,0x004ac370,A
0x006b7164,0x004ac370,A
0x006b7158,0x004ac370,A
0x006b715c,0x004ac370,A
0x006b711c,0x004ac370,A
0x00632fa0,0x004ac370,R
0x004e34c0,0x004ac370,A
0x004e3374,0x004ac370,A
0x0063651c,0x004ac370,A
0x00632fa0,0x004ac370,R
0x00636520,0x004ac370,A
0x00632fa0,0x004ac370,R
0x00636524,0x004ac370,A
0x00636544,0x004ac370,A
0x00632fa0,0x004ac370,R
0x00636528,0x004ac370,A
0x00636548,0x004ac370,A
0x00632fa0,0x004ac370,R
0x0063652c,0x004ac370,A
0x00632fa0,0x004ac370,R
0x00636530,0x004ac370,A
0x00632fa0,0x004ac370,R
0x00635d28,0x004ac370,R
0x00636534,0x004ac370,A
0x00632fa0,0x004ac370,R
0x0063653c,0x004ac370,A
0x00632fa0,0x004ac370,R
0x00636540,0x004ac370,A
0x00632fa0,0x004ac370,R
0x00635d2c,0x004ac370,R
0x00636538,0x004ac370,A
0x0056bbec,0x004ac370,R
0x00632fa0,0x004ac370,R
0x0056bbec,0x004ac370,W
0x00636544,0x004ac370,A
0x00636524,0x004ac370,A
0x00632fa0,0x004ac370,R
0x00636548,0x004ac370,A
0x00636528,0x004ac370,A
0x00632fa0,0x004ac370,R
0x0063654c,0x004ac370,A
0x0063652c,0x004ac370,A
0x00632fa0,0x004ac370,R
0x00636550,0x004ac370,A
0x00636530,0x004ac370,A
0x00632fa0,0x004ac370,R
0x0063655c,0x004ac370,A
0x0063653c,0x004ac370,A
0x00632fa0,0x004ac370,R
0x00636560,0x004ac370,A
0x00636540,0x004ac370,A
0x00632fa0,0x004ac370,R
0x00636554,0x004ac370,A
0x00636534,0x004ac370,A
0x00632fa0,0x004ac370,R
0x00636558,0x004ac370,A
0x00636538,0x004ac370,A
0x00632fa0,0x004ac370,R
0x00636518,0x004ac370,A
0x00632fa0,0x004ac370,R
0x00632fa0,0x004ac370,W
0x00635d18,0x004acbd0,W
0x00635d1c,0x004acbd0,W
0x00635d20,0x004acbd0,W
0x00635d24,0x004acbd0,W
0x00632164,0x004acbd0,R
0x00632170,0x004acbd0,R
0x00632168,0x004acbd0,R
0x00635d2c,0x004acbd0,W
0x00632174,0x004acbd0,R
0x0063216c,0x004acbd0,R
0x00632178,0x004acbd0,R
0x00635d28,0x004acbd0,W
0x00633424,0x004acbd0,R
0x006333f0,0x004acbd0,R
0x00633424,0x004acbd0,W
0x0063340c,0x004acbd0,R
0x006333f0,0x004acbd0,R
0x0063340c,0x004acbd0,W
0x006333f0,0x004acbd0,R
0x00635d18,0x004acbd0,A
0x004e3374,0x004acbd0,A
0x00633684,0x004accc0,A
0x006336a4,0x004accc0,W
0x00633724,0x004accc0,W
0x00633684,0x004accc0,W
0x00633704,0x004accc0,W
0x00633664,0x004accc0,W
0x006336e4,0x004accc0,W
0x00633644,0x004accc0,W
0x006336c4,0x004accc0,W
0x006336a8,0x004accc0,W
0x00633728,0x004accc0,W
0x00633688,0x004accc0,W
0x00633708,0x004accc0,W
0x00633668,0x004accc0,W
0x006336e8,0x004accc0,W
0x00633648,0x004accc0,W
0x006336c8,0x004accc0,W
0x00633784,0x004accc0,A
0x00633e84,0x004accc0,A
0x00633638,0x004acd00,R
0x0063369c,0x004acd00,A
0x0063363c,0x004acd00,A
0x00632224,0x004acd00,R
0x0063367c,0x004acd00,A
0x0063365c,0x004acd00,A
0x00633660,0x004acd00,A
0x00633640,0x004acd00,A
0x00632220,0x004acd00,R
0x0063369c,0x004acd00,A
0x0063363c,0x004acd00,A
0x0063367c,0x004acd00,A
0x0063365c,0x004acd00,A
0x00633660,0x004acd00,A
0x00633640,0x004acd00,A
0x006336a0,0x004acd00,A
0x00633680,0x004acd00,A
0x00632164,0x004acd00,R
0x004d3380,0x004acd00,R
0x00632170,0x004acd00,R
0x00632168,0x004acd00,R
0x00632174,0x004acd00,R
0x00632178,0x004acd00,R
0x0063216c,0x004acd00,R
0x006336ac,0x004acd00,A
0x0063368c,0x004acd00,A
0x0063366c,0x004acd00,A
0x0063364c,0x004acd00,A
0x00633638,0x004acd00,R
0x00633638,0x004acd00,W
0x00632fa0,0x004ace30,R
0x0063340c,0x004ace30,R
0x006333f0,0x004ace30,R
0x00632fa0,0x004ace30,R
0x0063340c,0x004ace30,W
0x00633408,0x004ace30,R
0x006333f0,0x004ace30,R
0x00632fa0,0x004ace30,R
0x00633408,0x004ace30,W
0x00633428,0x004ace30,R
0x006333f0,0x004ace30,R
0x00632fa0,0x004ace30,R
0x00633428,0x004ace30,W
0x00632fa4,0x004ace30,A
0x00632fa4,0x004ace30,W
0x00632fa8,0x004ace30,W
0x00632fa0,0x004ace30,R
0x00632fa8,0x004ace30,A
0x00632fa8,0x004ace30,R
0x00632fac,0x004ace30,R
0x00632fa4,0x004ace30,R
0x00632fa8,0x004ace30,R
0x0063652c,0x004ace30,A
0x0063652c,0x004ace30,A
0x00632fa4,0x004ace30,W
0x00632fa8,0x004ace30,W
0x00632fa8,0x004ace30,W
0x00632fac,0x004ace30,W
0x00632fa0,0x004ace30,R
0x00632fa4,0x004ace30,A
0x00632fa4,0x004ace30,R
0x00632fa8,0x004ace30,R
0x0063651c,0x004ace30,A
0x00633424,0x004ace30,R
0x006333f0,0x004ace30,R
0x0063651c,0x004ace30,A
0x00633424,0x004ace30,W
0x0063651c,0x004ace30,A
0x00636534,0x004ace30,A
0x00633410,0x004ace30,R
0x006333f0,0x004ace30,R
0x00633410,0x004ace30,W
0x00633410,0x004ace30,R
0x006333f0,0x004ace30,R
0x0063651c,0x004ace30,A
0x00633410,0x004ace30,W
0x0063651c,0x004ace30,A
0x00633414,0x004ace30,R
0x006333f0,0x004ace30,R
0x0063651c,0x004ace30,A
0x00633414,0x004ace30,W
0x0063651c,0x004ace30,A
0x00633418,0x004ace30,R
0x006333f0,0x004ace30,R
0x0063651c,0x004ace30,A
0x00633418,0x004ace30,W
0x00633424,0x004ace30,R
0x006333f0,0x004ace30,R
0x00633424,0x004ace30,W
0x00636518,0x004ace30,A
0x006333f0,0x004ace30,R
0x00636524,0x004ace30,A
0x004e3374,0x004ace30,A
0x00632fa0,0x004ace30,R
0x00633408,0x004ace30,R
0x006333f0,0x004ace30,R
0x00633408,0x004ace30,W
0x00633428,0x004ace30,R
0x006333f0,0x004ace30,R
0x00633428,0x004ace30,W
0x00632fa0,0x004ace30,W
0x00633638,0x004ad120,R
0x0063340c,0x004ad120,R
0x006333f0,0x004ad120,R
0x0063340c,0x004ad120,W
0x00633408,0x004ad120,R
0x006333f0,0x004ad120,R
0x00633408,0x004ad120,W
0x00633428,0x004ad120,R
0x006333f0,0x004ad120,R
0x00633428,0x004ad120,W
0x00633424,0x004ad120,R
0x006333f0,0x004ad120,R
0x00633424,0x004ad120,W
0x006333f0,0x004ad120,R
0x00633638,0x004ad120,R
0x0063363c,0x004ad120,A
0x006333f0,0x004ad120,R
0x0063363c,0x004ad120,A
0x006336bc,0x004ad120,A
0x00633638,0x004ad120,R
0x006333f0,0x004ad120,R
0x00633638,0x004ad120,W
0x00633408,0x004ad120,R
0x006333f0,0x004ad120,R
0x00633408,0x004ad120,W
0x00633428,0x004ad120,R
0x006333f0,0x004ad120,R
0x00633428,0x004ad120,W
0x006333f0,0x004ad250,R
0x006333a4,0x004ad250,R
0x006b7120,0x004ad250,A
0x006b7118,0x004ad250,R
0x006b7928,0x004ad250,R
0x0063340c,0x004ad250,R
0x006333f0,0x004ad250,R
0x0063340c,0x004ad250,W
0x00633408,0x004ad250,R
0x006333f0,0x004ad250,R
0x00633408,0x004ad250,W
0x00633428,0x004ad250,R
0x006333f0,0x004ad250,R
0x00633428,0x004ad250,W
0x006b7930,0x004ad250,R
0x00633424,0x004ad250,R
0x006333f0,0x004ad250,R
0x006b7930,0x004ad250,R
0x00633424,0x004ad250,W
0x006b7930,0x004ad250,R
0x006b7948,0x004ad250,R
0x00633410,0x004ad250,R
0x006333f0,0x004ad250,R
0x00633410,0x004ad250,W
0x00633410,0x004ad250,R
0x006333f0,0x004ad250,R
0x006b7930,0x004ad250,R
0x00633410,0x004ad250,W
0x006b7930,0x004ad250,R
0x00633414,0x004ad250,R
0x006333f0,0x004ad250,R
0x006b7930,0x004ad250,R
0x00633414,0x004ad250,W
0x006b7930,0x004ad250,R
0x00633418,0x004ad250,R
0x006333f0,0x004ad250,R
0x006b7930,0x004ad250,R
0x00633418,0x004ad250,W
0x00633424,0x004ad250,R
0x006333f0,0x004ad250,R
0x00633424,0x004ad250,W
0x006b792c,0x004ad250,R
0x006333f0,0x004ad250,R
0x006b7938,0x004ad250,A
0x006b7938,0x004ad250,A
0x00633408,0x004ad250,R
0x006333f0,0x004ad250,R
0x00633408,0x004ad250,W
0x00633428,0x004ad250,R
0x006333f0,0x004ad250,R
0x00633428,0x004ad250,W
0x00633424,0x004ad250,R
0x006333f0,0x004ad250,R
0x00633424,0x004ad250,W
0x0063340c,0x004ad250,R
0x006333f0,0x004ad250,R
0x0063340c,0x004ad250,W
0x006b792c,0x004ad250,R
0x006333f0,0x004ad250,R
0x006b7938,0x004ad250,A
0x006b7938,0x004ad250,A
0x0063340c,0x004ad250,R
0x006333f0,0x004ad250,R
0x0063340c,0x004ad250,W
0x006b7930,0x004ad250,R
0x00633424,0x004ad250,R
0x006333f0,0x004ad250,R
0x006b7930,0x004ad250,R
0x00633424,0x004ad250,W
0x006b7930,0x004ad250,R
0x00633410,0x004ad250,R
0x006333f0,0x004ad250,R
0x006b7930,0x004ad250,R
0x00633410,0x004ad250,W
0x006b7930,0x004ad250,R
0x00633414,0x004ad250,R
0x006333f0,0x004ad250,R
0x006b7930,0x004ad250,R
0x00633414,0x004ad250,W
0x006b7930,0x004ad250,R
0x00633418,0x004ad250,R
0x0063340c,0x004ad250,R
0x006333f0,0x004ad250,R
0x0063340c,0x004ad250,W
0x006b7120,0x004ad250,R
0x00633424,0x004ad250,R
0x006333f0,0x004ad250,R
0x006b7120,0x004ad250,R
0x00633424,0x004ad250,W
0x00633410,0x004ad250,R
0x006333f0,0x004ad250,R
0x00633410,0x004ad250,W
0x006b7120,0x004ad250,R
0x00633414,0x004ad250,R
0x006333f0,0x004ad250,R
0x006b7120,0x004ad250,R
0x00633414,0x004ad250,W
0x006b7120,0x004ad250,R
0x00633418,0x004ad250,R
0x006333f0,0x004ad250,R
0x006b7120,0x004ad250,R
0x00633418,0x004ad250,W
0x006b711c,0x004ad250,R
0x006b792c,0x004ad250,R
0x006333f0,0x004ad250,R
0x006b7128,0x004ad250,A
0x006b7128,0x004ad250,A
0x006b7938,0x004ad250,A
0x004e3374,0x004ad250,A
0x006333a4,0x004ad250,R
0x006333f0,0x004ad250,R
0x006333a4,0x004ad250,W
0x004e42d0,0x004ad6a0,A
0x004e42c0,0x004ad6a0,A
0x004e42a8,0x004ad6a0,A
0x004e4294,0x004ad6a0,A
0x004e4280,0x004ad6a0,A
0x004e4264,0x004ad6a0,A
0x004e4248,0x004ad6a0,A
0x004e422c,0x004ad6a0,A
0x004e4214,0x004ad6a0,A
0x004e4204,0x004ad6a0,A
0x004e41f0,0x004ad6a0,A
0x004e41dc,0x004ad6a0,A
0x004e41c4,0x004ad6a0,A
0x004e41b0,0x004ad6a0,A
0x004e419c,0x004ad6a0,A
0x004e4180,0x004ad6a0,A
0x004e416c,0x004ad6a0,A
0x004e4154,0x004ad6a0,A
0x004e4148,0x004ad6a0,A
0x004e4138,0x004ad6a0,A
0x004e4124,0x004ad6a0,A
0x004e4110,0x004ad6a0,A
0x004e40f4,0x004ad6a0,A
0x004e40e0,0x004ad6a0,A
0x004e40c8,0x004ad6a0,A
0x004e40ac,0x004ad6a0,A
0x004e4098,0x004ad6a0,A
0x004e4088,0x004ad6a0,A
0x004e407c,0x004ad6a0,A
0x004e4068,0x004ad6a0,A
0x004e4058,0x004ad6a0,A
0x004e4044,0x004ad6a0,A
0x004e4030,0x004ad6a0,A
0x004e401c,0x004ad6a0,A
0x004e4008,0x004ad6a0,A
0x004e3ff4,0x004ad6a0,A
0x004e3fdc,0x004ad6a0,A
0x004e3fc8,0x004ad6a0,A
0x004e3fb4,0x004ad6a0,A
0x004e3fa4,0x004ad6a0,A
0x004e3f90,0x004ad6a0,A
0x004e3f7c,0x004ad6a0,A
0x004e3f6c,0x004ad6a0,A
0x004e3f54,0x004ad6a0,A
0x004e3f40,0x004ad6a0,A
0x004e3f1c,0x004ad6a0,A
0x004e3f04,0x004ad6a0,A
0x004e3eec,0x004ad6a0,A
0x004e3ecc,0x004ad6a0,A
0x004e3eac,0x004ad6a0,A
0x004e3e98,0x004ad6a0,A
0x004e3e80,0x004ad6a0,A
0x004e3e68,0x004ad6a0,A
0x004e3e54,0x004ad6a0,A
0x004e3e38,0x004ad6a0,A
0x004e3e24,0x004ad6a0,A
0x004e3e10,0x004ad6a0,A
0x004e3dfc,0x004ad6a0,A
0x004e3de4,0x004ad6a0,A
0x004e3dcc,0x004ad6a0,A
0x004e3dac,0x004ad6a0,A
0x004e3d94,0x004ad6a0,A
0x004e3d7c,0x004ad6a0,A
0x004e3d68,0x004ad6a0,A
0x004e3d54,0x004ad6a0,A
0x004e3d38,0x004ad6a0,A
0x004e3d20,0x004ad6a0,A
0x004e3d00,0x004ad6a0,A
0x004e3ce0,0x004ad6a0,A
0x004e3cc8,0x004ad6a0,A
0x004e3cb0,0x004ad6a0,A
0x004e3c98,0x004ad6a0,A
0x004e3c7c,0x004ad6a0,A
0x004e3c64,0x004ad6a0,A
0x004e3c48,0x004ad6a0,A
0x004e3c38,0x004ad6a0,A
0x004e3c20,0x004ad6a0,A
0x004e3c0c,0x004ad6a0,A
0x004e3bf8,0x004ad6a0,A
0x004e3be0,0x004ad6a0,A
0x004e3bcc,0x004ad6a0,A
0x004e3bbc,0x004ad6a0,A
0x004e3ba8,0x004ad6a0,A
0x004e3b90,0x004ad6a0,A
0x004e3b7c,0x004ad6a0,A
0x004e3b64,0x004ad6a0,A
0x004e3b50,0x004ad6a0,A
0x004e3b40,0x004ad6a0,A
0x004e3b2c,0x004ad6a0,A
0x004e3b14,0x004ad6a0,A
0x004e3af0,0x004ad6a0,A
0x004e3ad8,0x004ad6a0,A
0x004e3ac0,0x004ad6a0,A
0x004e3ab0,0x004ad6a0,A
0x004e3aa0,0x004ad6a0,A
0x004e3a8c,0x004ad6a0,A
0x004e3a74,0x004ad6a0,A
0x004e3a60,0x004ad6a0,A
0x004e3a48,0x004ad6a0,A
0x004e3a30,0x004ad6a0,A
0x004e3a18,0x004ad6a0,A
0x004e39f8,0x004ad6a0,A
0x004e39d8,0x004ad6a0,A
0x004e39b8,0x004ad6a0,A
0x004e39a0,0x004ad6a0,A
0x004e3984,0x004ad6a0,A
0x004e396c,0x004ad6a0,A
0x004e3950,0x004ad6a0,A
0x004e3930,0x004ad6a0,A
0x004e3910,0x004ad6a0,A
0x004e38f4,0x004ad6a0,A
0x004e38d8,0x004ad6a0,A
0x004e38b8,0x004ad6a0,A
0x004e3898,0x004ad6a0,A
0x004e3878,0x004ad6a0,A
0x004e3858,0x004ad6a0,A
0x004e383c,0x004ad6a0,A
0x004e381c,0x004ad6a0,A
0x004e37fc,0x004ad6a0,A
0x004e37dc,0x004ad6a0,A
0x004e37bc,0x004ad6a0,A
0x004e37a4,0x004ad6a0,A
0x004e3784,0x004ad6a0,A
0x004e3764,0x004ad6a0,A
0x004e3744,0x004ad6a0,A
0x004e3728,0x004ad6a0,A
0x004e370c,0x004ad6a0,A
0x004e36f4,0x004ad6a0,A
0x004e36d8,0x004ad6a0,A
0x004e36bc,0x004ad6a0,A
0x004e36a0,0x004ad6a0,A
0x004e3680,0x004ad6a0,A
0x004e3660,0x004ad6a0,A
0x004e3640,0x004ad6a0,A
0x004e3628,0x004ad6a0,A
0x004e3618,0x004ad6a0,A
0x004e3604,0x004ad6a0,A
0x004e35f0,0x004ad6a0,A
0x004e35d4,0x004ad6a0,A
0x004e35bc,0x004ad6a0,A
0x004e35a4,0x004ad6a0,A
0x004e3588,0x004ad6a0,A
0x004e356c,0x004ad6a0,A
0x004dcaac,0x004ad6a0,A
0x004cc5c4,0x004ad6a0,R
0x0056bc30,0x004ad6a0,R
0x0056bc2c,0x004ad6a0,R
0x004e354c,0x004ad6a0,A
0x00778924,0x004ae3c0,R
0x00778928,0x004ae3c0,R
0x00778924,0x004ae3c0,R
0x00778928,0x004ae3c0,R
0x00778924,0x004ae450,R
0x00778928,0x004ae450,R
0x0077895c,0x004ae4a0,W
0x00778960,0x004ae4a0,W
0x00778934,0x004ae530,R
0x00778934,0x004ae530,W
0x004d3388,0x004ae590,R
0x00778934,0x004ae590,R
0x00778934,0x004ae590,W
0x0077893c,0x004ae660,R
0x0056bc9c,0x004ae660,R
0x00778920,0x004ae660,R
0x00779aac,0x004ae660,R
0x00779aac,0x004ae660,W
0x004d3388,0x004ae660,R
0x004cc5d8,0x004ae660,R
0x004d3390,0x004ae660,R
0x004d3394,0x004ae660,R
0x004d3398,0x004ae660,R
0x005669d8,0x004ae660,R
0x005669dc,0x004ae660,R
0x005669e0,0x004ae660,R
0x00778960,0x004ae660,R
0x0077895c,0x004ae660,R
0x00778960,0x004ae660,R
0x0077895c,0x004ae660,W
0x00779aac,0x004aeaa0,R
0x00779aac,0x004aeaa0,W
0x00778920,0x004aeaa0,R
0x00778920,0x004aeb50,R
0x004d3388,0x004aebf0,R
0x0056bca4,0x004aebf0,R
0x004d339c,0x004aed00,R
0x004d33a0,0x004aed00,R
0x00778920,0x004aed00,R
0x00778964,0x004aed00,R
0x004d3388,0x004aed00,R
0x004cc5d8,0x004aee40,R
0x004d3390,0x004aee40,R
0x004d3394,0x004aee40,R
0x004d3398,0x004aee40,R
0x00779aac,0x004aee40,R
0x00779aac,0x004aee40,W
0x0077895c,0x004aee40,R
0x00778960,0x004aee40,R
0x0077895c,0x004aee40,W
0x00778924,0x004af060,R
0x00778928,0x004af060,R
0x004cc4b4,0x004af060,R
0x0056b430,0x004af060,R
0x0057da28,0x004af060,R
0x0056b42c,0x004af060,R
0x0077896c,0x004af060,R
0x0056bca8,0x004af060,W
0x0056bcac,0x004af060,W
0x0077896c,0x004af060,W
0x007789ac,0x004af060,A
0x00778984,0x004af060,A
0x00778978,0x004af060,A
0x00778974,0x004af060,A
0x00778970,0x004af060,A
0x0077896c,0x004af060,R
0x0077896c,0x004af060,W
0x0077896c,0x004af060,W
0x00778928,0x004af060,R
0x0057da28,0x004af060,W
0x0057da28,0x004af060,W
0x004d3388,0x004af060,R
0x004d3388,0x004af060,R
0x0056bca8,0x004af060,R
0x00778920,0x004af060,R
0x00779a98,0x004af060,R
0x004d33a4,0x004af060,R
0x004d3388,0x004af060,R
0x0056bca8,0x004af060,R
0x004d338c,0x004af060,R
0x004d3388,0x004af060,R
0x004d339c,0x004af060,R
0x004d3398,0x004af060,R
0x004d3388,0x004af060,R
0x004d33a8,0x004af060,R
0x004d3388,0x004af060,R
0x004d33ac,0x004af060,R
0x004d33ac,0x004af060,R
0x004d33ac,0x004af060,R
0x004d3398,0x004af060,R
0x004d33ac,0x004af060,R
0x004d3388,0x004af060,R
0x004d338c,0x004af060,R
0x0056bca8,0x004af060,R
0x00779aa4,0x004af060,R
0x0077893c,0x004af060,R
0x00779aa8,0x004af060,R
0x004d33a4,0x004af060,R
0x00779a78,0x004af060,R
0x0056bcac,0x004af060,R
0x0056bcac,0x004af060,R
0x00779a78,0x004af060,W
0x0056bca8,0x004af060,R
0x004d3388,0x004af060,R
0x0056bca8,0x004af060,R
0x0056bca8,0x004af060,R
0x0056bca8,0x004af060,R
0x0056bca8,0x004af060,R
0x00779a98,0x004af060,R
0x00779a98,0x004af060,R
0x004d3394,0x004af060,R
0x004d3388,0x004af060,R
0x00778964,0x004af060,W
0x00778964,0x004af060,W
0x0077893c,0x004af060,R
0x0056b430,0x004af060,R
0x00778964,0x004af060,W
0x00778964,0x004af060,W
0x0056bca8,0x004af060,R
0x004d33b0,0x004af060,R
0x00778920,0x004af060,R
0x00778968,0x004af060,R
0x00778940,0x004af060,W
0x00778944,0x004af060,W
0x00778948,0x004af060,W
0x0077894c,0x004af060,W
0x00778950,0x004af060,W
0x00778954,0x004af060,W
0x00778968,0x004af060,W
0x004d3388,0x004af060,R
0x00778968,0x004af060,W
0x004d33b4,0x004af060,R
0x004e42e8,0x004af060,R
0x004e42e4,0x004af060,R
0x004d33b4,0x004af060,R
0x004d339c,0x004af060,R
0x004d3394,0x004af060,R
0x00778920,0x004af060,R
0x0077893c,0x004af060,R
0x0056b430,0x004af060,R
0x004d33b8,0x004af060,R
0x0056bca8,0x004af060,R
0x004d33b0,0x004af060,R
0x004d3388,0x004af060,R
0x004d3388,0x004af060,R
0x0056bca8,0x004af060,R
0x004d33b0,0x004af060,R
0x004d338c,0x004af060,R
0x004d33bc,0x004af060,R
0x004d338c,0x004af060,R
0x0056bca8,0x004af060,R
0x00778920,0x004af060,R
0x0057da28,0x004af060,W
0x0057da28,0x004af060,W
0x004d33c0,0x004af060,R
0x004d33a0,0x004af060,R
0x004cc5d8,0x004af060,R
0x004d3390,0x004af060,R
0x004d3394,0x004af060,R
0x004cc5d8,0x004af060,R
0x004d3390,0x004af060,R
0x004d3394,0x004af060,R
0x004d3394,0x004af060,R
0x004d33b4,0x004af060,R
0x004cc5d8,0x004af060,R
0x004d3390,0x004af060,R
0x004d3394,0x004af060,R
0x004cc5d8,0x004af060,R
0x004d3390,0x004af060,R
0x004d3394,0x004af060,R
0x004d33c8,0x004af060,R
0x0056bca8,0x004af060,R
0x0056bca8,0x004af060,R
0x004d33d0,0x004af060,R
0x004d33d4,0x004af060,R
0x004d3394,0x004af060,R
0x00778920,0x004af060,R
0x0056bca8,0x004af060,R
0x004d33d8,0x004af060,R
0x004d339c,0x004af060,R
0x004d3394,0x004af060,R
0x004d33e0,0x004af060,R
0x0056bca8,0x004af060,R
0x0056bca8,0x004af060,R
0x004d3388,0x004af060,R
0x004cc4b4,0x004af060,R
0x0056bcac,0x004af060,R
0x00779a78,0x004af060,R
0x00779a74,0x004af060,R
0x0056bcac,0x004af060,R
0x004d33e8,0x004af060,R
0x00779a78,0x004af060,W
0x0057da28,0x004af060,W
0x004d3388,0x004b0530,R
0x004d33ec,0x004b0530,R
0x004d33ec,0x004b0530,R
0x004d339c,0x004b0530,R
0x00779a8c,0x004b0600,R
0x00779a90,0x004b0620,R
0x00779a94,0x004b0640,R
0x004cc5d8,0x004b0660,R
0x004d3394,0x004b0660,R
0x00779a7c,0x004b0660,R
0x00779a7c,0x004b0660,R
0x004cc5d8,0x004b0710,R
0x004d3394,0x004b0710,R
0x00779a7c,0x004b0710,R
0x00779a7c,0x004b0710,R
0x00779a88,0x004b07d0,R
0x00779a80,0x004b07d0,R
0x00779a88,0x004b07d0,R
0x00779a88,0x004b07d0,R
0x00778920,0x004b09d0,R
0x0077896c,0x004b0a50,R
0x004d338c,0x004b0a50,R
0x00778970,0x004b0a50,A
0x0077896c,0x004b0a50,R
0x00778974,0x004b0a50,A
0x0077896c,0x004b0a50,R
0x00778978,0x004b0a50,A
0x00778978,0x004b0a50,A
0x0077897c,0x004b0a50,A
0x00778980,0x004b0a50,A
0x0077896c,0x004b0a50,R
0x00778984,0x004b0a50,A
0x00778984,0x004b0a50,A
0x00778988,0x004b0a50,A
0x0077896c,0x004b0a50,R
0x007789ac,0x004b0a50,A
0x0077896c,0x004b0a50,R
0x0077896c,0x004b0a50,W
0x0077896c,0x004b0a50,R
0x004d3388,0x004b0ba0,R
0x00778968,0x004b0ba0,R
0x00778940,0x004b0ba0,W
0x00778944,0x004b0ba0,W
0x00778948,0x004b0ba0,W
0x0077894c,0x004b0ba0,W
0x00778950,0x004b0ba0,W
0x00778954,0x004b0ba0,W
0x00778920,0x004b0e20,R
0x004d33d8,0x004b0e20,R
0x004d33f0,0x004b0e20,R
0x004d339c,0x004b0e20,R
0x004d3394,0x004b0e20,R
0x0056bca8,0x004b0e20,R
0x004cc5d8,0x004b0fd0,R
0x004cc5d8,0x004b1030,R
0x00778964,0x004b1090,W
0x00778968,0x004b1090,W
0x004e42ec,0x004b1090,R
0x00778924,0x004b1090,W
0x00778928,0x004b1090,W
0x0077892c,0x004b1090,W
0x00778930,0x004b1090,W
0x00778934,0x004b1090,W
0x00778920,0x004b1090,W
0x0077895c,0x004b1090,W
0x00778960,0x004b1090,W
0x00779a7c,0x004b1090,W
0x0077896c,0x004b1090,W
0x00779a80,0x004b1090,W
0x00779a88,0x004b1090,W
0x00779a98,0x004b1090,W
0x00779a9c,0x004b1090,W
0x00779a78,0x004b1090,W
0x00779aa0,0x004b1090,W
0x00779aa4,0x004b1090,W
0x00779aac,0x004b1090,W
0x004e42f0,0x004b1090,A
0x00779aa0,0x004b1140,R
0x004e42f8,0x004b1140,A
0x00779a78,0x004b1160,W
0x00779aa0,0x004b1160,W
0x00778920,0x004b1190,W
0x00779a70,0x004b1190,W
0x004dadf4,0x004b1190,A
0x004e45d8,0x004b1190,A
0x004e45d0,0x004b1190,A
0x004e45a0,0x004b1190,A
0x004e45d8,0x004b1190,A
0x004e4590,0x004b1190,A
0x00779a74,0x004b1190,W
0x004e4580,0x004b1190,A
0x00779a8c,0x004b1190,W
0x004e456c,0x004b1190,A
0x00779a90,0x004b1190,W
0x004e455c,0x004b1190,A
0x00779a94,0x004b1190,W
0x004e4548,0x004b1190,A
0x00779a7c,0x004b1190,W
0x004e453c,0x004b1190,A
0x00778924,0x004b1190,W
0x004cc4ac,0x004b1190,R
0x00778928,0x004b1190,W
0x004e0fc8,0x004b1190,R
0x004cc4ac,0x004b1190,R
0x004db654,0x004b1190,A
0x004e4534,0x004b1190,A
0x004cc5e4,0x004b1190,R
0x004e4524,0x004b1190,A
0x004e4514,0x004b1190,A
0x004e4508,0x004b1190,A
0x004e4500,0x004b1190,A
0x004d33fc,0x004b1190,R
0x004e44f0,0x004b1190,A
0x004df450,0x004b1190,A
0x004e44e8,0x004b1190,A
0x004e44d4,0x004b1190,A
0x004e44cc,0x004b1190,A
0x004dd0bc,0x004b1190,A
0x004d33fc,0x004b1190,R
0x004e44bc,0x004b1190,A
0x004db408,0x004b1190,A
0x004e44a8,0x004b1190,A
0x004e449c,0x004b1190,A
0x004e4494,0x004b1190,A
0x004e448c,0x004b1190,A
0x004e447c,0x004b1190,A
0x004e4474,0x004b1190,A
0x004e4464,0x004b1190,A
0x004e4458,0x004b1190,A
0x004df804,0x004b1190,A
0x004e4448,0x004b1190,A
0x004e4438,0x004b1190,A
0x004e4428,0x004b1190,A
0x004e441c,0x004b1190,A
0x004e4408,0x004b1190,A
0x004e43fc,0x004b1190,A
0x004e43f0,0x004b1190,A
0x004e43e8,0x004b1190,A
0x004e43e0,0x004b1190,A
0x004e43d8,0x004b1190,A
0x004e43c8,0x004b1190,A
0x004e43c0,0x004b1190,A
0x004e0fd0,0x004b1190,R
0x004e1198,0x004b1190,A
0x004e0fc8,0x004b1190,R
0x004e0fd4,0x004b1190,A
0x004e0fd4,0x004b1190,A
0x004e0fd4,0x004b1190,R
0x004e0fd8,0x004b1190,R
0x004e0fd4,0x004b1190,R
0x004e1190,0x004b1190,A
0x004e0fc8,0x004b1190,R
0x004e0fd8,0x004b1190,A
0x004e43ac,0x004b1190,A
0x004e43a4,0x004b1190,A
0x004e439c,0x004b1190,A
0x004e4390,0x004b1190,A
0x004e4380,0x004b1190,A
0x004e436c,0x004b1190,A
0x0056bbe8,0x004b1190,R
0x004e4354,0x004b1190,A
0x004d33f8,0x004b1190,R
0x0077892c,0x004b1190,R
0x0077892c,0x004b1190,W
0x0077892c,0x004b1190,R
0x004cc4ac,0x004b1190,R
0x00778930,0x004b1190,W
0x0077892c,0x004b1190,R
0x00778934,0x004b1190,W
0x004e4344,0x004b1190,A
0x004cc5c4,0x004b1190,R
0x00778934,0x004b1190,R
0x00778934,0x004b1190,W
0x0077892c,0x004b1190,R
0x004e431c,0x004b1190,A
0x004e45d8,0x004b1190,A
0x0077893c,0x004b1190,W
0x0077893c,0x004b1190,W
0x004e4304,0x004b1190,A
0x004e45d8,0x004b1190,A
0x00779a98,0x004b1d80,W
0x00778924,0x004b1d90,R
0x00778928,0x004b1d90,R
0x004cc5b4,0x004b1d90,R
0x00778924,0x004b1d90,R
0x00778928,0x004b1d90,R
0x00778928,0x004b1d90,W
0x00778930,0x004b1d90,R
0x00778930,0x004b1d90,W
0x00779a70,0x004b1d90,R
0x00778920,0x004b1d90,W
0x00779a70,0x004b1d90,W
0x00778924,0x004b1d90,W
0x00778928,0x004b1d90,W
0x0077892c,0x004b1d90,W
0x00778930,0x004b1d90,W
0x00778934,0x004b1d90,W
0x00778920,0x004b1d90,W
0x0077895c,0x004b1d90,W
0x00778960,0x004b1d90,W
0x00778964,0x004b1d90,W
0x00778968,0x004b1d90,W
0x0077896c,0x004b1d90,W
0x00779aa0,0x004b1d90,W
0x004cc4ac,0x004b1ec0,R
0x004e4600,0x004b1ec0,A
0x004cc5c4,0x004b1ec0,R
0x00778920,0x004b1ec0,R
0x004cc5b4,0x004b1f90,R
0x004dd178,0x004b1fa0,A
0x004e4650,0x004b1fa0,A
0x004e463c,0x004b1fa0,A
0x004e462c,0x004b1fa0,A
0x004e4620,0x004b1fa0,A
0x004e4610,0x004b1fa0,A
0x004dc17c,0x004b1fa0,A
0x004df80c,0x004b1fa0,A
0x004e4658,0x004b2160,A
0x00778938,0x004b2160,R
0x00778938,0x004b2160,W
0x00778938,0x004b21e0,R
0x00778938,0x004b21e0,W
0x004d3408,0x004b2210,R
0x004d340c,0x004b2210,R
0x004d3410,0x004b2210,R
0x004d3414,0x004b2210,R
0x004d3418,0x004b2300,R
0x0056b424,0x004b2300,R
0x004d3408,0x004b2300,R
0x004d3408,0x004b2300,R
0x004d3408,0x004b2300,R
0x004d340c,0x004b2300,R
0x0056b428,0x004b2300,R
0x004d3414,0x004b2300,R
0x004d3414,0x004b2300,R
0x004d3414,0x004b2300,R
0x004d3414,0x004b2300,R
0x0056b428,0x004b2300,R
0x0056b424,0x004b2300,R
0x004d3420,0x004b2300,R
0x004d3418,0x004b2300,R
0x004d3410,0x004b2300,R
0x004d3414,0x004b2300,R
0x00778938,0x004b2520,R
0x00778938,0x004b2520,W
0x00778920,0x004b2520,R
0x00778920,0x004b2570,R
0x00778938,0x004b2570,R
0x00778938,0x004b2570,W
0x004cc4ac,0x004b25a0,R
0x004cc5b4,0x004b2630,R
0x004cc4ac,0x004b26b0,R
0x00779a80,0x004b26f0,W
0x00779a88,0x004b26f0,W
0x00778968,0x004b26f0,R
0x00778940,0x004b26f0,W
0x00778944,0x004b26f0,W
0x00778948,0x004b26f0,W
0x0077894c,0x004b26f0,W
0x00778950,0x004b26f0,W
0x00778954,0x004b26f0,W
0x00779a9c,0x004b26f0,R
0x00778958,0x004b26f0,W
0x00779a84,0x004b26f0,W
0x00779a80,0x004b26f0,R
0x00779a84,0x004b26f0,R
0x00779aa4,0x004b26f0,R
0x00779aa0,0x004b26f0,W
0x00778968,0x004b2880,R
0x00778940,0x004b2880,W
0x00778944,0x004b2880,W
0x00778948,0x004b2880,W
0x0077894c,0x004b2880,W
0x00778950,0x004b2880,W
0x00778954,0x004b2880,W
0x00779a88,0x004b28e0,W
0x00779a80,0x004b28e0,W
0x00779a84,0x004b2900,W
0x00778940,0x004b2910,A
0x00778958,0x004b2920,R
0x0056bcb0,0x004b2930,W
0x0056bcb0,0x004b2940,R
0x0056bcb0,0x004b2940,W
0x0056bcd8,0x004b2960,R
0x0056bcdc,0x004b2960,R
0x0056bce0,0x004b2960,R
0x004e4668,0x004b2960,R
0x004e466c,0x004b2960,R
0x004e466d,0x004b2960,R
0x004e466c,0x004b2960,R
0x004e4670,0x004b2960,R
0x004e4674,0x004b2960,R
0x0056bcd8,0x004b2960,R
0x004e4678,0x004b2960,A
0x004e4678,0x004b2960,R
0x004e4679,0x004b2960,R
0x004e4678,0x004b2960,R
0x004e4678,0x004b2960,R
0x004e4679,0x004b2960,R
0x0056bcdc,0x004b2960,R
0x004e4678,0x004b2960,A
0x004e4678,0x004b2960,R
0x004e4679,0x004b2960,R
0x004e4678,0x004b2960,R
0x004e4678,0x004b2960,R
0x004e4679,0x004b2960,R
0x0056bce0,0x004b2960,R
0x004cc00c,0x004b2960,R
0x004cc004,0x004b2960,R
0x0056bcd0,0x004b2960,R
0x004cc010,0x004b2960,R
0x004cc010,0x004b2960,R
0x004cc004,0x004b2960,R
0x0056bcd8,0x004b2bf0,R
0x0056bcdc,0x004b2bf0,R
0x004e4668,0x004b2bf0,R
0x0056bce0,0x004b2bf0,R
0x004e466c,0x004b2bf0,R
0x004e466d,0x004b2bf0,R
0x004e466c,0x004b2bf0,R
0x004e466d,0x004b2bf0,R
0x0056bcd8,0x004b2bf0,R
0x004e4678,0x004b2bf0,A
0x004e4678,0x004b2bf0,R
0x004e4679,0x004b2bf0,R
0x0056bcdc,0x004b2bf0,R
0x004e4678,0x004b2bf0,A
0x004e4678,0x004b2bf0,R
0x004e4679,0x004b2bf0,R
0x0056bce0,0x004b2bf0,R
0x004cc008,0x004b2bf0,R
0x004cc004,0x004b2bf0,R
0x004cc004,0x004b2bf0,R
0x0056bcd0,0x004b2bf0,R
0x004cc014,0x004b2bf0,R
0x004cc004,0x004b2bf0,R
0x004cc4ac,0x004b2e80,R
0x004cc5e4,0x004b2e80,R
0x004cc5b4,0x004b2e80,R
0x0056bcd0,0x004b2e80,R
0x0056bcd0,0x004b2e80,W
0x0056bcbc,0x004b2f50,R
0x0056bcc8,0x004b2f50,R
0x0056bcbc,0x004b2f50,W
0x0056bcbc,0x004b2f50,A
0x0056bcc8,0x004b2f50,W
0x0056bcbc,0x004b2f50,R
0x0056bcbc,0x004b2fa0,R
0x0056bcbc,0x004b2fa0,W
0x0056bcbc,0x004b2fc0,R
0x0056bce4,0x004b3090,A
0x0056bce4,0x004b3090,R
0x0056bce8,0x004b3090,R
0x004cc5a0,0x004b3160,R
0x004cc148,0x004b3230,R
0x004cc5e4,0x004b3260,R
0x0056bcd8,0x004b3260,W
0x0056bcdc,0x004b3260,W
0x0056bce4,0x004b3260,A
0x0056bce0,0x004b3260,W
0x0056bcd0,0x004b3260,W
0x0056bcd4,0x004b3260,W
0x0056bcd4,0x004b32c0,R
0x004cc5b4,0x004b32c0,R
0x0056bcd0,0x004b32c0,R
0x0056bcd0,0x004b32c0,W
0x0056bce0,0x004b32c0,R
0x0056bce0,0x004b32c0,W
0x0056bcdc,0x004b32c0,R
0x0056bcdc,0x004b32c0,W
0x0056bcd8,0x004b32c0,R
0x0056bcd8,0x004b32c0,W
0x0056bcd4,0x004b32c0,W
0x0056bcd0,0x004b3380,R
0x0056bd14,0x004b3420,W
0x0056bd14,0x004b3420,R
0x004e468c,0x004b3480,R
0x004e4690,0x004b3480,R
0x004e4694,0x004b3480,R
0x004e467c,0x004b3480,R
0x004e4680,0x004b3480,R
0x004e4684,0x004b3480,R
0x0056bd14,0x004b3480,W
0x004e468c,0x004b3640,R
0x004e4690,0x004b3640,R
0x004e4694,0x004b3640,R
0x004e467c,0x004b3640,R
0x004e4680,0x004b3640,R
0x004e4684,0x004b3640,R
0x0056bd14,0x004b3640,W
0x004e46a0,0x004b36f0,A
0x004cc154,0x004b37f0,R
0x004cc150,0x004b37f0,R
0x004cc0e0,0x004b38e0,R
0x004cc154,0x004b38e0,R
0x004cc150,0x004b38e0,R
0x004cc15c,0x004b38e0,R
0x004cc128,0x004b38e0,R
0x004cc128,0x004b38e0,R
0x004cc0e0,0x004b3b50,R
0x004cc15c,0x004b3b50,R
0x004cc128,0x004b3b50,R
0x004cc128,0x004b3b50,R
0x004d3428,0x004b3d00,A
0x004d3428,0x004b3d50,A
0x004cca10,0x004b3d50,A
0x004e4870,0x004b3e90,R
0x0056bd1c,0x004b3fb0,R
0x004cca10,0x004b4070,A
0x004cca30,0x004b4070,R
0x004cca10,0x004b40c0,A
0x004e4870,0x004b4180,R
0x004d34a0,0x004b41e0,R
0x004d34a8,0x004b4280,R
0x004d34d8,0x004b42f0,A
0x004cc52c,0x004b42f0,R
0x004d34d8,0x004b4370,A
0x004cc5a0,0x004b4390,R
0x004cc5a0,0x004b43d0,R
0x004d3500,0x004b4620,A
0x004cca10,0x004b47a0,A
0x004d34c8,0x004b47b0,R
0x004d3608,0x004b49e0,A
0x004d3578,0x004b49e0,A
0x004d35d8,0x004b49e0,R
0x004d3578,0x004b4ac0,A
0x004cca10,0x004b4ac0,A
0x004d34b0,0x004b4b50,A
0x004cc5d0,0x004b4b50,R
0x004d3630,0x004b4ee0,A
0x004d3650,0x004b4ee0,R
0x004d3630,0x004b50c0,A
0x004e4710,0x004b59f0,A
0x004e4708,0x004b59f0,A
0x004e46fc,0x004b59f0,A
0x004e4708,0x004b59f0,A
0x004dc17c,0x004b59f0,A
0x004e46f4,0x004b59f0,A
0x004cd388,0x004b59f0,A
0x004cd3fc,0x004b59f0,R
0x004cd394,0x004b59f0,R
0x004cd388,0x004b59f0,A
0x004cd3fc,0x004b59f0,R
0x004cd394,0x004b59f0,R
0x004e46ec,0x004b59f0,A
0x004e46e4,0x004b59f0,A
0x004db428,0x004b59f0,A
0x004d34d4,0x004b59f0,R
0x004e46dc,0x004b59f0,A
0x004e4708,0x004b59f0,A
0x004dc17c,0x004b59f0,A
0x004e46f4,0x004b59f0,A
0x004cd388,0x004b59f0,A
0x004cd3fc,0x004b59f0,R
0x004cd394,0x004b59f0,R
0x004cd388,0x004b59f0,A
0x004cd3fc,0x004b59f0,R
0x004cd394,0x004b59f0,R
0x004e46ec,0x004b59f0,A
0x004e46e4,0x004b59f0,A
0x004db428,0x004b59f0,A
0x004d34d4,0x004b59f0,R
0x004e46d0,0x004b59f0,A
0x004e4708,0x004b59f0,A
0x004dc17c,0x004b59f0,A
0x004e46f4,0x004b59f0,A
0x004cd388,0x004b59f0,A
0x004cd3fc,0x004b59f0,R
0x004cd394,0x004b59f0,R
0x004cd388,0x004b59f0,A
0x004cd3fc,0x004b59f0,R
0x004cd394,0x004b59f0,R
0x004e46ec,0x004b59f0,A
0x004e46e4,0x004b59f0,A
0x004db428,0x004b59f0,A
0x004d34d4,0x004b59f0,R
0x004e46f4,0x004b59f0,A
0x004cd388,0x004b59f0,A
0x004cd3fc,0x004b59f0,R
0x004cd394,0x004b59f0,R
0x004cd388,0x004b59f0,A
0x004cd3fc,0x004b59f0,R
0x004cd394,0x004b59f0,R
0x004e46ec,0x004b59f0,A
0x004e46e4,0x004b59f0,A
0x004db428,0x004b59f0,A
0x004d34d4,0x004b59f0,R
0x004d36b8,0x004b6fc0,A
0x004d36b8,0x004b7020,A
0x004e4740,0x004b7340,A
0x004e4708,0x004b7340,A
0x004e4738,0x004b7340,A
0x004cd388,0x004b7340,A
0x004cd3fc,0x004b7340,R
0x004cd394,0x004b7340,R
0x004cd408,0x004b7340,R
0x004cd3e8,0x004b7340,R
0x004e4728,0x004b7340,A
0x004e4708,0x004b7340,A
0x004e4738,0x004b7340,A
0x004cd388,0x004b7340,A
0x004cd3fc,0x004b7340,R
0x004cd394,0x004b7340,R
0x004cd408,0x004b7340,R
0x004cd3e8,0x004b7340,R
0x004e46f4,0x004b7340,A
0x004cd388,0x004b7340,A
0x004cd3fc,0x004b7340,R
0x004cd394,0x004b7340,R
0x004cd408,0x004b7340,R
0x004cd3e8,0x004b7340,R
0x004cd388,0x004b7340,A
0x004cd3fc,0x004b7340,R
0x004cd394,0x004b7340,R
0x004cd408,0x004b7340,R
0x004cd3e8,0x004b7340,R
0x004e471c,0x004b7340,A
0x004e4708,0x004b7340,A
0x004e4738,0x004b7340,A
0x004cd388,0x004b7340,A
0x004cd3fc,0x004b7340,R
0x004cd394,0x004b7340,R
0x004cd408,0x004b7340,R
0x004cd3e8,0x004b7340,R
0x004d3740,0x004b7d60,A
0x004d3740,0x004b7de0,A
0x004cd388,0x004b7fd0,A
0x004cd3fc,0x004b7fd0,R
0x004e475c,0x004b82e0,A
0x004e4750,0x004b82e0,A
0x004e4748,0x004b82e0,A
0x004e4738,0x004b82e0,A
0x004e4708,0x004b82e0,A
0x004d37c8,0x004b8450,A
0x004d37c8,0x004b84d0,A
0x004e4764,0x004b85c0,A
0x004d3850,0x004b8760,A
0x004d3850,0x004b87c0,A
0x004e4770,0x004b8850,A
0x004d38d8,0x004b8b10,A
0x004d38d8,0x004b8b60,A
0x004e477c,0x004b8be0,A
0x004d3960,0x004b8d30,A
0x004cda80,0x004b8d30,A
0x004e47b0,0x004b8de0,A
0x004e47a4,0x004b8de0,A
0x004e479c,0x004b8de0,A
0x004e4790,0x004b8de0,A
0x004e4784,0x004b8de0,A
0x004da97c,0x004b9330,A
0x004da97c,0x004b9330,A
0x004da97c,0x004b9330,A
0x004d3a08,0x004b9540,A
0x004d39f8,0x004b9540,A
0x004da69c,0x004b9540,A
0x004d39f8,0x004b9760,A
0x004e4824,0x004b9900,A
0x004dfc04,0x004b9900,A
0x004dadb4,0x004b9900,A
0x004e0968,0x004b9900,A
0x004e0968,0x004b9900,R
0x004e096a,0x004b9900,R
0x004e0969,0x004b9900,R
0x004e096b,0x004b9900,R
0x004e0960,0x004b9900,A
0x004e0960,0x004b9900,R
0x004e0962,0x004b9900,R
0x004e0961,0x004b9900,R
0x004e0963,0x004b9900,R
0x004e481c,0x004b9900,A
0x004e481c,0x004b9900,R
0x004e481e,0x004b9900,R
0x004e481d,0x004b9900,R
0x004e481f,0x004b9900,R
0x004e4808,0x004b9900,A
0x004e47f4,0x004b9900,A
0x004e47e4,0x004b9900,A
0x004e47dc,0x004b9900,A
0x004e4708,0x004b9900,A
0x004e481c,0x004b9900,A
0x004e47d4,0x004b9900,A
0x004e47c0,0x004b9900,A
0x004e4838,0x004ba070,A
0x004e4864,0x004ba0e0,A
0x004e4708,0x004ba0e0,A
0x004e4710,0x004ba0e0,A
0x004e4858,0x004ba0e0,A
0x004e475c,0x004ba0e0,A
0x004db428,0x004ba0e0,A
0x004e484c,0x004ba0e0,A
0x004e4840,0x004ba0e0,A
0x004d3a88,0x004ba740,A
0x004cc098,0x004ba740,R
0x004d3a88,0x004ba850,A
0x004cc090,0x004ba850,R
0x004cc094,0x004ba850,R
0x004cc5a0,0x004ba850,R
0x004cc090,0x004ba9e0,R
0x004cc094,0x004ba9e0,R
0x004cc5a0,0x004ba9e0,R
0x004d3a88,0x004bab40,A
0x004cc070,0x004bab40,R
0x004cca10,0x004bab40,A
0x004cc070,0x004babb0,R
0x004cc088,0x004babb0,R
0x004cc0a4,0x004bac10,R
0x004cc06c,0x004bac10,R
0x004cc67c,0x004bac10,R
0x004cc5dc,0x004bac10,R
0x0056bc38,0x004bac10,R
0x004cc06c,0x004bac10,R
0x004cc078,0x004bac10,R
0x004cc07c,0x004bac10,R
0x004cc080,0x004bac10,R
0x004cc67c,0x004bac10,R
0x004cc080,0x004bac10,R
0x004cc67c,0x004bac10,R
0x0056bc3c,0x004bac10,R
0x004cc084,0x004bac10,R
0x004cc08c,0x004bac10,R
0x004cc0dc,0x004bac10,R
0x004d3b20,0x004bb0c0,R
0x004d3b28,0x004bb0c0,R
0x004d3b30,0x004bb0c0,R
0x004cc0a4,0x004bb1c0,R
0x004cc06c,0x004bb1c0,R
0x004cc5e4,0x004bb1c0,R
0x004cc67c,0x004bb1c0,R
0x004cc5b4,0x004bb1c0,R
0x004cc08c,0x004bb1c0,R
0x004e0be4,0x004bb1c0,A
0x004cc67c,0x004bb1c0,R
0x004cc08c,0x004bb1c0,R
0x004cc0a4,0x004bb2a0,R
0x004cc06c,0x004bb2a0,R
0x004cc074,0x004bb2a0,R
0x004cc08c,0x004bb2a0,R
0x004cc530,0x004bb540,R
0x004cc5cc,0x004bb540,R
0x004cc5a0,0x004bb540,R
0x004cc530,0x004bb5e0,R
0x004cc5cc,0x004bb5e0,R
0x004cc5a0,0x004bb5e0,R
0x004cc5a0,0x004bb680,R
0x004cc5cc,0x004bb680,R
0x004d3b40,0x004bb790,A
0x004cd388,0x004bb790,A
0x004e0be4,0x004bb790,A
0x004d3ba0,0x004bb790,R
0x004cd388,0x004bbca0,A
0x004e5ce0,0x004bbed0,A
0x004cd388,0x004bc410,A
0x004d3bd8,0x004bc480,A
0x004d3c50,0x004bc510,A
0x004d3c50,0x004bc540,A
0x004e4870,0x004bc760,W
0x004d3c58,0x004bc780,A
0x004d3c5c,0x004bc780,R
0x004d3c58,0x004bc7b0,A
0x004d3c60,0x004bc930,R
0x004d3c64,0x004bc930,R
0x004d3c68,0x004bc9f0,R
0x004d3c68,0x004bc9f0,R
0x004d3c68,0x004bc9f0,R
0x004d3c70,0x004bcb50,A
0x004d3c90,0x004bcb50,R
0x004d3c90,0x004bcb50,R
0x004d3c70,0x004bcbe0,A
0x004cc5a0,0x004bcbe0,R
0x004cc5a0,0x004bcc80,R
0x004cc4a8,0x004bccf0,R
0x004d3ce8,0x004bcf20,A
0x004d3d60,0x004bd020,A
0x004dacc0,0x004bd020,A
0x004da97c,0x004bd160,A
0x0056bd24,0x004bd280,R
0x004e5ce0,0x004bd2a0,A
0x004d3d68,0x004bd2d0,A
0x004dacc0,0x004bd2d0,A
0x0056bd34,0x004bd470,R
0x0056bd34,0x004bd470,W
0x0056bd30,0x004bd470,R
0x0056bd30,0x004bd470,W
0x0056bd38,0x004bd470,R
0x0056bd38,0x004bd470,W
0x0056bd30,0x004bd470,R
0x0056bd30,0x004bd470,W
0x0056bd34,0x004bd660,R
0x0056b424,0x004bd660,R
0x004d3d70,0x004bd660,R
0x004e4878,0x004bd6f0,W
0x004e487c,0x004bd6f0,W
0x004e4888,0x004bd6f0,W
0x004e488c,0x004bd6f0,W
0x004e4890,0x004bd720,R
0x004e4890,0x004bd720,R
0x004e4880,0x004bd720,R
0x004e4880,0x004bd720,R
0x004e4880,0x004bd720,R
0x004e4880,0x004bd720,R
0x004e4880,0x004bd720,R
0x004e4880,0x004bd720,R
0x004e4890,0x004bd720,R
0x004e4890,0x004bd720,R
0x004e4890,0x004bd720,R
0x004e4890,0x004bd720,R
0x004e4888,0x004bd880,R
0x004e4888,0x004bd880,R
0x004e4878,0x004bd880,R
0x004e4878,0x004bd880,R
0x004e4878,0x004bd880,R
0x004e4878,0x004bd880,R
0x004e4888,0x004bd880,R
0x004e4888,0x004bd880,R
0x004e4878,0x004bd880,R
0x004e4878,0x004bd880,R
0x004e4888,0x004bd880,R
0x004e4888,0x004bd880,R
0x004e488c,0x004bd9f0,R
0x004e488c,0x004bd9f0,R
0x004e487c,0x004bd9f0,R
0x004e487c,0x004bd9f0,R
0x004e487c,0x004bd9f0,R
0x004e487c,0x004bd9f0,R
0x004e488c,0x004bd9f0,R
0x004e488c,0x004bd9f0,R
0x004e487c,0x004bd9f0,R
0x004e487c,0x004bd9f0,R
0x004e488c,0x004bd9f0,R
0x004e488c,0x004bd9f0,R
0x004d3df0,0x004bdc70,A
0x0056bbe8,0x004bdc70,R
0x004e4894,0x004bdc70,A
0x004cc5dc,0x004bdc70,R
0x0056bc08,0x004bdc70,R
0x004d3df0,0x004bde40,A
0x0056bbe8,0x004bde40,R
0x0056bc1c,0x004bde40,R
0x004cca10,0x004bde40,A
0x004cc5d8,0x004bdee0,R
0x004d3e68,0x004bdee0,R
0x004d3e6c,0x004bdee0,R
0x004d3e70,0x004bdee0,R
0x004d3e74,0x004bdee0,R
0x004d3e7c,0x004bdee0,R
0x004d3e78,0x004bdee0,R
0x004d3e70,0x004bdee0,R
0x004d3e74,0x004bdee0,R
0x004d3e7c,0x004bdee0,R
0x004d3e78,0x004bdee0,R
0x0056bbe8,0x004bdfd0,R
0x0056bc18,0x004bdfd0,R
0x004d3e80,0x004bdfd0,R
0x004d3e80,0x004bdfd0,R
0x004d3e80,0x004bdfd0,R
0x004d3e80,0x004bdfd0,R
0x004d3e80,0x004bdfd0,R
0x004d3e80,0x004bdfd0,R
0x0056bc5c,0x004bdfd0,R
0x0056bc6c,0x004bdfd0,R
0x004d3eb8,0x004be280,A
0x0056bf68,0x004be2f0,R
0x0056bf68,0x004be2f0,W
0x0056bf48,0x004be2f0,A
0x0056bf48,0x004be2f0,R
0x0056bf4c,0x004be2f0,R
0x0056bf50,0x004be2f0,R
0x004d3e84,0x004be2f0,R
0x0056bf4c,0x004be2f0,W
0x0056bf48,0x004be2f0,W
0x004d3e84,0x004be2f0,R
0x0056bf50,0x004be2f0,W
0x004d3e84,0x004be2f0,R
0x004d3e88,0x004be2f0,R
0x004d3e88,0x004be2f0,R
0x004d3e88,0x004be2f0,R
0x004d3e90,0x004be2f0,R
0x004d3e98,0x004be2f0,R
0x004d3ea0,0x004be2f0,R
0x004d3ea0,0x004be2f0,R
0x004d3ea0,0x004be2f0,R
0x004d3e7c,0x004be2f0,R
0x004d3e7c,0x004be2f0,R
0x004d3ea4,0x004be2f0,R
0x004d3ea4,0x004be2f0,R
0x004d3ea4,0x004be2f0,R
0x004d3ea4,0x004be2f0,R
0x004d3ea8,0x004be2f0,R
0x004d3e90,0x004be2f0,R
0x004d3eb0,0x004be2f0,R
0x004d3f30,0x004be810,A
0x004d3f30,0x004be870,A
0x0056bf6c,0x004be880,R
0x0056bf6c,0x004be880,W
0x0056bf58,0x004be880,A
0x0056bf58,0x004be880,R
0x0056bf5c,0x004be880,R
0x0056bf60,0x004be880,R
0x004d3e84,0x004be880,R
0x0056bf5c,0x004be880,W
0x0056bf58,0x004be880,W
0x004d3e84,0x004be880,R
0x0056bf60,0x004be880,W
0x004d3e84,0x004be880,R
0x004d3e88,0x004be880,R
0x004d3e88,0x004be880,R
0x004d3e88,0x004be880,R
0x004d3e90,0x004be880,R
0x004d3e98,0x004be880,R
0x004d3ea0,0x004be880,R
0x004d3ea0,0x004be880,R
0x004d3ea0,0x004be880,R
0x004d3e7c,0x004be880,R
0x004d3e7c,0x004be880,R
0x004d3ea4,0x004be880,R
0x004d3ea4,0x004be880,R
0x004d3ea4,0x004be880,R
0x004d3ea4,0x004be880,R
0x0056bd58,0x004bee50,A
0x0056bd58,0x004beee0,A
0x0056bd58,0x004bef10,A
0x0056bd58,0x004bef40,A
0x0056bd58,0x004bef50,A
0x0056bd58,0x004bef70,A
0x004d3fb0,0x004bef90,A
0x004d3fa8,0x004bef90,A
0x004d4010,0x004bef90,R
0x004d3fac,0x004bef90,R
0x004d40c8,0x004bf060,A
0x004d4040,0x004bf060,A
0x004d4028,0x004bf060,A
0x004e48b8,0x004bf060,A
0x004e48ac,0x004bf060,A
0x004e48a4,0x004bf060,A
0x004e489c,0x004bf060,A
0x004cc5dc,0x004bf060,R
0x004cc5dc,0x004bf060,R
0x004cc5dc,0x004bf060,R
0x004e5ce0,0x004bf060,A
0x004e5ce0,0x004bf060,A
0x004d4144,0x004bf060,R
0x004d40c8,0x004bf060,A
0x004d40d4,0x004bf060,R
0x004d4128,0x004bf060,R
0x004d4028,0x004bf560,A
0x004cc5b4,0x004bf560,R
0x0056bbe8,0x004bf630,R
0x0056bbfc,0x004bf630,R
0x0056bbe8,0x004bf630,R
0x0056b424,0x004bf630,R
0x004d4150,0x004bf840,A
0x004d41c8,0x004bf980,A
0x004d41c8,0x004bfa20,A
0x004cc5dc,0x004bfae0,R
0x004d4248,0x004bfcd0,A
0x004cca10,0x004bfcd0,A
0x004cc5a0,0x004bfd40,R
0x004cc508,0x004bfd40,R
0x0056bf70,0x004bffe0,R
0x0056bf70,0x004c0030,R
0x0056bf70,0x004c0050,R
0x0056bf70,0x004c0070,R
0x0056bf70,0x004c0080,R
0x0056bf70,0x004c00a0,R
0x0056bf70,0x004c00c0,R
0x0056bf70,0x004c00e0,R
0x0056bf70,0x004c0100,W
0x0056bf70,0x004c0180,R
0x0056bf70,0x004c0180,W
0x004cc5a0,0x004c0400,R
0x004cc4c0,0x004c0400,R
0x004e48e4,0x004c0400,A
0x004dad08,0x004c0400,A
0x004e5ce0,0x004c0630,R
0x004e48e8,0x004c0630,A
0x004cc5c4,0x004c0630,R
0x004cc4fc,0x004c0700,R
0x004cc490,0x004c0700,R
0x004cc4a0,0x004c0700,R
0x004cc49c,0x004c0700,R
0x004cc5dc,0x004c0700,R
0x004cc4e0,0x004c0700,R
0x004cc5b4,0x004c0700,R
0x004cc538,0x004c0700,R
0x004cc534,0x004c0780,R
0x004cc594,0x004c0780,R
0x004cc4fc,0x004c0780,R
0x004cc49c,0x004c0780,R
0x004cc538,0x004c07c0,R
0x004cc5dc,0x004c0d20,R
0x004d42c0,0x004c0d20,A
0x004cc5e4,0x004c0d20,R
0x004d42c0,0x004c0e50,A
0x004cc5b4,0x004c0e50,R
0x004cc5b4,0x004c0f70,R
0x0056bf78,0x004c1020,A
0x0056bf78,0x004c1020,A
0x0056bf78,0x004c1020,W
0x0056bf7c,0x004c1020,W
0x0056bf78,0x004c1020,A
0x004e4904,0x004c1090,A
0x004cc5b4,0x004c1090,R
0x004cc53c,0x004c1160,R
0x004cc4e0,0x004c1160,R
0x004cc5dc,0x004c1160,R
0x004cc5d0,0x004c1250,R
0x0056c378,0x004c1250,W
0x0056c378,0x004c1250,A
0x004cc4f0,0x004c1250,R
0x004cc5a0,0x004c1250,R
0x0056c378,0x004c1250,A
0x0056c378,0x004c1250,R
0x0056c379,0x004c1250,R
0x0056c378,0x004c1250,W
0x0056c37c,0x004c1250,W
0x0056c379,0x004c1250,W
0x0056c37c,0x004c1250,W
0x0056c37d,0x004c1250,W
0x004cc5d0,0x004c1250,R
0x0056c378,0x004c1250,A
0x0056c378,0x004c1250,R
0x0056c379,0x004c1250,R
0x0056c378,0x004c1250,W
0x0056c37c,0x004c1250,W
0x0056c379,0x004c1250,W
0x0056c37c,0x004c1250,W
0x0056c37d,0x004c1250,W
0x004cc5a0,0x004c1250,R
0x0056c378,0x004c1250,A
0x004cc5d0,0x004c13c0,R
0x004cc5e4,0x004c13c0,R
0x004cc5dc,0x004c13c0,R
0x004cc544,0x004c13c0,R
0x004cc540,0x004c13c0,R
0x004e4918,0x004c13c0,A
0x004e4918,0x004c13c0,A
0x004cc4a0,0x004c1500,R
0x004e48f0,0x004c1500,R
0x004df81c,0x004c1500,A
0x004cc5b8,0x004c1500,R
0x004cc5c0,0x004c1500,R
0x004cc490,0x004c1500,R
0x004cc5b4,0x004c1670,R
0x004cc5b4,0x004c16c0,R
0x004da634,0x004c1710,A
0x004da634,0x004c1710,R
0x004da636,0x004c1710,R
0x004da635,0x004c1710,R
0x004da637,0x004c1710,R
0x004cc4ec,0x004c1780,R
0x004cc4ec,0x004c1780,R
0x004cc5e4,0x004c1780,R
0x004cc4dc,0x004c1870,R
0x004e4920,0x004c1870,A
0x004dd1c4,0x004c1870,A
0x004cc4ec,0x004c18c0,R
0x004cc5b4,0x004c1960,R
0x004cc4c8,0x004c19c0,R
0x004e210c,0x004c19c0,A
0x004e2110,0x004c19c0,A
0x004cc548,0x004c1a00,R
0x004d42cc,0x004c1a00,R
0x004cc5d4,0x004c1a20,R
0x004e4944,0x004c1ab0,A
0x004e4934,0x004c1ab0,A
0x004e4924,0x004c1ab0,A
0x004e495c,0x004c1b50,A
0x004cc5cc,0x004c1b50,R
0x004e4958,0x004c1b50,A
0x004cc5cc,0x004c1b50,R
0x004cc5cc,0x004c1c50,R
0x004e4a20,0x004c1c50,A
0x004e4a18,0x004c1c50,A
0x004e4a10,0x004c1c50,A
0x004e4a08,0x004c1c50,A
0x004cc4b8,0x004c1c50,R
0x004cc54c,0x004c1c50,R
0x004e49ec,0x004c1c50,A
0x004e49e4,0x004c1c50,A
0x004e49e4,0x004c1c50,R
0x004e49e6,0x004c1c50,R
0x004e49e5,0x004c1c50,R
0x004e49e7,0x004c1c50,R
0x004e49e0,0x004c1c50,A
0x004e49d8,0x004c1c50,A
0x004cc5e4,0x004c1c50,R
0x004cc5b4,0x004c1c50,R
0x004e49d4,0x004c1c50,A
0x004e49c8,0x004c1c50,A
0x004e49bc,0x004c1c50,A
0x004e49ac,0x004c1c50,A
0x004e49a8,0x004c1c50,A
0x004e498c,0x004c1c50,A
0x004e49e0,0x004c1c50,A
0x004e4988,0x004c1c50,A
0x004e4960,0x004c1c50,A
0x004dad08,0x004c2030,A
0x004e4a28,0x004c2030,A
0x004cc5cc,0x004c20a0,R
0x004e5948,0x004c20a0,A
0x004e591c,0x004c20a0,A
0x004e58f0,0x004c20a0,A
0x004e58dc,0x004c20a0,A
0x004e58cc,0x004c20a0,A
0x004e58b8,0x004c20a0,A
0x004cc5cc,0x004c20a0,R
0x004e58a8,0x004c20a0,A
0x004e5894,0x004c20a0,A
0x004e5894,0x004c20a0,R
0x004e5896,0x004c20a0,R
0x004e5895,0x004c20a0,R
0x004e5897,0x004c20a0,R
0x004e5878,0x004c20a0,A
0x004e5868,0x004c20a0,A
0x004e5854,0x004c20a0,A
0x004e5844,0x004c20a0,A
0x004d42d0,0x004c20a0,R
0x004d42d0,0x004c20a0,R
0x004e5830,0x004c20a0,A
0x004e581c,0x004c20a0,A
0x004e5804,0x004c20a0,A
0x004e57ec,0x004c20a0,A
0x004e57d8,0x004c20a0,A
0x004e57d8,0x004c20a0,R
0x004e57da,0x004c20a0,R
0x004e57d9,0x004c20a0,R
0x004e57db,0x004c20a0,R
0x004e57c4,0x004c20a0,A
0x004e57c4,0x004c20a0,R
0x004e57c6,0x004c20a0,R
0x004e57c5,0x004c20a0,R
0x004e57c7,0x004c20a0,R
0x004e57ac,0x004c20a0,A
0x004e579c,0x004c20a0,A
0x004e578c,0x004c20a0,A
0x004e577c,0x004c20a0,A
0x004e5768,0x004c20a0,A
0x004e5748,0x004c20a0,A
0x004cc4dc,0x004c20a0,R
0x004e5738,0x004c20a0,A
0x004e5718,0x004c20a0,A
0x004cc4dc,0x004c20a0,R
0x004e5700,0x004c20a0,A
0x0056c784,0x004c20a0,R
0x004e56ec,0x004c20a0,A
0x0056c784,0x004c20a0,R
0x004e56d8,0x004c20a0,A
0x004e5684,0x004c20a0,A
0x004e5654,0x004c20a0,A
0x0056c788,0x004c20a0,A
0x0056c788,0x004c20a0,R
0x0056c784,0x004c20a0,W
0x004e5628,0x004c20a0,A
0x004e5654,0x004c20a0,A
0x0056c784,0x004c20a0,R
0x004e55f4,0x004c20a0,A
0x004e55dc,0x004c20a0,A
0x0056c784,0x004c20a0,R
0x004e55c8,0x004c20a0,A
0x004cc5cc,0x004c20a0,R
0x004e55bc,0x004c20a0,A
0x004e2f9c,0x004c20a0,A
0x004e2f9c,0x004c20a0,A
0x004e5590,0x004c20a0,A
0x004e5584,0x004c20a0,A
0x004cc158,0x004c20a0,R
0x004e5578,0x004c20a0,A
0x004e5550,0x004c20a0,A
0x004e5654,0x004c20a0,A
0x004e5540,0x004c20a0,A
0x004e552c,0x004c20a0,A
0x004e5514,0x004c20a0,A
0x004e550c,0x004c20a0,A
0x004cc5cc,0x004c20a0,R
0x004e5504,0x004c20a0,A
0x004cc5cc,0x004c20a0,R
0x004cc5cc,0x004c20a0,R
0x004e54f8,0x004c20a0,A
0x004e54e4,0x004c20a0,A
0x004e54d8,0x004c20a0,A
0x004e54c0,0x004c20a0,A
0x004e54b4,0x004c20a0,A
0x004cc4dc,0x004c20a0,R
0x004e5494,0x004c20a0,A
0x004e5478,0x004c20a0,A
0x004cc5cc,0x004c20a0,R
0x004e5464,0x004c20a0,A
0x004e5454,0x004c20a0,A
0x004e5440,0x004c20a0,A
0x004e5430,0x004c20a0,A
0x004e541c,0x004c20a0,A
0x004cc5cc,0x004c20a0,R
0x004e5408,0x004c20a0,A
0x004e53fc,0x004c20a0,A
0x004e53ec,0x004c20a0,A
0x004e53dc,0x004c20a0,A
0x004e53cc,0x004c20a0,A
0x004e53bc,0x004c20a0,A
0x004e53a4,0x004c20a0,A
0x004e5390,0x004c20a0,A
0x004e537c,0x004c20a0,A
0x004d42d0,0x004c20a0,R
0x004d42d0,0x004c20a0,R
0x004d42d0,0x004c20a0,R
0x004e5368,0x004c20a0,A
0x004e5358,0x004c20a0,A
0x004e5344,0x004c20a0,A
0x004e5328,0x004c20a0,A
0x004e5314,0x004c20a0,A
0x004e5308,0x004c20a0,A
0x004e52fc,0x004c20a0,A
0x004e52f0,0x004c20a0,A
0x004cc5cc,0x004c20a0,R
0x004e52e0,0x004c20a0,A
0x004e52d8,0x004c20a0,A
0x004e52cc,0x004c20a0,A
0x004e52c0,0x004c20a0,A
0x004e52b8,0x004c20a0,A
0x004e52a4,0x004c20a0,A
0x004e5294,0x004c20a0,A
0x004e5284,0x004c20a0,A
0x004e5270,0x004c20a0,A
0x004cc5cc,0x004c20a0,R
0x004e5264,0x004c20a0,A
0x004e5258,0x004c20a0,A
0x004e5250,0x004c20a0,A
0x004e5248,0x004c20a0,A
0x004e523c,0x004c20a0,A
0x004e5234,0x004c20a0,A
0x004e5228,0x004c20a0,A
0x004e521c,0x004c20a0,A
0x004e520c,0x004c20a0,A
0x004e51f8,0x004c20a0,A
0x004e51e4,0x004c20a0,A
0x004e51d4,0x004c20a0,A
0x004e51c0,0x004c20a0,A
0x004cc5cc,0x004c20a0,R
0x004e51ac,0x004c20a0,A
0x004e2f9c,0x004c20a0,A
0x004e2f9c,0x004c20a0,A
0x004e517c,0x004c20a0,A
0x004e5164,0x004c20a0,A
0x004e5164,0x004c20a0,R
0x004e5166,0x004c20a0,R
0x004e5165,0x004c20a0,R
0x004e5167,0x004c20a0,R
0x004e5878,0x004c20a0,A
0x004e5144,0x004c20a0,A
0x0056c788,0x004c20a0,A
0x0056c788,0x004c20a0,R
0x0056c784,0x004c20a0,W
0x0056c788,0x004c20a0,R
0x0056c784,0x004c20a0,W
0x004e5134,0x004c20a0,A
0x004d42d0,0x004c20a0,R
0x004d42d0,0x004c20a0,R
0x004d42d0,0x004c20a0,R
0x004e5124,0x004c20a0,A
0x004e5108,0x004c20a0,A
0x004e50f4,0x004c20a0,A
0x004e50e0,0x004c20a0,A
0x0056c788,0x004c20a0,A
0x0056c788,0x004c20a0,R
0x0056c780,0x004c20a0,W
0x004e50cc,0x004c20a0,A
0x0056c788,0x004c20a0,A
0x0056c788,0x004c20a0,R
0x0056c784,0x004c20a0,W
0x004e50b4,0x004c20a0,A
0x004e50a0,0x004c20a0,A
0x004e508c,0x004c20a0,A
0x0056c788,0x004c20a0,A
0x0056c788,0x004c20a0,R
0x0056c784,0x004c20a0,W
0x004e5078,0x004c20a0,A
0x0056c788,0x004c20a0,A
0x0056c788,0x004c20a0,R
0x0056c780,0x004c20a0,W
0x0056c780,0x004c20a0,R
0x004e5060,0x004c20a0,A
0x0056c784,0x004c20a0,R
0x004e5020,0x004c20a0,A
0x004e5654,0x004c20a0,A
0x004e500c,0x004c20a0,A
0x004dd108,0x004c20a0,A
0x004de4c0,0x004c20a0,A
0x004de4c0,0x004c20a0,A
0x004dd108,0x004c20a0,A
0x004e4fdc,0x004c20a0,A
0x004e4fc4,0x004c20a0,A
0x0056c788,0x004c20a0,A
0x0056c788,0x004c20a0,R
0x0056c780,0x004c20a0,W
0x0056c780,0x004c20a0,R
0x004e4f9c,0x004c20a0,A
0x004e4f74,0x004c20a0,A
0x004e4f5c,0x004c20a0,A
0x0056c788,0x004c20a0,A
0x0056c788,0x004c20a0,R
0x0056c784,0x004c20a0,W
0x0056c784,0x004c20a0,R
0x004e4f48,0x004c20a0,A
0x004cc5cc,0x004c20a0,R
0x004e4f34,0x004c20a0,A
0x0057dacc,0x004c20a0,W
0x004e4f24,0x004c20a0,A
0x004e4f0c,0x004c20a0,A
0x004cc4dc,0x004c20a0,R
0x004e4f00,0x004c20a0,A
0x004e4f00,0x004c20a0,R
0x004e4f02,0x004c20a0,R
0x004e4f01,0x004c20a0,R
0x004e4f03,0x004c20a0,R
0x004e4ef0,0x004c20a0,A
0x004e4ee0,0x004c20a0,A
0x004cc5cc,0x004c20a0,R
0x004e4ed4,0x004c20a0,A
0x004e4ec8,0x004c20a0,A
0x004cc5cc,0x004c20a0,R
0x004e4ec4,0x004c20a0,A
0x004e4eb8,0x004c20a0,A
0x004e4eb0,0x004c20a0,A
0x004e4ea0,0x004c20a0,A
0x004e4e94,0x004c20a0,A
0x004e4e88,0x004c20a0,A
0x004e4e78,0x004c20a0,A
0x004e4e64,0x004c20a0,A
0x004e4e54,0x004c20a0,A
0x004e4e3c,0x004c20a0,A
0x004e4e24,0x004c20a0,A
0x004e4e0c,0x004c20a0,A
0x004e4df4,0x004c20a0,A
0x004e4de0,0x004c20a0,A
0x004e4dcc,0x004c20a0,A
0x004e4db8,0x004c20a0,A
0x004e4dac,0x004c20a0,A
0x004e4d9c,0x004c20a0,A
0x004e4d88,0x004c20a0,A
0x004e4d64,0x004c20a0,A
0x004e4d48,0x004c20a0,A
0x004e4d30,0x004c20a0,A
0x004e4d10,0x004c20a0,A
0x004e4cf4,0x004c20a0,A
0x004e4ce4,0x004c20a0,A
0x004e4cc8,0x004c20a0,A
0x004e4cb4,0x004c20a0,A
0x004e4ca0,0x004c20a0,A
0x004e4c94,0x004c20a0,A
0x004e4c8c,0x004c20a0,A
0x00575ddc,0x004c20a0,W
0x004e4c7c,0x004c20a0,A
0x004e4c68,0x004c20a0,A
0x004e4c4c,0x004c20a0,A
0x004e4c3c,0x004c20a0,A
0x004e4c24,0x004c20a0,A
0x004e4c14,0x004c20a0,A
0x004e4c00,0x004c20a0,A
0x004e4be8,0x004c20a0,A
0x004e4bd8,0x004c20a0,A
0x004e4bc8,0x004c20a0,A
0x004e4bbc,0x004c20a0,A
0x004e4b98,0x004c20a0,A
0x004e4b74,0x004c20a0,A
0x004e4b64,0x004c20a0,A
0x004e4b50,0x004c20a0,A
0x004e4b3c,0x004c20a0,A
0x004e4b28,0x004c20a0,A
0x004e4b14,0x004c20a0,A
0x004e4afc,0x004c20a0,A
0x004e4ae8,0x004c20a0,A
0x004e4ad4,0x004c20a0,A
0x004e4ab4,0x004c20a0,A
0x004e4aa0,0x004c20a0,A
0x004cc5cc,0x004c20a0,R
0x004e4a98,0x004c20a0,A
0x004e4a8c,0x004c20a0,A
0x004e2108,0x004c20a0,A
0x004e4a74,0x004c20a0,A
0x004cc4dc,0x004c20a0,R
0x004e4a58,0x004c20a0,A
0x004e4a44,0x004c20a0,A
0x004e4a30,0x004c20a0,A
0x004cc5cc,0x004c5480,R
0x004daf54,0x004c5550,A
0x004cc4e0,0x004c5550,R
0x004cc5c0,0x004c5550,R
0x004cc5c0,0x004c5550,R
0x004cc4ec,0x004c5550,R
0x004cc5c0,0x004c5550,R
0x004cc508,0x004c5550,R
0x004cc5c0,0x004c5550,R
0x004cc5b4,0x004c5550,R
0x004cc4c8,0x004c5740,R
0x004cc508,0x004c5740,R
0x004cc550,0x004c5740,R
0x004d42d8,0x004c5740,R
0x004cc490,0x004c5740,R
0x004e5ac8,0x004c5820,A
0x004e5a8c,0x004c5820,A
0x004e5a50,0x004c5820,A
0x004e5af8,0x004c58e0,A
0x004d4318,0x004c5ec0,A
0x004d4328,0x004c5f70,A
0x004d4338,0x004c6000,A
0x00779abc,0x004c60b0,R
0x004cc560,0x004c60b0,R
0x00779ab8,0x004c60b0,A
0x00779abc,0x004c60b0,A
0x004d4348,0x004c6140,A
0x004cc57c,0x004c6140,R
0x00779ab8,0x004c6140,W
0x00779abc,0x004c6140,W
0x004cc580,0x004c6140,R
0x0056cbc4,0x004c6140,R
0x004cc584,0x004c6140,R
0x0056cbc0,0x004c6140,R
0x004cc588,0x004c6140,R
0x00779ab0,0x004c6140,W
0x00779ab4,0x004c6140,R
0x004cc58c,0x004c6140,R
0x004da0bc,0x004c6140,A
0x004da0b8,0x004c6140,A
0x0056cbbc,0x004c6140,R
0x0056cbb8,0x004c6140,R
0x004cc570,0x004c6140,R
0x004da0b4,0x004c6140,A
0x004da000,0x004c6140,A
0x004cc56c,0x004c6140,R
0x004cc168,0x004c6140,R
0x004cc0d4,0x004c6140,R
0x004cc4b0,0x004c6140,R
0x00632058,0x004c7f00,R
0x00632260,0x004c7fd0,A
0x00632260,0x004c7fd0,W
0x00632264,0x004c7fd0,W
0x00632264,0x004c7fd0,W
0x00632265,0x004c7fd0,W
0x004daf54,0x004c7fd0,A
0x00632260,0x004c7fd0,A
0x004cc5b8,0x004c7fd0,R
0x004cc4f8,0x004c7fd0,R
0x00632260,0x004c7fd0,A
0x004e5b28,0x004c7fd0,A
0x004cc5bc,0x004c7fd0,R
0x00632368,0x004c7fd0,A
0x004cc4e0,0x004c7fd0,R
0x004cc5c0,0x004c7fd0,R
0x00632368,0x004c7fd0,A
0x00632154,0x004c8070,R
0x00632768,0x004c8070,A
0x00632768,0x004c8070,W
0x0063276c,0x004c8070,W
0x00632360,0x004c8070,R
0x00632768,0x004c8070,A
0x00632768,0x004c8070,R
0x0063276c,0x004c8070,R
0x006333b8,0x004c8070,R
0x004cc5e0,0x004c81d8,R
