subsystem,address,name,evidence
transform,0x00472ef0,zTransformStackPushAndCopy,machine code references the stack pointer 0x004e0e84 and/or 0x004e0e88
transform,0x00472f30,zTransformStackPushRef,machine code references the stack pointer 0x004e0e84 and/or 0x004e0e88
transform,0x00472f60,zTransformStackPop,machine code references the stack pointer 0x004e0e84 and/or 0x004e0e88
transform,0x00472f90,FUN_00472f90,"mov ecx,0x005668e8; jmp 0x00473250 - loads a fixed global matrix via transform member 0x00473250 (bytes read)"
transform,0x00472fa0,FUN_00472fa0,"mov ecx,0x00566920; jmp 0x00473250 - loads a fixed global matrix via transform member 0x00473250 (bytes read); every direct caller is a member"
transform,0x00472fb0,FUN_00472fb0,machine code references the stack pointer 0x004e0e84 and/or 0x004e0e88
transform,0x00473060,FUN_00473060,machine code references the stack pointer 0x004e0e84 and/or 0x004e0e88
transform,0x004731f0,FUN_004731f0,machine code references the stack pointer 0x004e0e84 and/or 0x004e0e88
transform,0x00473210,FUN_00473210,machine code references the stack pointer 0x004e0e84 and/or 0x004e0e88
transform,0x00473230,FUN_00473230,machine code references the stack pointer 0x004e0e84 and/or 0x004e0e88
transform,0x00473240,FUN_00473240,machine code references the stack pointer 0x004e0e84 and/or 0x004e0e88
transform,0x00473250,FUN_00473250,machine code references the stack pointer 0x004e0e84 and/or 0x004e0e88
transform,0x00473280,FUN_00473280,machine code references the stack pointer 0x004e0e84 and/or 0x004e0e88
transform,0x004732f0,FUN_004732f0,machine code references the stack pointer 0x004e0e84 and/or 0x004e0e88
transform,0x00473370,zTransformConcatenateLocal,machine code references the stack pointer 0x004e0e84 and/or 0x004e0e88
transform,0x00473690,FUN_00473690,machine code references the stack pointer 0x004e0e84 and/or 0x004e0e88
transform,0x004737e0,Transform_TranslateLocal,machine code references the stack pointer 0x004e0e84 and/or 0x004e0e88
transform,0x00473970,Transform_RotateXLocal,machine code references the stack pointer 0x004e0e84 and/or 0x004e0e88
transform,0x00473b10,Transform_RotateYLocal,machine code references the stack pointer 0x004e0e84 and/or 0x004e0e88
transform,0x00473cc0,Transform_RotateZLocal,machine code references the stack pointer 0x004e0e84 and/or 0x004e0e88
transform,0x00474010,FUN_00474010,machine code references the stack pointer 0x004e0e84 and/or 0x004e0e88
transform,0x004745e0,FUN_004745e0,machine code references the stack pointer 0x004e0e84 and/or 0x004e0e88
transform,0x00474670,FUN_00474670,machine code references the stack pointer 0x004e0e84 and/or 0x004e0e88
transform,0x00474710,FUN_00474710,machine code references the stack pointer 0x004e0e84 and/or 0x004e0e88
transform,0x004747d0,FUN_004747d0,machine code references the stack pointer 0x004e0e84 and/or 0x004e0e88
transform,0x00474bc0,FUN_00474bc0,exclusive helper: every direct caller is a transform member
transform,0x00474c20,FUN_00474c20,machine code references the stack pointer 0x004e0e84 and/or 0x004e0e88
transform,0x004757c0,FUN_004757c0,exclusive helper: every direct caller is a transform member
transform,0x004759d0,FUN_004759d0,exclusive helper: every direct caller is a transform member
math3d,0x00474260,FUN_00474260,"in 0x00472ed0-0x00475fa0, not transform/view; machine code references no .data address (byte scan - reliable for absence)"
math3d,0x004744f0,FUN_004744f0,"in 0x00472ed0-0x00475fa0, not transform/view; machine code references no .data address (byte scan - reliable for absence)"
math3d,0x00474580,FUN_00474580,"in 0x00472ed0-0x00475fa0, not transform/view; machine code references no .data address (byte scan - reliable for absence)"
math3d,0x004745c0,FUN_004745c0,"in 0x00472ed0-0x00475fa0, not transform/view; machine code references no .data address (byte scan - reliable for absence)"
math3d,0x00474870,FUN_00474870,"in 0x00472ed0-0x00475fa0, not transform/view; machine code references no .data address (byte scan - reliable for absence)"
math3d,0x00474d10,Math_ComputeLookAtPitchYaw,"in 0x00472ed0-0x00475fa0, not transform/view; machine code references no .data address (byte scan - reliable for absence)"
math3d,0x00474d90,FUN_00474d90,"in 0x00472ed0-0x00475fa0, not transform/view; machine code references no .data address (byte scan - reliable for absence)"
math3d,0x00474de0,FUN_00474de0,"in 0x00472ed0-0x00475fa0, not transform/view; machine code references no .data address (byte scan - reliable for absence)"
math3d,0x00474e10,FUN_00474e10,"in 0x00472ed0-0x00475fa0, not transform/view; machine code references no .data address (byte scan - reliable for absence)"
math3d,0x00474ec0,FUN_00474ec0,"in 0x00472ed0-0x00475fa0, not transform/view; machine code references no .data address (byte scan - reliable for absence)"
math3d,0x00474f40,FUN_00474f40,"in 0x00472ed0-0x00475fa0, not transform/view; machine code references no .data address (byte scan - reliable for absence)"
math3d,0x00475070,FUN_00475070,"in 0x00472ed0-0x00475fa0, not transform/view; machine code references no .data address (byte scan - reliable for absence)"
math3d,0x00475130,FUN_00475130,"in 0x00472ed0-0x00475fa0, not transform/view; machine code references no .data address (byte scan - reliable for absence)"
math3d,0x00475210,FUN_00475210,"in 0x00472ed0-0x00475fa0, not transform/view; machine code references no .data address (byte scan - reliable for absence)"
math3d,0x00475910,FUN_00475910,"in 0x00472ed0-0x00475fa0, not transform/view; machine code references no .data address (byte scan - reliable for absence)"
math3d,0x00475a80,FUN_00475a80,"in 0x00472ed0-0x00475fa0, not transform/view; machine code references no .data address (byte scan - reliable for absence)"
math3d,0x00475b80,FUN_00475b80,"in 0x00472ed0-0x00475fa0, not transform/view; machine code references no .data address (byte scan - reliable for absence)"
view,0x00472ed0,FUN_00472ed0,"machine code references the view/projection block (0x00566430-38, 0x00566838-64, 0x005668e8-0x0056694c, 0x005669d0-e0, 0x005761e0/e4); operands verified by disassembly"
view,0x00473e60,FUN_00473e60,"machine code references the view/projection block (0x00566430-38, 0x00566838-64, 0x005668e8-0x0056694c, 0x005669d0-e0, 0x005761e0/e4); operands verified by disassembly"
view,0x00473fc0,FUN_00473fc0,"machine code references the view/projection block (0x00566430-38, 0x00566838-64, 0x005668e8-0x0056694c, 0x005669d0-e0, 0x005761e0/e4); operands verified by disassembly"
view,0x004743e0,FUN_004743e0,"machine code references the view/projection block (0x00566430-38, 0x00566838-64, 0x005668e8-0x0056694c, 0x005669d0-e0, 0x005761e0/e4); operands verified by disassembly"
view,0x00474400,FUN_00474400,"machine code references the view/projection block (0x00566430-38, 0x00566838-64, 0x005668e8-0x0056694c, 0x005669d0-e0, 0x005761e0/e4); operands verified by disassembly"
view,0x00474b20,FUN_00474b20,"machine code references the view/projection block (0x00566430-38, 0x00566838-64, 0x005668e8-0x0056694c, 0x005669d0-e0, 0x005761e0/e4); operands verified by disassembly"
view,0x00474b70,FUN_00474b70,"machine code references the view/projection block (0x00566430-38, 0x00566838-64, 0x005668e8-0x0056694c, 0x005669d0-e0, 0x005761e0/e4); operands verified by disassembly"
view,0x00474fc0,FUN_00474fc0,"machine code references the view/projection block (0x00566430-38, 0x00566838-64, 0x005668e8-0x0056694c, 0x005669d0-e0, 0x005761e0/e4); operands verified by disassembly"
view,0x004753e0,Tri_SetupTextureGradients,"machine code references the view/projection block (0x00566430-38, 0x00566838-64, 0x005668e8-0x0056694c, 0x005669d0-e0, 0x005761e0/e4); operands verified by disassembly"
camera,0x00449be0,FUN_00449be0,Camera.c span; camera API - no direct calls to or from the scene_render cluster
camera,0x00449c90,FUN_00449c90,Camera.c span; camera API - no direct calls to or from the scene_render cluster
camera,0x00449cd0,FUN_00449cd0,Camera.c span; camera API - no direct calls to or from the scene_render cluster
camera,0x00449d20,FUN_00449d20,Camera.c span; camera API - no direct calls to or from the scene_render cluster
camera,0x00449da0,FUN_00449da0,Camera.c span; camera API - no direct calls to or from the scene_render cluster
camera,0x00449db0,FUN_00449db0,Camera.c span; camera API - no direct calls to or from the scene_render cluster
camera,0x00449dc0,FUN_00449dc0,Camera.c span; camera API - no direct calls to or from the scene_render cluster
camera,0x00449dd0,FUN_00449dd0,Camera.c span; camera API - no direct calls to or from the scene_render cluster
camera,0x00449e80,FUN_00449e80,Camera.c span; camera API - no direct calls to or from the scene_render cluster
camera,0x00449e90,FUN_00449e90,Camera.c span; camera API - no direct calls to or from the scene_render cluster
camera,0x00449ea0,FUN_00449ea0,Camera.c span; camera API - no direct calls to or from the scene_render cluster
camera,0x00449f50,FUN_00449f50,Camera.c span; camera API - no direct calls to or from the scene_render cluster
camera,0x00449fb0,FUN_00449fb0,Camera.c span; camera API - no direct calls to or from the scene_render cluster
camera,0x0044a060,FUN_0044a060,Camera.c span; camera API - no direct calls to or from the scene_render cluster
camera,0x0044a0f0,FUN_0044a0f0,Camera.c span; camera API - no direct calls to or from the scene_render cluster
camera,0x0044a1a0,FUN_0044a1a0,Camera.c span; camera API - no direct calls to or from the scene_render cluster
camera,0x0044a250,Camera_GetWorldPosition,Camera.c span; camera API - no direct calls to or from the scene_render cluster
camera,0x0044a2f0,FUN_0044a2f0,Camera.c span; camera API - no direct calls to or from the scene_render cluster
camera,0x0044a380,FUN_0044a380,Camera.c span; camera API - no direct calls to or from the scene_render cluster
camera,0x0044a410,Camera_SetAspectRatio,Camera.c span; camera API - no direct calls to or from the scene_render cluster
camera,0x0044a580,Camera_GetAspectRatio,Camera.c span; camera API - no direct calls to or from the scene_render cluster
camera,0x0044a610,Camera_SetFOV,Camera.c span; camera API - no direct calls to or from the scene_render cluster
camera,0x0044a760,Camera_GetFOV,Camera.c span; camera API - no direct calls to or from the scene_render cluster
camera,0x0044a7f0,FUN_0044a7f0,Camera.c span; camera API - no direct calls to or from the scene_render cluster
camera,0x0044a870,FUN_0044a870,Camera.c span; camera API - no direct calls to or from the scene_render cluster
camera,0x0044a910,FUN_0044a910,Camera.c span; camera API - no direct calls to or from the scene_render cluster
camera,0x0044a980,FUN_0044a980,Camera.c span; camera API - no direct calls to or from the scene_render cluster
scene_render,0x0044a9f0,Camera_UpdateNodeValidated,Camera.c span; in the connected call cluster around Render_DispatchNodeByType (direct edges)
scene_render,0x0044aa30,Camera_UpdateFrustumAndTransform,Camera.c span; in the connected call cluster around Render_DispatchNodeByType (direct edges)
scene_render,0x0044abf0,FUN_0044abf0,Camera.c span; in the connected call cluster around Render_DispatchNodeByType (direct edges)
scene_render,0x0044ada0,Render_ProcessCameraNode,Camera.c span; in the connected call cluster around Render_DispatchNodeByType (direct edges)
scene_render,0x0044af60,Render_ProcessSoundNode,Camera.c span; in the connected call cluster around Render_DispatchNodeByType (direct edges)
scene_render,0x0044b140,Render_ProcessLightNode,Camera.c span; in the connected call cluster around Render_DispatchNodeByType (direct edges)
scene_render,0x0044b300,Render_ProcessObject3DNode,Camera.c span; in the connected call cluster around Render_DispatchNodeByType (direct edges)
scene_render,0x0044b710,Render_ProcessUnusedNodeType8,Camera.c span; in the connected call cluster around Render_DispatchNodeByType (direct edges)
scene_render,0x0044b8c0,Render_ProcessLodDistanceNode,Camera.c span; in the connected call cluster around Render_DispatchNodeByType (direct edges)
scene_render,0x0044bea0,Render_ProcessGroupNode,Camera.c span; in the connected call cluster around Render_DispatchNodeByType (direct edges)
scene_render,0x0044bfb0,Render_ProcessChildBitmaskNode,Camera.c span; in the connected call cluster around Render_DispatchNodeByType (direct edges)
scene_render,0x0044c0e0,Render_DispatchNodeByType,Camera.c span; in the connected call cluster around Render_DispatchNodeByType (direct edges)
scene_render,0x0044c1b0,FUN_0044c1b0,Camera.c span; in the connected call cluster around Render_DispatchNodeByType (direct edges)
scene_render,0x0044c230,FUN_0044c230,Camera.c span; in the connected call cluster around Render_DispatchNodeByType (direct edges)
scene_render,0x0044c3c0,FUN_0044c3c0,Camera.c span; in the connected call cluster around Render_DispatchNodeByType (direct edges)
scene_render,0x0044c8e0,FUN_0044c8e0,Camera.c span; in the connected call cluster around Render_DispatchNodeByType (direct edges)
scene_render,0x0044ce70,Render_CullAndQueueSceneObjects,Camera.c span; in the connected call cluster around Render_DispatchNodeByType (direct edges)
scene_render,0x0044d200,FUN_0044d200,Camera.c span; in the connected call cluster around Render_DispatchNodeByType (direct edges)
scene_render,0x0044d240,FUN_0044d240,Camera.c span; in the connected call cluster around Render_DispatchNodeByType (direct edges)
camera,0x0044d260,FUN_0044d260,Camera.c span; camera API - no direct calls to or from the scene_render cluster
scene_update,0x0044e630,FUN_0044e630,string-less block 0x0044e630..0x0044eed0 between Object3d.c and List.c
scene_update,0x0044e690,FUN_0044e690,string-less block 0x0044e630..0x0044eed0 between Object3d.c and List.c
scene_update,0x0044e6d0,FUN_0044e6d0,string-less block 0x0044e630..0x0044eed0 between Object3d.c and List.c
scene_update,0x0044e700,FUN_0044e700,string-less block 0x0044e630..0x0044eed0 between Object3d.c and List.c
scene_update,0x0044e920,FUN_0044e920,string-less block 0x0044e630..0x0044eed0 between Object3d.c and List.c
scene_update,0x0044ea70,FUN_0044ea70,string-less block 0x0044e630..0x0044eed0 between Object3d.c and List.c
scene_update,0x0044eaa0,FUN_0044eaa0,string-less block 0x0044e630..0x0044eed0 between Object3d.c and List.c
scene_update,0x0044eb00,FUN_0044eb00,string-less block 0x0044e630..0x0044eed0 between Object3d.c and List.c
scene_update,0x0044eb50,FUN_0044eb50,string-less block 0x0044e630..0x0044eed0 between Object3d.c and List.c
scene_update,0x0044eba0,FUN_0044eba0,string-less block 0x0044e630..0x0044eed0 between Object3d.c and List.c
scene_update,0x0044ebe0,FUN_0044ebe0,string-less block 0x0044e630..0x0044eed0 between Object3d.c and List.c
scene_update,0x0044ec30,FUN_0044ec30,string-less block 0x0044e630..0x0044eed0 between Object3d.c and List.c
scene_update,0x0044ec80,FUN_0044ec80,string-less block 0x0044e630..0x0044eed0 between Object3d.c and List.c
scene_update,0x0044ec90,FUN_0044ec90,string-less block 0x0044e630..0x0044eed0 between Object3d.c and List.c
scene_update,0x0044ecb0,FUN_0044ecb0,string-less block 0x0044e630..0x0044eed0 between Object3d.c and List.c
scene_update,0x0044ecf0,NodeRegistry_LookupByName,string-less block 0x0044e630..0x0044eed0 between Object3d.c and List.c
scene_update,0x0044ed50,Render_GetCameraListEntry,string-less block 0x0044e630..0x0044eed0 between Object3d.c and List.c
scene_update,0x0044ed60,FUN_0044ed60,string-less block 0x0044e630..0x0044eed0 between Object3d.c and List.c
scene_update,0x0044ed90,NodeRegistry_Insert,string-less block 0x0044e630..0x0044eed0 between Object3d.c and List.c
scene_update,0x0044ee10,FUN_0044ee10,string-less block 0x0044e630..0x0044eed0 between Object3d.c and List.c
scene_update,0x0044eea0,FUN_0044eea0,string-less block 0x0044e630..0x0044eed0 between Object3d.c and List.c
scene_update,0x0044eed0,FUN_0044eed0,string-less block 0x0044e630..0x0044eed0 between Object3d.c and List.c
class_api,0x004478c0,FUN_004478c0,cites zClass/Class.c string 0x004dd9e8
class_api,0x00447980,FUN_00447980,cites zClass/Class.c string 0x004dd9e8
class_api,0x00447a70,gwNodeFree,cites zClass/Class.c string 0x004dd9e8
class_api,0x00447b60,FUN_00447b60,cites zClass/Class.c string 0x004dd9e8
class_api,0x00447bc0,FUN_00447bc0,cites zClass/Class.c string 0x004dd9e8
class_api,0x00447c60,gwNodeSetActive,cites zClass/Class.c string 0x004dd9e8
class_api,0x00447d20,FUN_00447d20,cites zClass/Class.c string 0x004dd9e8
class_api,0x00447d70,FUN_00447d70,cites zClass/Class.c string 0x004dd9e8
class_api,0x00447dc0,FUN_00447dc0,cites zClass/Class.c string 0x004dd9e8
class_api,0x00447e30,FUN_00447e30,cites zClass/Class.c string 0x004dd9e8
class_api,0x00447e60,FUN_00447e60,cites zClass/Class.c string 0x004dd9e8
class_api,0x00447f00,FUN_00447f00,cites zClass/Class.c string 0x004dd9e8
class_api,0x00447f30,FUN_00447f30,cites zClass/Class.c string 0x004dd9e8
class_api,0x00447fe0,FUN_00447fe0,cites zClass/Class.c string 0x004dd9e8
class_api,0x00448090,FUN_00448090,cites zClass/Class.c string 0x004dd9e8
class_api,0x00448100,FUN_00448100,cites zClass/Class.c string 0x004dd9e8
class_api,0x00448140,FUN_00448140,cites zClass/Class.c string 0x004dd9e8
class_api,0x00448180,FUN_00448180,cites zClass/Class.c string 0x004dd9e8
class_api,0x004481b0,FUN_004481b0,cites zClass/Class.c string 0x004dd9e8
class_api,0x004481f0,FUN_004481f0,cites zClass/Class.c string 0x004dd9e8
class_api,0x00448230,FUN_00448230,cites zClass/Class.c string 0x004dd9e8
class_api,0x00448270,FUN_00448270,cites zClass/Class.c string 0x004dd9e8
class_api,0x004482b0,FUN_004482b0,cites zClass/Class.c string 0x004dd9e8
class_api,0x004482f0,FUN_004482f0,cites zClass/Class.c string 0x004dd9e8
class_api,0x00448330,FUN_00448330,cites zClass/Class.c string 0x004dd9e8
class_api,0x00448360,FUN_00448360,cites zClass/Class.c string 0x004dd9e8
class_api,0x004483a0,FUN_004483a0,cites zClass/Class.c string 0x004dd9e8
class_api,0x004483f0,FUN_004483f0,cites zClass/Class.c string 0x004dd9e8
class_api,0x00448570,FUN_00448570,cites zClass/Class.c string 0x004dd9e8
class_api,0x00448660,FUN_00448660,cites zClass/Class.c string 0x004dd9e8
class_api,0x00448760,FUN_00448760,cites zClass/Class.c string 0x004dd9e8
class_api,0x004487c0,FUN_004487c0,cites zClass/Class.c string 0x004dd9e8
class_api,0x00448920,Render_ExpandNodeAABBToCorners,cites zClass/Class.c string 0x004dd9e8
class_api,0x00448cc0,gwNodeUpdate,cites zClass/Class.c string 0x004dd9e8
class_api,0x00448e90,FUN_00448e90,cites zClass/Class.c string 0x004dd9e8
class_api,0x004491b0,FUN_004491b0,cites zClass/Class.c string 0x004dd9e8
class_api,0x00449420,FUN_00449420,cites zClass/Class.c string 0x004dd9e8
class_api,0x00449480,gwNodeBuildNodeToAncestorMatrix,cites zClass/Class.c string 0x004dd9e8
class_api,0x00449ab0,FUN_00449ab0,cites zClass/Class.c string 0x004dd9e8
class_api,0x00449af0,FUN_00449af0,cites zClass/Class.c string 0x004dd9e8
class_api,0x004484d0,FUN_004484d0,"string-less, inside the Class.c address range (position only)"
class_api,0x004497b0,Anim_ResolveObjectWorldPosition,"string-less, inside the Class.c address range (position only)"
class_api,0x00449850,FUN_00449850,"string-less, inside the Class.c address range (position only)"
class_api,0x004498e0,FUN_004498e0,"string-less, inside the Class.c address range (position only)"
class_api,0x00449b40,FUN_00449b40,"string-less, inside the Class.c address range (position only)"
cls_world,0x00450030,FUN_00450030,"string-less, inside the cls_world span 0x00450030..0x004518a0 (position)"
cls_world,0x004500b0,FUN_004500b0,"string-less, inside the cls_world span 0x00450030..0x004518a0 (position)"
cls_world,0x004501c0,FUN_004501c0,"string-less, inside the cls_world span 0x00450030..0x004518a0 (position)"
cls_world,0x00450240,FUN_00450240,"string-less, inside the cls_world span 0x00450030..0x004518a0 (position)"
cls_world,0x004502b0,FUN_004502b0,cites zClass/cls_world.c string 0x004de298
cls_world,0x00450510,FUN_00450510,"string-less, inside the cls_world span 0x00450030..0x004518a0 (position)"
cls_world,0x00450530,FUN_00450530,"string-less, inside the cls_world span 0x00450030..0x004518a0 (position)"
cls_world,0x00450650,World_PointToCellClamped,"string-less, inside the cls_world span 0x00450030..0x004518a0 (position)"
cls_world,0x00450790,World_PointToCellClampedSimple,"string-less, inside the cls_world span 0x00450030..0x004518a0 (position)"
cls_world,0x00450840,FUN_00450840,"string-less, inside the cls_world span 0x00450030..0x004518a0 (position)"
cls_world,0x00450a00,FUN_00450a00,cites zClass/cls_world.c string 0x004de298
cls_world,0x00450a70,FUN_00450a70,cites zClass/cls_world.c string 0x004de298
cls_world,0x00450ae0,FUN_00450ae0,"string-less, inside the cls_world span 0x00450030..0x004518a0 (position)"
cls_world,0x00450af0,FUN_00450af0,"string-less, inside the cls_world span 0x00450030..0x004518a0 (position)"
cls_world,0x00450b20,FUN_00450b20,"string-less, inside the cls_world span 0x00450030..0x004518a0 (position)"
cls_world,0x00450b40,FUN_00450b40,"string-less, inside the cls_world span 0x00450030..0x004518a0 (position)"
cls_world,0x00450b60,FUN_00450b60,"string-less, inside the cls_world span 0x00450030..0x004518a0 (position)"
cls_world,0x00450b80,FUN_00450b80,"string-less, inside the cls_world span 0x00450030..0x004518a0 (position)"
cls_world,0x00450b90,FUN_00450b90,"string-less, inside the cls_world span 0x00450030..0x004518a0 (position)"
cls_world,0x00450ba0,FUN_00450ba0,"string-less, inside the cls_world span 0x00450030..0x004518a0 (position)"
cls_world,0x00450bc0,FUN_00450bc0,"string-less, inside the cls_world span 0x00450030..0x004518a0 (position)"
cls_world,0x00450be0,FUN_00450be0,"string-less, inside the cls_world span 0x00450030..0x004518a0 (position)"
cls_world,0x00450c00,FUN_00450c00,"string-less, inside the cls_world span 0x00450030..0x004518a0 (position)"
cls_world,0x00450c30,FUN_00450c30,"string-less, inside the cls_world span 0x00450030..0x004518a0 (position)"
cls_world,0x00450c60,FUN_00450c60,"string-less, inside the cls_world span 0x00450030..0x004518a0 (position)"
cls_world,0x00450e40,FUN_00450e40,"string-less, inside the cls_world span 0x00450030..0x004518a0 (position)"
cls_world,0x00450f00,FUN_00450f00,"string-less, inside the cls_world span 0x00450030..0x004518a0 (position)"
cls_world,0x00450f20,FUN_00450f20,cites zClass/cls_world.c string 0x004de298
cls_world,0x00450f60,FUN_00450f60,"string-less, inside the cls_world span 0x00450030..0x004518a0 (position)"
cls_world,0x004510e0,FUN_004510e0,"string-less, inside the cls_world span 0x00450030..0x004518a0 (position)"
cls_world,0x00451240,FUN_00451240,cites zClass/cls_world.c string 0x004de298
cls_world,0x00451360,FUN_00451360,"string-less, inside the cls_world span 0x00450030..0x004518a0 (position)"
cls_world,0x00451410,FUN_00451410,cites zClass/cls_world.c string 0x004de298
cls_world,0x00451540,Light_PrepareFrameLightList,"string-less, inside the cls_world span 0x00450030..0x004518a0 (position)"
cls_world,0x00451560,Light_UpdateAllInNode,"string-less, inside the cls_world span 0x00450030..0x004518a0 (position)"
cls_world,0x00451590,FUN_00451590,"string-less, inside the cls_world span 0x00450030..0x004518a0 (position)"
cls_world,0x00451640,FUN_00451640,cites zClass/cls_world.c string 0x004de298
cls_world,0x00451770,Sound_ProcessWorldNodeEmitters,"string-less, inside the cls_world span 0x00450030..0x004518a0 (position)"
cls_world,0x004517a0,GWWorld_BuildSaveRecords,"string-less, inside the cls_world span 0x00450030..0x004518a0 (position)"
object3d,0x0044d990,FUN_0044d990,"string-less, immediately before the file; 6 of 7 callers are Object3d.c functions"
object3d,0x0044d9e0,FUN_0044d9e0,cites zClass/Object3d.c string 0x004ddeac
object3d,0x0044daa0,FUN_0044daa0,cites zClass/Object3d.c string 0x004ddeac
object3d,0x0044db10,FUN_0044db10,cites zClass/Object3d.c string 0x004ddeac
object3d,0x0044db60,FUN_0044db60,cites zClass/Object3d.c string 0x004ddeac
object3d,0x0044dbb0,FUN_0044dbb0,cites zClass/Object3d.c string 0x004ddeac
object3d,0x0044dc30,FUN_0044dc30,cites zClass/Object3d.c string 0x004ddeac
object3d,0x0044dd90,FUN_0044dd90,cites zClass/Object3d.c string 0x004ddeac
object3d,0x0044de10,FUN_0044de10,cites zClass/Object3d.c string 0x004ddeac
object3d,0x0044de80,FUN_0044de80,cites zClass/Object3d.c string 0x004ddeac
object3d,0x0044df00,Object3D_SetScale,cites zClass/Object3d.c string 0x004ddeac
object3d,0x0044dfd0,Object3D_GetScale,cites zClass/Object3d.c string 0x004ddeac
object3d,0x0044e030,Object3D_SetRotation,cites zClass/Object3d.c string 0x004ddeac
object3d,0x0044e110,FUN_0044e110,cites zClass/Object3d.c string 0x004ddeac
object3d,0x0044e170,FUN_0044e170,cites zClass/Object3d.c string 0x004ddeac
object3d,0x0044e270,FUN_0044e270,cites zClass/Object3d.c string 0x004ddeac
object3d,0x0044e300,Object3D_SetPosition,cites zClass/Object3d.c string 0x004ddeac
object3d,0x0044e3d0,FUN_0044e3d0,cites zClass/Object3d.c string 0x004ddeac
object3d,0x0044e4f0,FUN_0044e4f0,cites zClass/Object3d.c string 0x004ddeac
object3d,0x0044e5b0,FUN_0044e5b0,cites zClass/Object3d.c string 0x004ddeac
render_frame,0x0044f630,Render_DispatchCameraList,only caller of both camera-frame functions; walks the camera list (NodeList_GetTail)
render_frame,0x0044d3a0,Render_CameraFrame_SW,Render_CameraFrame_SW; called only by 0x0044f630
render_frame,0x0044d600,Render_CameraFrame_HW,Render_CameraFrame_HW; called only by 0x0044f630
render_frame,0x0044d320,FUN_0044d320,called only by the two camera-frame functions
render_frame,0x00449ba0,Render_SetFrameRateCap,Render_SetFrameRateCap; its globals are read only by the two camera-frame functions
rasteriser,0x00492000,,"referenced by 0x0049a490 type 0 (CONFIRMED caller, bytes read)"
rasteriser,0x00492f00,,"referenced by 0x0049a2b0/0x0049a490 no-mesh (CONFIRMED caller, bytes read)"
rasteriser,0x00493df0,,"referenced by flush, material bit 2, v>=1.0 (CONFIRMED caller, bytes read)"
rasteriser,0x00494af0,,"referenced by flush, material bit 2, v<1.0 (CONFIRMED caller, bytes read)"
rasteriser,0x00495850,,"referenced by 0x0049a490 type 2 fan (CONFIRMED caller, bytes read)"
rasteriser,0x004969d0,,"referenced by 0x0049a490 type 1 (CONFIRMED caller, bytes read)"
rasteriser,0x00497ac0,,"referenced by flush, textured (CONFIRMED caller, bytes read)"
rasteriser,0x004927d0,,"referenced by 0x00490590 per clip poly (CONFIRMED caller, bytes read)"
rasteriser,0x00498c40,,"referenced by 0x0049a920 item test (CONFIRMED caller, bytes read)"
rasteriser,0x004912a0,,"referenced by span ptr during poly flush (CONFIRMED caller, bytes read)"
rasteriser,0x00491da0,,"referenced by span ptr during poly flush (CONFIRMED caller, bytes read)"
rasteriser,0x00490ae0,,"referenced by span ptr default (CONFIRMED caller, bytes read)"
rasteriser,0x00491840,,"referenced by span ptr default (CONFIRMED caller, bytes read)"
rasteriser,0x0048d450,,"referenced by tint blitter (CONFIRMED caller, bytes read)"
rasteriser,0x0048d4b0,,"referenced by tint blitter (CONFIRMED caller, bytes read)"
rasteriser,0x0048d510,,"referenced by tint blitter (CONFIRMED caller, bytes read)"
rasteriser,0x0048d5f0,,"referenced by tint blitter (CONFIRMED caller, bytes read)"
rasteriser,0x00491dd0,,"called by 0x00498c40 (CONFIRMED, bytes read)"
rasteriser,0x004907c0,,called by 0x00491dd0 (bytes read) for the span overlap test
rasteriser,0x004997d0,,stored in the span-fill pointer [0x006320b0] by 0x0048ff80 (only writer in decomp_raw); called per visible piece by 0x00492000 (bytes read)
rasteriser,0x00499130,,called by 0x00493df0 (bytes read)
rasteriser,0x00499810,,stored in the fill-pointer table 0x006320b4..0x006320dc by 0x0048ff80 (decomp_raw lines 26-110; per pixel format / MMX branches)
rasteriser,0x004998a0,,stored in the fill-pointer table 0x006320b4..0x006320dc by 0x0048ff80 (decomp_raw lines 26-110; per pixel format / MMX branches)
rasteriser,0x0049ec20,,stored in the fill-pointer table 0x006320b4..0x006320dc by 0x0048ff80 (decomp_raw lines 26-110; per pixel format / MMX branches)
rasteriser,0x0049ea80,,stored in the fill-pointer table 0x006320b4..0x006320dc by 0x0048ff80 (decomp_raw lines 26-110; per pixel format / MMX branches)
rasteriser,0x0049e6c0,,stored in the fill-pointer table 0x006320b4..0x006320dc by 0x0048ff80 (decomp_raw lines 26-110; per pixel format / MMX branches)
rasteriser,0x0049edc0,,stored in the fill-pointer table 0x006320b4..0x006320dc by 0x0048ff80 (decomp_raw lines 26-110; per pixel format / MMX branches)
rasteriser,0x0049b7e0,,stored in the fill-pointer table 0x006320b4..0x006320dc by 0x0048ff80 (decomp_raw lines 26-110; per pixel format / MMX branches)
rasteriser,0x0049bbf0,,stored in the fill-pointer table 0x006320b4..0x006320dc by 0x0048ff80 (decomp_raw lines 26-110; per pixel format / MMX branches)
rasteriser,0x0049c560,,stored in the fill-pointer table 0x006320b4..0x006320dc by 0x0048ff80 (decomp_raw lines 26-110; per pixel format / MMX branches)
rasteriser,0x0049d3b0,,stored in the fill-pointer table 0x006320b4..0x006320dc by 0x0048ff80 (decomp_raw lines 26-110; per pixel format / MMX branches)
rasteriser,0x0049cea0,,stored in the fill-pointer table 0x006320b4..0x006320dc by 0x0048ff80 (decomp_raw lines 26-110; per pixel format / MMX branches)
rasteriser,0x0049ddb0,,stored in the fill-pointer table 0x006320b4..0x006320dc by 0x0048ff80 (decomp_raw lines 26-110; per pixel format / MMX branches)
rasteriser,0x0049c860,,stored in the fill-pointer table 0x006320b4..0x006320dc by 0x0048ff80 (decomp_raw lines 26-110; per pixel format / MMX branches)
rasteriser,0x0049d6e0,,stored in the fill-pointer table 0x006320b4..0x006320dc by 0x0048ff80 (decomp_raw lines 26-110; per pixel format / MMX branches)
rasteriser,0x0049c360,,stored in the fill-pointer table 0x006320b4..0x006320dc by 0x0048ff80 (decomp_raw lines 26-110; per pixel format / MMX branches)
rasteriser,0x0049d1a0,,stored in the fill-pointer table 0x006320b4..0x006320dc by 0x0048ff80 (decomp_raw lines 26-110; per pixel format / MMX branches)
rasteriser,0x0049cbb0,,stored in the fill-pointer table 0x006320b4..0x006320dc by 0x0048ff80 (decomp_raw lines 26-110; per pixel format / MMX branches)
rasteriser,0x0049da80,,stored in the fill-pointer table 0x006320b4..0x006320dc by 0x0048ff80 (decomp_raw lines 26-110; per pixel format / MMX branches)
rasteriser,0x0049c760,,stored in the fill-pointer table 0x006320b4..0x006320dc by 0x0048ff80 (decomp_raw lines 26-110; per pixel format / MMX branches)
rasteriser,0x0049d5c0,,stored in the fill-pointer table 0x006320b4..0x006320dc by 0x0048ff80 (decomp_raw lines 26-110; per pixel format / MMX branches)
rasteriser,0x0049e200,,[0x00632104] fill installed by 0x0048ff80 (decomp_raw line 53)
rasteriser,0x0049e300,,[0x00632104] fill installed by 0x0048ff80 (line 39)
rasteriser,0x0049e400,,[0x00632104] fill installed by 0x0048ff80 (line 49)
rasteriser,0x0049e560,,[0x00632104] fill installed by 0x0048ff80 (line 35)
rasteriser,0x0049f180,,special fill address compared against in 0x00495850 (bytes at 0x004962f9 / 0x00496696)
rasteriser,0x0049b4c0,,blend-state preset selector (writes the active record read by the blend passes)
rasteriser,0x0049b530,,blend-state preset selector
rasteriser,0x0049b710,,blend-state preset selector
rasteriser,0x0049b780,,single-pixel blend with the active record
rasteriser,0x0049b1e0,,preset builder for 0x00631dd0
rasteriser,0x0049b350,,preset builder for 0x00631f10
rasteriser,0x0049b5a0,,preset builder for 0x00631e70
rasteriser,0x0049e0e0,,"called by the three preset builders (table build, INFERRED)"
rasteriser,0x0049e140,,MMX blend-mask setup (confirmed)
rasteriser,0x0048ff80,,"fill-table installer (membership question: rasteriser or zRndr init) - from 0x0048ff80 (decomp_raw), bytes pending"
rasteriser,0x0049ea40,,"[0x00632108] MMX texture-state setup (raw-scan writer of 0x0057da40/44/50/54/68/6c) - from 0x0048ff80 (decomp_raw), bytes pending"
rasteriser,0x004992b0,,"[0x006320fc]/[0x00632100] (0x0048ff80) - from 0x0048ff80 (decomp_raw), bytes pending"
rasteriser,0x004992d0,,"[0x006320f0] (0x0048ff80) - from 0x0048ff80 (decomp_raw), bytes pending"
rasteriser,0x004993a0,,"[0x006320f4] (0x0048ff80) - from 0x0048ff80 (decomp_raw), bytes pending"
rasteriser,0x00499500,,"[0x006320f8] (0x0048ff80) - from 0x0048ff80 (decomp_raw), bytes pending"
rasteriser,0x0049ca90,,"[0x006320e0] 555 blend mode - from 0x0048ff80 (decomp_raw), bytes pending"
rasteriser,0x0049d950,,"[0x006320e4] 555 blend mode - from 0x0048ff80 (decomp_raw), bytes pending"
rasteriser,0x0049c150,,"[0x006320e8] blend mode - from 0x0048ff80 (decomp_raw), bytes pending"
rasteriser,0x0049c230,,"[0x006320ec] 555 blend mode - from 0x0048ff80 (decomp_raw), bytes pending"
rasteriser,0x0049c970,,"[0x006320e0] 565 blend mode - from 0x0048ff80 (decomp_raw), bytes pending"
rasteriser,0x0049d810,,"[0x006320e4] 565 blend mode - from 0x0048ff80 (decomp_raw), bytes pending"
rasteriser,0x0049c020,,"[0x006320ec] 565 blend mode - from 0x0048ff80 (decomp_raw), bytes pending"
rasteriser,0x004b3050,Cpu_IsP6Model3Plus,"only caller is the member 0x0048ff80 (0x00490066, 0x004900db; raw rel32 scan); reached only from its dead MMX branches"
poly_shade,0x00477b30,Render_ShadeAndQueueObjectPolygons,"HW object polygon shader; runs (Recoil18 10676 calls, Recoil21 1173 - harvest)"
poly_shade,0x00476cf0,Render_ShadeAndQueueObjectPolygons_SW,"SW twin of 0x00477b30 (0 hits in Recoil18/21 - both HW-render traces, provisional)"
poly_shade,0x00476a50,FUN_00476a50,direct callee called only from 0x00476cf0/0x00477b30 (callgraph)
poly_shade,0x00479020,FUN_00479020,direct callee called only from 0x00476cf0/0x00477b30 (callgraph)
poly_shade,0x0047a200,FUN_0047a200,direct callee called only from 0x00476cf0/0x00477b30 (callgraph)
poly_shade,0x0047a4e0,FUN_0047a4e0,direct callee called only from 0x00477b30 (callgraph)
poly_shade,0x0047aa80,FUN_0047aa80,direct callee called only from 0x00476cf0/0x00477b30 (callgraph)
poly_shade,0x0047af60,FUN_0047af60,direct callee called only from 0x00476cf0 (callgraph)
poly_shade,0x0047b540,FUN_0047b540,direct callee called only from 0x00477b30 (callgraph)
poly_shade,0x0047bd30,FUN_0047bd30,direct callee called only from 0x00477b30 (callgraph)
poly_shade,0x0047cdc0,FUN_0047cdc0,direct callee called only from 0x00476cf0 (callgraph)
poly_shade,0x0047d3f0,FUN_0047d3f0,direct callee called only from 0x00477b30 (callgraph)
poly_shade,0x0047dfb0,FUN_0047dfb0,direct callee called only from 0x00476cf0 (callgraph)
poly_shade,0x0047e900,FUN_0047e900,direct callee called only from 0x00477b30 (callgraph)
poly_shade,0x0047efd0,FUN_0047efd0,direct callee called only from 0x00477b30 (callgraph)
poly_shade,0x00481140,FUN_00481140,direct callee called only from 0x00476cf0/0x00477b30 (callgraph)
poly_shade,0x00487f10,FUN_00487f10,direct callee called only from 0x00476cf0/0x00477b30 (callgraph)
poly_shade,0x00488d60,FUN_00488d60,direct callee called only from 0x00476cf0 (callgraph)
poly_shade,0x004896d0,FUN_004896d0,direct callee called only from 0x00476cf0 (callgraph)
poly_shade,0x00489920,FUN_00489920,direct callee called only from 0x00476cf0 (callgraph)
poly_shade,0x00489a90,FUN_00489a90,direct callee called only from 0x00477b30 (callgraph)
poly_shade,0x00499a20,FUN_00499a20,direct callee called only from 0x00476cf0 (callgraph)
poly_shade,0x00499ec0,FUN_00499ec0,direct callee called only from 0x00476cf0 (callgraph)
sound,0x0049f6d0,Sound_AllocateVoiceSlot,root (Sound_/zSnd name) in the 0x0049f6d0-0x004a5500 band
sound,0x0049f6f0,Sound_DuplicateA3DVoice,root (Sound_/zSnd name) in the 0x0049f6d0-0x004a5500 band
sound,0x0049f830,Sound_DuplicateHardwareBuffer,root (Sound_/zSnd name) in the 0x0049f6d0-0x004a5500 band
sound,0x0049f960,Sound_PlayResourceAuto,root (Sound_/zSnd name) in the 0x0049f6d0-0x004a5500 band
sound,0x0049f9a0,FUN_0049f9a0,"callee closure from the sound roots, in band, unassigned, ENGINE"
sound,0x0049fa00,FUN_0049fa00,"callee closure from the sound roots, in band, unassigned, ENGINE"
sound,0x0049fa10,Sound_StartVoice,root (Sound_/zSnd name) in the 0x0049f6d0-0x004a5500 band
sound,0x0049fa60,Sound_StartVoice_Mode1,root (Sound_/zSnd name) in the 0x0049f6d0-0x004a5500 band
sound,0x0049fbb0,FUN_0049fbb0,"callee closure from the sound roots, in band, unassigned, ENGINE"
sound,0x0049fcf0,Sound_PlayResourceSimple,root (Sound_/zSnd name) in the 0x0049f6d0-0x004a5500 band
sound,0x0049fd50,Sound_PlayResourceVariant,root (Sound_/zSnd name) in the 0x0049f6d0-0x004a5500 band
sound,0x0049fda0,Sound_StopOrRestoreVoice,root (Sound_/zSnd name) in the 0x0049f6d0-0x004a5500 band
sound,0x004a07a0,FUN_004a07a0,"callee closure from the sound roots, in band, unassigned, ENGINE"
sound,0x004a09e0,FUN_004a09e0,"callee closure from the sound roots, in band, unassigned, ENGINE"
sound,0x004a0e90,FUN_004a0e90,"callee closure from the sound roots, in band, unassigned, ENGINE"
sound,0x004a1290,Sound_SetAPIModePreInit,root (Sound_/zSnd name) in the 0x0049f6d0-0x004a5500 band
sound,0x004a12b0,Sound_GetAPIMode,root (Sound_/zSnd name) in the 0x0049f6d0-0x004a5500 band
sound,0x004a12c0,zSndInit,root (Sound_/zSnd name) in the 0x0049f6d0-0x004a5500 band
sound,0x004a1420,zSnd_CreateDevice,root (Sound_/zSnd name) in the 0x0049f6d0-0x004a5500 band
sound,0x004a1510,FUN_004a1510,"callee closure from the sound roots, in band, unassigned, ENGINE"
sound,0x004a1870,FUN_004a1870,"callee closure from the sound roots, in band, unassigned, ENGINE"
sound,0x004a1d10,Sound_InitA3DDevice,root (Sound_/zSnd name) in the 0x0049f6d0-0x004a5500 band
sound,0x004a1e50,zSnd_CreateDeviceAndPrimaryBuffer,root (Sound_/zSnd name) in the 0x0049f6d0-0x004a5500 band
sound,0x004a20d0,FUN_004a20d0,"callee closure from the sound roots, in band, unassigned, ENGINE"
sound,0x004a2490,FUN_004a2490,"callee closure from the sound roots, in band, unassigned, ENGINE"
sound,0x004a24d0,FUN_004a24d0,"callee closure from the sound roots, in band, unassigned, ENGINE"
sound,0x004a2950,Sound_SetListenerFromMatrix,root (Sound_/zSnd name) in the 0x0049f6d0-0x004a5500 band
sound,0x004a2a30,FUN_004a2a30,"callee closure from the sound roots, in band, unassigned, ENGINE"
sound,0x004a2a70,FUN_004a2a70,"callee closure from the sound roots, in band, unassigned, ENGINE"
sound,0x004a2b40,FUN_004a2b40,"callee closure from the sound roots, in band, unassigned, ENGINE"
sound,0x004a2e80,FUN_004a2e80,"callee closure from the sound roots, in band, unassigned, ENGINE"
sound,0x004a3ea0,FUN_004a3ea0,"callee closure from the sound roots, in band, unassigned, ENGINE"
sound,0x004a3ef0,FUN_004a3ef0,"callee closure from the sound roots, in band, unassigned, ENGINE"
sound,0x004a4330,FUN_004a4330,"callee closure from the sound roots, in band, unassigned, ENGINE"
sound,0x004a4530,FUN_004a4530,"callee closure from the sound roots, in band, unassigned, ENGINE"
sound,0x004a4590,FUN_004a4590,"callee closure from the sound roots, in band, unassigned, ENGINE"
sound,0x004a49b0,FUN_004a49b0,"callee closure from the sound roots, in band, unassigned, ENGINE"
sound,0x004a4c40,Sound_StreamCue_TickDispatch,root (Sound_/zSnd name) in the 0x0049f6d0-0x004a5500 band
sound,0x004a4cb0,Sound_StreamCue_State0_SelectVariant,root (Sound_/zSnd name) in the 0x0049f6d0-0x004a5500 band
sound,0x004a4d10,Sound_StreamCue_PickWeightedRandomVariant,root (Sound_/zSnd name) in the 0x0049f6d0-0x004a5500 band
sound,0x004a4ea0,Sound_StreamCue_State1_PlaySequenceEvents,root (Sound_/zSnd name) in the 0x0049f6d0-0x004a5500 band
sound,0x004a4fd0,Sound_StreamCue_State2_ReplayGapWait,root (Sound_/zSnd name) in the 0x0049f6d0-0x004a5500 band
sound,0x004a5020,Sound_StreamCue_State3_Cooldown,root (Sound_/zSnd name) in the 0x0049f6d0-0x004a5500 band
sound,0x004a5050,Sound_ServiceActiveStreamCues,root (Sound_/zSnd name) in the 0x0049f6d0-0x004a5500 band
sound,0x004a51f0,FUN_004a51f0,"callee closure from the sound roots, in band, unassigned, ENGINE"
sound,0x004a5230,Sound_StartStreamResourceSimple,root (Sound_/zSnd name) in the 0x0049f6d0-0x004a5500 band
sound,0x004a5250,Sound_StartStreamResource,root (Sound_/zSnd name) in the 0x0049f6d0-0x004a5500 band
sound,0x004a5350,Sound_StreamCueSubsystem_LazyInit,root (Sound_/zSnd name) in the 0x0049f6d0-0x004a5500 band
sound,0x004a53d0,Sound_StartStreamResourceAtPosition,root (Sound_/zSnd name) in the 0x0049f6d0-0x004a5500 band
sound,0x004a2ea0,SoundBuffer_Create_Dispatch,MEMBERSHIP PASS 2026-09-17: zsnd_create.cpp span; mode-pair dispatch on [0x0056b2ac]
sound,0x004a2ec0,SoundBuffer_Create_A3D,MEMBERSHIP PASS 2026-09-17: zsnd_create.cpp path 0x004e2450 referenced; Sound_ReportA3DError sites
sound,0x004a3180,SoundBuffer_Create_DirectSound,MEMBERSHIP PASS 2026-09-17: zsnd_create.cpp path 0x004e2450 referenced; Sound_ReportDirectSoundError sites
sound,0x004a34e0,FUN_004a34e0,MEMBERSHIP PASS 2026-09-17: zsnd_create.cpp path ref 0x004a3568; reads [0x0056b2ac]; both sound reporters
sound,0x004a3590,FUN_004a3590,MEMBERSHIP PASS 2026-09-17: zsnd_create.cpp path ref 0x004a3600; reads [0x0056b2ac]; both sound reporters
sound,0x004a3620,FUN_004a3620,"MEMBERSHIP PASS 2026-09-17: reads [0x0056b2ac]; mode-split vtable calls, adjacent to zsnd_create refs"
sound,0x004a3690,FUN_004a3690,MEMBERSHIP PASS 2026-09-17: reads [0x0056b2ac]; vtable voice iteration
sound,0x004a3910,FUN_004a3910,MEMBERSHIP PASS 2026-09-17: calls 0x004a3690 then free
sound,0x004a3ad0,FUN_004a3ad0,"MEMBERSHIP PASS 2026-09-17: reads [0x0056b2ac]; calls Sound_StopOrRestoreVoice, Sound_LoadFloatArg, buffer SetVolume +0x3C"
sound,0x004a3c20,FUN_004a3c20,MEMBERSHIP PASS 2026-09-17: only caller of 0x004a3ad0; owns [0x0056b3f4]/[0x0056b3f8] voice-channel block
sound,0x004a3d20,FUN_004a3d20,MEMBERSHIP PASS 2026-09-17: calls Sound_StopOrRestoreVoice; owns [0x0056b404]/[0x0056b408]
sound,0x0049f620,FUN_0049f620,MEMBERSHIP PASS 2026-09-17: reads [0x0056b2ac]/[0x0056b2b0]/[0x0056b424]; writes [0x0056b3d0]; calls Sound_StopOrRestoreVoice
sound,0x0049fec0,Sound_StopAllVoicesForResour,"MEMBERSHIP SCAN 2026-09-17 (membership_evidence.py, span 0x0049f600-0x004a5440): references 1 sound globals in 0x0056b290-0x0056b440, calls 2 members, called by 0 members"
sound,0x0049fff0,FUN_0049fff0,"MEMBERSHIP SCAN 2026-09-17 (membership_evidence.py, span 0x0049f600-0x004a5440): references 2 sound globals in 0x0056b290-0x0056b440, calls 1 members, called by 0 members"
sound,0x004a0300,FUN_004a0300,"MEMBERSHIP SCAN 2026-09-17 (membership_evidence.py, span 0x0049f600-0x004a5440): references 1 sound globals in 0x0056b290-0x0056b440, calls 0 members, called by 0 members"
sound,0x004a0380,FUN_004a0380,"MEMBERSHIP SCAN 2026-09-17 (membership_evidence.py, span 0x0049f600-0x004a5440): references 0 sound globals in 0x0056b290-0x0056b440, calls 2 members, called by 0 members"
sound,0x004a0400,FUN_004a0400,"MEMBERSHIP SCAN 2026-09-17 (membership_evidence.py, span 0x0049f600-0x004a5440): references 0 sound globals in 0x0056b290-0x0056b440, calls 1 members, called by 0 members"
sound,0x004a0490,FUN_004a0490,"MEMBERSHIP SCAN 2026-09-17 (membership_evidence.py, span 0x0049f600-0x004a5440): references 1 sound globals in 0x0056b290-0x0056b440, calls 0 members, called by 0 members"
sound,0x004a0500,FUN_004a0500,"MEMBERSHIP SCAN 2026-09-17 (membership_evidence.py, span 0x0049f600-0x004a5440): references 1 sound globals in 0x0056b290-0x0056b440, calls 1 members, called by 0 members"
sound,0x004a0590,FUN_004a0590,"MEMBERSHIP SCAN 2026-09-17 (membership_evidence.py, span 0x0049f600-0x004a5440): references 1 sound globals in 0x0056b290-0x0056b440, calls 0 members, called by 0 members"
sound,0x004a0670,FUN_004a0670,"MEMBERSHIP SCAN 2026-09-17 (membership_evidence.py, span 0x0049f600-0x004a5440): references 4 sound globals in 0x0056b290-0x0056b440, calls 2 members, called by 0 members"
sound,0x004a0810,FUN_004a0810,"MEMBERSHIP SCAN 2026-09-17 (membership_evidence.py, span 0x0049f600-0x004a5440): references 4 sound globals in 0x0056b290-0x0056b440, calls 0 members, called by 0 members"
sound,0x004a0880,FUN_004a0880,"MEMBERSHIP SCAN 2026-09-17 (membership_evidence.py, span 0x0049f600-0x004a5440): references 2 sound globals in 0x0056b290-0x0056b440, calls 0 members, called by 0 members"
sound,0x004a08d0,FUN_004a08d0,"MEMBERSHIP SCAN 2026-09-17 (membership_evidence.py, span 0x0049f600-0x004a5440): references 2 sound globals in 0x0056b290-0x0056b440, calls 0 members, called by 0 members"
sound,0x004a0900,FUN_004a0900,"MEMBERSHIP SCAN 2026-09-17 (membership_evidence.py, span 0x0049f600-0x004a5440): references 2 sound globals in 0x0056b290-0x0056b440, calls 0 members, called by 0 members"
sound,0x004a0920,FUN_004a0920,"MEMBERSHIP SCAN 2026-09-17 (membership_evidence.py, span 0x0049f600-0x004a5440): references 2 sound globals in 0x0056b290-0x0056b440, calls 0 members, called by 0 members"
sound,0x004a0990,Sound_ResolveResourceByName,"MEMBERSHIP SCAN 2026-09-17 (membership_evidence.py, span 0x0049f600-0x004a5440): references 3 sound globals in 0x0056b290-0x0056b440, calls 0 members, called by 1 members"
sound,0x004a0c40,FUN_004a0c40,"MEMBERSHIP SCAN 2026-09-17 (membership_evidence.py, span 0x0049f600-0x004a5440): references 1 sound globals in 0x0056b290-0x0056b440, calls 1 members, called by 0 members"
sound,0x004a0e40,FUN_004a0e40,"MEMBERSHIP SCAN 2026-09-17 (membership_evidence.py, span 0x0049f600-0x004a5440): references 0 sound globals in 0x0056b290-0x0056b440, calls 1 members, called by 0 members"
sound,0x004a0ec0,FUN_004a0ec0,"MEMBERSHIP SCAN 2026-09-17 (membership_evidence.py, span 0x0049f600-0x004a5440): references 1 sound globals in 0x0056b290-0x0056b440, calls 0 members, called by 0 members"
sound,0x004a0fb0,FUN_004a0fb0,"MEMBERSHIP SCAN 2026-09-17 (membership_evidence.py, span 0x0049f600-0x004a5440): references 0 sound globals in 0x0056b290-0x0056b440, calls 1 members, called by 0 members"
sound,0x004a1090,FUN_004a1090,"MEMBERSHIP SCAN 2026-09-17 (membership_evidence.py, span 0x0049f600-0x004a5440): references 1 sound globals in 0x0056b290-0x0056b440, calls 0 members, called by 0 members"
sound,0x004a10b0,FUN_004a10b0,"MEMBERSHIP SCAN 2026-09-17 (membership_evidence.py, span 0x0049f600-0x004a5440): references 1 sound globals in 0x0056b290-0x0056b440, calls 0 members, called by 0 members"
sound,0x004a10d0,FUN_004a10d0,"MEMBERSHIP SCAN 2026-09-17 (membership_evidence.py, span 0x0049f600-0x004a5440): references 1 sound globals in 0x0056b290-0x0056b440, calls 0 members, called by 0 members"
sound,0x004a10e0,FUN_004a10e0,"MEMBERSHIP SCAN 2026-09-17 (membership_evidence.py, span 0x0049f600-0x004a5440): references 1 sound globals in 0x0056b290-0x0056b440, calls 1 members, called by 0 members"
sound,0x004a11d0,FUN_004a11d0,"MEMBERSHIP SCAN 2026-09-17 (membership_evidence.py, span 0x0049f600-0x004a5440): references 2 sound globals in 0x0056b290-0x0056b440, calls 2 members, called by 0 members"
sound,0x004a13d0,FUN_004a13d0,"MEMBERSHIP SCAN 2026-09-17 (membership_evidence.py, span 0x0049f600-0x004a5440): references 2 sound globals in 0x0056b290-0x0056b440, calls 2 members, called by 0 members"
sound,0x004a1f40,FUN_004a1f40,"MEMBERSHIP SCAN 2026-09-17 (membership_evidence.py, span 0x0049f600-0x004a5440): references 6 sound globals in 0x0056b290-0x0056b440, calls 1 members, called by 0 members"
sound,0x004a2020,FUN_004a2020,"MEMBERSHIP SCAN 2026-09-17 (membership_evidence.py, span 0x0049f600-0x004a5440): references 3 sound globals in 0x0056b290-0x0056b440, calls 0 members, called by 0 members"
sound,0x004a2600,FUN_004a2600,"MEMBERSHIP SCAN 2026-09-17 (membership_evidence.py, span 0x0049f600-0x004a5440): references 7 sound globals in 0x0056b290-0x0056b440, calls 1 members, called by 0 members"
sound,0x004a26b0,FUN_004a26b0,"MEMBERSHIP SCAN 2026-09-17 (membership_evidence.py, span 0x0049f600-0x004a5440): references 3 sound globals in 0x0056b290-0x0056b440, calls 0 members, called by 0 members"
sound,0x004a26f0,SoundCD_Stop,"MEMBERSHIP SCAN 2026-09-17 (membership_evidence.py, span 0x0049f600-0x004a5440): references 3 sound globals in 0x0056b290-0x0056b440, calls 2 members, called by 1 members"
sound,0x004a2750,FUN_004a2750,"MEMBERSHIP SCAN 2026-09-17 (membership_evidence.py, span 0x0049f600-0x004a5440): references 5 sound globals in 0x0056b290-0x0056b440, calls 2 members, called by 0 members"
sound,0x004a27d0,FUN_004a27d0,"MEMBERSHIP SCAN 2026-09-17 (membership_evidence.py, span 0x0049f600-0x004a5440): references 2 sound globals in 0x0056b290-0x0056b440, calls 0 members, called by 0 members"
sound,0x004a27f0,FUN_004a27f0,"MEMBERSHIP SCAN 2026-09-17 (membership_evidence.py, span 0x0049f600-0x004a5440): references 4 sound globals in 0x0056b290-0x0056b440, calls 1 members, called by 0 members"
sound,0x004a2880,FUN_004a2880,"MEMBERSHIP SCAN 2026-09-17 (membership_evidence.py, span 0x0049f600-0x004a5440): references 4 sound globals in 0x0056b290-0x0056b440, calls 1 members, called by 0 members"
sound,0x004a2930,FUN_004a2930,"MEMBERSHIP SCAN 2026-09-17 (membership_evidence.py, span 0x0049f600-0x004a5440): references 2 sound globals in 0x0056b290-0x0056b440, calls 0 members, called by 0 members"
sound,0x004a3850,FUN_004a3850,"MEMBERSHIP SCAN 2026-09-17 (membership_evidence.py, span 0x0049f600-0x004a5440): references 0 sound globals in 0x0056b290-0x0056b440, calls 1 members, called by 0 members"
sound,0x004a3940,FUN_004a3940,"MEMBERSHIP SCAN 2026-09-17 (membership_evidence.py, span 0x0049f600-0x004a5440): references 6 sound globals in 0x0056b290-0x0056b440, calls 0 members, called by 0 members"
sound,0x004a3a80,SoundVoiceList_PushBack,"MEMBERSHIP SCAN 2026-09-17 (membership_evidence.py, span 0x0049f600-0x004a5440): references 2 sound globals in 0x0056b290-0x0056b440, calls 0 members, called by 1 members"
sound,0x004a3e50,SoundVoiceList_Erase,"MEMBERSHIP SCAN 2026-09-17 (membership_evidence.py, span 0x0049f600-0x004a5440): references 0 sound globals in 0x0056b290-0x0056b440, calls 0 members, called by 1 members"
sound,0x004a3e90,SoundVoiceList_IteratorPostI,"MEMBERSHIP SCAN 2026-09-17 (membership_evidence.py, span 0x0049f600-0x004a5440): references 0 sound globals in 0x0056b290-0x0056b440, calls 0 members, called by 1 members"
sound,0x004a44c0,FUN_004a44c0,"MEMBERSHIP SCAN 2026-09-17 (membership_evidence.py, span 0x0049f600-0x004a5440): references 1 sound globals in 0x0056b290-0x0056b440, calls 0 members, called by 0 members"
sound,0x004a50a0,FUN_004a50a0,"MEMBERSHIP SCAN 2026-09-17 (membership_evidence.py, span 0x0049f600-0x004a5440): references 4 sound globals in 0x0056b290-0x0056b440, calls 0 members, called by 0 members"
sound,0x004a2e70,Sound_GetSpeedOfSound,"getter for [0x004e2420], the slot Sound_SetSpeedOfSound writes; inside the sound span"
sound,0x004a07c0,FUN_004a07c0,MEMBERSHIP SCAN (membership_evidence.py 0x0049f600 0x004a5440 0x0056b290 0x0056b440): g=0 callsM=0 calledByM=1 callers=1
sound,0x004a0860,FUN_004a0860,MEMBERSHIP SCAN (membership_evidence.py 0x0049f600 0x004a5440 0x0056b290 0x0056b440): g=0 callsM=2 calledByM=0 callers=8
sound,0x004a0870,FUN_004a0870,MEMBERSHIP SCAN (membership_evidence.py 0x0049f600 0x004a5440 0x0056b290 0x0056b440): g=0 callsM=2 calledByM=0 callers=4
sound,0x004a0c00,FUN_004a0c00,MEMBERSHIP SCAN (membership_evidence.py 0x0049f600 0x004a5440 0x0056b290 0x0056b440): g=0 callsM=1 calledByM=1 callers=1
sound,0x004a25e0,FUN_004a25e0,MEMBERSHIP SCAN (membership_evidence.py 0x0049f600 0x004a5440 0x0056b290 0x0056b440): g=0 callsM=2 calledByM=1 callers=5
sound,0x004a53f0,FUN_004a53f0,MEMBERSHIP SCAN (membership_evidence.py 0x0049f600 0x004a5440 0x0056b290 0x0056b440): g=0 callsM=0 calledByM=3 callers=3
sound,0x004a05f0,SoundList_Destroy,"BOUNDARY PASS 2026-09-17: inside the sound span; operates on sound records/statics (read, no-evidence scan residue)"
sound,0x004a07f0,SoundArchive_SetEnabled,"BOUNDARY PASS 2026-09-17: inside the sound span; operates on sound records/statics (read, no-evidence scan residue)"
sound,0x004a0830,SoundBankVector_RegisterStaticDtor,"BOUNDARY PASS 2026-09-17: inside the sound span; operates on sound records/statics (read, no-evidence scan residue)"
sound,0x004a2050,SoundCDTrackList_RegisterStaticDtor,"BOUNDARY PASS 2026-09-17: inside the sound span; operates on sound records/statics (read, no-evidence scan residue)"
sound,0x004a39a0,SoundFadeLists_RegisterStaticDtor,"BOUNDARY PASS 2026-09-17: inside the sound span; operates on sound records/statics (read, no-evidence scan residue)"
sound,0x004a1240,SoundResource_SetCallback,"BOUNDARY PASS 2026-09-17: inside the sound span; operates on sound records/statics (read, no-evidence scan residue)"
sound,0x004a1270,SoundResource_ClearBusy,"BOUNDARY PASS 2026-09-17: inside the sound span; operates on sound records/statics (read, no-evidence scan residue)"
sound,0x004a1250,FUN_004a1250,"BOUNDARY PASS 2026-09-17: inside the sound span; operates on sound records/statics (read, no-evidence scan residue)"
sound,0x004a0800,,"GAP PASS 2026-09-17: missing from Ghidra export, pointer-reached (CRT init table / atexit / container predicate) from sound"
sound,0x004a0840,,"GAP PASS 2026-09-17: missing from Ghidra export, pointer-reached (CRT init table / atexit / container predicate) from sound"
sound,0x004a2010,,"GAP PASS 2026-09-17: missing from Ghidra export, pointer-reached (CRT init table / atexit / container predicate) from sound"
sound,0x004a2060,,"GAP PASS 2026-09-17: missing from Ghidra export, pointer-reached (CRT init table / atexit / container predicate) from sound"
sound,0x004a3930,,"GAP PASS 2026-09-17: missing from Ghidra export, pointer-reached (CRT init table / atexit / container predicate) from sound"
sound,0x004a39b0,,"GAP PASS 2026-09-17: missing from Ghidra export, pointer-reached (CRT init table / atexit / container predicate) from sound"
sound,0x004a44e0,,"GAP PASS 2026-09-17: missing from Ghidra export, pointer-reached (CRT init table / atexit / container predicate) from sound"
sound,0x004a51e0,,"GAP PASS 2026-09-17: missing from Ghidra export, pointer-reached (CRT init table / atexit / container predicate) from sound"
sound,0x004a5220,,"GAP PASS 2026-09-17: missing from Ghidra export, pointer-reached (CRT init table / atexit / container predicate) from sound"
collision,0x00443c50,,SEED 2026-09-17: references the collision query globals 0x005396d0..0x0053981f (corpus scan) or is the per-mesh test they call
collision,0x00443c60,,SEED 2026-09-17: references the collision query globals 0x005396d0..0x0053981f (corpus scan) or is the per-mesh test they call
collision,0x00443d20,,SEED 2026-09-17: references the collision query globals 0x005396d0..0x0053981f (corpus scan) or is the per-mesh test they call
collision,0x00443f80,,SEED 2026-09-17: references the collision query globals 0x005396d0..0x0053981f (corpus scan) or is the per-mesh test they call
collision,0x00444310,,SEED 2026-09-17: references the collision query globals 0x005396d0..0x0053981f (corpus scan) or is the per-mesh test they call
collision,0x004443e0,,SEED 2026-09-17: references the collision query globals 0x005396d0..0x0053981f (corpus scan) or is the per-mesh test they call
collision,0x004444b0,,SEED 2026-09-17: references the collision query globals 0x005396d0..0x0053981f (corpus scan) or is the per-mesh test they call
collision,0x00444890,,SEED 2026-09-17: references the collision query globals 0x005396d0..0x0053981f (corpus scan) or is the per-mesh test they call
collision,0x00444c50,,SEED 2026-09-17: references the collision query globals 0x005396d0..0x0053981f (corpus scan) or is the per-mesh test they call
collision,0x00444d10,,SEED 2026-09-17: references the collision query globals 0x005396d0..0x0053981f (corpus scan) or is the per-mesh test they call
collision,0x00444e90,,SEED 2026-09-17: references the collision query globals 0x005396d0..0x0053981f (corpus scan) or is the per-mesh test they call
collision,0x004455f0,,SEED 2026-09-17: references the collision query globals 0x005396d0..0x0053981f (corpus scan) or is the per-mesh test they call
collision,0x00445650,,SEED 2026-09-17: references the collision query globals 0x005396d0..0x0053981f (corpus scan) or is the per-mesh test they call
collision,0x00445a00,,SEED 2026-09-17: references the collision query globals 0x005396d0..0x0053981f (corpus scan) or is the per-mesh test they call
collision,0x00445b20,,SEED 2026-09-17: references the collision query globals 0x005396d0..0x0053981f (corpus scan) or is the per-mesh test they call
collision,0x00445c20,,SEED 2026-09-17: references the collision query globals 0x005396d0..0x0053981f (corpus scan) or is the per-mesh test they call
collision,0x00445d40,,SEED 2026-09-17: references the collision query globals 0x005396d0..0x0053981f (corpus scan) or is the per-mesh test they call
collision,0x00445f60,,SEED 2026-09-17: references the collision query globals 0x005396d0..0x0053981f (corpus scan) or is the per-mesh test they call
collision,0x00446440,,SEED 2026-09-17: references the collision query globals 0x005396d0..0x0053981f (corpus scan) or is the per-mesh test they call
collision,0x00446880,,SEED 2026-09-17: references the collision query globals 0x005396d0..0x0053981f (corpus scan) or is the per-mesh test they call
collision,0x00446970,,SEED 2026-09-17: references the collision query globals 0x005396d0..0x0053981f (corpus scan) or is the per-mesh test they call
collision,0x004472c0,,SEED 2026-09-17: references the collision query globals 0x005396d0..0x0053981f (corpus scan) or is the per-mesh test they call
collision,0x004473e0,,SEED 2026-09-17: references the collision query globals 0x005396d0..0x0053981f (corpus scan) or is the per-mesh test they call
collision,0x00447540,,SEED 2026-09-17: references the collision query globals 0x005396d0..0x0053981f (corpus scan) or is the per-mesh test they call
collision,0x004476f0,,SEED 2026-09-17: references the collision query globals 0x005396d0..0x0053981f (corpus scan) or is the per-mesh test they call
collision,0x00484fc0,,SEED 2026-09-17: references the collision query globals 0x005396d0..0x0053981f (corpus scan) or is the per-mesh test they call
collision,0x00484960,,SEED 2026-09-17: references the collision query globals 0x005396d0..0x0053981f (corpus scan) or is the per-mesh test they call
collision,0x004856d0,,CLOSURE PASS 2026-09-17: mesh/polygon-level collision test; every E8 caller (byte scan) and every callgraph caller is a collision member
collision,0x00485380,,CLOSURE PASS 2026-09-17: mesh/polygon-level collision test; every E8 caller (byte scan) and every callgraph caller is a collision member
collision,0x004857f0,,CLOSURE PASS 2026-09-17: mesh/polygon-level collision test; every E8 caller (byte scan) and every callgraph caller is a collision member
collision,0x00485d10,,CLOSURE PASS 2026-09-17: mesh/polygon-level collision test; every E8 caller (byte scan) and every callgraph caller is a collision member
collision,0x00484e00,,CLOSURE PASS 2026-09-17: mesh/polygon-level collision test; every E8 caller (byte scan) and every callgraph caller is a collision member
collision,0x00487350,,CLOSURE PASS 2026-09-17: mesh/polygon-level collision test; every E8 caller (byte scan) and every callgraph caller is a collision member
collision,0x00487540,,CLOSURE PASS 2026-09-17: mesh/polygon-level collision test; every E8 caller (byte scan) and every callgraph caller is a collision member
collision,0x00479c90,,CLOSURE PASS 2026-09-17: mesh/polygon-level collision test; every E8 caller (byte scan) and every callgraph caller is a collision member
collision,0x00484b70,,CLOSURE PASS 2026-09-17: mesh/polygon-level collision test; every E8 caller (byte scan) and every callgraph caller is a collision member
collision,0x00486290,,CLOSURE PASS 2026-09-17: mesh/polygon-level collision test; every E8 caller (byte scan) and every callgraph caller is a collision member
collision,0x004869a0,,CLOSURE PASS 2026-09-17: mesh/polygon-level collision test; every E8 caller (byte scan) and every callgraph caller is a collision member
texture,0x0046d550,TextureManager_Reset,MEMBERSHIP SCAN (membership_evidence.py 0x0046d500 0x0046f000 0x0053d780 0x00562000): g=2 callsM=0 calledByM=0 callers=1
texture,0x0046d5d0,FUN_0046d5d0,MEMBERSHIP SCAN (membership_evidence.py 0x0046d500 0x0046f000 0x0053d780 0x00562000): g=4 callsM=0 calledByM=0 callers=1
texture,0x0046d810,FUN_0046d810,MEMBERSHIP SCAN (membership_evidence.py 0x0046d500 0x0046f000 0x0053d780 0x00562000): g=3 callsM=0 calledByM=0 callers=4
texture,0x0046de50,TextureManager_LoadPending,MEMBERSHIP SCAN (membership_evidence.py 0x0046d500 0x0046f000 0x0053d780 0x00562000): g=3 callsM=0 calledByM=0 callers=4
texture,0x0046df50,FUN_0046df50,MEMBERSHIP SCAN (membership_evidence.py 0x0046d500 0x0046f000 0x0053d780 0x00562000): g=1 callsM=0 calledByM=0 callers=1
texture,0x0046e3e0,FUN_0046e3e0,MEMBERSHIP SCAN (membership_evidence.py 0x0046d500 0x0046f000 0x0053d780 0x00562000): g=2 callsM=0 calledByM=0 callers=1
texture,0x0046e680,FUN_0046e680,MEMBERSHIP SCAN (membership_evidence.py 0x0046d500 0x0046f000 0x0053d780 0x00562000): g=2 callsM=0 calledByM=0 callers=2
texture,0x0046e720,FUN_0046e720,MEMBERSHIP SCAN (membership_evidence.py 0x0046d500 0x0046f000 0x0053d780 0x00562000): g=4 callsM=0 calledByM=0 callers=2
texture,0x0046e8d0,FUN_0046e8d0,MEMBERSHIP SCAN (membership_evidence.py 0x0046d500 0x0046f000 0x0053d780 0x00562000): g=1 callsM=0 calledByM=0 callers=2
texture,0x0046eb20,FUN_0046eb20,MEMBERSHIP SCAN (membership_evidence.py 0x0046d500 0x0046f000 0x0053d780 0x00562000): g=5 callsM=0 calledByM=0 callers=1
texture,0x0046ebb0,FUN_0046ebb0,MEMBERSHIP SCAN (membership_evidence.py 0x0046d500 0x0046f000 0x0053d780 0x00562000): g=1 callsM=0 calledByM=0 callers=2
texture,0x0046ebd0,FUN_0046ebd0,MEMBERSHIP SCAN (membership_evidence.py 0x0046d500 0x0046f000 0x0053d780 0x00562000): g=1 callsM=0 calledByM=0 callers=7
texture,0x0046efc0,FUN_0046efc0,MEMBERSHIP SCAN (membership_evidence.py 0x0046d500 0x0046f000 0x0053d780 0x00562000): g=1 callsM=0 calledByM=0 callers=2
texture,0x0046efe0,FUN_0046efe0,MEMBERSHIP SCAN (membership_evidence.py 0x0046d500 0x0046f000 0x0053d780 0x00562000): g=1 callsM=0 calledByM=0 callers=1
texture,0x0046d5a0,FUN_0046d5a0,MEMBERSHIP SCAN (membership_evidence.py 0x0046d500 0x0046f000 0x0053d780 0x00562000): g=0 callsM=0 calledByM=1 callers=17
texture,0x0046d6b0,FUN_0046d6b0,MEMBERSHIP SCAN (membership_evidence.py 0x0046d500 0x0046f000 0x0053d780 0x00562000): g=0 callsM=0 calledByM=1 callers=1
texture,0x0046d730,FUN_0046d730,MEMBERSHIP SCAN (membership_evidence.py 0x0046d500 0x0046f000 0x0053d780 0x00562000): g=0 callsM=0 calledByM=1 callers=2
texture,0x0046d780,FUN_0046d780,MEMBERSHIP SCAN (membership_evidence.py 0x0046d500 0x0046f000 0x0053d780 0x00562000): g=0 callsM=0 calledByM=1 callers=1
texture,0x0046d900,FUN_0046d900,MEMBERSHIP SCAN (membership_evidence.py 0x0046d500 0x0046f000 0x0053d780 0x00562000): g=0 callsM=0 calledByM=3 callers=13
texture,0x0046dae0,FUN_0046dae0,MEMBERSHIP SCAN (membership_evidence.py 0x0046d500 0x0046f000 0x0053d780 0x00562000): g=0 callsM=1 calledByM=1 callers=2
texture,0x0046e380,FUN_0046e380,MEMBERSHIP SCAN (membership_evidence.py 0x0046d500 0x0046f000 0x0053d780 0x00562000): g=0 callsM=0 calledByM=2 callers=2
texture,0x0046e4e0,FUN_0046e4e0,MEMBERSHIP SCAN (membership_evidence.py 0x0046d500 0x0046f000 0x0053d780 0x00562000): g=0 callsM=0 calledByM=2 callers=2
texture,0x0046e960,Tex_CallWithDefaultRecord,MEMBERSHIP SCAN (membership_evidence.py 0x0046d500 0x0046f000 0x0053d780 0x00562000): g=0 callsM=1 calledByM=0 callers=2
texture,0x0046eb90,FUN_0046eb90,MEMBERSHIP SCAN (membership_evidence.py 0x0046d500 0x0046f000 0x0053d780 0x00562000): g=0 callsM=1 calledByM=0 callers=1
texture,0x0046eba0,FUN_0046eba0,MEMBERSHIP SCAN (membership_evidence.py 0x0046d500 0x0046f000 0x0053d780 0x00562000): g=0 callsM=1 calledByM=0 callers=1
texture,0x0046ecf0,FUN_0046ecf0,MEMBERSHIP SCAN (membership_evidence.py 0x0046d500 0x0046f000 0x0053d780 0x00562000): g=0 callsM=0 calledByM=1 callers=3
texture,0x0046ede0,FUN_0046ede0,MEMBERSHIP SCAN (membership_evidence.py 0x0046d500 0x0046f000 0x0053d780 0x00562000): g=0 callsM=1 calledByM=0 callers=1
texture,0x0046d870,FUN_0046d870,MEMBERSHIP SCAN (membership_evidence.py 0x0046d500 0x0046f000 0x0053d780 0x00562000): g=0 callsM=0 calledByM=1 callers=1
texture,0x0046d940,FUN_0046d940,MEMBERSHIP SCAN (membership_evidence.py 0x0046d500 0x0046f000 0x0053d780 0x00562000): g=0 callsM=0 calledByM=1 callers=1
texture,0x0046da40,FUN_0046da40,MEMBERSHIP SCAN (membership_evidence.py 0x0046d500 0x0046f000 0x0053d780 0x00562000): g=0 callsM=1 calledByM=0 callers=1
texture,0x0046dd30,FUN_0046dd30,MEMBERSHIP SCAN (membership_evidence.py 0x0046d500 0x0046f000 0x0053d780 0x00562000): g=0 callsM=0 calledByM=1 callers=1
texture,0x0046e250,FUN_0046e250,MEMBERSHIP SCAN (membership_evidence.py 0x0046d500 0x0046f000 0x0053d780 0x00562000): g=0 callsM=1 calledByM=0 callers=1
texture,0x0046e2c0,FUN_0046e2c0,MEMBERSHIP SCAN (membership_evidence.py 0x0046d500 0x0046f000 0x0053d780 0x00562000): g=0 callsM=0 calledByM=1 callers=1
texture,0x0046ec20,FUN_0046ec20,MEMBERSHIP SCAN (membership_evidence.py 0x0046d500 0x0046f000 0x0053d780 0x00562000): g=0 callsM=0 calledByM=1 callers=4
texture,0x0046ec40,FUN_0046ec40,MEMBERSHIP SCAN (membership_evidence.py 0x0046d500 0x0046f000 0x0053d780 0x00562000): g=0 callsM=0 calledByM=1 callers=2
texture,0x0046ecc0,FUN_0046ecc0,MEMBERSHIP SCAN (membership_evidence.py 0x0046d500 0x0046f000 0x0053d780 0x00562000): g=0 callsM=1 calledByM=1 callers=6
texture,0x0046ef70,FUN_0046ef70,MEMBERSHIP SCAN (membership_evidence.py 0x0046d500 0x0046f000 0x0053d780 0x00562000): g=0 callsM=1 calledByM=0 callers=2
texture,0x0046ec00,FUN_0046ec00,MEMBERSHIP SCAN (membership_evidence.py 0x0046d500 0x0046f000 0x0053d780 0x00562000): g=0 callsM=0 calledByM=1 callers=6
texture,0x0046ed70,FUN_0046ed70,MEMBERSHIP SCAN (membership_evidence.py 0x0046d500 0x0046f000 0x0053d780 0x00562000): g=0 callsM=0 calledByM=1 callers=1
texture,0x0046ec30,FUN_0046ec30,MEMBERSHIP SCAN (membership_evidence.py 0x0046d500 0x0046f000 0x0053d780 0x00562000): g=0 callsM=0 calledByM=1 callers=1
texture,0x0046ec60,FUN_0046ec60,MEMBERSHIP SCAN (membership_evidence.py 0x0046d500 0x0046f000 0x0053d780 0x00562000): g=0 callsM=0 calledByM=1 callers=3
texture,0x0046ec90,FUN_0046ec90,MEMBERSHIP SCAN (membership_evidence.py 0x0046d500 0x0046f000 0x0053d780 0x00562000): g=0 callsM=0 calledByM=1 callers=6
zvideo,0x004a6710,FUN_004a6710,MEMBERSHIP SCAN (membership_evidence.py 0x004a6700 0x004ae600 0x00632000 0x00636000): g=1 callsM=0 calledByM=0 callers=3
zvideo,0x004a6720,Render_GetScreenWidth,MEMBERSHIP SCAN (membership_evidence.py 0x004a6700 0x004ae600 0x00632000 0x00636000): g=1 callsM=0 calledByM=0 callers=2
zvideo,0x004a6730,Render_GetScreenHeight,MEMBERSHIP SCAN (membership_evidence.py 0x004a6700 0x004ae600 0x00632000 0x00636000): g=1 callsM=0 calledByM=0 callers=2
zvideo,0x004a6740,FUN_004a6740,MEMBERSHIP SCAN (membership_evidence.py 0x004a6700 0x004ae600 0x00632000 0x00636000): g=1 callsM=0 calledByM=0 callers=3
zvideo,0x004a6770,FUN_004a6770,MEMBERSHIP SCAN (membership_evidence.py 0x004a6700 0x004ae600 0x00632000 0x00636000): g=3 callsM=0 calledByM=0 callers=5
zvideo,0x004a67d0,FUN_004a67d0,MEMBERSHIP SCAN (membership_evidence.py 0x004a6700 0x004ae600 0x00632000 0x00636000): g=1 callsM=0 calledByM=0 callers=5
zvideo,0x004a67e0,FUN_004a67e0,MEMBERSHIP SCAN (membership_evidence.py 0x004a6700 0x004ae600 0x00632000 0x00636000): g=1 callsM=0 calledByM=0 callers=0
zvideo,0x004a67f0,FUN_004a67f0,MEMBERSHIP SCAN (membership_evidence.py 0x004a6700 0x004ae600 0x00632000 0x00636000): g=1 callsM=0 calledByM=0 callers=10
zvideo,0x004a6800,Render_GetSurfaceWidthCopy,MEMBERSHIP SCAN (membership_evidence.py 0x004a6700 0x004ae600 0x00632000 0x00636000): g=1 callsM=0 calledByM=0 callers=9
zvideo,0x004a6810,Render_GetSurfaceHeightCopy,MEMBERSHIP SCAN (membership_evidence.py 0x004a6700 0x004ae600 0x00632000 0x00636000): g=1 callsM=0 calledByM=0 callers=8
zvideo,0x004a6820,FUN_004a6820,MEMBERSHIP SCAN (membership_evidence.py 0x004a6700 0x004ae600 0x00632000 0x00636000): g=1 callsM=0 calledByM=0 callers=9
zvideo,0x004a6830,FUN_004a6830,MEMBERSHIP SCAN (membership_evidence.py 0x004a6700 0x004ae600 0x00632000 0x00636000): g=1 callsM=0 calledByM=0 callers=3
zvideo,0x004a6840,FUN_004a6840,MEMBERSHIP SCAN (membership_evidence.py 0x004a6700 0x004ae600 0x00632000 0x00636000): g=6 callsM=0 calledByM=0 callers=17
zvideo,0x004a68d0,FUN_004a68d0,MEMBERSHIP SCAN (membership_evidence.py 0x004a6700 0x004ae600 0x00632000 0x00636000): g=1 callsM=0 calledByM=0 callers=17
zvideo,0x004a68e0,FUN_004a68e0,MEMBERSHIP SCAN (membership_evidence.py 0x004a6700 0x004ae600 0x00632000 0x00636000): g=1 callsM=0 calledByM=0 callers=2
zvideo,0x004a68f0,FUN_004a68f0,MEMBERSHIP SCAN (membership_evidence.py 0x004a6700 0x004ae600 0x00632000 0x00636000): g=1 callsM=0 calledByM=0 callers=2
zvideo,0x004a6900,FUN_004a6900,MEMBERSHIP SCAN (membership_evidence.py 0x004a6700 0x004ae600 0x00632000 0x00636000): g=2 callsM=0 calledByM=0 callers=14
zvideo,0x004a6930,FUN_004a6930,MEMBERSHIP SCAN (membership_evidence.py 0x004a6700 0x004ae600 0x00632000 0x00636000): g=2 callsM=0 calledByM=0 callers=1
zvideo,0x004a69e0,FUN_004a69e0,MEMBERSHIP SCAN (membership_evidence.py 0x004a6700 0x004ae600 0x00632000 0x00636000): g=4 callsM=0 calledByM=0 callers=1
zvideo,0x004a6b40,FUN_004a6b40,MEMBERSHIP SCAN (membership_evidence.py 0x004a6700 0x004ae600 0x00632000 0x00636000): g=1 callsM=0 calledByM=0 callers=1
zvideo,0x004a6b60,FUN_004a6b60,MEMBERSHIP SCAN (membership_evidence.py 0x004a6700 0x004ae600 0x00632000 0x00636000): g=1 callsM=0 calledByM=0 callers=1
zvideo,0x004a6b70,FUN_004a6b70,MEMBERSHIP SCAN (membership_evidence.py 0x004a6700 0x004ae600 0x00632000 0x00636000): g=1 callsM=0 calledByM=0 callers=1
zvideo,0x004a6b80,FUN_004a6b80,MEMBERSHIP SCAN (membership_evidence.py 0x004a6700 0x004ae600 0x00632000 0x00636000): g=1 callsM=0 calledByM=0 callers=1
zvideo,0x004a6b90,Pixfmt_GetFormat,MEMBERSHIP SCAN (membership_evidence.py 0x004a6700 0x004ae600 0x00632000 0x00636000): g=3 callsM=0 calledByM=0 callers=6
zvideo,0x004a6bb0,Pixfmt_GetChannelMasks,MEMBERSHIP SCAN (membership_evidence.py 0x004a6700 0x004ae600 0x00632000 0x00636000): g=3 callsM=0 calledByM=0 callers=6
zvideo,0x004a6bd0,Pixfmt_GetChannelShifts,MEMBERSHIP SCAN (membership_evidence.py 0x004a6700 0x004ae600 0x00632000 0x00636000): g=3 callsM=0 calledByM=0 callers=1
zvideo,0x004a6bf0,FUN_004a6bf0,MEMBERSHIP SCAN (membership_evidence.py 0x004a6700 0x004ae600 0x00632000 0x00636000): g=12 callsM=0 calledByM=0 callers=2
zvideo,0x004a6ca0,FUN_004a6ca0,MEMBERSHIP SCAN (membership_evidence.py 0x004a6700 0x004ae600 0x00632000 0x00636000): g=5 callsM=0 calledByM=0 callers=2
zvideo,0x004a6cf0,FUN_004a6cf0,MEMBERSHIP SCAN (membership_evidence.py 0x004a6700 0x004ae600 0x00632000 0x00636000): g=5 callsM=0 calledByM=0 callers=13
zvideo,0x004a6d40,Pixel_PackRGB,MEMBERSHIP SCAN (membership_evidence.py 0x004a6700 0x004ae600 0x00632000 0x00636000): g=5 callsM=0 calledByM=0 callers=4
zvideo,0x004a6db0,FUN_004a6db0,MEMBERSHIP SCAN (membership_evidence.py 0x004a6700 0x004ae600 0x00632000 0x00636000): g=16 callsM=0 calledByM=0 callers=1
zvideo,0x004a6e80,FUN_004a6e80,MEMBERSHIP SCAN (membership_evidence.py 0x004a6700 0x004ae600 0x00632000 0x00636000): g=12 callsM=0 calledByM=0 callers=4
zvideo,0x004a6fe0,FUN_004a6fe0,MEMBERSHIP SCAN (membership_evidence.py 0x004a6700 0x004ae600 0x00632000 0x00636000): g=12 callsM=0 calledByM=0 callers=1
zvideo,0x004a71c0,FUN_004a71c0,MEMBERSHIP SCAN (membership_evidence.py 0x004a6700 0x004ae600 0x00632000 0x00636000): g=3 callsM=0 calledByM=0 callers=9
zvideo,0x004a7200,FUN_004a7200,MEMBERSHIP SCAN (membership_evidence.py 0x004a6700 0x004ae600 0x00632000 0x00636000): g=2 callsM=0 calledByM=0 callers=3
zvideo,0x004a7220,HwBlend_SetColourA,MEMBERSHIP SCAN (membership_evidence.py 0x004a6700 0x004ae600 0x00632000 0x00636000): g=3 callsM=0 calledByM=0 callers=4
zvideo,0x004a7250,HwBlend_SetColourB,MEMBERSHIP SCAN (membership_evidence.py 0x004a6700 0x004ae600 0x00632000 0x00636000): g=5 callsM=0 calledByM=0 callers=2
zvideo,0x004a7300,HwBlend_SetColourC,MEMBERSHIP SCAN (membership_evidence.py 0x004a6700 0x004ae600 0x00632000 0x00636000): g=3 callsM=0 calledByM=0 callers=1
zvideo,0x004a7330,HwBlend_ApplyColourIfChanged,MEMBERSHIP SCAN (membership_evidence.py 0x004a6700 0x004ae600 0x00632000 0x00636000): g=7 callsM=0 calledByM=0 callers=2
zvideo,0x004a73a0,HwBlend_ApplyColourBIfChange,MEMBERSHIP SCAN (membership_evidence.py 0x004a6700 0x004ae600 0x00632000 0x00636000): g=7 callsM=0 calledByM=0 callers=1
zvideo,0x004a7410,FUN_004a7410,MEMBERSHIP SCAN (membership_evidence.py 0x004a6700 0x004ae600 0x00632000 0x00636000): g=1 callsM=0 calledByM=0 callers=1
zvideo,0x004a7490,FUN_004a7490,MEMBERSHIP SCAN (membership_evidence.py 0x004a6700 0x004ae600 0x00632000 0x00636000): g=3 callsM=0 calledByM=0 callers=2
zvideo,0x004a74d0,FUN_004a74d0,MEMBERSHIP SCAN (membership_evidence.py 0x004a6700 0x004ae600 0x00632000 0x00636000): g=1 callsM=0 calledByM=0 callers=2
zvideo,0x004a74f0,FUN_004a74f0,MEMBERSHIP SCAN (membership_evidence.py 0x004a6700 0x004ae600 0x00632000 0x00636000): g=1 callsM=0 calledByM=0 callers=2
zvideo,0x004a7530,Render_BringUpDirectDraw,MEMBERSHIP SCAN (membership_evidence.py 0x004a6700 0x004ae600 0x00632000 0x00636000): g=7 callsM=0 calledByM=0 callers=1
zvideo,0x004a75f0,zVideo_Open,MEMBERSHIP SCAN (membership_evidence.py 0x004a6700 0x004ae600 0x00632000 0x00636000): g=7 callsM=0 calledByM=0 callers=1
zvideo,0x004a7700,FUN_004a7700,MEMBERSHIP SCAN (membership_evidence.py 0x004a6700 0x004ae600 0x00632000 0x00636000): g=3 callsM=0 calledByM=0 callers=1
zvideo,0x004a7740,FUN_004a7740,MEMBERSHIP SCAN (membership_evidence.py 0x004a6700 0x004ae600 0x00632000 0x00636000): g=2 callsM=0 calledByM=0 callers=4
zvideo,0x004a77a0,Render_InstallDrawDispatchTa,MEMBERSHIP SCAN (membership_evidence.py 0x004a6700 0x004ae600 0x00632000 0x00636000): g=14 callsM=0 calledByM=0 callers=4
zvideo,0x004a7990,Render_ApplyResolutionPreset,MEMBERSHIP SCAN (membership_evidence.py 0x004a6700 0x004ae600 0x00632000 0x00636000): g=9 callsM=0 calledByM=0 callers=2
zvideo,0x004a7af0,FUN_004a7af0,MEMBERSHIP SCAN (membership_evidence.py 0x004a6700 0x004ae600 0x00632000 0x00636000): g=2 callsM=0 calledByM=0 callers=1
zvideo,0x004a7b20,FUN_004a7b20,MEMBERSHIP SCAN (membership_evidence.py 0x004a6700 0x004ae600 0x00632000 0x00636000): g=1 callsM=0 calledByM=0 callers=5
zvideo,0x004a7b30,FUN_004a7b30,MEMBERSHIP SCAN (membership_evidence.py 0x004a6700 0x004ae600 0x00632000 0x00636000): g=1 callsM=0 calledByM=0 callers=1
zvideo,0x004a7b40,DDraw_BootstrapDeviceEnumera,MEMBERSHIP SCAN (membership_evidence.py 0x004a6700 0x004ae600 0x00632000 0x00636000): g=3 callsM=0 calledByM=0 callers=1
zvideo,0x004a7d40,DDraw_ReleaseDevice,MEMBERSHIP SCAN (membership_evidence.py 0x004a6700 0x004ae600 0x00632000 0x00636000): g=1 callsM=0 calledByM=0 callers=0
zvideo,0x004a7d70,Render_FlipToGDISurface,MEMBERSHIP SCAN (membership_evidence.py 0x004a6700 0x004ae600 0x00632000 0x00636000): g=2 callsM=0 calledByM=0 callers=3
zvideo,0x004a7fc0,FUN_004a7fc0,MEMBERSHIP SCAN (membership_evidence.py 0x004a6700 0x004ae600 0x00632000 0x00636000): g=2 callsM=0 calledByM=0 callers=3
zvideo,0x004a8030,FUN_004a8030,MEMBERSHIP SCAN (membership_evidence.py 0x004a6700 0x004ae600 0x00632000 0x00636000): g=2 callsM=0 calledByM=0 callers=3
zvideo,0x004a83d0,DDraw_CreateTextureSurface,MEMBERSHIP SCAN (membership_evidence.py 0x004a6700 0x004ae600 0x00632000 0x00636000): g=1 callsM=0 calledByM=0 callers=0
zvideo,0x004a8720,DDraw_SetCooperativeLevelAnd,MEMBERSHIP SCAN (membership_evidence.py 0x004a6700 0x004ae600 0x00632000 0x00636000): g=5 callsM=0 calledByM=0 callers=0
zvideo,0x004a8800,DDraw_CreateAndQueryInterfac,MEMBERSHIP SCAN (membership_evidence.py 0x004a6700 0x004ae600 0x00632000 0x00636000): g=2 callsM=0 calledByM=0 callers=2
zvideo,0x004a8870,FUN_004a8870,MEMBERSHIP SCAN (membership_evidence.py 0x004a6700 0x004ae600 0x00632000 0x00636000): g=4 callsM=0 calledByM=0 callers=1
zvideo,0x004a88f0,Render_CreatePrimarySurfaces,MEMBERSHIP SCAN (membership_evidence.py 0x004a6700 0x004ae600 0x00632000 0x00636000): g=14 callsM=0 calledByM=0 callers=0
zvideo,0x004a8f80,Render_DetectSurfacePixelFor,MEMBERSHIP SCAN (membership_evidence.py 0x004a6700 0x004ae600 0x00632000 0x00636000): g=1 callsM=0 calledByM=0 callers=1
zvideo,0x004a90e0,FUN_004a90e0,MEMBERSHIP SCAN (membership_evidence.py 0x004a6700 0x004ae600 0x00632000 0x00636000): g=3 callsM=0 calledByM=0 callers=0
zvideo,0x004a9160,FUN_004a9160,MEMBERSHIP SCAN (membership_evidence.py 0x004a6700 0x004ae600 0x00632000 0x00636000): g=2 callsM=0 calledByM=0 callers=1
zvideo,0x004a91b0,Render_ReleaseDeviceInterfac,MEMBERSHIP SCAN (membership_evidence.py 0x004a6700 0x004ae600 0x00632000 0x00636000): g=12 callsM=0 calledByM=0 callers=1
zvideo,0x004a9300,Render_ShutdownDirectDraw,MEMBERSHIP SCAN (membership_evidence.py 0x004a6700 0x004ae600 0x00632000 0x00636000): g=4 callsM=0 calledByM=0 callers=3
zvideo,0x004a93d0,DDraw_EnumDriversCallback,MEMBERSHIP SCAN (membership_evidence.py 0x004a6700 0x004ae600 0x00632000 0x00636000): g=18 callsM=0 calledByM=0 callers=0
zvideo,0x004a95e0,Render_EnumerateD3DDrivers,MEMBERSHIP SCAN (membership_evidence.py 0x004a6700 0x004ae600 0x00632000 0x00636000): g=2 callsM=0 calledByM=0 callers=1
zvideo,0x004a9900,FUN_004a9900,MEMBERSHIP SCAN (membership_evidence.py 0x004a6700 0x004ae600 0x00632000 0x00636000): g=1 callsM=0 calledByM=0 callers=0
zvideo,0x004a9910,FUN_004a9910,MEMBERSHIP SCAN (membership_evidence.py 0x004a6700 0x004ae600 0x00632000 0x00636000): g=1 callsM=0 calledByM=0 callers=0
zvideo,0x004a9940,FUN_004a9940,MEMBERSHIP SCAN (membership_evidence.py 0x004a6700 0x004ae600 0x00632000 0x00636000): g=1 callsM=0 calledByM=0 callers=1
zvideo,0x004a9ac0,FUN_004a9ac0,MEMBERSHIP SCAN (membership_evidence.py 0x004a6700 0x004ae600 0x00632000 0x00636000): g=3 callsM=0 calledByM=0 callers=1
zvideo,0x004a9b40,FUN_004a9b40,MEMBERSHIP SCAN (membership_evidence.py 0x004a6700 0x004ae600 0x00632000 0x00636000): g=1 callsM=0 calledByM=0 callers=1
zvideo,0x004a9c20,Render_CreateD3DDevice,MEMBERSHIP SCAN (membership_evidence.py 0x004a6700 0x004ae600 0x00632000 0x00636000): g=18 callsM=0 calledByM=0 callers=0
zvideo,0x004aa600,FUN_004aa600,MEMBERSHIP SCAN (membership_evidence.py 0x004a6700 0x004ae600 0x00632000 0x00636000): g=1 callsM=0 calledByM=0 callers=0
zvideo,0x004aa6f0,FUN_004aa6f0,MEMBERSHIP SCAN (membership_evidence.py 0x004a6700 0x004ae600 0x00632000 0x00636000): g=4 callsM=0 calledByM=0 callers=1
zvideo,0x004aa980,D3DTextureBinding_Free,MEMBERSHIP SCAN (membership_evidence.py 0x004a6700 0x004ae600 0x00632000 0x00636000): g=1 callsM=0 calledByM=0 callers=1
zvideo,0x004aa9e0,Render_SetFogEnabled,MEMBERSHIP SCAN (membership_evidence.py 0x004a6700 0x004ae600 0x00632000 0x00636000): g=3 callsM=0 calledByM=0 callers=1
zvideo,0x004aab90,Render_QueuePolygon_Untextur,MEMBERSHIP SCAN (membership_evidence.py 0x004a6700 0x004ae600 0x00632000 0x00636000): g=13 callsM=0 calledByM=0 callers=0
zvideo,0x004aaef0,Render_QueuePolygon_Untextur,MEMBERSHIP SCAN (membership_evidence.py 0x004a6700 0x004ae600 0x00632000 0x00636000): g=13 callsM=0 calledByM=0 callers=0
zvideo,0x004ab320,Render_QueuePolygon_Untextur,MEMBERSHIP SCAN (membership_evidence.py 0x004a6700 0x004ae600 0x00632000 0x00636000): g=12 callsM=0 calledByM=0 callers=0
zvideo,0x004ab6d0,Render_QueuePolygon_SingleTe,MEMBERSHIP SCAN (membership_evidence.py 0x004a6700 0x004ae600 0x00632000 0x00636000): g=10 callsM=0 calledByM=0 callers=0
zvideo,0x004abb20,Render_QueuePolygon_SingleTe,MEMBERSHIP SCAN (membership_evidence.py 0x004a6700 0x004ae600 0x00632000 0x00636000): g=29 callsM=0 calledByM=0 callers=0
zvideo,0x004ac370,Render_QueuePolygon_SingleTe,MEMBERSHIP SCAN (membership_evidence.py 0x004a6700 0x004ae600 0x00632000 0x00636000): g=29 callsM=0 calledByM=0 callers=0
zvideo,0x004acbd0,Render_DrawPolygonImmediate,MEMBERSHIP SCAN (membership_evidence.py 0x004a6700 0x004ae600 0x00632000 0x00636000): g=15 callsM=0 calledByM=0 callers=0
zvideo,0x004accc0,Render_FillVertexScratchColo,MEMBERSHIP SCAN (membership_evidence.py 0x004a6700 0x004ae600 0x00632000 0x00636000): g=1 callsM=0 calledByM=0 callers=2
zvideo,0x004acd00,FUN_004acd00,MEMBERSHIP SCAN (membership_evidence.py 0x004a6700 0x004ae600 0x00632000 0x00636000): g=21 callsM=0 calledByM=0 callers=1
zvideo,0x004ace30,Render_FlushSortedDrawQueue,MEMBERSHIP SCAN (membership_evidence.py 0x004a6700 0x004ae600 0x00632000 0x00636000): g=11 callsM=0 calledByM=0 callers=0
zvideo,0x004ad120,Render_FlushQuadDrawQueue,MEMBERSHIP SCAN (membership_evidence.py 0x004a6700 0x004ae600 0x00632000 0x00636000): g=7 callsM=0 calledByM=0 callers=0
zvideo,0x004ad250,Render_FlushMainDrawQueue,MEMBERSHIP SCAN (membership_evidence.py 0x004a6700 0x004ae600 0x00632000 0x00636000): g=9 callsM=0 calledByM=0 callers=0
zvideo,0x004a69c0,FUN_004a69c0,MEMBERSHIP SCAN (membership_evidence.py 0x004a6700 0x004ae600 0x00632000 0x00636000): g=0 callsM=0 calledByM=2 callers=2
zvideo,0x004a7d20,DDraw_EnsureDeviceCreated,MEMBERSHIP SCAN (membership_evidence.py 0x004a6700 0x004ae600 0x00632000 0x00636000): g=0 callsM=2 calledByM=0 callers=0
zvideo,0x004a8060,FUN_004a8060,MEMBERSHIP SCAN (membership_evidence.py 0x004a6700 0x004ae600 0x00632000 0x00636000): g=0 callsM=0 calledByM=1 callers=1
zvideo,0x004a80c0,FUN_004a80c0,MEMBERSHIP SCAN (membership_evidence.py 0x004a6700 0x004ae600 0x00632000 0x00636000): g=0 callsM=0 calledByM=1 callers=1
zvideo,0x004a8100,FUN_004a8100,MEMBERSHIP SCAN (membership_evidence.py 0x004a6700 0x004ae600 0x00632000 0x00636000): g=0 callsM=0 calledByM=1 callers=1
zvideo,0x004a8160,FUN_004a8160,MEMBERSHIP SCAN (membership_evidence.py 0x004a6700 0x004ae600 0x00632000 0x00636000): g=0 callsM=0 calledByM=1 callers=1
zvideo,0x004a8500,Texture_UploadPixels,MEMBERSHIP SCAN (membership_evidence.py 0x004a6700 0x004ae600 0x00632000 0x00636000): g=0 callsM=0 calledByM=1 callers=1
zvideo,0x004a88b0,FUN_004a88b0,MEMBERSHIP SCAN (membership_evidence.py 0x004a6700 0x004ae600 0x00632000 0x00636000): g=0 callsM=0 calledByM=1 callers=1
zvideo,0x004a9060,FUN_004a9060,MEMBERSHIP SCAN (membership_evidence.py 0x004a6700 0x004ae600 0x00632000 0x00636000): g=0 callsM=2 calledByM=0 callers=0
zvideo,0x004a9390,DDraw_EnumerateGraphicsDevic,MEMBERSHIP SCAN (membership_evidence.py 0x004a6700 0x004ae600 0x00632000 0x00636000): g=0 callsM=0 calledByM=1 callers=1
zvideo,0x004ad6a0,zVideo_ReportError,MEMBERSHIP SCAN (membership_evidence.py 0x004a6700 0x004ae600 0x00632000 0x00636000): g=0 callsM=0 calledByM=23 callers=29
zvideo,0x004a84c0,,"GAP-ROW MEMBER 2026-09-17: missing from the Ghidra export, confirmed from bytes; zVideo hook target or texture/surface helper in the span"
zvideo,0x004a8650,,"GAP-ROW MEMBER 2026-09-17: missing from the Ghidra export, confirmed from bytes; zVideo hook target or texture/surface helper in the span"
zvideo,0x004a8680,,"GAP-ROW MEMBER 2026-09-17: missing from the Ghidra export, confirmed from bytes; zVideo hook target or texture/surface helper in the span"
zvideo,0x004a86f0,,"GAP-ROW MEMBER 2026-09-17: missing from the Ghidra export, confirmed from bytes; zVideo hook target or texture/surface helper in the span"
zvideo,0x004a8790,,"GAP-ROW MEMBER 2026-09-17: missing from the Ghidra export, confirmed from bytes; zVideo hook target or texture/surface helper in the span"
zvideo,0x004aa0f0,,"GAP-ROW MEMBER 2026-09-17: missing from the Ghidra export, confirmed from bytes; zVideo hook target or texture/surface helper in the span"
zvideo,0x004aa8b0,,"GAP-ROW MEMBER 2026-09-17: missing from the Ghidra export, confirmed from bytes; zVideo hook target or texture/surface helper in the span"
zvideo,0x004aa8f0,,"GAP-ROW MEMBER 2026-09-17: missing from the Ghidra export, confirmed from bytes; zVideo hook target or texture/surface helper in the span"
zvideo,0x004aa920,,"GAP-ROW MEMBER 2026-09-17: missing from the Ghidra export, confirmed from bytes; zVideo hook target or texture/surface helper in the span"
zvideo,0x004a9920,,"GAP-ROW MEMBER 2026-09-17: missing from the Ghidra export, confirmed from bytes; zVideo hook target or texture/surface helper in the span"
zvideo,0x004a9950,,"GAP-ROW MEMBER 2026-09-17: missing from the Ghidra export, confirmed from bytes; zVideo hook target or texture/surface helper in the span"
zvideo,0x004a9a30,,"GAP-ROW MEMBER 2026-09-17: missing from the Ghidra export, confirmed from bytes; zVideo hook target or texture/surface helper in the span"
zvideo,0x004aaa30,,"GAP-ROW MEMBER 2026-09-17: missing from the Ghidra export, confirmed from bytes; zVideo hook target or texture/surface helper in the span"
zvideo,0x004aaa60,,"GAP-ROW MEMBER 2026-09-17: missing from the Ghidra export, confirmed from bytes; zVideo hook target or texture/surface helper in the span"
zvideo,0x004aaa90,,"GAP-ROW MEMBER 2026-09-17: missing from the Ghidra export, confirmed from bytes; zVideo hook target or texture/surface helper in the span"
zvideo,0x004a7520,Thunk_Render_ReleaseDeviceInterfaces,GAP MEMBER (gap_members.py: referenced by a zvideo member by call or address-taken; read via Ghidra create_function + decompile)
zvideo,0x004a7b60,zVideo_PresentFrame,GAP MEMBER (gap_members.py: referenced by a zvideo member by call or address-taken; read via Ghidra create_function + decompile)
zvideo,0x004a7d90,zVideo_BltRecord0ToRecord1,GAP MEMBER (gap_members.py: referenced by a zvideo member by call or address-taken; read via Ghidra create_function + decompile)
zvideo,0x004a7dd0,zVideo_BltRecord1ToRecord0,GAP MEMBER (gap_members.py: referenced by a zvideo member by call or address-taken; read via Ghidra create_function + decompile)
zvideo,0x004a7e10,zVideo_BlitImageToBackBufferEx,GAP MEMBER (gap_members.py: referenced by a zvideo member by call or address-taken; read via Ghidra create_function + decompile)
zvideo,0x004a81a0,zVideo_ClearDepthRect,GAP MEMBER (gap_members.py: referenced by a zvideo member by call or address-taken; read via Ghidra create_function + decompile)
zvideo,0x004a8220,zVideo_ClearColourAndDepthRect,GAP MEMBER (gap_members.py: referenced by a zvideo member by call or address-taken; read via Ghidra create_function + decompile)
zvideo,0x004a8b20,zVideo_CreateWindowedSurfaces,GAP MEMBER (gap_members.py: referenced by a zvideo member by call or address-taken; read via Ghidra create_function + decompile)
zvideo,0x004a8dc0,zVideo_CreateFullscreenFlipChain,GAP MEMBER (gap_members.py: referenced by a zvideo member by call or address-taken; read via Ghidra create_function + decompile)
zvideo,0x004a96b0,D3D_EnumDevicesCallback,GAP MEMBER (gap_members.py: referenced by a zvideo member by call or address-taken; read via Ghidra create_function + decompile)
zvideo,0x004a9890,zVideo_SetPaletteEntries,GAP MEMBER (gap_members.py: referenced by a zvideo member by call or address-taken; read via Ghidra create_function + decompile)
zvideo,0x004a9b70,zVideo_FlipFrame,GAP MEMBER (gap_members.py: referenced by a zvideo member by call or address-taken; read via Ghidra create_function + decompile)
zvideo,0x004aab30,zVideo_ApplyFogColour,GAP MEMBER (gap_members.py: referenced by a zvideo member by call or address-taken; read via Ghidra create_function + decompile)
zvideo,0x004ad680,Math_FloorPowerOfTwo,CALL EVIDENCE: only callers are 3 sites in zvideo member D3DTextureBinding_CreateFromImage (find_callers.py)
weapon,0x004ae3c0,FUN_004ae3c0,MEMBERSHIP SCAN (membership_evidence.py 0x004ae380 0x004b3260 0x00778900 0x00778a00): g=2 callsM=0 calledByM=0 callers=4
weapon,0x004ae450,FUN_004ae450,MEMBERSHIP SCAN (membership_evidence.py 0x004ae380 0x004b3260 0x00778900 0x00778a00): g=2 callsM=0 calledByM=0 callers=3
weapon,0x004ae4a0,FUN_004ae4a0,MEMBERSHIP SCAN (membership_evidence.py 0x004ae380 0x004b3260 0x00778900 0x00778a00): g=2 callsM=0 calledByM=0 callers=2
weapon,0x004ae530,FUN_004ae530,MEMBERSHIP SCAN (membership_evidence.py 0x004ae380 0x004b3260 0x00778900 0x00778a00): g=1 callsM=0 calledByM=0 callers=4
weapon,0x004ae590,FUN_004ae590,MEMBERSHIP SCAN (membership_evidence.py 0x004ae380 0x004b3260 0x00778900 0x00778a00): g=1 callsM=0 calledByM=0 callers=4
weapon,0x004ae660,FUN_004ae660,MEMBERSHIP SCAN (membership_evidence.py 0x004ae380 0x004b3260 0x00778900 0x00778a00): g=3 callsM=0 calledByM=0 callers=4
weapon,0x004aed00,FUN_004aed00,MEMBERSHIP SCAN (membership_evidence.py 0x004ae380 0x004b3260 0x00778900 0x00778a00): g=1 callsM=0 calledByM=0 callers=2
weapon,0x004aee40,FUN_004aee40,MEMBERSHIP SCAN (membership_evidence.py 0x004ae380 0x004b3260 0x00778900 0x00778a00): g=2 callsM=0 calledByM=0 callers=3
weapon,0x004af060,Weapon_ProjectileUpdateTick,MEMBERSHIP SCAN (membership_evidence.py 0x004ae380 0x004b3260 0x00778900 0x00778a00): g=15 callsM=0 calledByM=0 callers=0
weapon,0x004b07d0,Weapon_ProjectileImpact_Appl,MEMBERSHIP SCAN (membership_evidence.py 0x004ae380 0x004b3260 0x00778900 0x00778a00): g=1 callsM=0 calledByM=0 callers=3
weapon,0x004b0a50,Weapon_ApplyRadiusDamageFall,MEMBERSHIP SCAN (membership_evidence.py 0x004ae380 0x004b3260 0x00778900 0x00778a00): g=8 callsM=0 calledByM=0 callers=2
weapon,0x004b0ba0,FUN_004b0ba0,MEMBERSHIP SCAN (membership_evidence.py 0x004ae380 0x004b3260 0x00778900 0x00778a00): g=7 callsM=0 calledByM=0 callers=1
weapon,0x004b1090,Weapon_InitSubsystem,MEMBERSHIP SCAN (membership_evidence.py 0x004ae380 0x004b3260 0x00778900 0x00778a00): g=11 callsM=0 calledByM=0 callers=1
weapon,0x004b1190,Weapon_LoadMountArrayFromCon,MEMBERSHIP SCAN (membership_evidence.py 0x004ae380 0x004b3260 0x00778900 0x00778a00): g=7 callsM=0 calledByM=0 callers=1
weapon,0x004b1d90,FUN_004b1d90,MEMBERSHIP SCAN (membership_evidence.py 0x004ae380 0x004b3260 0x00778900 0x00778a00): g=11 callsM=0 calledByM=0 callers=2
weapon,0x004b2160,FUN_004b2160,MEMBERSHIP SCAN (membership_evidence.py 0x004ae380 0x004b3260 0x00778900 0x00778a00): g=1 callsM=0 calledByM=0 callers=1
weapon,0x004b21e0,FUN_004b21e0,MEMBERSHIP SCAN (membership_evidence.py 0x004ae380 0x004b3260 0x00778900 0x00778a00): g=1 callsM=0 calledByM=0 callers=1
weapon,0x004b2520,FUN_004b2520,MEMBERSHIP SCAN (membership_evidence.py 0x004ae380 0x004b3260 0x00778900 0x00778a00): g=1 callsM=0 calledByM=0 callers=2
weapon,0x004b2570,FUN_004b2570,MEMBERSHIP SCAN (membership_evidence.py 0x004ae380 0x004b3260 0x00778900 0x00778a00): g=1 callsM=0 calledByM=0 callers=2
weapon,0x004b26f0,Weapon_ApplyDamageToTarget,MEMBERSHIP SCAN (membership_evidence.py 0x004ae380 0x004b3260 0x00778900 0x00778a00): g=8 callsM=0 calledByM=0 callers=4
weapon,0x004b2880,FUN_004b2880,MEMBERSHIP SCAN (membership_evidence.py 0x004ae380 0x004b3260 0x00778900 0x00778a00): g=7 callsM=0 calledByM=0 callers=1
weapon,0x004b2910,FUN_004b2910,MEMBERSHIP SCAN (membership_evidence.py 0x004ae380 0x004b3260 0x00778900 0x00778a00): g=1 callsM=0 calledByM=0 callers=2
weapon,0x004b2920,FUN_004b2920,MEMBERSHIP SCAN (membership_evidence.py 0x004ae380 0x004b3260 0x00778900 0x00778a00): g=1 callsM=0 calledByM=0 callers=3
weapon,0x004ae380,FUN_004ae380,MEMBERSHIP SCAN (membership_evidence.py 0x004ae380 0x004b3260 0x00778900 0x00778a00): g=0 callsM=0 calledByM=1 callers=1
weapon,0x004ae4b0,FUN_004ae4b0,MEMBERSHIP SCAN (membership_evidence.py 0x004ae380 0x004b3260 0x00778900 0x00778a00): g=0 callsM=0 calledByM=1 callers=1
weapon,0x004ae4e0,FUN_004ae4e0,MEMBERSHIP SCAN (membership_evidence.py 0x004ae380 0x004b3260 0x00778900 0x00778a00): g=0 callsM=0 calledByM=1 callers=2
weapon,0x004aeaa0,FUN_004aeaa0,MEMBERSHIP SCAN (membership_evidence.py 0x004ae380 0x004b3260 0x00778900 0x00778a00): g=0 callsM=1 calledByM=0 callers=0
weapon,0x004aeb50,FUN_004aeb50,MEMBERSHIP SCAN (membership_evidence.py 0x004ae380 0x004b3260 0x00778900 0x00778a00): g=0 callsM=1 calledByM=0 callers=2
weapon,0x004aebf0,FUN_004aebf0,MEMBERSHIP SCAN (membership_evidence.py 0x004ae380 0x004b3260 0x00778900 0x00778a00): g=0 callsM=1 calledByM=1 callers=5
weapon,0x004aefb0,FUN_004aefb0,MEMBERSHIP SCAN (membership_evidence.py 0x004ae380 0x004b3260 0x00778900 0x00778a00): g=0 callsM=1 calledByM=0 callers=6
weapon,0x004b0660,FUN_004b0660,MEMBERSHIP SCAN (membership_evidence.py 0x004ae380 0x004b3260 0x00778900 0x00778a00): g=0 callsM=0 calledByM=1 callers=1
weapon,0x004b0710,FUN_004b0710,MEMBERSHIP SCAN (membership_evidence.py 0x004ae380 0x004b3260 0x00778900 0x00778a00): g=0 callsM=0 calledByM=1 callers=1
weapon,0x004b0980,FUN_004b0980,MEMBERSHIP SCAN (membership_evidence.py 0x004ae380 0x004b3260 0x00778900 0x00778a00): g=0 callsM=1 calledByM=1 callers=1
weapon,0x004b09d0,FUN_004b09d0,MEMBERSHIP SCAN (membership_evidence.py 0x004ae380 0x004b3260 0x00778900 0x00778a00): g=0 callsM=0 calledByM=2 callers=2
weapon,0x004b0ca0,FUN_004b0ca0,MEMBERSHIP SCAN (membership_evidence.py 0x004ae380 0x004b3260 0x00778900 0x00778a00): g=0 callsM=0 calledByM=1 callers=1
weapon,0x004b0e20,FUN_004b0e20,MEMBERSHIP SCAN (membership_evidence.py 0x004ae380 0x004b3260 0x00778900 0x00778a00): g=0 callsM=1 calledByM=1 callers=1
weapon,0x004b0f70,FUN_004b0f70,MEMBERSHIP SCAN (membership_evidence.py 0x004ae380 0x004b3260 0x00778900 0x00778a00): g=0 callsM=0 calledByM=1 callers=1
weapon,0x004b0fd0,FUN_004b0fd0,MEMBERSHIP SCAN (membership_evidence.py 0x004ae380 0x004b3260 0x00778900 0x00778a00): g=0 callsM=0 calledByM=1 callers=2
weapon,0x004b1030,FUN_004b1030,MEMBERSHIP SCAN (membership_evidence.py 0x004ae380 0x004b3260 0x00778900 0x00778a00): g=0 callsM=0 calledByM=1 callers=1
weapon,0x004b1180,FUN_004b1180,MEMBERSHIP SCAN (membership_evidence.py 0x004ae380 0x004b3260 0x00778900 0x00778a00): g=0 callsM=1 calledByM=0 callers=1
weapon,0x004b1fa0,FUN_004b1fa0,MEMBERSHIP SCAN (membership_evidence.py 0x004ae380 0x004b3260 0x00778900 0x00778a00): g=0 callsM=0 calledByM=1 callers=1
weapon,0x004b2210,FUN_004b2210,MEMBERSHIP SCAN (membership_evidence.py 0x004ae380 0x004b3260 0x00778900 0x00778a00): g=0 callsM=1 calledByM=0 callers=2
weapon,0x004b22d0,FUN_004b22d0,MEMBERSHIP SCAN (membership_evidence.py 0x004ae380 0x004b3260 0x00778900 0x00778a00): g=0 callsM=1 calledByM=0 callers=4
weapon,0x004aebc0,FUN_004aebc0,MEMBERSHIP SCAN (membership_evidence.py 0x004ae380 0x004b3260 0x00778900 0x00778a00): g=0 callsM=1 calledByM=0 callers=0
weapon,0x004b21c0,FUN_004b21c0,MEMBERSHIP SCAN (membership_evidence.py 0x004ae380 0x004b3260 0x00778900 0x00778a00): g=0 callsM=0 calledByM=1 callers=2
weapon,0x004b2300,FUN_004b2300,MEMBERSHIP SCAN (membership_evidence.py 0x004ae380 0x004b3260 0x00778900 0x00778a00): g=0 callsM=1 calledByM=0 callers=1
weapon,0x004b0530,Weapon_ComputeAimPitch,SPAN + CONTENT: inside 0x004ae380..0x004b2960 and operates on weapon/projectile/beam records or the +0xbc target tag (decomp read); callers are game code or weapon members (find_callers.py)
weapon,0x004b0600,Weapon_PlaySound_Thunk1,SPAN + CONTENT: inside 0x004ae380..0x004b2960 and operates on weapon/projectile/beam records or the +0xbc target tag (decomp read); callers are game code or weapon members (find_callers.py)
weapon,0x004b0620,Weapon_PlaySound_Thunk2,SPAN + CONTENT: inside 0x004ae380..0x004b2960 and operates on weapon/projectile/beam records or the +0xbc target tag (decomp read); callers are game code or weapon members (find_callers.py)
weapon,0x004b0640,Weapon_PlaySound_Thunk3,SPAN + CONTENT: inside 0x004ae380..0x004b2960 and operates on weapon/projectile/beam records or the +0xbc target tag (decomp read); callers are game code or weapon members (find_callers.py)
weapon,0x004b1ec0,Weapon_CreateBeamInstance,SPAN + CONTENT: inside 0x004ae380..0x004b2960 and operates on weapon/projectile/beam records or the +0xbc target tag (decomp read); callers are game code or weapon members (find_callers.py)
weapon,0x004b1f90,Weapon_FreeBeamInstance,SPAN + CONTENT: inside 0x004ae380..0x004b2960 and operates on weapon/projectile/beam records or the +0xbc target tag (decomp read); callers are game code or weapon members (find_callers.py)
weapon,0x004b2130,Weapon_CreateBeamSegmentNode,SPAN + CONTENT: inside 0x004ae380..0x004b2960 and operates on weapon/projectile/beam records or the +0xbc target tag (decomp read); callers are game code or weapon members (find_callers.py)
weapon,0x004b25a0,Weapon_TagTargetTree,SPAN + CONTENT: inside 0x004ae380..0x004b2960 and operates on weapon/projectile/beam records or the +0xbc target tag (decomp read); callers are game code or weapon members (find_callers.py)
weapon,0x004b25f0,Weapon_PropagateTargetTag,SPAN + CONTENT: inside 0x004ae380..0x004b2960 and operates on weapon/projectile/beam records or the +0xbc target tag (decomp read); callers are game code or weapon members (find_callers.py)
weapon,0x004b2630,Weapon_UntagTargetTree,SPAN + CONTENT: inside 0x004ae380..0x004b2960 and operates on weapon/projectile/beam records or the +0xbc target tag (decomp read); callers are game code or weapon members (find_callers.py)
weapon,0x004b2670,Weapon_ClearTargetTag,SPAN + CONTENT: inside 0x004ae380..0x004b2960 and operates on weapon/projectile/beam records or the +0xbc target tag (decomp read); callers are game code or weapon members (find_callers.py)
weapon,0x004b26b0,Weapon_TagTargetTreeAlt,SPAN + CONTENT: inside 0x004ae380..0x004b2960 and operates on weapon/projectile/beam records or the +0xbc target tag (decomp read); callers are game code or weapon members (find_callers.py)
weapon,0x004b2930,Weapon_ProjectileIterBegin,SPAN + CONTENT: inside 0x004ae380..0x004b2960 and operates on weapon/projectile/beam records or the +0xbc target tag (decomp read); callers are game code or weapon members (find_callers.py)
weapon,0x004b2940,Weapon_ProjectileIterNext,SPAN + CONTENT: inside 0x004ae380..0x004b2960 and operates on weapon/projectile/beam records or the +0xbc target tag (decomp read); callers are game code or weapon members (find_callers.py)
weapon,0x004ae520,Weapon_ClearField18_Callback,SPAN + CONTENT: inside 0x004ae380..0x004b2960 and operates on weapon/projectile/beam records or the +0xbc target tag (decomp read); callers are game code or weapon members (find_callers.py)
settings,0x004b2960,Settings_LoadFromRegistry,MEMBERSHIP SCAN (membership_evidence.py 0x004b2960 0x004b3500 0x0056bcb4 0x0056bd00): g=4 callsM=0 calledByM=0 callers=1
settings,0x004b2bf0,Settings_SaveToRegistry,MEMBERSHIP SCAN (membership_evidence.py 0x004b2960 0x004b3500 0x0056bcb4 0x0056bd00): g=4 callsM=0 calledByM=0 callers=1
settings,0x004b2e80,Settings_RegisterNode,MEMBERSHIP SCAN (membership_evidence.py 0x004b2960 0x004b3500 0x0056bcb4 0x0056bd00): g=1 callsM=0 calledByM=0 callers=2
sysinfo,0x004b2f50,FUN_004b2f50,"MOVED from settings 2026-09-17: CPU/memory/sound probing, not settings storage (content read). MEMBERSHIP SCAN (membership_evidence.py 0x004b2960 0x004b3500 0x0056bcb4 0x0056bd00): g=2 callsM=0 calledByM=0 callers=1"
sysinfo,0x004b2fa0,FUN_004b2fa0,"MOVED from settings 2026-09-17: CPU/memory/sound probing, not settings storage (content read). MEMBERSHIP SCAN (membership_evidence.py 0x004b2960 0x004b3500 0x0056bcb4 0x0056bd00): g=1 callsM=0 calledByM=0 callers=1"
sysinfo,0x004b2fc0,FUN_004b2fc0,"MOVED from settings 2026-09-17: CPU/memory/sound probing, not settings storage (content read). MEMBERSHIP SCAN (membership_evidence.py 0x004b2960 0x004b3500 0x0056bcb4 0x0056bd00): g=1 callsM=0 calledByM=0 callers=1"
sysinfo,0x004b3090,FUN_004b3090,"MOVED from settings 2026-09-17: CPU/memory/sound probing, not settings storage (content read). MEMBERSHIP SCAN (membership_evidence.py 0x004b2960 0x004b3500 0x0056bcb4 0x0056bd00): g=1 callsM=0 calledByM=0 callers=1"
settings,0x004b3260,Settings_InitPathsAndAutoLoa,MEMBERSHIP SCAN (membership_evidence.py 0x004b2960 0x004b3500 0x0056bcb4 0x0056bd00): g=5 callsM=0 calledByM=0 callers=1
settings,0x004b32c0,Settings_Shutdown,MEMBERSHIP SCAN (membership_evidence.py 0x004b2960 0x004b3500 0x0056bcb4 0x0056bd00): g=5 callsM=0 calledByM=0 callers=0
settings,0x004b3380,Settings_FindNodeByName,MEMBERSHIP SCAN (membership_evidence.py 0x004b2960 0x004b3500 0x0056bcb4 0x0056bd00): g=1 callsM=0 calledByM=0 callers=7
sysinfo,0x004b30b0,FUN_004b30b0,"MOVED from settings 2026-09-17: CPU/memory/sound probing, not settings storage (content read). MEMBERSHIP SCAN (membership_evidence.py 0x004b2960 0x004b3500 0x0056bcb4 0x0056bd00): g=0 callsM=3 calledByM=1 callers=1"
sysinfo,0x004b3160,FUN_004b3160,"MOVED from settings 2026-09-17: CPU/memory/sound probing, not settings storage (content read). MEMBERSHIP SCAN (membership_evidence.py 0x004b2960 0x004b3500 0x0056bcb4 0x0056bd00): g=0 callsM=0 calledByM=1 callers=1"
sysinfo,0x004b31b0,FUN_004b31b0,"MOVED from settings 2026-09-17: CPU/memory/sound probing, not settings storage (content read). MEMBERSHIP SCAN (membership_evidence.py 0x004b2960 0x004b3500 0x0056bcb4 0x0056bd00): g=0 callsM=0 calledByM=1 callers=1"
sysinfo,0x004b31c0,FUN_004b31c0,"MOVED from settings 2026-09-17: CPU/memory/sound probing, not settings storage (content read). MEMBERSHIP SCAN (membership_evidence.py 0x004b2960 0x004b3500 0x0056bcb4 0x0056bd00): g=0 callsM=0 calledByM=1 callers=1"
sysinfo,0x004b31f0,FUN_004b31f0,"MOVED from settings 2026-09-17: CPU/memory/sound probing, not settings storage (content read). MEMBERSHIP SCAN (membership_evidence.py 0x004b2960 0x004b3500 0x0056bcb4 0x0056bd00): g=0 callsM=0 calledByM=1 callers=1"
sysinfo,0x004b3210,FUN_004b3210,"MOVED from settings 2026-09-17: CPU/memory/sound probing, not settings storage (content read). MEMBERSHIP SCAN (membership_evidence.py 0x004b2960 0x004b3500 0x0056bcb4 0x0056bd00): g=0 callsM=0 calledByM=1 callers=1"
sysinfo,0x004b3220,FUN_004b3220,"MOVED from settings 2026-09-17: CPU/memory/sound probing, not settings storage (content read). MEMBERSHIP SCAN (membership_evidence.py 0x004b2960 0x004b3500 0x0056bcb4 0x0056bd00): g=0 callsM=0 calledByM=1 callers=1"
sysinfo,0x004b3230,FUN_004b3230,"MOVED from settings 2026-09-17: CPU/memory/sound probing, not settings storage (content read). MEMBERSHIP SCAN (membership_evidence.py 0x004b2960 0x004b3500 0x0056bcb4 0x0056bd00): g=0 callsM=0 calledByM=1 callers=1"
sysinfo,0x004b2fe0,FUN_004b2fe0,"MOVED from settings 2026-09-17: CPU/memory/sound probing, not settings storage (content read). MEMBERSHIP SCAN (membership_evidence.py 0x004b2960 0x004b3500 0x0056bcb4 0x0056bd00): g=0 callsM=0 calledByM=2 callers=2"
sysinfo,0x004b3020,FUN_004b3020,"MOVED from settings 2026-09-17: CPU/memory/sound probing, not settings storage (content read). MEMBERSHIP SCAN (membership_evidence.py 0x004b2960 0x004b3500 0x0056bcb4 0x0056bd00): g=0 callsM=0 calledByM=1 callers=1"
sysinfo,0x004b3420,FUN_004b3420,"MOVED from settings 2026-09-17: CPU/memory/sound probing, not settings storage (content read). MEMBERSHIP SCAN (membership_evidence.py 0x004b2960 0x004b3500 0x0056bcb4 0x0056bd00): g=0 callsM=0 calledByM=1 callers=2"
sysinfo,0x004b33f0,FUN_004b33f0,"MOVED from settings 2026-09-17: CPU/memory/sound probing, not settings storage (content read). MEMBERSHIP SCAN (membership_evidence.py 0x004b2960 0x004b3500 0x0056bcb4 0x0056bd00): g=0 callsM=0 calledByM=1 callers=2"
sysinfo,0x004b3480,FUN_004b3480,"MOVED from settings 2026-09-17: CPU/memory/sound probing, not settings storage (content read). MEMBERSHIP SCAN (membership_evidence.py 0x004b2960 0x004b3500 0x0056bcb4 0x0056bd00): g=0 callsM=1 calledByM=0 callers=1"
sysinfo,0x004b3050,Cpu_IsP6Model3Plus,"SPAN + CALL: CPU identification/speed routine in 0x004b2f50..0x004b3ce0, called only from sysinfo members (find_callers.py)"
sysinfo,0x004b3510,SysInfo_DivFlagsProbe,"SPAN + CALL: CPU identification/speed routine in 0x004b2f50..0x004b3ce0, called only from sysinfo members (find_callers.py)"
sysinfo,0x004b3550,SysInfo_Is8086Probe,"SPAN + CALL: CPU identification/speed routine in 0x004b2f50..0x004b3ce0, called only from sysinfo members (find_callers.py)"
sysinfo,0x004b35a0,SysInfo_Is286Probe,"SPAN + CALL: CPU identification/speed routine in 0x004b2f50..0x004b3ce0, called only from sysinfo members (find_callers.py)"
sysinfo,0x004b35f0,SysInfo_Is386Probe,"SPAN + CALL: CPU identification/speed routine in 0x004b2f50..0x004b3ce0, called only from sysinfo members (find_callers.py)"
sysinfo,0x004b3640,SysInfo_CpuidFamily,"SPAN + CALL: CPU identification/speed routine in 0x004b2f50..0x004b3ce0, called only from sysinfo members (find_callers.py)"
sysinfo,0x004b36f0,SysInfo_MeasureCpuSpeed,"SPAN + CALL: CPU identification/speed routine in 0x004b2f50..0x004b3ce0, called only from sysinfo members (find_callers.py)"
sysinfo,0x004b37f0,SysInfo_SpeedByBsfLoop,"SPAN + CALL: CPU identification/speed routine in 0x004b2f50..0x004b3ce0, called only from sysinfo members (find_callers.py)"
sysinfo,0x004b38e0,SysInfo_SpeedByTscQpc,"SPAN + CALL: CPU identification/speed routine in 0x004b2f50..0x004b3ce0, called only from sysinfo members (find_callers.py)"
sysinfo,0x004b3b00,SysInfo_ReadCmosSeconds,"SPAN + CALL: CPU identification/speed routine in 0x004b2f50..0x004b3ce0, called only from sysinfo members (find_callers.py)"
sysinfo,0x004b3b20,SysInfo_ReadTsc,"SPAN + CALL: CPU identification/speed routine in 0x004b2f50..0x004b3ce0, called only from sysinfo members (find_callers.py)"
sysinfo,0x004b3b50,SysInfo_SpeedByTscCmos,"SPAN + CALL: CPU identification/speed routine in 0x004b2f50..0x004b3ce0, called only from sysinfo members (find_callers.py)"
sysinfo,0x004b3ca0,SysInfo_Sub64,"SPAN + CALL: CPU identification/speed routine in 0x004b2f50..0x004b3ce0, called only from sysinfo members (find_callers.py)"
ui_widgets,0x004038a0,FUN_004038a0,VTABLE SLOT: target of a vtable sharing >=40% slots with base widget vtable 0x004cca10 (vtable_scan.py --family)
ui_widgets,0x00403c80,FUN_00403c80,VTABLE SLOT: target of a vtable sharing >=40% slots with base widget vtable 0x004cca10 (vtable_scan.py --family)
ui_widgets,0x00403c90,FUN_00403c90,VTABLE SLOT: target of a vtable sharing >=40% slots with base widget vtable 0x004cca10 (vtable_scan.py --family)
ui_widgets,0x00403cb0,FUN_00403cb0,VTABLE SLOT: target of a vtable sharing >=40% slots with base widget vtable 0x004cca10 (vtable_scan.py --family)
ui_widgets,0x00403d70,FUN_00403d70,VTABLE SLOT: target of a vtable sharing >=40% slots with base widget vtable 0x004cca10 (vtable_scan.py --family)
ui_widgets,0x00403eb0,FUN_00403eb0,VTABLE SLOT: target of a vtable sharing >=40% slots with base widget vtable 0x004cca10 (vtable_scan.py --family)
ui_widgets,0x00404ca0,FUN_00404ca0,VTABLE SLOT: target of a vtable sharing >=40% slots with base widget vtable 0x004cca10 (vtable_scan.py --family)
ui_widgets,0x00404cb0,FUN_00404cb0,VTABLE SLOT: target of a vtable sharing >=40% slots with base widget vtable 0x004cca10 (vtable_scan.py --family)
ui_widgets,0x00404cd0,FUN_00404cd0,VTABLE SLOT: target of a vtable sharing >=40% slots with base widget vtable 0x004cca10 (vtable_scan.py --family)
ui_widgets,0x00404cf0,FUN_00404cf0,VTABLE SLOT: target of a vtable sharing >=40% slots with base widget vtable 0x004cca10 (vtable_scan.py --family)
ui_widgets,0x00404d00,FUN_00404d00,VTABLE SLOT: target of a vtable sharing >=40% slots with base widget vtable 0x004cca10 (vtable_scan.py --family)
ui_widgets,0x00404d10,FUN_00404d10,VTABLE SLOT: target of a vtable sharing >=40% slots with base widget vtable 0x004cca10 (vtable_scan.py --family)
ui_widgets,0x00404d20,FUN_00404d20,VTABLE SLOT: target of a vtable sharing >=40% slots with base widget vtable 0x004cca10 (vtable_scan.py --family)
ui_widgets,0x00404d50,FUN_00404d50,VTABLE SLOT: target of a vtable sharing >=40% slots with base widget vtable 0x004cca10 (vtable_scan.py --family)
ui_widgets,0x00404d60,FUN_00404d60,VTABLE SLOT: target of a vtable sharing >=40% slots with base widget vtable 0x004cca10 (vtable_scan.py --family)
ui_widgets,0x00404d70,FUN_00404d70,VTABLE SLOT: target of a vtable sharing >=40% slots with base widget vtable 0x004cca10 (vtable_scan.py --family)
ui_widgets,0x00404d90,FUN_00404d90,VTABLE SLOT: target of a vtable sharing >=40% slots with base widget vtable 0x004cca10 (vtable_scan.py --family)
ui_widgets,0x00404dd0,FUN_00404dd0,VTABLE SLOT: target of a vtable sharing >=40% slots with base widget vtable 0x004cca10 (vtable_scan.py --family)
ui_widgets,0x00404e10,FUN_00404e10,VTABLE SLOT: target of a vtable sharing >=40% slots with base widget vtable 0x004cca10 (vtable_scan.py --family)
ui_widgets,0x00404e60,FUN_00404e60,VTABLE SLOT: target of a vtable sharing >=40% slots with base widget vtable 0x004cca10 (vtable_scan.py --family)
ui_widgets,0x00404e80,FUN_00404e80,VTABLE SLOT: target of a vtable sharing >=40% slots with base widget vtable 0x004cca10 (vtable_scan.py --family)
ui_widgets,0x004070e0,FUN_004070e0,VTABLE SLOT: target of a vtable sharing >=40% slots with base widget vtable 0x004cca10 (vtable_scan.py --family)
ui_widgets,0x00407100,FUN_00407100,VTABLE SLOT: target of a vtable sharing >=40% slots with base widget vtable 0x004cca10 (vtable_scan.py --family)
ui_widgets,0x00407140,FUN_00407140,VTABLE SLOT: target of a vtable sharing >=40% slots with base widget vtable 0x004cca10 (vtable_scan.py --family)
ui_widgets,0x00407150,FUN_00407150,VTABLE SLOT: target of a vtable sharing >=40% slots with base widget vtable 0x004cca10 (vtable_scan.py --family)
ui_widgets,0x00408c20,FUN_00408c20,VTABLE SLOT: target of a vtable sharing >=40% slots with base widget vtable 0x004cca10 (vtable_scan.py --family)
ui_widgets,0x00409010,FUN_00409010,VTABLE SLOT: target of a vtable sharing >=40% slots with base widget vtable 0x004cca10 (vtable_scan.py --family)
ui_widgets,0x00409160,FUN_00409160,VTABLE SLOT: target of a vtable sharing >=40% slots with base widget vtable 0x004cca10 (vtable_scan.py --family)
ui_widgets,0x00409180,FUN_00409180,VTABLE SLOT: target of a vtable sharing >=40% slots with base widget vtable 0x004cca10 (vtable_scan.py --family)
ui_widgets,0x00409360,FUN_00409360,VTABLE SLOT: target of a vtable sharing >=40% slots with base widget vtable 0x004cca10 (vtable_scan.py --family)
ui_widgets,0x00409410,FUN_00409410,VTABLE SLOT: target of a vtable sharing >=40% slots with base widget vtable 0x004cca10 (vtable_scan.py --family)
ui_widgets,0x00409550,FUN_00409550,VTABLE SLOT: target of a vtable sharing >=40% slots with base widget vtable 0x004cca10 (vtable_scan.py --family)
ui_widgets,0x00409570,FUN_00409570,VTABLE SLOT: target of a vtable sharing >=40% slots with base widget vtable 0x004cca10 (vtable_scan.py --family)
ui_widgets,0x0040a590,FUN_0040a590,VTABLE SLOT: target of a vtable sharing >=40% slots with base widget vtable 0x004cca10 (vtable_scan.py --family)
ui_widgets,0x0040b0a0,FUN_0040b0a0,VTABLE SLOT: target of a vtable sharing >=40% slots with base widget vtable 0x004cca10 (vtable_scan.py --family)
ui_widgets,0x0040b0c0,FUN_0040b0c0,VTABLE SLOT: target of a vtable sharing >=40% slots with base widget vtable 0x004cca10 (vtable_scan.py --family)
ui_widgets,0x0040b0e0,FUN_0040b0e0,VTABLE SLOT: target of a vtable sharing >=40% slots with base widget vtable 0x004cca10 (vtable_scan.py --family)
ui_widgets,0x0040b100,FUN_0040b100,VTABLE SLOT: target of a vtable sharing >=40% slots with base widget vtable 0x004cca10 (vtable_scan.py --family)
ui_widgets,0x0040b120,FUN_0040b120,VTABLE SLOT: target of a vtable sharing >=40% slots with base widget vtable 0x004cca10 (vtable_scan.py --family)
ui_widgets,0x0040b930,FUN_0040b930,VTABLE SLOT: target of a vtable sharing >=40% slots with base widget vtable 0x004cca10 (vtable_scan.py --family)
ui_widgets,0x0040b960,FUN_0040b960,VTABLE SLOT: target of a vtable sharing >=40% slots with base widget vtable 0x004cca10 (vtable_scan.py --family)
ui_widgets,0x0040ba30,FUN_0040ba30,VTABLE SLOT: target of a vtable sharing >=40% slots with base widget vtable 0x004cca10 (vtable_scan.py --family)
ui_widgets,0x0040ba60,FUN_0040ba60,VTABLE SLOT: target of a vtable sharing >=40% slots with base widget vtable 0x004cca10 (vtable_scan.py --family)
ui_widgets,0x0040ba90,FUN_0040ba90,VTABLE SLOT: target of a vtable sharing >=40% slots with base widget vtable 0x004cca10 (vtable_scan.py --family)
ui_widgets,0x0040bab0,FUN_0040bab0,VTABLE SLOT: target of a vtable sharing >=40% slots with base widget vtable 0x004cca10 (vtable_scan.py --family)
ui_widgets,0x0040bae0,FUN_0040bae0,VTABLE SLOT: target of a vtable sharing >=40% slots with base widget vtable 0x004cca10 (vtable_scan.py --family)
ui_widgets,0x0040bb00,FUN_0040bb00,VTABLE SLOT: target of a vtable sharing >=40% slots with base widget vtable 0x004cca10 (vtable_scan.py --family)
ui_widgets,0x0040bb30,FUN_0040bb30,VTABLE SLOT: target of a vtable sharing >=40% slots with base widget vtable 0x004cca10 (vtable_scan.py --family)
ui_widgets,0x0040bb50,FUN_0040bb50,VTABLE SLOT: target of a vtable sharing >=40% slots with base widget vtable 0x004cca10 (vtable_scan.py --family)
ui_widgets,0x0040bb80,FUN_0040bb80,VTABLE SLOT: target of a vtable sharing >=40% slots with base widget vtable 0x004cca10 (vtable_scan.py --family)
ui_widgets,0x0040bba0,FUN_0040bba0,VTABLE SLOT: target of a vtable sharing >=40% slots with base widget vtable 0x004cca10 (vtable_scan.py --family)
ui_widgets,0x0040bbc0,FUN_0040bbc0,VTABLE SLOT: target of a vtable sharing >=40% slots with base widget vtable 0x004cca10 (vtable_scan.py --family)
ui_widgets,0x0040bbe0,FUN_0040bbe0,VTABLE SLOT: target of a vtable sharing >=40% slots with base widget vtable 0x004cca10 (vtable_scan.py --family)
ui_widgets,0x0040bc00,FUN_0040bc00,VTABLE SLOT: target of a vtable sharing >=40% slots with base widget vtable 0x004cca10 (vtable_scan.py --family)
ui_widgets,0x0040bdf0,Stub_NoOp_TwoStackArgs,VTABLE SLOT: target of a vtable sharing >=40% slots with base widget vtable 0x004cca10 (vtable_scan.py --family)
ui_widgets,0x0040be90,FUN_0040be90,VTABLE SLOT: target of a vtable sharing >=40% slots with base widget vtable 0x004cca10 (vtable_scan.py --family)
ui_widgets,0x0040bea0,FUN_0040bea0,VTABLE SLOT: target of a vtable sharing >=40% slots with base widget vtable 0x004cca10 (vtable_scan.py --family)
ui_widgets,0x0040beb0,FUN_0040beb0,VTABLE SLOT: target of a vtable sharing >=40% slots with base widget vtable 0x004cca10 (vtable_scan.py --family)
ui_widgets,0x0040bec0,FUN_0040bec0,VTABLE SLOT: target of a vtable sharing >=40% slots with base widget vtable 0x004cca10 (vtable_scan.py --family)
ui_widgets,0x0040c260,FUN_0040c260,VTABLE SLOT: target of a vtable sharing >=40% slots with base widget vtable 0x004cca10 (vtable_scan.py --family)
ui_widgets,0x0040c6e0,FUN_0040c6e0,VTABLE SLOT: target of a vtable sharing >=40% slots with base widget vtable 0x004cca10 (vtable_scan.py --family)
ui_widgets,0x0040c9c0,FUN_0040c9c0,VTABLE SLOT: target of a vtable sharing >=40% slots with base widget vtable 0x004cca10 (vtable_scan.py --family)
ui_widgets,0x0040c9e0,FUN_0040c9e0,VTABLE SLOT: target of a vtable sharing >=40% slots with base widget vtable 0x004cca10 (vtable_scan.py --family)
ui_widgets,0x0040ca20,FUN_0040ca20,VTABLE SLOT: target of a vtable sharing >=40% slots with base widget vtable 0x004cca10 (vtable_scan.py --family)
ui_widgets,0x0040ca40,FUN_0040ca40,VTABLE SLOT: target of a vtable sharing >=40% slots with base widget vtable 0x004cca10 (vtable_scan.py --family)
ui_widgets,0x0040ca80,FUN_0040ca80,VTABLE SLOT: target of a vtable sharing >=40% slots with base widget vtable 0x004cca10 (vtable_scan.py --family)
ui_widgets,0x0040caa0,FUN_0040caa0,VTABLE SLOT: target of a vtable sharing >=40% slots with base widget vtable 0x004cca10 (vtable_scan.py --family)
ui_widgets,0x0040cab0,FUN_0040cab0,VTABLE SLOT: target of a vtable sharing >=40% slots with base widget vtable 0x004cca10 (vtable_scan.py --family)
ui_widgets,0x0040cad0,FUN_0040cad0,VTABLE SLOT: target of a vtable sharing >=40% slots with base widget vtable 0x004cca10 (vtable_scan.py --family)
ui_widgets,0x0040caf0,FUN_0040caf0,VTABLE SLOT: target of a vtable sharing >=40% slots with base widget vtable 0x004cca10 (vtable_scan.py --family)
ui_widgets,0x0040cb10,FUN_0040cb10,VTABLE SLOT: target of a vtable sharing >=40% slots with base widget vtable 0x004cca10 (vtable_scan.py --family)
ui_widgets,0x0040cb30,FUN_0040cb30,VTABLE SLOT: target of a vtable sharing >=40% slots with base widget vtable 0x004cca10 (vtable_scan.py --family)
ui_widgets,0x0040cb70,FUN_0040cb70,VTABLE SLOT: target of a vtable sharing >=40% slots with base widget vtable 0x004cca10 (vtable_scan.py --family)
ui_widgets,0x0040cb90,FUN_0040cb90,VTABLE SLOT: target of a vtable sharing >=40% slots with base widget vtable 0x004cca10 (vtable_scan.py --family)
ui_widgets,0x0040cbb0,FUN_0040cbb0,VTABLE SLOT: target of a vtable sharing >=40% slots with base widget vtable 0x004cca10 (vtable_scan.py --family)
ui_widgets,0x0040cbd0,FUN_0040cbd0,VTABLE SLOT: target of a vtable sharing >=40% slots with base widget vtable 0x004cca10 (vtable_scan.py --family)
ui_widgets,0x0040cbf0,FUN_0040cbf0,VTABLE SLOT: target of a vtable sharing >=40% slots with base widget vtable 0x004cca10 (vtable_scan.py --family)
ui_widgets,0x0040cc10,FUN_0040cc10,VTABLE SLOT: target of a vtable sharing >=40% slots with base widget vtable 0x004cca10 (vtable_scan.py --family)
ui_widgets,0x0040cc30,FUN_0040cc30,VTABLE SLOT: target of a vtable sharing >=40% slots with base widget vtable 0x004cca10 (vtable_scan.py --family)
ui_widgets,0x0040cc60,FUN_0040cc60,VTABLE SLOT: target of a vtable sharing >=40% slots with base widget vtable 0x004cca10 (vtable_scan.py --family)
ui_widgets,0x0040cc80,FUN_0040cc80,VTABLE SLOT: target of a vtable sharing >=40% slots with base widget vtable 0x004cca10 (vtable_scan.py --family)
ui_widgets,0x0040ccc0,FUN_0040ccc0,VTABLE SLOT: target of a vtable sharing >=40% slots with base widget vtable 0x004cca10 (vtable_scan.py --family)
ui_widgets,0x0040cd00,FUN_0040cd00,VTABLE SLOT: target of a vtable sharing >=40% slots with base widget vtable 0x004cca10 (vtable_scan.py --family)
ui_widgets,0x0040cd30,FUN_0040cd30,VTABLE SLOT: target of a vtable sharing >=40% slots with base widget vtable 0x004cca10 (vtable_scan.py --family)
ui_widgets,0x0040ce80,FUN_0040ce80,VTABLE SLOT: target of a vtable sharing >=40% slots with base widget vtable 0x004cca10 (vtable_scan.py --family)
ui_widgets,0x0040daa0,FUN_0040daa0,VTABLE SLOT: target of a vtable sharing >=40% slots with base widget vtable 0x004cca10 (vtable_scan.py --family)
ui_widgets,0x0040db90,FUN_0040db90,VTABLE SLOT: target of a vtable sharing >=40% slots with base widget vtable 0x004cca10 (vtable_scan.py --family)
ui_widgets,0x0040dbd0,FUN_0040dbd0,VTABLE SLOT: target of a vtable sharing >=40% slots with base widget vtable 0x004cca10 (vtable_scan.py --family)
ui_widgets,0x0040ed20,FUN_0040ed20,VTABLE SLOT: target of a vtable sharing >=40% slots with base widget vtable 0x004cca10 (vtable_scan.py --family)
ui_widgets,0x0040f040,FUN_0040f040,VTABLE SLOT: target of a vtable sharing >=40% slots with base widget vtable 0x004cca10 (vtable_scan.py --family)
ui_widgets,0x0040f2b0,FUN_0040f2b0,VTABLE SLOT: target of a vtable sharing >=40% slots with base widget vtable 0x004cca10 (vtable_scan.py --family)
ui_widgets,0x0040f400,FUN_0040f400,VTABLE SLOT: target of a vtable sharing >=40% slots with base widget vtable 0x004cca10 (vtable_scan.py --family)
ui_widgets,0x0040fa10,FUN_0040fa10,VTABLE SLOT: target of a vtable sharing >=40% slots with base widget vtable 0x004cca10 (vtable_scan.py --family)
ui_widgets,0x0040fa20,FUN_0040fa20,VTABLE SLOT: target of a vtable sharing >=40% slots with base widget vtable 0x004cca10 (vtable_scan.py --family)
ui_widgets,0x004134e0,FUN_004134e0,VTABLE SLOT: target of a vtable sharing >=40% slots with base widget vtable 0x004cca10 (vtable_scan.py --family)
ui_widgets,0x00414f40,FUN_00414f40,VTABLE SLOT: target of a vtable sharing >=40% slots with base widget vtable 0x004cca10 (vtable_scan.py --family)
ui_widgets,0x00414f60,FUN_00414f60,VTABLE SLOT: target of a vtable sharing >=40% slots with base widget vtable 0x004cca10 (vtable_scan.py --family)
ui_widgets,0x00414f80,FUN_00414f80,VTABLE SLOT: target of a vtable sharing >=40% slots with base widget vtable 0x004cca10 (vtable_scan.py --family)
ui_widgets,0x00414fa0,FUN_00414fa0,VTABLE SLOT: target of a vtable sharing >=40% slots with base widget vtable 0x004cca10 (vtable_scan.py --family)
ui_widgets,0x00414fc0,FUN_00414fc0,VTABLE SLOT: target of a vtable sharing >=40% slots with base widget vtable 0x004cca10 (vtable_scan.py --family)
ui_widgets,0x00414fe0,FUN_00414fe0,VTABLE SLOT: target of a vtable sharing >=40% slots with base widget vtable 0x004cca10 (vtable_scan.py --family)
ui_widgets,0x00415000,FUN_00415000,VTABLE SLOT: target of a vtable sharing >=40% slots with base widget vtable 0x004cca10 (vtable_scan.py --family)
ui_widgets,0x00415140,FUN_00415140,VTABLE SLOT: target of a vtable sharing >=40% slots with base widget vtable 0x004cca10 (vtable_scan.py --family)
ui_widgets,0x00415740,FUN_00415740,VTABLE SLOT: target of a vtable sharing >=40% slots with base widget vtable 0x004cca10 (vtable_scan.py --family)
ui_widgets,0x00419800,FUN_00419800,VTABLE SLOT: target of a vtable sharing >=40% slots with base widget vtable 0x004cca10 (vtable_scan.py --family)
ui_widgets,0x00419830,FUN_00419830,VTABLE SLOT: target of a vtable sharing >=40% slots with base widget vtable 0x004cca10 (vtable_scan.py --family)
ui_widgets,0x0041a160,FUN_0041a160,VTABLE SLOT: target of a vtable sharing >=40% slots with base widget vtable 0x004cca10 (vtable_scan.py --family)
ui_widgets,0x0041a290,FUN_0041a290,VTABLE SLOT: target of a vtable sharing >=40% slots with base widget vtable 0x004cca10 (vtable_scan.py --family)
ui_widgets,0x0041a2a0,FUN_0041a2a0,VTABLE SLOT: target of a vtable sharing >=40% slots with base widget vtable 0x004cca10 (vtable_scan.py --family)
ui_widgets,0x0041a2d0,FUN_0041a2d0,VTABLE SLOT: target of a vtable sharing >=40% slots with base widget vtable 0x004cca10 (vtable_scan.py --family)
ui_widgets,0x0041a350,FUN_0041a350,VTABLE SLOT: target of a vtable sharing >=40% slots with base widget vtable 0x004cca10 (vtable_scan.py --family)
ui_widgets,0x0041a570,FUN_0041a570,VTABLE SLOT: target of a vtable sharing >=40% slots with base widget vtable 0x004cca10 (vtable_scan.py --family)
ui_widgets,0x0041a590,FUN_0041a590,VTABLE SLOT: target of a vtable sharing >=40% slots with base widget vtable 0x004cca10 (vtable_scan.py --family)
ui_widgets,0x0041a5b0,FUN_0041a5b0,VTABLE SLOT: target of a vtable sharing >=40% slots with base widget vtable 0x004cca10 (vtable_scan.py --family)
ui_widgets,0x0041a7b0,FUN_0041a7b0,VTABLE SLOT: target of a vtable sharing >=40% slots with base widget vtable 0x004cca10 (vtable_scan.py --family)
ui_widgets,0x0041a820,FUN_0041a820,VTABLE SLOT: target of a vtable sharing >=40% slots with base widget vtable 0x004cca10 (vtable_scan.py --family)
ui_widgets,0x0041a9c0,FUN_0041a9c0,VTABLE SLOT: target of a vtable sharing >=40% slots with base widget vtable 0x004cca10 (vtable_scan.py --family)
ui_widgets,0x0041be70,FUN_0041be70,VTABLE SLOT: target of a vtable sharing >=40% slots with base widget vtable 0x004cca10 (vtable_scan.py --family)
ui_widgets,0x0041bf10,FUN_0041bf10,VTABLE SLOT: target of a vtable sharing >=40% slots with base widget vtable 0x004cca10 (vtable_scan.py --family)
ui_widgets,0x0041bf40,FUN_0041bf40,VTABLE SLOT: target of a vtable sharing >=40% slots with base widget vtable 0x004cca10 (vtable_scan.py --family)
ui_widgets,0x0041bfa0,FUN_0041bfa0,VTABLE SLOT: target of a vtable sharing >=40% slots with base widget vtable 0x004cca10 (vtable_scan.py --family)
ui_widgets,0x0041c270,FUN_0041c270,VTABLE SLOT: target of a vtable sharing >=40% slots with base widget vtable 0x004cca10 (vtable_scan.py --family)
ui_widgets,0x0041c3b0,FUN_0041c3b0,VTABLE SLOT: target of a vtable sharing >=40% slots with base widget vtable 0x004cca10 (vtable_scan.py --family)
ui_widgets,0x0041c480,FUN_0041c480,VTABLE SLOT: target of a vtable sharing >=40% slots with base widget vtable 0x004cca10 (vtable_scan.py --family)
ui_widgets,0x0041c4a0,FUN_0041c4a0,VTABLE SLOT: target of a vtable sharing >=40% slots with base widget vtable 0x004cca10 (vtable_scan.py --family)
ui_widgets,0x0041c4c0,FUN_0041c4c0,VTABLE SLOT: target of a vtable sharing >=40% slots with base widget vtable 0x004cca10 (vtable_scan.py --family)
ui_widgets,0x0041ebb0,FUN_0041ebb0,VTABLE SLOT: target of a vtable sharing >=40% slots with base widget vtable 0x004cca10 (vtable_scan.py --family)
ui_widgets,0x00423440,FUN_00423440,VTABLE SLOT: target of a vtable sharing >=40% slots with base widget vtable 0x004cca10 (vtable_scan.py --family)
ui_widgets,0x00423450,FUN_00423450,VTABLE SLOT: target of a vtable sharing >=40% slots with base widget vtable 0x004cca10 (vtable_scan.py --family)
ui_widgets,0x004348b0,FUN_004348b0,VTABLE SLOT: target of a vtable sharing >=40% slots with base widget vtable 0x004cca10 (vtable_scan.py --family)
ui_widgets,0x004348f0,FUN_004348f0,VTABLE SLOT: target of a vtable sharing >=40% slots with base widget vtable 0x004cca10 (vtable_scan.py --family)
ui_widgets,0x00434950,FUN_00434950,VTABLE SLOT: target of a vtable sharing >=40% slots with base widget vtable 0x004cca10 (vtable_scan.py --family)
ui_widgets,0x00435140,FUN_00435140,VTABLE SLOT: target of a vtable sharing >=40% slots with base widget vtable 0x004cca10 (vtable_scan.py --family)
ui_widgets,0x00435160,FUN_00435160,VTABLE SLOT: target of a vtable sharing >=40% slots with base widget vtable 0x004cca10 (vtable_scan.py --family)
ui_widgets,0x004351b0,FUN_004351b0,VTABLE SLOT: target of a vtable sharing >=40% slots with base widget vtable 0x004cca10 (vtable_scan.py --family)
ui_widgets,0x00435200,FUN_00435200,VTABLE SLOT: target of a vtable sharing >=40% slots with base widget vtable 0x004cca10 (vtable_scan.py --family)
ui_widgets,0x00435220,FUN_00435220,VTABLE SLOT: target of a vtable sharing >=40% slots with base widget vtable 0x004cca10 (vtable_scan.py --family)
ui_widgets,0x004353e0,FUN_004353e0,VTABLE SLOT: target of a vtable sharing >=40% slots with base widget vtable 0x004cca10 (vtable_scan.py --family)
ui_widgets,0x00435a10,FUN_00435a10,VTABLE SLOT: target of a vtable sharing >=40% slots with base widget vtable 0x004cca10 (vtable_scan.py --family)
ui_widgets,0x004b3ce0,FUN_004b3ce0,VTABLE SLOT: target of a vtable sharing >=40% slots with base widget vtable 0x004cca10 (vtable_scan.py --family)
ui_widgets,0x004b3dd0,FUN_004b3dd0,VTABLE SLOT: target of a vtable sharing >=40% slots with base widget vtable 0x004cca10 (vtable_scan.py --family)
ui_widgets,0x004b3fb0,FUN_004b3fb0,VTABLE SLOT: target of a vtable sharing >=40% slots with base widget vtable 0x004cca10 (vtable_scan.py --family)
ui_widgets,0x004b4030,FUN_004b4030,VTABLE SLOT: target of a vtable sharing >=40% slots with base widget vtable 0x004cca10 (vtable_scan.py --family)
ui_widgets,0x004b4180,FUN_004b4180,VTABLE SLOT: target of a vtable sharing >=40% slots with base widget vtable 0x004cca10 (vtable_scan.py --family)
ui_widgets,0x004b4190,FUN_004b4190,VTABLE SLOT: target of a vtable sharing >=40% slots with base widget vtable 0x004cca10 (vtable_scan.py --family)
ui_widgets,0x004b41b0,FUN_004b41b0,VTABLE SLOT: target of a vtable sharing >=40% slots with base widget vtable 0x004cca10 (vtable_scan.py --family)
ui_widgets,0x004b41e0,FUN_004b41e0,VTABLE SLOT: target of a vtable sharing >=40% slots with base widget vtable 0x004cca10 (vtable_scan.py --family)
ui_widgets,0x004b42c0,FUN_004b42c0,VTABLE SLOT: target of a vtable sharing >=40% slots with base widget vtable 0x004cca10 (vtable_scan.py --family)
ui_widgets,0x004b47b0,FUN_004b47b0,VTABLE SLOT: target of a vtable sharing >=40% slots with base widget vtable 0x004cca10 (vtable_scan.py --family)
ui_widgets,0x004b4a90,FUN_004b4a90,VTABLE SLOT: target of a vtable sharing >=40% slots with base widget vtable 0x004cca10 (vtable_scan.py --family)
ui_widgets,0x004b4b50,FUN_004b4b50,VTABLE SLOT: target of a vtable sharing >=40% slots with base widget vtable 0x004cca10 (vtable_scan.py --family)
ui_widgets,0x004b4c90,FUN_004b4c90,VTABLE SLOT: target of a vtable sharing >=40% slots with base widget vtable 0x004cca10 (vtable_scan.py --family)
ui_widgets,0x004b4ca0,FUN_004b4ca0,VTABLE SLOT: target of a vtable sharing >=40% slots with base widget vtable 0x004cca10 (vtable_scan.py --family)
ui_widgets,0x004b50a0,FUN_004b50a0,VTABLE SLOT: target of a vtable sharing >=40% slots with base widget vtable 0x004cca10 (vtable_scan.py --family)
ui_widgets,0x004b5310,FUN_004b5310,VTABLE SLOT: target of a vtable sharing >=40% slots with base widget vtable 0x004cca10 (vtable_scan.py --family)
ui_widgets,0x004b5350,FUN_004b5350,VTABLE SLOT: target of a vtable sharing >=40% slots with base widget vtable 0x004cca10 (vtable_scan.py --family)
ui_widgets,0x004b5630,FUN_004b5630,VTABLE SLOT: target of a vtable sharing >=40% slots with base widget vtable 0x004cca10 (vtable_scan.py --family)
ui_widgets,0x004b5740,FUN_004b5740,VTABLE SLOT: target of a vtable sharing >=40% slots with base widget vtable 0x004cca10 (vtable_scan.py --family)
ui_widgets,0x004b5860,FUN_004b5860,VTABLE SLOT: target of a vtable sharing >=40% slots with base widget vtable 0x004cca10 (vtable_scan.py --family)
ui_widgets,0x004b5900,FUN_004b5900,VTABLE SLOT: target of a vtable sharing >=40% slots with base widget vtable 0x004cca10 (vtable_scan.py --family)
ui_widgets,0x004b59f0,FUN_004b59f0,VTABLE SLOT: target of a vtable sharing >=40% slots with base widget vtable 0x004cca10 (vtable_scan.py --family)
ui_widgets,0x004b7000,FUN_004b7000,VTABLE SLOT: target of a vtable sharing >=40% slots with base widget vtable 0x004cca10 (vtable_scan.py --family)
ui_widgets,0x004b70b0,FUN_004b70b0,VTABLE SLOT: target of a vtable sharing >=40% slots with base widget vtable 0x004cca10 (vtable_scan.py --family)
ui_widgets,0x004b70c0,FUN_004b70c0,VTABLE SLOT: target of a vtable sharing >=40% slots with base widget vtable 0x004cca10 (vtable_scan.py --family)
ui_widgets,0x004b7210,FUN_004b7210,VTABLE SLOT: target of a vtable sharing >=40% slots with base widget vtable 0x004cca10 (vtable_scan.py --family)
ui_widgets,0x004b7250,FUN_004b7250,VTABLE SLOT: target of a vtable sharing >=40% slots with base widget vtable 0x004cca10 (vtable_scan.py --family)
ui_widgets,0x004b7290,FUN_004b7290,VTABLE SLOT: target of a vtable sharing >=40% slots with base widget vtable 0x004cca10 (vtable_scan.py --family)
ui_widgets,0x004b7340,FUN_004b7340,VTABLE SLOT: target of a vtable sharing >=40% slots with base widget vtable 0x004cca10 (vtable_scan.py --family)
ui_widgets,0x004b7dc0,FUN_004b7dc0,VTABLE SLOT: target of a vtable sharing >=40% slots with base widget vtable 0x004cca10 (vtable_scan.py --family)
ui_widgets,0x004b7e60,FUN_004b7e60,VTABLE SLOT: target of a vtable sharing >=40% slots with base widget vtable 0x004cca10 (vtable_scan.py --family)
ui_widgets,0x004b7ee0,FUN_004b7ee0,VTABLE SLOT: target of a vtable sharing >=40% slots with base widget vtable 0x004cca10 (vtable_scan.py --family)
ui_widgets,0x004b82e0,FUN_004b82e0,VTABLE SLOT: target of a vtable sharing >=40% slots with base widget vtable 0x004cca10 (vtable_scan.py --family)
ui_widgets,0x004b84b0,FUN_004b84b0,VTABLE SLOT: target of a vtable sharing >=40% slots with base widget vtable 0x004cca10 (vtable_scan.py --family)
ui_widgets,0x004b8520,FUN_004b8520,VTABLE SLOT: target of a vtable sharing >=40% slots with base widget vtable 0x004cca10 (vtable_scan.py --family)
ui_widgets,0x004b85c0,FUN_004b85c0,VTABLE SLOT: target of a vtable sharing >=40% slots with base widget vtable 0x004cca10 (vtable_scan.py --family)
ui_widgets,0x004b8650,FUN_004b8650,VTABLE SLOT: target of a vtable sharing >=40% slots with base widget vtable 0x004cca10 (vtable_scan.py --family)
ui_widgets,0x004b86b0,FUN_004b86b0,VTABLE SLOT: target of a vtable sharing >=40% slots with base widget vtable 0x004cca10 (vtable_scan.py --family)
ui_widgets,0x004b87a0,FUN_004b87a0,VTABLE SLOT: target of a vtable sharing >=40% slots with base widget vtable 0x004cca10 (vtable_scan.py --family)
ui_widgets,0x004b87d0,FUN_004b87d0,VTABLE SLOT: target of a vtable sharing >=40% slots with base widget vtable 0x004cca10 (vtable_scan.py --family)
ui_widgets,0x004b87e0,FUN_004b87e0,VTABLE SLOT: target of a vtable sharing >=40% slots with base widget vtable 0x004cca10 (vtable_scan.py --family)
ui_widgets,0x004b87f0,FUN_004b87f0,VTABLE SLOT: target of a vtable sharing >=40% slots with base widget vtable 0x004cca10 (vtable_scan.py --family)
ui_widgets,0x004b8850,FUN_004b8850,VTABLE SLOT: target of a vtable sharing >=40% slots with base widget vtable 0x004cca10 (vtable_scan.py --family)
ui_widgets,0x004b8af0,FUN_004b8af0,VTABLE SLOT: target of a vtable sharing >=40% slots with base widget vtable 0x004cca10 (vtable_scan.py --family)
ui_widgets,0x004b8b40,FUN_004b8b40,VTABLE SLOT: target of a vtable sharing >=40% slots with base widget vtable 0x004cca10 (vtable_scan.py --family)
ui_widgets,0x004b8be0,FUN_004b8be0,VTABLE SLOT: target of a vtable sharing >=40% slots with base widget vtable 0x004cca10 (vtable_scan.py --family)
ui_widgets,0x004b8de0,FUN_004b8de0,VTABLE SLOT: target of a vtable sharing >=40% slots with base widget vtable 0x004cca10 (vtable_scan.py --family)
ui_widgets,0x004b92c0,FUN_004b92c0,VTABLE SLOT: target of a vtable sharing >=40% slots with base widget vtable 0x004cca10 (vtable_scan.py --family)
ui_widgets,0x004b9320,FUN_004b9320,VTABLE SLOT: target of a vtable sharing >=40% slots with base widget vtable 0x004cca10 (vtable_scan.py --family)
ui_widgets,0x004b9520,FUN_004b9520,VTABLE SLOT: target of a vtable sharing >=40% slots with base widget vtable 0x004cca10 (vtable_scan.py --family)
ui_widgets,0x004b9710,FUN_004b9710,VTABLE SLOT: target of a vtable sharing >=40% slots with base widget vtable 0x004cca10 (vtable_scan.py --family)
ui_widgets,0x004ba3c0,FUN_004ba3c0,VTABLE SLOT: target of a vtable sharing >=40% slots with base widget vtable 0x004cca10 (vtable_scan.py --family)
ui_widgets,0x004ba400,FUN_004ba400,VTABLE SLOT: target of a vtable sharing >=40% slots with base widget vtable 0x004cca10 (vtable_scan.py --family)
ui_widgets,0x004ba410,FUN_004ba410,VTABLE SLOT: target of a vtable sharing >=40% slots with base widget vtable 0x004cca10 (vtable_scan.py --family)
ui_widgets,0x004ba830,FUN_004ba830,VTABLE SLOT: target of a vtable sharing >=40% slots with base widget vtable 0x004cca10 (vtable_scan.py --family)
ui_widgets,0x004babb0,FUN_004babb0,VTABLE SLOT: target of a vtable sharing >=40% slots with base widget vtable 0x004cca10 (vtable_scan.py --family)
ui_widgets,0x004bac10,FUN_004bac10,VTABLE SLOT: target of a vtable sharing >=40% slots with base widget vtable 0x004cca10 (vtable_scan.py --family)
ui_widgets,0x004bb2a0,FUN_004bb2a0,VTABLE SLOT: target of a vtable sharing >=40% slots with base widget vtable 0x004cca10 (vtable_scan.py --family)
ui_widgets,0x004bb3d0,FUN_004bb3d0,VTABLE SLOT: target of a vtable sharing >=40% slots with base widget vtable 0x004cca10 (vtable_scan.py --family)
ui_widgets,0x004bb460,FUN_004bb460,VTABLE SLOT: target of a vtable sharing >=40% slots with base widget vtable 0x004cca10 (vtable_scan.py --family)
ui_widgets,0x004bb540,FUN_004bb540,VTABLE SLOT: target of a vtable sharing >=40% slots with base widget vtable 0x004cca10 (vtable_scan.py --family)
ui_widgets,0x004bb5e0,FUN_004bb5e0,VTABLE SLOT: target of a vtable sharing >=40% slots with base widget vtable 0x004cca10 (vtable_scan.py --family)
ui_widgets,0x004bb680,FUN_004bb680,VTABLE SLOT: target of a vtable sharing >=40% slots with base widget vtable 0x004cca10 (vtable_scan.py --family)
ui_widgets,0x004bb740,FUN_004bb740,VTABLE SLOT: target of a vtable sharing >=40% slots with base widget vtable 0x004cca10 (vtable_scan.py --family)
ui_widgets,0x004bb960,FUN_004bb960,VTABLE SLOT: target of a vtable sharing >=40% slots with base widget vtable 0x004cca10 (vtable_scan.py --family)
ui_widgets,0x004bb980,FUN_004bb980,VTABLE SLOT: target of a vtable sharing >=40% slots with base widget vtable 0x004cca10 (vtable_scan.py --family)
ui_widgets,0x004bb9f0,FUN_004bb9f0,VTABLE SLOT: target of a vtable sharing >=40% slots with base widget vtable 0x004cca10 (vtable_scan.py --family)
ui_widgets,0x004bbaa0,FUN_004bbaa0,VTABLE SLOT: target of a vtable sharing >=40% slots with base widget vtable 0x004cca10 (vtable_scan.py --family)
ui_widgets,0x004bbac0,FUN_004bbac0,VTABLE SLOT: target of a vtable sharing >=40% slots with base widget vtable 0x004cca10 (vtable_scan.py --family)
ui_widgets,0x004bbb20,FUN_004bbb20,VTABLE SLOT: target of a vtable sharing >=40% slots with base widget vtable 0x004cca10 (vtable_scan.py --family)
ui_widgets,0x004bbbe0,FUN_004bbbe0,VTABLE SLOT: target of a vtable sharing >=40% slots with base widget vtable 0x004cca10 (vtable_scan.py --family)
ui_widgets,0x004bc4c0,FUN_004bc4c0,VTABLE SLOT: target of a vtable sharing >=40% slots with base widget vtable 0x004cca10 (vtable_scan.py --family)
ui_widgets,0x004bc9f0,FUN_004bc9f0,VTABLE SLOT: target of a vtable sharing >=40% slots with base widget vtable 0x004cca10 (vtable_scan.py --family)
ui_widgets,0x004bccf0,FUN_004bccf0,VTABLE SLOT: target of a vtable sharing >=40% slots with base widget vtable 0x004cca10 (vtable_scan.py --family)
ui_widgets,0x004bcd40,FUN_004bcd40,VTABLE SLOT: target of a vtable sharing >=40% slots with base widget vtable 0x004cca10 (vtable_scan.py --family)
ui_widgets,0x004bce30,FUN_004bce30,VTABLE SLOT: target of a vtable sharing >=40% slots with base widget vtable 0x004cca10 (vtable_scan.py --family)
ui_widgets,0x004bcea0,FUN_004bcea0,VTABLE SLOT: target of a vtable sharing >=40% slots with base widget vtable 0x004cca10 (vtable_scan.py --family)
ui_widgets,0x004bcff0,FUN_004bcff0,VTABLE SLOT: target of a vtable sharing >=40% slots with base widget vtable 0x004cca10 (vtable_scan.py --family)
ui_widgets,0x004bdb60,FUN_004bdb60,VTABLE SLOT: target of a vtable sharing >=40% slots with base widget vtable 0x004cca10 (vtable_scan.py --family)
ui_widgets,0x004bdbc0,FUN_004bdbc0,VTABLE SLOT: target of a vtable sharing >=40% slots with base widget vtable 0x004cca10 (vtable_scan.py --family)
ui_widgets,0x004bdc40,FUN_004bdc40,VTABLE SLOT: target of a vtable sharing >=40% slots with base widget vtable 0x004cca10 (vtable_scan.py --family)
ui_widgets,0x004bde20,FUN_004bde20,VTABLE SLOT: target of a vtable sharing >=40% slots with base widget vtable 0x004cca10 (vtable_scan.py --family)
ui_widgets,0x004bdfd0,FUN_004bdfd0,VTABLE SLOT: target of a vtable sharing >=40% slots with base widget vtable 0x004cca10 (vtable_scan.py --family)
ui_widgets,0x004be2c0,FUN_004be2c0,VTABLE SLOT: target of a vtable sharing >=40% slots with base widget vtable 0x004cca10 (vtable_scan.py --family)
ui_widgets,0x004be2f0,FUN_004be2f0,VTABLE SLOT: target of a vtable sharing >=40% slots with base widget vtable 0x004cca10 (vtable_scan.py --family)
ui_widgets,0x004be850,FUN_004be850,VTABLE SLOT: target of a vtable sharing >=40% slots with base widget vtable 0x004cca10 (vtable_scan.py --family)
ui_widgets,0x004be880,FUN_004be880,VTABLE SLOT: target of a vtable sharing >=40% slots with base widget vtable 0x004cca10 (vtable_scan.py --family)
ui_widgets,0x004bf800,FUN_004bf800,VTABLE SLOT: target of a vtable sharing >=40% slots with base widget vtable 0x004cca10 (vtable_scan.py --family)
ui_widgets,0x004bf820,FUN_004bf820,VTABLE SLOT: target of a vtable sharing >=40% slots with base widget vtable 0x004cca10 (vtable_scan.py --family)
ui_widgets,0x004bf900,FUN_004bf900,VTABLE SLOT: target of a vtable sharing >=40% slots with base widget vtable 0x004cca10 (vtable_scan.py --family)
ui_widgets,0x004bfa00,FUN_004bfa00,VTABLE SLOT: target of a vtable sharing >=40% slots with base widget vtable 0x004cca10 (vtable_scan.py --family)
ui_widgets,0x004bfa50,FUN_004bfa50,VTABLE SLOT: target of a vtable sharing >=40% slots with base widget vtable 0x004cca10 (vtable_scan.py --family)
ui_widgets,0x004bfa70,FUN_004bfa70,VTABLE SLOT: target of a vtable sharing >=40% slots with base widget vtable 0x004cca10 (vtable_scan.py --family)
ui_widgets,0x004bfb70,FUN_004bfb70,VTABLE SLOT: target of a vtable sharing >=40% slots with base widget vtable 0x004cca10 (vtable_scan.py --family)
ui_widgets,0x004bfc50,FUN_004bfc50,VTABLE SLOT: target of a vtable sharing >=40% slots with base widget vtable 0x004cca10 (vtable_scan.py --family)
ui_widgets,0x004bfc60,FUN_004bfc60,VTABLE SLOT: target of a vtable sharing >=40% slots with base widget vtable 0x004cca10 (vtable_scan.py --family)
ui_widgets,0x004bfcb0,FUN_004bfcb0,VTABLE SLOT: target of a vtable sharing >=40% slots with base widget vtable 0x004cca10 (vtable_scan.py --family)
ui_widgets,0x004bfe40,FUN_004bfe40,VTABLE SLOT: target of a vtable sharing >=40% slots with base widget vtable 0x004cca10 (vtable_scan.py --family)
ui_widgets,0x004bfe90,FUN_004bfe90,VTABLE SLOT: target of a vtable sharing >=40% slots with base widget vtable 0x004cca10 (vtable_scan.py --family)
ui_widgets,0x004bfec0,FUN_004bfec0,VTABLE SLOT: target of a vtable sharing >=40% slots with base widget vtable 0x004cca10 (vtable_scan.py --family)
ui_widgets,0x004bff00,FUN_004bff00,VTABLE SLOT: target of a vtable sharing >=40% slots with base widget vtable 0x004cca10 (vtable_scan.py --family)
ui_widgets,0x004b3d50,FUN_004b3d50,"CALLEE IN LIBRARY: called by ui_widgets slot functions and located in the widget library 0x004b3ce0..0x004c0000 (0x004c7f00: only 4 callers, all in the library - find_callers.py)"
ui_widgets,0x004b3e30,FUN_004b3e30,"CALLEE IN LIBRARY: called by ui_widgets slot functions and located in the widget library 0x004b3ce0..0x004c0000 (0x004c7f00: only 4 callers, all in the library - find_callers.py)"
ui_widgets,0x004b3e70,FUN_004b3e70,"CALLEE IN LIBRARY: called by ui_widgets slot functions and located in the widget library 0x004b3ce0..0x004c0000 (0x004c7f00: only 4 callers, all in the library - find_callers.py)"
ui_widgets,0x004b4390,FUN_004b4390,"CALLEE IN LIBRARY: called by ui_widgets slot functions and located in the widget library 0x004b3ce0..0x004c0000 (0x004c7f00: only 4 callers, all in the library - find_callers.py)"
ui_widgets,0x004b4420,FUN_004b4420,"CALLEE IN LIBRARY: called by ui_widgets slot functions and located in the widget library 0x004b3ce0..0x004c0000 (0x004c7f00: only 4 callers, all in the library - find_callers.py)"
ui_widgets,0x004b4460,FUN_004b4460,"CALLEE IN LIBRARY: called by ui_widgets slot functions and located in the widget library 0x004b3ce0..0x004c0000 (0x004c7f00: only 4 callers, all in the library - find_callers.py)"
ui_widgets,0x004b47a0,FUN_004b47a0,"CALLEE IN LIBRARY: called by ui_widgets slot functions and located in the widget library 0x004b3ce0..0x004c0000 (0x004c7f00: only 4 callers, all in the library - find_callers.py)"
ui_widgets,0x004b4ac0,FUN_004b4ac0,"CALLEE IN LIBRARY: called by ui_widgets slot functions and located in the widget library 0x004b3ce0..0x004c0000 (0x004c7f00: only 4 callers, all in the library - find_callers.py)"
ui_widgets,0x004b4c50,FUN_004b4c50,"CALLEE IN LIBRARY: called by ui_widgets slot functions and located in the widget library 0x004b3ce0..0x004c0000 (0x004c7f00: only 4 callers, all in the library - find_callers.py)"
ui_widgets,0x004b4e60,FUN_004b4e60,"CALLEE IN LIBRARY: called by ui_widgets slot functions and located in the widget library 0x004b3ce0..0x004c0000 (0x004c7f00: only 4 callers, all in the library - find_callers.py)"
ui_widgets,0x004b4ed0,FUN_004b4ed0,"CALLEE IN LIBRARY: called by ui_widgets slot functions and located in the widget library 0x004b3ce0..0x004c0000 (0x004c7f00: only 4 callers, all in the library - find_callers.py)"
ui_widgets,0x004b50c0,FUN_004b50c0,"CALLEE IN LIBRARY: called by ui_widgets slot functions and located in the widget library 0x004b3ce0..0x004c0000 (0x004c7f00: only 4 callers, all in the library - find_callers.py)"
ui_widgets,0x004b7020,FUN_004b7020,"CALLEE IN LIBRARY: called by ui_widgets slot functions and located in the widget library 0x004b3ce0..0x004c0000 (0x004c7f00: only 4 callers, all in the library - find_callers.py)"
ui_widgets,0x004b7de0,FUN_004b7de0,"CALLEE IN LIBRARY: called by ui_widgets slot functions and located in the widget library 0x004b3ce0..0x004c0000 (0x004c7f00: only 4 callers, all in the library - find_callers.py)"
ui_widgets,0x004b7f80,FUN_004b7f80,"CALLEE IN LIBRARY: called by ui_widgets slot functions and located in the widget library 0x004b3ce0..0x004c0000 (0x004c7f00: only 4 callers, all in the library - find_callers.py)"
ui_widgets,0x004b84d0,FUN_004b84d0,"CALLEE IN LIBRARY: called by ui_widgets slot functions and located in the widget library 0x004b3ce0..0x004c0000 (0x004c7f00: only 4 callers, all in the library - find_callers.py)"
ui_widgets,0x004b8760,FUN_004b8760,"CALLEE IN LIBRARY: called by ui_widgets slot functions and located in the widget library 0x004b3ce0..0x004c0000 (0x004c7f00: only 4 callers, all in the library - find_callers.py)"
ui_widgets,0x004b87c0,FUN_004b87c0,"CALLEE IN LIBRARY: called by ui_widgets slot functions and located in the widget library 0x004b3ce0..0x004c0000 (0x004c7f00: only 4 callers, all in the library - find_callers.py)"
ui_widgets,0x004b8b60,FUN_004b8b60,"CALLEE IN LIBRARY: called by ui_widgets slot functions and located in the widget library 0x004b3ce0..0x004c0000 (0x004c7f00: only 4 callers, all in the library - find_callers.py)"
ui_widgets,0x004b8cf0,FUN_004b8cf0,"CALLEE IN LIBRARY: called by ui_widgets slot functions and located in the widget library 0x004b3ce0..0x004c0000 (0x004c7f00: only 4 callers, all in the library - find_callers.py)"
ui_widgets,0x004b9330,FUN_004b9330,"CALLEE IN LIBRARY: called by ui_widgets slot functions and located in the widget library 0x004b3ce0..0x004c0000 (0x004c7f00: only 4 callers, all in the library - find_callers.py)"
ui_widgets,0x004ba510,FUN_004ba510,"CALLEE IN LIBRARY: called by ui_widgets slot functions and located in the widget library 0x004b3ce0..0x004c0000 (0x004c7f00: only 4 callers, all in the library - find_callers.py)"
ui_widgets,0x004ba740,FUN_004ba740,"CALLEE IN LIBRARY: called by ui_widgets slot functions and located in the widget library 0x004b3ce0..0x004c0000 (0x004c7f00: only 4 callers, all in the library - find_callers.py)"
ui_widgets,0x004bab40,FUN_004bab40,"CALLEE IN LIBRARY: called by ui_widgets slot functions and located in the widget library 0x004b3ce0..0x004c0000 (0x004c7f00: only 4 callers, all in the library - find_callers.py)"
ui_widgets,0x004bb710,FUN_004bb710,"CALLEE IN LIBRARY: called by ui_widgets slot functions and located in the widget library 0x004b3ce0..0x004c0000 (0x004c7f00: only 4 callers, all in the library - find_callers.py)"
ui_widgets,0x004bc550,FUN_004bc550,"CALLEE IN LIBRARY: called by ui_widgets slot functions and located in the widget library 0x004b3ce0..0x004c0000 (0x004c7f00: only 4 callers, all in the library - find_callers.py)"
ui_widgets,0x004bc560,FUN_004bc560,"CALLEE IN LIBRARY: called by ui_widgets slot functions and located in the widget library 0x004b3ce0..0x004c0000 (0x004c7f00: only 4 callers, all in the library - find_callers.py)"
ui_widgets,0x004bc7c0,FUN_004bc7c0,"CALLEE IN LIBRARY: called by ui_widgets slot functions and located in the widget library 0x004b3ce0..0x004c0000 (0x004c7f00: only 4 callers, all in the library - find_callers.py)"
ui_widgets,0x004bc9b0,FUN_004bc9b0,"CALLEE IN LIBRARY: called by ui_widgets slot functions and located in the widget library 0x004b3ce0..0x004c0000 (0x004c7f00: only 4 callers, all in the library - find_callers.py)"
ui_widgets,0x004bcdc0,FUN_004bcdc0,"CALLEE IN LIBRARY: called by ui_widgets slot functions and located in the widget library 0x004b3ce0..0x004c0000 (0x004c7f00: only 4 callers, all in the library - find_callers.py)"
ui_widgets,0x004bcdf0,FUN_004bcdf0,"CALLEE IN LIBRARY: called by ui_widgets slot functions and located in the widget library 0x004b3ce0..0x004c0000 (0x004c7f00: only 4 callers, all in the library - find_callers.py)"
ui_widgets,0x004bde40,FUN_004bde40,"CALLEE IN LIBRARY: called by ui_widgets slot functions and located in the widget library 0x004b3ce0..0x004c0000 (0x004c7f00: only 4 callers, all in the library - find_callers.py)"
ui_widgets,0x004bdee0,FUN_004bdee0,"CALLEE IN LIBRARY: called by ui_widgets slot functions and located in the widget library 0x004b3ce0..0x004c0000 (0x004c7f00: only 4 callers, all in the library - find_callers.py)"
ui_widgets,0x004be870,FUN_004be870,"CALLEE IN LIBRARY: called by ui_widgets slot functions and located in the widget library 0x004b3ce0..0x004c0000 (0x004c7f00: only 4 callers, all in the library - find_callers.py)"
ui_widgets,0x004bfa20,FUN_004bfa20,"CALLEE IN LIBRARY: called by ui_widgets slot functions and located in the widget library 0x004b3ce0..0x004c0000 (0x004c7f00: only 4 callers, all in the library - find_callers.py)"
ui_widgets,0x004bfae0,FUN_004bfae0,"CALLEE IN LIBRARY: called by ui_widgets slot functions and located in the widget library 0x004b3ce0..0x004c0000 (0x004c7f00: only 4 callers, all in the library - find_callers.py)"
ui_widgets,0x004bfcd0,FUN_004bfcd0,"CALLEE IN LIBRARY: called by ui_widgets slot functions and located in the widget library 0x004b3ce0..0x004c0000 (0x004c7f00: only 4 callers, all in the library - find_callers.py)"
ui_widgets,0x004c7f00,FUN_004c7f00,"CALLEE IN LIBRARY: called by ui_widgets slot functions and located in the widget library 0x004b3ce0..0x004c0000 (0x004c7f00: only 4 callers, all in the library - find_callers.py)"
ui_widgets,0x004b3da0,FUN_004b3da0,"CALLEE IN LIBRARY (level 2): called by ui_widgets members, located >= 0x004b3ce0"
ui_widgets,0x004b4370,FUN_004b4370,"CALLEE IN LIBRARY (level 2): called by ui_widgets members, located >= 0x004b3ce0"
ui_widgets,0x004b43d0,FUN_004b43d0,"CALLEE IN LIBRARY (level 2): called by ui_widgets members, located >= 0x004b3ce0"
ui_widgets,0x004b4410,FUN_004b4410,"CALLEE IN LIBRARY (level 2): called by ui_widgets members, located >= 0x004b3ce0"
ui_widgets,0x004b4ee0,FUN_004b4ee0,"CALLEE IN LIBRARY (level 2): called by ui_widgets members, located >= 0x004b3ce0"
ui_widgets,0x004b52f0,FUN_004b52f0,"CALLEE IN LIBRARY (level 2): called by ui_widgets members, located >= 0x004b3ce0"
ui_widgets,0x004b8a90,FUN_004b8a90,"CALLEE IN LIBRARY (level 2): called by ui_widgets members, located >= 0x004b3ce0"
ui_widgets,0x004ba4d0,FUN_004ba4d0,"CALLEE IN LIBRARY (level 2): called by ui_widgets members, located >= 0x004b3ce0"
ui_widgets,0x004bc930,FUN_004bc930,"CALLEE IN LIBRARY (level 2): called by ui_widgets members, located >= 0x004b3ce0"
ui_widgets,0x004bcb50,FUN_004bcb50,"CALLEE IN LIBRARY (level 2): called by ui_widgets members, located >= 0x004b3ce0"
ui_widgets,0x004bcd80,FUN_004bcd80,"CALLEE IN LIBRARY (level 2): called by ui_widgets members, located >= 0x004b3ce0"
ui_widgets,0x004bfba0,FUN_004bfba0,"CALLEE IN LIBRARY (level 2): called by ui_widgets members, located >= 0x004b3ce0"
ui_widgets,0x004b3d00,ImageWidget_Ctor,"CALLEE IN LIBRARY (level 3): base constructors, >= 0x004b3ce0"
ui_widgets,0x004b4070,Widget_BaseCtor,"CALLEE IN LIBRARY (level 3): base constructors, >= 0x004b3ce0"
menus,0x00403e20,FUN_00403e20,"SEED: called directly by a ui_widgets member (gate_gap.py ui_widgets UNCOV), outside the widget library"
menus,0x00407f30,Settings_ApplyEffectsLevel,"SEED: called directly by a ui_widgets member (gate_gap.py ui_widgets UNCOV), outside the widget library"
menus,0x00407f80,FUN_00407f80,"SEED: called directly by a ui_widgets member (gate_gap.py ui_widgets UNCOV), outside the widget library"
menus,0x00407fa0,Settings_ApplyObjectLOD,"SEED: called directly by a ui_widgets member (gate_gap.py ui_widgets UNCOV), outside the widget library"
menus,0x00408030,FUN_00408030,"SEED: called directly by a ui_widgets member (gate_gap.py ui_widgets UNCOV), outside the widget library"
menus,0x00408050,Settings_ApplyMuteSound,"SEED: called directly by a ui_widgets member (gate_gap.py ui_widgets UNCOV), outside the widget library"
menus,0x00408060,FUN_00408060,"SEED: called directly by a ui_widgets member (gate_gap.py ui_widgets UNCOV), outside the widget library"
menus,0x00408070,Settings_ApplySoundVolume,"SEED: called directly by a ui_widgets member (gate_gap.py ui_widgets UNCOV), outside the widget library"
menus,0x00408090,FUN_00408090,"SEED: called directly by a ui_widgets member (gate_gap.py ui_widgets UNCOV), outside the widget library"
menus,0x004080c0,Settings_StoreSoundLOD,"SEED: called directly by a ui_widgets member (gate_gap.py ui_widgets UNCOV), outside the widget library"
menus,0x004080d0,FUN_004080d0,"SEED: called directly by a ui_widgets member (gate_gap.py ui_widgets UNCOV), outside the widget library"
menus,0x004080e0,Settings_StoreTextureMemory,"SEED: called directly by a ui_widgets member (gate_gap.py ui_widgets UNCOV), outside the widget library"
menus,0x00408100,FUN_00408100,"SEED: called directly by a ui_widgets member (gate_gap.py ui_widgets UNCOV), outside the widget library"
menus,0x00408190,FUN_00408190,"SEED: called directly by a ui_widgets member (gate_gap.py ui_widgets UNCOV), outside the widget library"
menus,0x004081a0,Settings_ApplyGfxFlags,"SEED: called directly by a ui_widgets member (gate_gap.py ui_widgets UNCOV), outside the widget library"
menus,0x004081f0,FUN_004081f0,"SEED: called directly by a ui_widgets member (gate_gap.py ui_widgets UNCOV), outside the widget library"
menus,0x00408210,Settings_StoreCDAudio,"SEED: called directly by a ui_widgets member (gate_gap.py ui_widgets UNCOV), outside the widget library"
menus,0x00408220,FUN_00408220,"SEED: called directly by a ui_widgets member (gate_gap.py ui_widgets UNCOV), outside the widget library"
menus,0x004082d0,Settings_ApplyHUDType,"SEED: called directly by a ui_widgets member (gate_gap.py ui_widgets UNCOV), outside the widget library"
menus,0x00408310,Settings_GetHWCardFlag,"SEED: called directly by a ui_widgets member (gate_gap.py ui_widgets UNCOV), outside the widget library"
menus,0x00408360,FUN_00408360,"SEED: called directly by a ui_widgets member (gate_gap.py ui_widgets UNCOV), outside the widget library"
menus,0x004083c0,FUN_004083c0,"SEED: called directly by a ui_widgets member (gate_gap.py ui_widgets UNCOV), outside the widget library"
menus,0x004086b0,FUN_004086b0,"SEED: called directly by a ui_widgets member (gate_gap.py ui_widgets UNCOV), outside the widget library"
menus,0x00408ff0,FUN_00408ff0,"SEED: called directly by a ui_widgets member (gate_gap.py ui_widgets UNCOV), outside the widget library"
menus,0x004091e0,FUN_004091e0,"SEED: called directly by a ui_widgets member (gate_gap.py ui_widgets UNCOV), outside the widget library"
menus,0x00409b00,FUN_00409b00,"SEED: called directly by a ui_widgets member (gate_gap.py ui_widgets UNCOV), outside the widget library"
menus,0x00409b60,FUN_00409b60,"SEED: called directly by a ui_widgets member (gate_gap.py ui_widgets UNCOV), outside the widget library"
menus,0x00409b90,FUN_00409b90,"SEED: called directly by a ui_widgets member (gate_gap.py ui_widgets UNCOV), outside the widget library"
menus,0x00409f00,FUN_00409f00,"SEED: called directly by a ui_widgets member (gate_gap.py ui_widgets UNCOV), outside the widget library"
menus,0x0040a170,FUN_0040a170,"SEED: called directly by a ui_widgets member (gate_gap.py ui_widgets UNCOV), outside the widget library"
menus,0x0040a940,FUN_0040a940,"SEED: called directly by a ui_widgets member (gate_gap.py ui_widgets UNCOV), outside the widget library"
menus,0x0040aa30,FUN_0040aa30,"SEED: called directly by a ui_widgets member (gate_gap.py ui_widgets UNCOV), outside the widget library"
menus,0x0040ab20,FUN_0040ab20,"SEED: called directly by a ui_widgets member (gate_gap.py ui_widgets UNCOV), outside the widget library"
menus,0x0040ac10,FUN_0040ac10,"SEED: called directly by a ui_widgets member (gate_gap.py ui_widgets UNCOV), outside the widget library"
menus,0x0040ad00,FUN_0040ad00,"SEED: called directly by a ui_widgets member (gate_gap.py ui_widgets UNCOV), outside the widget library"
menus,0x0040b3e0,FUN_0040b3e0,"SEED: called directly by a ui_widgets member (gate_gap.py ui_widgets UNCOV), outside the widget library"
menus,0x0040b5e0,FUN_0040b5e0,"SEED: called directly by a ui_widgets member (gate_gap.py ui_widgets UNCOV), outside the widget library"
menus,0x0040b630,FUN_0040b630,"SEED: called directly by a ui_widgets member (gate_gap.py ui_widgets UNCOV), outside the widget library"
menus,0x0040b680,FUN_0040b680,"SEED: called directly by a ui_widgets member (gate_gap.py ui_widgets UNCOV), outside the widget library"
menus,0x0040bda0,FUN_0040bda0,"SEED: called directly by a ui_widgets member (gate_gap.py ui_widgets UNCOV), outside the widget library"
menus,0x0040c280,FUN_0040c280,"SEED: called directly by a ui_widgets member (gate_gap.py ui_widgets UNCOV), outside the widget library"
menus,0x0040d1c0,FUN_0040d1c0,"SEED: called directly by a ui_widgets member (gate_gap.py ui_widgets UNCOV), outside the widget library"
menus,0x0040d590,FUN_0040d590,"SEED: called directly by a ui_widgets member (gate_gap.py ui_widgets UNCOV), outside the widget library"
menus,0x0040d610,FUN_0040d610,"SEED: called directly by a ui_widgets member (gate_gap.py ui_widgets UNCOV), outside the widget library"
menus,0x0040d780,FUN_0040d780,"SEED: called directly by a ui_widgets member (gate_gap.py ui_widgets UNCOV), outside the widget library"
menus,0x0040fa40,FUN_0040fa40,"SEED: called directly by a ui_widgets member (gate_gap.py ui_widgets UNCOV), outside the widget library"
menus,0x00411270,Input_Mouse_CursorRaycastDispatch,"SEED: called directly by a ui_widgets member (gate_gap.py ui_widgets UNCOV), outside the widget library"
menus,0x00413630,FUN_00413630,"SEED: called directly by a ui_widgets member (gate_gap.py ui_widgets UNCOV), outside the widget library"
menus,0x00415670,FUN_00415670,"SEED: called directly by a ui_widgets member (gate_gap.py ui_widgets UNCOV), outside the widget library"
menus,0x004159b0,FUN_004159b0,"SEED: called directly by a ui_widgets member (gate_gap.py ui_widgets UNCOV), outside the widget library"
menus,0x0041ad80,FUN_0041ad80,"SEED: called directly by a ui_widgets member (gate_gap.py ui_widgets UNCOV), outside the widget library"
menus,0x0041c6c0,FUN_0041c6c0,"SEED: called directly by a ui_widgets member (gate_gap.py ui_widgets UNCOV), outside the widget library"
menus,0x0042a550,FUN_0042a550,"SEED: called directly by a ui_widgets member (gate_gap.py ui_widgets UNCOV), outside the widget library"
menus,0x00435240,FUN_00435240,"SEED: called directly by a ui_widgets member (gate_gap.py ui_widgets UNCOV), outside the widget library"
menus,0x00435a70,FUN_00435a70,"SEED: called directly by a ui_widgets member (gate_gap.py ui_widgets UNCOV), outside the widget library"
menus,0x00435f50,FUN_00435f50,"SEED: called directly by a ui_widgets member (gate_gap.py ui_widgets UNCOV), outside the widget library"
menus,0x00443160,FUN_00443160,"SEED: called directly by a ui_widgets member (gate_gap.py ui_widgets UNCOV), outside the widget library"
menus,0x004434b0,FUN_004434b0,"SEED: called directly by a ui_widgets member (gate_gap.py ui_widgets UNCOV), outside the widget library"
menus,0x00463dd0,FUN_00463dd0,"SEED: called directly by a ui_widgets member (gate_gap.py ui_widgets UNCOV), outside the widget library"
menus,0x0046f260,FUN_0046f260,"SEED: called directly by a ui_widgets member (gate_gap.py ui_widgets UNCOV), outside the widget library"
menus,0x0046f970,Input_Keyboard_SetCharCallback,"SEED: called directly by a ui_widgets member (gate_gap.py ui_widgets UNCOV), outside the widget library"
menus,0x004716b0,FUN_004716b0,"SEED: called directly by a ui_widgets member (gate_gap.py ui_widgets UNCOV), outside the widget library"
menus,0x00471780,FUN_00471780,"SEED: called directly by a ui_widgets member (gate_gap.py ui_widgets UNCOV), outside the widget library"
menus,0x00471860,FUN_00471860,"SEED: called directly by a ui_widgets member (gate_gap.py ui_widgets UNCOV), outside the widget library"
menus,0x00471950,FUN_00471950,"SEED: called directly by a ui_widgets member (gate_gap.py ui_widgets UNCOV), outside the widget library"
menus,0x00471c50,FUN_00471c50,"SEED: called directly by a ui_widgets member (gate_gap.py ui_widgets UNCOV), outside the widget library"
menus,0x0048f500,FUN_0048f500,"SEED: called directly by a ui_widgets member (gate_gap.py ui_widgets UNCOV), outside the widget library"
menus,0x004936d0,FUN_004936d0,"SEED: called directly by a ui_widgets member (gate_gap.py ui_widgets UNCOV), outside the widget library"
menus,0x00498bd0,FUN_00498bd0,"SEED: called directly by a ui_widgets member (gate_gap.py ui_widgets UNCOV), outside the widget library"
menus,0x00498c00,FUN_00498c00,"SEED: called directly by a ui_widgets member (gate_gap.py ui_widgets UNCOV), outside the widget library"
menus,0x00498fb0,FUN_00498fb0,"SEED: called directly by a ui_widgets member (gate_gap.py ui_widgets UNCOV), outside the widget library"
ui_widgets,0x004b40c0,FUN_004b40c0,"VTABLE WRITER: contains mov dword [reg], imm32 with imm32 a UI-family vtable (byte scan of .text); library range"
ui_widgets,0x004b4620,FUN_004b4620,"VTABLE WRITER: contains mov dword [reg], imm32 with imm32 a UI-family vtable (byte scan of .text); library range"
ui_widgets,0x004b49e0,FUN_004b49e0,"VTABLE WRITER: contains mov dword [reg], imm32 with imm32 a UI-family vtable (byte scan of .text); library range"
ui_widgets,0x004b6fc0,FUN_004b6fc0,"VTABLE WRITER: contains mov dword [reg], imm32 with imm32 a UI-family vtable (byte scan of .text); library range"
ui_widgets,0x004b7d60,FUN_004b7d60,"VTABLE WRITER: contains mov dword [reg], imm32 with imm32 a UI-family vtable (byte scan of .text); library range"
ui_widgets,0x004b7fd0,FUN_004b7fd0,"VTABLE WRITER: contains mov dword [reg], imm32 with imm32 a UI-family vtable (byte scan of .text); library range"
ui_widgets,0x004b8450,FUN_004b8450,"VTABLE WRITER: contains mov dword [reg], imm32 with imm32 a UI-family vtable (byte scan of .text); library range"
ui_widgets,0x004b8b10,FUN_004b8b10,"VTABLE WRITER: contains mov dword [reg], imm32 with imm32 a UI-family vtable (byte scan of .text); library range"
ui_widgets,0x004b8d30,FUN_004b8d30,"VTABLE WRITER: contains mov dword [reg], imm32 with imm32 a UI-family vtable (byte scan of .text); library range"
ui_widgets,0x004b90e0,FUN_004b90e0,"VTABLE WRITER: contains mov dword [reg], imm32 with imm32 a UI-family vtable (byte scan of .text); library range"
ui_widgets,0x004b9540,FUN_004b9540,"VTABLE WRITER: contains mov dword [reg], imm32 with imm32 a UI-family vtable (byte scan of .text); library range"
ui_widgets,0x004b9900,FUN_004b9900,"VTABLE WRITER: contains mov dword [reg], imm32 with imm32 a UI-family vtable (byte scan of .text); library range"
ui_widgets,0x004ba850,FUN_004ba850,"VTABLE WRITER: contains mov dword [reg], imm32 with imm32 a UI-family vtable (byte scan of .text); library range"
ui_widgets,0x004bb790,FUN_004bb790,"VTABLE WRITER: contains mov dword [reg], imm32 with imm32 a UI-family vtable (byte scan of .text); library range"
ui_widgets,0x004bc410,FUN_004bc410,"VTABLE WRITER: contains mov dword [reg], imm32 with imm32 a UI-family vtable (byte scan of .text); library range"
ui_widgets,0x004bc480,FUN_004bc480,"VTABLE WRITER: contains mov dword [reg], imm32 with imm32 a UI-family vtable (byte scan of .text); library range"
ui_widgets,0x004bcbe0,FUN_004bcbe0,"VTABLE WRITER: contains mov dword [reg], imm32 with imm32 a UI-family vtable (byte scan of .text); library range"
ui_widgets,0x004bcf20,FUN_004bcf20,"VTABLE WRITER: contains mov dword [reg], imm32 with imm32 a UI-family vtable (byte scan of .text); library range"
ui_widgets,0x004bdc70,SnowFX_Construct,"VTABLE WRITER: contains mov dword [reg], imm32 with imm32 a UI-family vtable (byte scan of .text); library range"
ui_widgets,0x004be280,FUN_004be280,"VTABLE WRITER: contains mov dword [reg], imm32 with imm32 a UI-family vtable (byte scan of .text); library range"
ui_widgets,0x004be810,FUN_004be810,"VTABLE WRITER: contains mov dword [reg], imm32 with imm32 a UI-family vtable (byte scan of .text); library range"
ui_widgets,0x004bef90,FUN_004bef90,"VTABLE WRITER: contains mov dword [reg], imm32 with imm32 a UI-family vtable (byte scan of .text); library range"
ui_widgets,0x004bf060,FUN_004bf060,"VTABLE WRITER: contains mov dword [reg], imm32 with imm32 a UI-family vtable (byte scan of .text); library range"
ui_widgets,0x004bf840,FUN_004bf840,"VTABLE WRITER: contains mov dword [reg], imm32 with imm32 a UI-family vtable (byte scan of .text); library range"
ui_widgets,0x004bf980,FUN_004bf980,"VTABLE WRITER: contains mov dword [reg], imm32 with imm32 a UI-family vtable (byte scan of .text); library range"
menus,0x00403930,FUN_00403930,"VTABLE WRITER: contains mov dword [reg], imm32 with imm32 a UI-family vtable (byte scan of .text); game-side screen class ctor/dtor"
menus,0x00403c10,FUN_00403c10,"VTABLE WRITER: contains mov dword [reg], imm32 with imm32 a UI-family vtable (byte scan of .text); game-side screen class ctor/dtor"
menus,0x00406d20,FUN_00406d20,"VTABLE WRITER: contains mov dword [reg], imm32 with imm32 a UI-family vtable (byte scan of .text); game-side screen class ctor/dtor"
menus,0x00408a30,FUN_00408a30,"VTABLE WRITER: contains mov dword [reg], imm32 with imm32 a UI-family vtable (byte scan of .text); game-side screen class ctor/dtor"
menus,0x00409040,FUN_00409040,"VTABLE WRITER: contains mov dword [reg], imm32 with imm32 a UI-family vtable (byte scan of .text); game-side screen class ctor/dtor"
menus,0x0040a5b0,FUN_0040a5b0,"VTABLE WRITER: contains mov dword [reg], imm32 with imm32 a UI-family vtable (byte scan of .text); game-side screen class ctor/dtor"
menus,0x0040adf0,FUN_0040adf0,"VTABLE WRITER: contains mov dword [reg], imm32 with imm32 a UI-family vtable (byte scan of .text); game-side screen class ctor/dtor"
menus,0x0040c720,OptionsPanel_BuildWidgets,"VTABLE WRITER: contains mov dword [reg], imm32 with imm32 a UI-family vtable (byte scan of .text); game-side screen class ctor/dtor"
menus,0x0040d7e0,FUN_0040d7e0,"VTABLE WRITER: contains mov dword [reg], imm32 with imm32 a UI-family vtable (byte scan of .text); game-side screen class ctor/dtor"
menus,0x0040d9e0,FUN_0040d9e0,"VTABLE WRITER: contains mov dword [reg], imm32 with imm32 a UI-family vtable (byte scan of .text); game-side screen class ctor/dtor"
menus,0x0040da00,FUN_0040da00,"VTABLE WRITER: contains mov dword [reg], imm32 with imm32 a UI-family vtable (byte scan of .text); game-side screen class ctor/dtor"
menus,0x0040dac0,FUN_0040dac0,"VTABLE WRITER: contains mov dword [reg], imm32 with imm32 a UI-family vtable (byte scan of .text); game-side screen class ctor/dtor"
menus,0x0040db20,FUN_0040db20,"VTABLE WRITER: contains mov dword [reg], imm32 with imm32 a UI-family vtable (byte scan of .text); game-side screen class ctor/dtor"
menus,0x0040dbf0,FUN_0040dbf0,"VTABLE WRITER: contains mov dword [reg], imm32 with imm32 a UI-family vtable (byte scan of .text); game-side screen class ctor/dtor"
menus,0x0040dcd0,FUN_0040dcd0,"VTABLE WRITER: contains mov dword [reg], imm32 with imm32 a UI-family vtable (byte scan of .text); game-side screen class ctor/dtor"
menus,0x0040ed80,FUN_0040ed80,"VTABLE WRITER: contains mov dword [reg], imm32 with imm32 a UI-family vtable (byte scan of .text); game-side screen class ctor/dtor"
menus,0x0040ef60,FUN_0040ef60,"VTABLE WRITER: contains mov dword [reg], imm32 with imm32 a UI-family vtable (byte scan of .text); game-side screen class ctor/dtor"
menus,0x0040f200,FUN_0040f200,"VTABLE WRITER: contains mov dword [reg], imm32 with imm32 a UI-family vtable (byte scan of .text); game-side screen class ctor/dtor"
menus,0x0040f4c0,FUN_0040f4c0,"VTABLE WRITER: contains mov dword [reg], imm32 with imm32 a UI-family vtable (byte scan of .text); game-side screen class ctor/dtor"
menus,0x0040fac0,FUN_0040fac0,"VTABLE WRITER: contains mov dword [reg], imm32 with imm32 a UI-family vtable (byte scan of .text); game-side screen class ctor/dtor"
menus,0x0040fb70,FUN_0040fb70,"VTABLE WRITER: contains mov dword [reg], imm32 with imm32 a UI-family vtable (byte scan of .text); game-side screen class ctor/dtor"
menus,0x00414bc0,FUN_00414bc0,"VTABLE WRITER: contains mov dword [reg], imm32 with imm32 a UI-family vtable (byte scan of .text); game-side screen class ctor/dtor"
menus,0x00415680,FUN_00415680,"VTABLE WRITER: contains mov dword [reg], imm32 with imm32 a UI-family vtable (byte scan of .text); game-side screen class ctor/dtor"
menus,0x00419740,MPExitScreen_Create,"VTABLE WRITER: contains mov dword [reg], imm32 with imm32 a UI-family vtable (byte scan of .text); game-side screen class ctor/dtor"
menus,0x00419aa0,MPNewGamePanel_BuildWidgets,"VTABLE WRITER: contains mov dword [reg], imm32 with imm32 a UI-family vtable (byte scan of .text); game-side screen class ctor/dtor"
menus,0x0041a190,FUN_0041a190,"VTABLE WRITER: contains mov dword [reg], imm32 with imm32 a UI-family vtable (byte scan of .text); game-side screen class ctor/dtor"
menus,0x0041a200,FUN_0041a200,"VTABLE WRITER: contains mov dword [reg], imm32 with imm32 a UI-family vtable (byte scan of .text); game-side screen class ctor/dtor"
menus,0x0041bd80,NetExitPanel_BuildWidgets,"VTABLE WRITER: contains mov dword [reg], imm32 with imm32 a UI-family vtable (byte scan of .text); game-side screen class ctor/dtor"
menus,0x0041c290,FUN_0041c290,"VTABLE WRITER: contains mov dword [reg], imm32 with imm32 a UI-family vtable (byte scan of .text); game-side screen class ctor/dtor"
menus,0x0041eb30,FUN_0041eb30,"VTABLE WRITER: contains mov dword [reg], imm32 with imm32 a UI-family vtable (byte scan of .text); game-side screen class ctor/dtor"
menus,0x0041eb90,FUN_0041eb90,"VTABLE WRITER: contains mov dword [reg], imm32 with imm32 a UI-family vtable (byte scan of .text); game-side screen class ctor/dtor"
menus,0x00434680,FUN_00434680,"VTABLE WRITER: contains mov dword [reg], imm32 with imm32 a UI-family vtable (byte scan of .text); game-side screen class ctor/dtor"
menus,0x00434b90,FUN_00434b90,"VTABLE WRITER: contains mov dword [reg], imm32 with imm32 a UI-family vtable (byte scan of .text); game-side screen class ctor/dtor"
ui_widgets,0x004b42f0,FUN_004b42f0,"CALLEE IN LIBRARY (ctor pass): called by ui_widgets ctors/loaders, >= 0x004b3ce0"
ui_widgets,0x004b98d0,FUN_004b98d0,"CALLEE IN LIBRARY (ctor pass): called by ui_widgets ctors/loaders, >= 0x004b3ce0"
ui_widgets,0x004ba0c0,FUN_004ba0c0,"CALLEE IN LIBRARY (ctor pass): called by ui_widgets ctors/loaders, >= 0x004b3ce0"
ui_widgets,0x004ba0e0,FUN_004ba0e0,"CALLEE IN LIBRARY (ctor pass): called by ui_widgets ctors/loaders, >= 0x004b3ce0"
ui_widgets,0x004ba350,FUN_004ba350,"CALLEE IN LIBRARY (ctor pass): called by ui_widgets ctors/loaders, >= 0x004b3ce0"
ui_widgets,0x004ba380,FUN_004ba380,"CALLEE IN LIBRARY (ctor pass): called by ui_widgets ctors/loaders, >= 0x004b3ce0"
ui_widgets,0x004bbca0,FUN_004bbca0,"CALLEE IN LIBRARY (ctor pass): called by ui_widgets ctors/loaders, >= 0x004b3ce0"
ui_widgets,0x004bbff0,FUN_004bbff0,"CALLEE IN LIBRARY (ctor pass): called by ui_widgets ctors/loaders, >= 0x004b3ce0"
ui_widgets,0x004bc320,FUN_004bc320,"CALLEE IN LIBRARY (ctor pass): called by ui_widgets ctors/loaders, >= 0x004b3ce0"
ui_widgets,0x004bc510,FUN_004bc510,"CALLEE IN LIBRARY (ctor pass): called by ui_widgets ctors/loaders, >= 0x004b3ce0"
ui_widgets,0x004bc780,FUN_004bc780,"CALLEE IN LIBRARY (ctor pass): called by ui_widgets ctors/loaders, >= 0x004b3ce0"
ui_widgets,0x004bc8d0,FUN_004bc8d0,"CALLEE IN LIBRARY (ctor pass): called by ui_widgets ctors/loaders, >= 0x004b3ce0"
ui_widgets,0x004bf8b0,FUN_004bf8b0,"CALLEE IN LIBRARY (ctor pass): called by ui_widgets ctors/loaders, >= 0x004b3ce0"
ui_widgets,0x004bfa90,FUN_004bfa90,"CALLEE IN LIBRARY (ctor pass): called by ui_widgets ctors/loaders, >= 0x004b3ce0"
ui_widgets,0x004bfd40,FUN_004bfd40,"CALLEE IN LIBRARY (ctor pass): called by ui_widgets ctors/loaders, >= 0x004b3ce0"
ui_widgets,0x004bfe20,FUN_004bfe20,"CALLEE IN LIBRARY (ctor pass): called by ui_widgets ctors/loaders, >= 0x004b3ce0"
ui_widgets,0x004c6000,FUN_004c6000,"CALLEE IN LIBRARY (ctor pass): called by ui_widgets ctors/loaders, >= 0x004b3ce0"
menus,0x0040d9d0,FUN_0040d9d0,SEED: game-side callee of a ui_widgets member
ui_widgets,0x004ba070,FUN_004ba070,"CALLEE IN LIBRARY (ctor pass level 2), >= 0x004b3ce0"
ui_widgets,0x004ba9e0,FUN_004ba9e0,"CALLEE IN LIBRARY (ctor pass level 2), >= 0x004b3ce0"
ui_widgets,0x004bbe90,FUN_004bbe90,"CALLEE IN LIBRARY (ctor pass level 2), >= 0x004b3ce0"
ui_widgets,0x004bbed0,FUN_004bbed0,"CALLEE IN LIBRARY (ctor pass level 2), >= 0x004b3ce0"
ui_widgets,0x004bc3a0,FUN_004bc3a0,"CALLEE IN LIBRARY (ctor pass level 2), >= 0x004b3ce0"
ui_widgets,0x004bffb0,FUN_004bffb0,"CALLEE IN LIBRARY (ctor pass level 2), >= 0x004b3ce0"
ui_widgets,0x004c6078,FUN_004c6078,"CALLEE IN LIBRARY (ctor pass level 2), >= 0x004b3ce0"
menus,0x00463d50,FUN_00463d50,SEED: game-side callee of a ui_widgets member
menus,0x004a59e0,CDCheck_FindDiscDrive,SEED: game-side callee of a ui_widgets member
ui_widgets,0x004bcc80,FUN_004bcc80,"CALLEE IN LIBRARY (level 3), >= 0x004b3ce0"
ui_widgets,0x004c5f70,FUN_004c5f70,"CALLEE IN LIBRARY (level 3), >= 0x004b3ce0"
ui_widgets,0x004b4120,Widget_Assign,"CALLEE IN LIBRARY (level 4), >= 0x004b3ce0"
ui_widgets,0x004b4ba0,FUN_004b4ba0,"LIBRARY FUNCTION REACHED ONLY FROM GAME SCREENS (menus scope decision B), >= 0x004b3ce0"
ui_widgets,0x004b4e40,FUN_004b4e40,"LIBRARY FUNCTION REACHED ONLY FROM GAME SCREENS (menus scope decision B), >= 0x004b3ce0"
ui_widgets,0x004b8100,FUN_004b8100,"LIBRARY FUNCTION REACHED ONLY FROM GAME SCREENS (menus scope decision B), >= 0x004b3ce0"
ui_widgets,0x004b9760,FUN_004b9760,"LIBRARY FUNCTION REACHED ONLY FROM GAME SCREENS (menus scope decision B), >= 0x004b3ce0"
ui_widgets,0x004b9850,FUN_004b9850,"LIBRARY FUNCTION REACHED ONLY FROM GAME SCREENS (menus scope decision B), >= 0x004b3ce0"
ui_widgets,0x004ba470,FUN_004ba470,"LIBRARY FUNCTION REACHED ONLY FROM GAME SCREENS (menus scope decision B), >= 0x004b3ce0"
ui_widgets,0x004bc980,FUN_004bc980,"LIBRARY FUNCTION REACHED ONLY FROM GAME SCREENS (menus scope decision B), >= 0x004b3ce0"
ui_widgets,0x004bd020,FUN_004bd020,"LIBRARY FUNCTION REACHED ONLY FROM GAME SCREENS (menus scope decision B), >= 0x004b3ce0"
ui_widgets,0x004bd2d0,FUN_004bd2d0,"LIBRARY FUNCTION REACHED ONLY FROM GAME SCREENS (menus scope decision B), >= 0x004b3ce0"
ui_widgets,0x004c5ec0,FUN_004c5ec0,"LIBRARY FUNCTION REACHED ONLY FROM GAME SCREENS (menus scope decision B), >= 0x004b3ce0"
ui_widgets,0x004ba3a0,WidgetContainer_RedrawChildren,"CALLEE IN LIBRARY (re-close pass), >= 0x004b3ce0"
ui_widgets,0x004bc540,ScreenRoot_Dtor,"CALLEE IN LIBRARY (re-close pass), >= 0x004b3ce0"
ui_widgets,0x004c5f39,ArrayDtor_Eh2_Unwind,"CALLEE IN LIBRARY (re-close pass), >= 0x004b3ce0"
menus,0x0042ee40,SetField4,SEED: game-side callee of a ui_widgets member
ui_widgets,0x004bc7b0,WidgetContainer_Dtor,"CALLEE IN LIBRARY (re-close pass 2), >= 0x004b3ce0"
menus,0x00407e30,FUN_00407e30,"SCOPE DELEGATION from menus (subsystem_registry menus note, band A): callee of a menus member"
menus,0x00407e50,FUN_00407e50,"SCOPE DELEGATION from menus (subsystem_registry menus note, band A): callee of a menus member"
menus,0x00407e60,FUN_00407e60,"SCOPE DELEGATION from menus (subsystem_registry menus note, band A): callee of a menus member"
menus,0x00407e80,FUN_00407e80,"SCOPE DELEGATION from menus (subsystem_registry menus note, band A): callee of a menus member"
menus,0x00407e90,FUN_00407e90,"SCOPE DELEGATION from menus (subsystem_registry menus note, band A): callee of a menus member"
menus,0x00407eb0,FUN_00407eb0,"SCOPE DELEGATION from menus (subsystem_registry menus note, band A): callee of a menus member"
menus,0x00407ec0,FUN_00407ec0,"SCOPE DELEGATION from menus (subsystem_registry menus note, band A): callee of a menus member"
menus,0x00407ef0,FUN_00407ef0,"SCOPE DELEGATION from menus (subsystem_registry menus note, band A): callee of a menus member"
menus,0x00408260,Settings_GetNetworkFlag,"SCOPE DELEGATION from menus (subsystem_registry menus note, band A): callee of a menus member"
menus,0x00408270,FUN_00408270,"SCOPE DELEGATION from menus (subsystem_registry menus note, band A): callee of a menus member"
menus,0x00408380,FUN_00408380,"SCOPE DELEGATION from menus (subsystem_registry menus note, band A): callee of a menus member"
menus,0x00408390,Settings_StoreJoystickEnabled,"SCOPE DELEGATION from menus (subsystem_registry menus note, band A): callee of a menus member"
menus,0x004084e0,FUN_004084e0,"SCOPE DELEGATION from menus (subsystem_registry menus note, band A): callee of a menus member"
menus,0x004085a0,FUN_004085a0,"SCOPE DELEGATION from menus (subsystem_registry menus note, band A): callee of a menus member"
menus,0x00408650,FUN_00408650,"SCOPE DELEGATION from menus (subsystem_registry menus note, band A): callee of a menus member"
menus,0x004089c0,FUN_004089c0,"SCOPE DELEGATION from menus (subsystem_registry menus note, band A): callee of a menus member"
menus,0x00409910,FUN_00409910,"SCOPE DELEGATION from menus (subsystem_registry menus note, band A): callee of a menus member"
menus,0x00409ef0,FUN_00409ef0,"SCOPE DELEGATION from menus (subsystem_registry menus note, band A): callee of a menus member"
menus,0x0040a1e0,FUN_0040a1e0,"SCOPE DELEGATION from menus (subsystem_registry menus note, band A): callee of a menus member"
menus,0x0040a210,FUN_0040a210,"SCOPE DELEGATION from menus (subsystem_registry menus note, band A): callee of a menus member"
menus,0x0040a240,FUN_0040a240,"SCOPE DELEGATION from menus (subsystem_registry menus note, band A): callee of a menus member"
menus,0x0040a300,FUN_0040a300,"SCOPE DELEGATION from menus (subsystem_registry menus note, band A): callee of a menus member"
menus,0x0040b980,FUN_0040b980,"SCOPE DELEGATION from menus (subsystem_registry menus note, band A): callee of a menus member"
menus,0x0040bdc0,FUN_0040bdc0,"SCOPE DELEGATION from menus (subsystem_registry menus note, band A): callee of a menus member"
menus,0x0040be00,FUN_0040be00,"SCOPE DELEGATION from menus (subsystem_registry menus note, band A): callee of a menus member"
menus,0x0040be60,FUN_0040be60,"SCOPE DELEGATION from menus (subsystem_registry menus note, band A): callee of a menus member"
menus,0x0040bf00,FUN_0040bf00,"SCOPE DELEGATION from menus (subsystem_registry menus note, band A): callee of a menus member"
menus,0x0040bf20,FUN_0040bf20,"SCOPE DELEGATION from menus (subsystem_registry menus note, band A): callee of a menus member"
menus,0x0040bf50,FUN_0040bf50,"SCOPE DELEGATION from menus (subsystem_registry menus note, band A): callee of a menus member"
menus,0x0040bf80,FUN_0040bf80,"SCOPE DELEGATION from menus (subsystem_registry menus note, band A): callee of a menus member"
menus,0x0040c1d0,FUN_0040c1d0,"SCOPE DELEGATION from menus (subsystem_registry menus note, band A): callee of a menus member"
menus,0x0040e010,FUN_0040e010,"SCOPE DELEGATION from menus (subsystem_registry menus note, band A): callee of a menus member"
menus,0x0040e040,FUN_0040e040,"SCOPE DELEGATION from menus (subsystem_registry menus note, band A): callee of a menus member"
menus,0x0040e070,FUN_0040e070,"SCOPE DELEGATION from menus (subsystem_registry menus note, band A): callee of a menus member"
menus,0x0040ef00,FUN_0040ef00,"SCOPE DELEGATION from menus (subsystem_registry menus note, band A): callee of a menus member"
menus,0x0040f9e0,FUN_0040f9e0,"SCOPE DELEGATION from menus (subsystem_registry menus note, band A): callee of a menus member"
menus,0x0040ff50,FUN_0040ff50,"SCOPE DELEGATION from menus (subsystem_registry menus note, band A): callee of a menus member"
menus,0x004136b0,FUN_004136b0,"SCOPE DELEGATION from menus (subsystem_registry menus note, band A): callee of a menus member"
menus,0x00414b60,FUN_00414b60,"SCOPE DELEGATION from menus (subsystem_registry menus note, band A): callee of a menus member"
menus,0x00414b90,FUN_00414b90,"SCOPE DELEGATION from menus (subsystem_registry menus note, band A): callee of a menus member"
menus,0x00415630,FUN_00415630,"SCOPE DELEGATION from menus (subsystem_registry menus note, band A): callee of a menus member"
menus,0x00419500,MPExitPanel_BuildWidgets,"SCOPE DELEGATION from menus (subsystem_registry menus note, band A): callee of a menus member"
input,0x00429f80,FUN_00429f80,"SCOPE DELEGATION from menus (subsystem_registry menus note, band C): callee of a menus member"
input,0x0042a070,FUN_0042a070,"SCOPE DELEGATION from menus (subsystem_registry menus note, band C): callee of a menus member"
input,0x0042a480,FUN_0042a480,"SCOPE DELEGATION from menus (subsystem_registry menus note, band C): callee of a menus member"
input,0x0042a4a0,FUN_0042a4a0,"SCOPE DELEGATION from menus (subsystem_registry menus note, band C): callee of a menus member"
input,0x0042a4b0,FUN_0042a4b0,"SCOPE DELEGATION from menus (subsystem_registry menus note, band C): callee of a menus member"
input,0x0042a4d0,FUN_0042a4d0,"SCOPE DELEGATION from menus (subsystem_registry menus note, band C): callee of a menus member"
input,0x0042a4e0,FUN_0042a4e0,"SCOPE DELEGATION from menus (subsystem_registry menus note, band C): callee of a menus member"
input,0x0042a500,FUN_0042a500,"SCOPE DELEGATION from menus (subsystem_registry menus note, band C): callee of a menus member"
input,0x0042e170,FUN_0042e170,"SCOPE DELEGATION from menus (subsystem_registry menus note, band C): callee of a menus member"
menus,0x00434ee0,FUN_00434ee0,"SCOPE DELEGATION from menus (subsystem_registry menus note, band A): callee of a menus member"
menus,0x00434fb0,FUN_00434fb0,"SCOPE DELEGATION from menus (subsystem_registry menus note, band A): callee of a menus member"
menus,0x004353f0,FUN_004353f0,"SCOPE DELEGATION from menus (subsystem_registry menus note, band A): callee of a menus member"
menus,0x00438350,FUN_00438350,"SCOPE DELEGATION from menus (subsystem_registry menus note, band A): callee of a menus member"
menus,0x00443140,FUN_00443140,"SCOPE DELEGATION from menus (subsystem_registry menus note, band A): callee of a menus member"
menus,0x00443310,FUN_00443310,"SCOPE DELEGATION from menus (subsystem_registry menus note, band A): callee of a menus member"
menus,0x00443690,FUN_00443690,"SCOPE DELEGATION from menus (subsystem_registry menus note, band A): callee of a menus member"
menus,0x00443700,FUN_00443700,"SCOPE DELEGATION from menus (subsystem_registry menus note, band A): callee of a menus member"
avi,0x00463ef0,FUN_00463ef0,"SCOPE DELEGATION from menus (subsystem_registry menus note, band D): callee of a menus member"
avi,0x004641a0,FUN_004641a0,"SCOPE DELEGATION from menus (subsystem_registry menus note, band D): callee of a menus member"
input,0x0046f450,Input_Keyboard_InitialPollAndClear,"SCOPE DELEGATION from menus (subsystem_registry menus note, band C): callee of a menus member"
input,0x00470610,FUN_00470610,"SCOPE DELEGATION from menus (subsystem_registry menus note, band C): callee of a menus member"
input,0x004706c0,FUN_004706c0,"SCOPE DELEGATION from menus (subsystem_registry menus note, band C): callee of a menus member"
input,0x004707a0,FUN_004707a0,"SCOPE DELEGATION from menus (subsystem_registry menus note, band C): callee of a menus member"
input,0x00470820,FUN_00470820,"SCOPE DELEGATION from menus (subsystem_registry menus note, band C): callee of a menus member"
input,0x00470c60,FUN_00470c60,"SCOPE DELEGATION from menus (subsystem_registry menus note, band C): callee of a menus member"
input,0x004716d0,FUN_004716d0,"SCOPE DELEGATION from menus (subsystem_registry menus note, band C): callee of a menus member"
input,0x004716e0,FUN_004716e0,"SCOPE DELEGATION from menus (subsystem_registry menus note, band C): callee of a menus member"
input,0x004716f0,FUN_004716f0,"SCOPE DELEGATION from menus (subsystem_registry menus note, band C): callee of a menus member"
input,0x00471700,FUN_00471700,"SCOPE DELEGATION from menus (subsystem_registry menus note, band C): callee of a menus member"
input,0x00471710,FUN_00471710,"SCOPE DELEGATION from menus (subsystem_registry menus note, band C): callee of a menus member"
input,0x00471720,FUN_00471720,"SCOPE DELEGATION from menus (subsystem_registry menus note, band C): callee of a menus member"
input,0x00471750,FUN_00471750,"SCOPE DELEGATION from menus (subsystem_registry menus note, band C): callee of a menus member"
input,0x00471760,FUN_00471760,"SCOPE DELEGATION from menus (subsystem_registry menus note, band C): callee of a menus member"
input,0x00471790,FUN_00471790,"SCOPE DELEGATION from menus (subsystem_registry menus note, band C): callee of a menus member"
input,0x004717e0,FUN_004717e0,"SCOPE DELEGATION from menus (subsystem_registry menus note, band C): callee of a menus member"
input,0x00471800,FUN_00471800,"SCOPE DELEGATION from menus (subsystem_registry menus note, band C): callee of a menus member"
input,0x00471820,FUN_00471820,"SCOPE DELEGATION from menus (subsystem_registry menus note, band C): callee of a menus member"
input,0x00471840,FUN_00471840,"SCOPE DELEGATION from menus (subsystem_registry menus note, band C): callee of a menus member"
input,0x00472410,FUN_00472410,"SCOPE DELEGATION from menus (subsystem_registry menus note, band C): callee of a menus member"
savegame,0x004c0030,FUN_004c0030,"SCOPE DELEGATION from menus (subsystem_registry menus note, band E): callee of a menus member"
savegame,0x004c0050,FUN_004c0050,"SCOPE DELEGATION from menus (subsystem_registry menus note, band E): callee of a menus member"
menus,0x00408430,FUN_00408430,SCOPE band A (level 2): menus-internal callee of a menus member
menus,0x0040eab0,FUN_0040eab0,SCOPE band A (level 2): menus-internal callee of a menus member
menus,0x0040ff80,FUN_0040ff80,SCOPE band A (level 2): menus-internal callee of a menus member
menus,0x00413660,FUN_00413660,SCOPE band A (level 2): menus-internal callee of a menus member
menus,0x004138d0,FUN_004138d0,SCOPE band A (level 2): menus-internal callee of a menus member
menus,0x00413910,FUN_00413910,SCOPE band A (level 2): menus-internal callee of a menus member
menus,0x004143a0,FUN_004143a0,SCOPE band A (level 2): menus-internal callee of a menus member
menus,0x004355e0,FUN_004355e0,SCOPE band A (level 2): menus-internal callee of a menus member
menus,0x0042a9d0,FUN_0042a9d0,SCOPE band A (level 2): menus-internal callee of a menus member
input,0x0042a4f0,FUN_0042a4f0,SCOPE band C (level 2): binding-table source callee of a menus member
ui_widgets,0x004bd410,FUN_004bd410,"LIBRARY FUNCTION REACHED ONLY FROM GAME SCREENS (menus scope decision B, level 2), >= 0x004b3ce0"
ui_widgets,0x004bf560,FUN_004bf560,"LIBRARY FUNCTION REACHED ONLY FROM GAME SCREENS (menus scope decision B, level 2), >= 0x004b3ce0"
ui_widgets,0x004bf630,FUN_004bf630,"LIBRARY FUNCTION REACHED ONLY FROM GAME SCREENS (menus scope decision B, level 2), >= 0x004b3ce0"
ui_widgets,0x004bc760,Widget_SetGlobalDirtyMode,"CALLEE IN LIBRARY (level 3 of scope B), >= 0x004b3ce0"
menus,0x0040e140,FUN_0040e140,SCOPE band A (level 3): HUD / save-list helper called by a menus member
menus,0x0040e910,FUN_0040e910,SCOPE band A (level 3): HUD / save-list helper called by a menus member
menus,0x0040ea60,FUN_0040ea60,SCOPE band A (level 3): HUD / save-list helper called by a menus member
menus,0x00410d10,FUN_00410d10,SCOPE band A (level 3): HUD / save-list helper called by a menus member
menus,0x00410e90,FUN_00410e90,SCOPE band A (level 3): HUD / save-list helper called by a menus member
menus,0x00410ed0,FUN_00410ed0,SCOPE band A (level 3): HUD / save-list helper called by a menus member
menus,0x00411eb0,FUN_00411eb0,SCOPE band A (level 3): HUD / save-list helper called by a menus member
menus,0x00434660,FUN_00434660,SCOPE band A (level 3): HUD / save-list helper called by a menus member
menus,0x00435fd0,FUN_00435fd0,SCOPE band A (level 3): HUD / save-list helper called by a menus member
menus,0x004362f0,FUN_004362f0,SCOPE band A (level 3): HUD / save-list helper called by a menus member
menus,0x00436530,FUN_00436530,SCOPE band A (level 3): HUD / save-list helper called by a menus member
menus,0x00436580,FUN_00436580,SCOPE band A (level 3): HUD / save-list helper called by a menus member
ui_widgets,0x004bd160,FUN_004bd160,"LIBRARY FUNCTION REACHED ONLY FROM GAME CODE (scope B, level 3), >= 0x004b3ce0"
ui_widgets,0x004bd2a0,FUN_004bd2a0,"LIBRARY FUNCTION REACHED ONLY FROM GAME CODE (scope B, level 3), >= 0x004b3ce0"
ui_widgets,0x004bd3d0,FUN_004bd3d0,"LIBRARY FUNCTION REACHED ONLY FROM GAME CODE (scope B, level 3), >= 0x004b3ce0"
ui_widgets,0x004bd440,FUN_004bd440,"LIBRARY FUNCTION REACHED ONLY FROM GAME CODE (scope B, level 3), >= 0x004b3ce0"
ui_widgets,0x004b4280,Widget_SetLifetime,"CALLEE IN LIBRARY (level 4 of scope B), >= 0x004b3ce0"
ui_widgets,0x004bb440,ListLabel_GetText,"CALLEE IN LIBRARY (level 4 of scope B), >= 0x004b3ce0"
input,0x0042a000,,callee of confirmed input member (gate_gap 2026-09-18)
input,0x0042a2c0,,callee of confirmed input member (gate_gap 2026-09-18)
input,0x0046f9f0,,callee of confirmed input member (gate_gap 2026-09-18)
input,0x004704f0,,callee of confirmed input member (gate_gap 2026-09-18)
input,0x00470a40,,callee of confirmed input member (gate_gap 2026-09-18)
input,0x00470a60,,callee of confirmed input member (gate_gap 2026-09-18)
input,0x00470a80,,callee of confirmed input member (gate_gap 2026-09-18)
input,0x00470aa0,,callee of confirmed input member (gate_gap 2026-09-18)
input,0x00470ac0,,callee of confirmed input member (gate_gap 2026-09-18)
input,0x00470ad0,,callee of confirmed input member (gate_gap 2026-09-18)
input,0x00470b20,,callee of confirmed input member (gate_gap 2026-09-18)
input,0x00470b80,,callee of confirmed input member (gate_gap 2026-09-18)
input,0x00470cd0,,callee of confirmed input member (gate_gap 2026-09-18)
input,0x00470df0,,callee of confirmed input member (gate_gap 2026-09-18)
input,0x00470f50,,callee of confirmed input member (gate_gap 2026-09-18)
input,0x00470f80,,callee of confirmed input member (gate_gap 2026-09-18)
input,0x00471040,,callee of confirmed input member (gate_gap 2026-09-18)
input,0x00471070,,callee of confirmed input member (gate_gap 2026-09-18)
input,0x00471d50,,callee of confirmed input member (gate_gap 2026-09-18)
input,0x00471d80,,callee of confirmed input member (gate_gap 2026-09-18)
input,0x00471dd0,,callee of confirmed input member (gate_gap 2026-09-18)
input,0x00471fd0,,callee of confirmed input member (gate_gap 2026-09-18)
input,0x004722b0,,callee of confirmed input member (gate_gap 2026-09-18)
input,0x00472490,,callee of confirmed input member (gate_gap 2026-09-18)
input,0x00470bf0,,callee of InputMap_SetCommand
input,0x0046f9b0,,callee of confirmed input member
input,0x004721a0,,callee of confirmed input member
input,0x004721e0,,callee of confirmed input member
input,0x00472230,,callee of confirmed input member
avi,0x004643a0,,reads AVI video stream (fmv_str.cpp line 0x105)
avi,0x00464540,,reads AVI sound stream (fmv_str.cpp line 0x13d)
savegame,0x004c0370,,callee of savegame seed 0x004c0030
savegame,0x004c0400,,callee of savegame seed 0x004c0050
savegame,0x004c07d0,,callee of confirmed savegame member
savegame,0x004c06a0,,callee of confirmed savegame member
savegame,0x004c06c0,,callee of confirmed savegame member
savegame,0x004c0260,,callee of confirmed savegame member
savegame,0x004c0ce0,,callee of confirmed savegame member
savegame,0x004a6270,,callee of confirmed savegame member
savegame,0x004a6670,,callee of confirmed savegame member
savegame,0x004a65d0,,callee of confirmed savegame member
savegame,0x00403db0,,callee of SaveHandlerList_Sort
savegame,0x004c0b60,,callee of SaveHandlerList_Sort
savegame,0x004c0ba0,,callee of SaveHandlerList_Sort
savegame,0x004c0bd0,,callee of SaveHandlerList_Sort
menus,0x0045e0f0,,band F: tail-jumped from Settings_ApplyEffectsLevel
menus,0x00499020,,band F: only caller Draw_CircleMidpoint
menus,0x004a5bf0,,band F: message text lookup used by menu/HUD code (48 callers)
menus,0x0048ea00,,band F: blit dispatcher called by menu screens
menus,0x00404070,,callee of confirmed menus member (gate_gap)
menus,0x00413730,,callee of confirmed menus member (gate_gap)
menus,0x00414710,,callee of confirmed menus member (gate_gap)
menus,0x00414930,,callee of confirmed menus member (gate_gap)
menus,0x00414980,,callee of confirmed menus member (gate_gap)
menus,0x00489f70,,callee of confirmed menus member (gate_gap)
menus,0x0048e380,,callee of confirmed menus member (gate_gap)
menus,0x0048e670,,callee of confirmed menus member (gate_gap)
menus,0x0048e870,,callee of confirmed menus member (gate_gap)
menus,0x004a5b60,,callee of confirmed menus member (gate_gap)
menus,0x0040d220,,comparator of scoreboard sort
menus,0x00462360,,callee of confirmed menus member
menus,0x004624f0,,callee of confirmed menus member
menus,0x004bc570,,callee of confirmed menus member
menus,0x00462570,,callee of MciDevice_StopAndClose
input,0x004703a0,,mouse state block getter (callee of WidgetRoot_DispatchMouseAndTick)
vehicle,0x00405c90,,seed: camera view state setter
vehicle,0x00405650,,callee of Vehicle_SetCameraViewState
math3d,0x004727f0,,math helper (callee of Vehicle_ResetChaseCamera; 10 callers)
zclass_nodes,0x00452920,,span 0x00452920-0x004558f0 (zClass Switch/Sound/Light/Anim/Seq/cls source-path strings)
zclass_nodes,0x00452970,,span 0x00452920-0x004558f0 (zClass Switch/Sound/Light/Anim/Seq/cls source-path strings)
zclass_nodes,0x004529c0,,span 0x00452920-0x004558f0 (zClass Switch/Sound/Light/Anim/Seq/cls source-path strings)
zclass_nodes,0x00452ab0,,span 0x00452920-0x004558f0 (zClass Switch/Sound/Light/Anim/Seq/cls source-path strings)
zclass_nodes,0x00452b80,,span 0x00452920-0x004558f0 (zClass Switch/Sound/Light/Anim/Seq/cls source-path strings)
zclass_nodes,0x00452bc0,,span 0x00452920-0x004558f0 (zClass Switch/Sound/Light/Anim/Seq/cls source-path strings)
zclass_nodes,0x00452c60,,span 0x00452920-0x004558f0 (zClass Switch/Sound/Light/Anim/Seq/cls source-path strings)
zclass_nodes,0x00452d00,,span 0x00452920-0x004558f0 (zClass Switch/Sound/Light/Anim/Seq/cls source-path strings)
zclass_nodes,0x00452d60,,span 0x00452920-0x004558f0 (zClass Switch/Sound/Light/Anim/Seq/cls source-path strings)
zclass_nodes,0x00452dc0,,span 0x00452920-0x004558f0 (zClass Switch/Sound/Light/Anim/Seq/cls source-path strings)
zclass_nodes,0x00452ec0,,span 0x00452920-0x004558f0 (zClass Switch/Sound/Light/Anim/Seq/cls source-path strings)
zclass_nodes,0x00452fd0,,span 0x00452920-0x004558f0 (zClass Switch/Sound/Light/Anim/Seq/cls source-path strings)
zclass_nodes,0x00453110,,span 0x00452920-0x004558f0 (zClass Switch/Sound/Light/Anim/Seq/cls source-path strings)
zclass_nodes,0x004531c0,,span 0x00452920-0x004558f0 (zClass Switch/Sound/Light/Anim/Seq/cls source-path strings)
zclass_nodes,0x00453200,,span 0x00452920-0x004558f0 (zClass Switch/Sound/Light/Anim/Seq/cls source-path strings)
zclass_nodes,0x00453250,,span 0x00452920-0x004558f0 (zClass Switch/Sound/Light/Anim/Seq/cls source-path strings)
zclass_nodes,0x004532a0,,span 0x00452920-0x004558f0 (zClass Switch/Sound/Light/Anim/Seq/cls source-path strings)
zclass_nodes,0x004532f0,,span 0x00452920-0x004558f0 (zClass Switch/Sound/Light/Anim/Seq/cls source-path strings)
zclass_nodes,0x00453350,,span 0x00452920-0x004558f0 (zClass Switch/Sound/Light/Anim/Seq/cls source-path strings)
zclass_nodes,0x004533b0,,span 0x00452920-0x004558f0 (zClass Switch/Sound/Light/Anim/Seq/cls source-path strings)
zclass_nodes,0x00453400,,span 0x00452920-0x004558f0 (zClass Switch/Sound/Light/Anim/Seq/cls source-path strings)
zclass_nodes,0x00453500,,span 0x00452920-0x004558f0 (zClass Switch/Sound/Light/Anim/Seq/cls source-path strings)
zclass_nodes,0x00453560,,span 0x00452920-0x004558f0 (zClass Switch/Sound/Light/Anim/Seq/cls source-path strings)
zclass_nodes,0x004535c0,,span 0x00452920-0x004558f0 (zClass Switch/Sound/Light/Anim/Seq/cls source-path strings)
zclass_nodes,0x00453620,,span 0x00452920-0x004558f0 (zClass Switch/Sound/Light/Anim/Seq/cls source-path strings)
zclass_nodes,0x00453880,,span 0x00452920-0x004558f0 (zClass Switch/Sound/Light/Anim/Seq/cls source-path strings)
zclass_nodes,0x00453a40,,span 0x00452920-0x004558f0 (zClass Switch/Sound/Light/Anim/Seq/cls source-path strings)
zclass_nodes,0x00453aa0,,span 0x00452920-0x004558f0 (zClass Switch/Sound/Light/Anim/Seq/cls source-path strings)
zclass_nodes,0x00453b10,,span 0x00452920-0x004558f0 (zClass Switch/Sound/Light/Anim/Seq/cls source-path strings)
zclass_nodes,0x00453b40,,span 0x00452920-0x004558f0 (zClass Switch/Sound/Light/Anim/Seq/cls source-path strings)
zclass_nodes,0x00453b80,,span 0x00452920-0x004558f0 (zClass Switch/Sound/Light/Anim/Seq/cls source-path strings)
zclass_nodes,0x00453bd0,,span 0x00452920-0x004558f0 (zClass Switch/Sound/Light/Anim/Seq/cls source-path strings)
zclass_nodes,0x00453c90,,span 0x00452920-0x004558f0 (zClass Switch/Sound/Light/Anim/Seq/cls source-path strings)
zclass_nodes,0x00453d20,,span 0x00452920-0x004558f0 (zClass Switch/Sound/Light/Anim/Seq/cls source-path strings)
zclass_nodes,0x00453ee0,,span 0x00452920-0x004558f0 (zClass Switch/Sound/Light/Anim/Seq/cls source-path strings)
zclass_nodes,0x00453f40,,span 0x00452920-0x004558f0 (zClass Switch/Sound/Light/Anim/Seq/cls source-path strings)
zclass_nodes,0x00454000,,span 0x00452920-0x004558f0 (zClass Switch/Sound/Light/Anim/Seq/cls source-path strings)
zclass_nodes,0x004540c0,,span 0x00452920-0x004558f0 (zClass Switch/Sound/Light/Anim/Seq/cls source-path strings)
zclass_nodes,0x00454100,,span 0x00452920-0x004558f0 (zClass Switch/Sound/Light/Anim/Seq/cls source-path strings)
zclass_nodes,0x00454140,,span 0x00452920-0x004558f0 (zClass Switch/Sound/Light/Anim/Seq/cls source-path strings)
zclass_nodes,0x00454180,,span 0x00452920-0x004558f0 (zClass Switch/Sound/Light/Anim/Seq/cls source-path strings)
zclass_nodes,0x004541c0,,span 0x00452920-0x004558f0 (zClass Switch/Sound/Light/Anim/Seq/cls source-path strings)
zclass_nodes,0x004542a0,,span 0x00452920-0x004558f0 (zClass Switch/Sound/Light/Anim/Seq/cls source-path strings)
zclass_nodes,0x00454320,,span 0x00452920-0x004558f0 (zClass Switch/Sound/Light/Anim/Seq/cls source-path strings)
zclass_nodes,0x00454330,,span 0x00452920-0x004558f0 (zClass Switch/Sound/Light/Anim/Seq/cls source-path strings)
zclass_nodes,0x00454340,,span 0x00452920-0x004558f0 (zClass Switch/Sound/Light/Anim/Seq/cls source-path strings)
zclass_nodes,0x00454360,,span 0x00452920-0x004558f0 (zClass Switch/Sound/Light/Anim/Seq/cls source-path strings)
zclass_nodes,0x00454370,,span 0x00452920-0x004558f0 (zClass Switch/Sound/Light/Anim/Seq/cls source-path strings)
zclass_nodes,0x004543a0,,span 0x00452920-0x004558f0 (zClass Switch/Sound/Light/Anim/Seq/cls source-path strings)
zclass_nodes,0x004543d0,,span 0x00452920-0x004558f0 (zClass Switch/Sound/Light/Anim/Seq/cls source-path strings)
zclass_nodes,0x004543f0,,span 0x00452920-0x004558f0 (zClass Switch/Sound/Light/Anim/Seq/cls source-path strings)
zclass_nodes,0x004544b0,,span 0x00452920-0x004558f0 (zClass Switch/Sound/Light/Anim/Seq/cls source-path strings)
zclass_nodes,0x00454890,,span 0x00452920-0x004558f0 (zClass Switch/Sound/Light/Anim/Seq/cls source-path strings)
zclass_nodes,0x00454a50,,span 0x00452920-0x004558f0 (zClass Switch/Sound/Light/Anim/Seq/cls source-path strings)
zclass_nodes,0x00454bf0,,span 0x00452920-0x004558f0 (zClass Switch/Sound/Light/Anim/Seq/cls source-path strings)
zclass_nodes,0x00454c60,,span 0x00452920-0x004558f0 (zClass Switch/Sound/Light/Anim/Seq/cls source-path strings)
zclass_nodes,0x00455350,,span 0x00452920-0x004558f0 (zClass Switch/Sound/Light/Anim/Seq/cls source-path strings)
zclass_nodes,0x00455520,,span 0x00452920-0x004558f0 (zClass Switch/Sound/Light/Anim/Seq/cls source-path strings)
zclass_nodes,0x004556a0,,span 0x00452920-0x004558f0 (zClass Switch/Sound/Light/Anim/Seq/cls source-path strings)
zclass_nodes,0x00455730,,span 0x00452920-0x004558f0 (zClass Switch/Sound/Light/Anim/Seq/cls source-path strings)
zclass_nodes,0x004557a0,,span 0x00452920-0x004558f0 (zClass Switch/Sound/Light/Anim/Seq/cls source-path strings)
asset_io,0x0046d360,,zModel gmod / zImage section IO span (source-path strings)
asset_io,0x0046d420,,zModel gmod / zImage section IO span (source-path strings)
asset_io,0x0046d4c0,,zModel gmod / zImage section IO span (source-path strings)
asset_io,0x004803b0,,zModel gmod / zImage section IO span (source-path strings)
asset_io,0x004804c0,,zModel gmod / zImage section IO span (source-path strings)
asset_io,0x004804e0,,zModel gmod / zImage section IO span (source-path strings)
asset_io,0x004805b0,,zModel gmod / zImage section IO span (source-path strings)
asset_io,0x004805e0,,zModel gmod / zImage section IO span (source-path strings)
asset_io,0x00480600,,zModel gmod / zImage section IO span (source-path strings)
asset_io,0x004808c0,,zModel gmod / zImage section IO span (source-path strings)
asset_io,0x00480ae0,,zModel gmod / zImage section IO span (source-path strings)
asset_io,0x00480bf0,,zModel gmod / zImage section IO span (source-path strings)
asset_io,0x00480c40,,zModel gmod / zImage section IO span (source-path strings)
asset_io,0x00480c80,,zModel gmod / zImage section IO span (source-path strings)
asset_io,0x00480ca0,,zModel gmod / zImage section IO span (source-path strings)
asset_io,0x00480d20,,zModel gmod / zImage section IO span (source-path strings)
asset_io,0x00480d80,,zModel gmod / zImage section IO span (source-path strings)
asset_io,0x00480dc0,,zModel gmod / zImage section IO span (source-path strings)
asset_io,0x00480ec0,,zModel gmod / zImage section IO span (source-path strings)
asset_io,0x00480f10,,zModel gmod / zImage section IO span (source-path strings)
asset_io,0x00480f60,,zModel gmod / zImage section IO span (source-path strings)
asset_io,0x00480f80,,zModel gmod / zImage section IO span (source-path strings)
asset_io,0x00480fd0,,zModel gmod / zImage section IO span (source-path strings)
asset_io,0x00481040,,zModel gmod / zImage section IO span (source-path strings)
asset_io,0x00481050,,zModel gmod / zImage section IO span (source-path strings)
asset_io,0x00481100,,zModel gmod / zImage section IO span (source-path strings)
asset_io,0x00481220,,zModel gmod / zImage section IO span (source-path strings)
asset_io,0x00481260,,zModel gmod / zImage section IO span (source-path strings)
asset_io,0x004812c0,,zModel gmod / zImage section IO span (source-path strings)
asset_io,0x00481420,,zModel gmod / zImage section IO span (source-path strings)
asset_io,0x00481460,,zModel gmod / zImage section IO span (source-path strings)
asset_io,0x00481530,,zModel gmod / zImage section IO span (source-path strings)
asset_io,0x00481540,,zModel gmod / zImage section IO span (source-path strings)
asset_io,0x00481550,,zModel gmod / zImage section IO span (source-path strings)
asset_io,0x00481560,,zModel gmod / zImage section IO span (source-path strings)
asset_io,0x00481570,,zModel gmod / zImage section IO span (source-path strings)
asset_io,0x004815a0,,zModel gmod / zImage section IO span (source-path strings)
asset_io,0x004815c0,,zModel gmod / zImage section IO span (source-path strings)
asset_io,0x00481aa0,,zModel gmod / zImage section IO span (source-path strings)
asset_io,0x00481bc0,,zModel gmod / zImage section IO span (source-path strings)
asset_io,0x00481c50,,zModel gmod / zImage section IO span (source-path strings)
asset_io,0x00481fa0,,zModel gmod / zImage section IO span (source-path strings)
asset_io,0x00482080,,zModel gmod / zImage section IO span (source-path strings)
asset_io,0x004820f0,,zModel gmod / zImage section IO span (source-path strings)
asset_io,0x00482160,,zModel gmod / zImage section IO span (source-path strings)
asset_io,0x00482270,,zModel gmod / zImage section IO span (source-path strings)
asset_io,0x004826a0,,zModel gmod / zImage section IO span (source-path strings)
asset_io,0x004826b0,,zModel gmod / zImage section IO span (source-path strings)
asset_io,0x004826d0,,zModel gmod / zImage section IO span (source-path strings)
asset_io,0x004826f0,,zModel gmod / zImage section IO span (source-path strings)
asset_io,0x00482700,,zModel gmod / zImage section IO span (source-path strings)
asset_io,0x00482710,,zModel gmod / zImage section IO span (source-path strings)
asset_io,0x00482720,,zModel gmod / zImage section IO span (source-path strings)
asset_io,0x00482860,,zModel gmod / zImage section IO span (source-path strings)
asset_io,0x00482a10,,zModel gmod / zImage section IO span (source-path strings)
asset_io,0x00482b40,,zModel gmod / zImage section IO span (source-path strings)
asset_io,0x00482c60,,zModel gmod / zImage section IO span (source-path strings)
asset_io,0x00482db0,,zModel gmod / zImage section IO span (source-path strings)
asset_io,0x00482e30,,zModel gmod / zImage section IO span (source-path strings)
asset_io,0x00482fe0,,zModel gmod / zImage section IO span (source-path strings)
asset_io,0x00483240,,zModel gmod / zImage section IO span (source-path strings)
asset_io,0x00483510,,zModel gmod / zImage section IO span (source-path strings)
asset_io,0x00483610,,zModel gmod / zImage section IO span (source-path strings)
asset_io,0x00483650,,zModel gmod / zImage section IO span (source-path strings)
asset_io,0x00483a60,,zModel gmod / zImage section IO span (source-path strings)
asset_io,0x00483ad0,,zModel gmod / zImage section IO span (source-path strings)
asset_io,0x00483b80,,zModel gmod / zImage section IO span (source-path strings)
asset_io,0x00483e60,,zModel gmod / zImage section IO span (source-path strings)
asset_io,0x00483f80,,zModel gmod / zImage section IO span (source-path strings)
asset_io,0x00484140,,zModel gmod / zImage section IO span (source-path strings)
asset_io,0x00484170,,zModel gmod / zImage section IO span (source-path strings)
asset_io,0x004841b0,,zModel gmod / zImage section IO span (source-path strings)
asset_io,0x004841f0,,zModel gmod / zImage section IO span (source-path strings)
asset_io,0x00484230,,zModel gmod / zImage section IO span (source-path strings)
asset_io,0x00484250,,zModel gmod / zImage section IO span (source-path strings)
asset_io,0x004842b0,,zModel gmod / zImage section IO span (source-path strings)
asset_io,0x004842f0,,zModel gmod / zImage section IO span (source-path strings)
asset_io,0x00484310,,zModel gmod / zImage section IO span (source-path strings)
asset_io,0x00484330,,zModel gmod / zImage section IO span (source-path strings)
asset_io,0x00484350,,zModel gmod / zImage section IO span (source-path strings)
asset_io,0x004843b0,,zModel gmod / zImage section IO span (source-path strings)
asset_io,0x00484860,,zModel gmod / zImage section IO span (source-path strings)
zclass_nodes,0x0044ff90,,zClass Display module callee of GameZ_ReadNodeData
asset_io,0x0046d310,,texture index map (callee of texture/material section IO)
asset_io,0x0046d340,,texture index map (callee of texture/material section IO)
geometry,0x00464670,,zGeometry span 0x00464670-0x0046d360 (Weiler clip source-path strings)
geometry,0x00464680,,zGeometry span 0x00464670-0x0046d360 (Weiler clip source-path strings)
geometry,0x00464790,,zGeometry span 0x00464670-0x0046d360 (Weiler clip source-path strings)
geometry,0x004647d0,,zGeometry span 0x00464670-0x0046d360 (Weiler clip source-path strings)
geometry,0x00464810,,zGeometry span 0x00464670-0x0046d360 (Weiler clip source-path strings)
geometry,0x00464b30,,zGeometry span 0x00464670-0x0046d360 (Weiler clip source-path strings)
geometry,0x00464b90,,zGeometry span 0x00464670-0x0046d360 (Weiler clip source-path strings)
geometry,0x00464c90,,zGeometry span 0x00464670-0x0046d360 (Weiler clip source-path strings)
geometry,0x00464ea0,,zGeometry span 0x00464670-0x0046d360 (Weiler clip source-path strings)
geometry,0x00464f70,,zGeometry span 0x00464670-0x0046d360 (Weiler clip source-path strings)
geometry,0x00465ac0,,zGeometry span 0x00464670-0x0046d360 (Weiler clip source-path strings)
geometry,0x00467600,,zGeometry span 0x00464670-0x0046d360 (Weiler clip source-path strings)
geometry,0x00467630,,zGeometry span 0x00464670-0x0046d360 (Weiler clip source-path strings)
geometry,0x00467660,,zGeometry span 0x00464670-0x0046d360 (Weiler clip source-path strings)
geometry,0x004676c0,,zGeometry span 0x00464670-0x0046d360 (Weiler clip source-path strings)
geometry,0x00467710,,zGeometry span 0x00464670-0x0046d360 (Weiler clip source-path strings)
geometry,0x004680b0,,zGeometry span 0x00464670-0x0046d360 (Weiler clip source-path strings)
geometry,0x004681a0,,zGeometry span 0x00464670-0x0046d360 (Weiler clip source-path strings)
geometry,0x004682c0,,zGeometry span 0x00464670-0x0046d360 (Weiler clip source-path strings)
geometry,0x004683a0,,zGeometry span 0x00464670-0x0046d360 (Weiler clip source-path strings)
geometry,0x00468410,,zGeometry span 0x00464670-0x0046d360 (Weiler clip source-path strings)
geometry,0x00468470,,zGeometry span 0x00464670-0x0046d360 (Weiler clip source-path strings)
geometry,0x00468580,,zGeometry span 0x00464670-0x0046d360 (Weiler clip source-path strings)
geometry,0x00468650,,zGeometry span 0x00464670-0x0046d360 (Weiler clip source-path strings)
geometry,0x00468700,,zGeometry span 0x00464670-0x0046d360 (Weiler clip source-path strings)
geometry,0x004687b0,,zGeometry span 0x00464670-0x0046d360 (Weiler clip source-path strings)
geometry,0x00468a10,,zGeometry span 0x00464670-0x0046d360 (Weiler clip source-path strings)
geometry,0x00468c40,,zGeometry span 0x00464670-0x0046d360 (Weiler clip source-path strings)
geometry,0x00468fa0,,zGeometry span 0x00464670-0x0046d360 (Weiler clip source-path strings)
geometry,0x004693a0,,zGeometry span 0x00464670-0x0046d360 (Weiler clip source-path strings)
geometry,0x004693c0,,zGeometry span 0x00464670-0x0046d360 (Weiler clip source-path strings)
geometry,0x00469430,,zGeometry span 0x00464670-0x0046d360 (Weiler clip source-path strings)
geometry,0x00469450,,zGeometry span 0x00464670-0x0046d360 (Weiler clip source-path strings)
geometry,0x00469560,,zGeometry span 0x00464670-0x0046d360 (Weiler clip source-path strings)
geometry,0x00469960,,zGeometry span 0x00464670-0x0046d360 (Weiler clip source-path strings)
geometry,0x00469a30,,zGeometry span 0x00464670-0x0046d360 (Weiler clip source-path strings)
geometry,0x00469ae0,,zGeometry span 0x00464670-0x0046d360 (Weiler clip source-path strings)
geometry,0x00469af0,,zGeometry span 0x00464670-0x0046d360 (Weiler clip source-path strings)
geometry,0x00469b60,,zGeometry span 0x00464670-0x0046d360 (Weiler clip source-path strings)
geometry,0x00469ca0,,zGeometry span 0x00464670-0x0046d360 (Weiler clip source-path strings)
geometry,0x00469d60,,zGeometry span 0x00464670-0x0046d360 (Weiler clip source-path strings)
geometry,0x00469e50,,zGeometry span 0x00464670-0x0046d360 (Weiler clip source-path strings)
geometry,0x00469e90,,zGeometry span 0x00464670-0x0046d360 (Weiler clip source-path strings)
geometry,0x0046a080,,zGeometry span 0x00464670-0x0046d360 (Weiler clip source-path strings)
geometry,0x0046a130,,zGeometry span 0x00464670-0x0046d360 (Weiler clip source-path strings)
geometry,0x0046a1f0,,zGeometry span 0x00464670-0x0046d360 (Weiler clip source-path strings)
geometry,0x0046a5e0,,zGeometry span 0x00464670-0x0046d360 (Weiler clip source-path strings)
geometry,0x0046a600,,zGeometry span 0x00464670-0x0046d360 (Weiler clip source-path strings)
geometry,0x0046a620,,zGeometry span 0x00464670-0x0046d360 (Weiler clip source-path strings)
geometry,0x0046a690,,zGeometry span 0x00464670-0x0046d360 (Weiler clip source-path strings)
geometry,0x0046a770,,zGeometry span 0x00464670-0x0046d360 (Weiler clip source-path strings)
geometry,0x0046a7f0,,zGeometry span 0x00464670-0x0046d360 (Weiler clip source-path strings)
geometry,0x0046a8e0,,zGeometry span 0x00464670-0x0046d360 (Weiler clip source-path strings)
geometry,0x0046a9c0,,zGeometry span 0x00464670-0x0046d360 (Weiler clip source-path strings)
geometry,0x0046aa40,,zGeometry span 0x00464670-0x0046d360 (Weiler clip source-path strings)
geometry,0x0046aab0,,zGeometry span 0x00464670-0x0046d360 (Weiler clip source-path strings)
geometry,0x0046ab10,,zGeometry span 0x00464670-0x0046d360 (Weiler clip source-path strings)
geometry,0x0046ab40,,zGeometry span 0x00464670-0x0046d360 (Weiler clip source-path strings)
geometry,0x0046ab90,,zGeometry span 0x00464670-0x0046d360 (Weiler clip source-path strings)
geometry,0x0046ac80,,zGeometry span 0x00464670-0x0046d360 (Weiler clip source-path strings)
geometry,0x0046ae40,,zGeometry span 0x00464670-0x0046d360 (Weiler clip source-path strings)
geometry,0x0046af00,,zGeometry span 0x00464670-0x0046d360 (Weiler clip source-path strings)
geometry,0x0046af20,,zGeometry span 0x00464670-0x0046d360 (Weiler clip source-path strings)
geometry,0x0046af40,,zGeometry span 0x00464670-0x0046d360 (Weiler clip source-path strings)
geometry,0x0046b030,,zGeometry span 0x00464670-0x0046d360 (Weiler clip source-path strings)
geometry,0x0046b1f0,,zGeometry span 0x00464670-0x0046d360 (Weiler clip source-path strings)
geometry,0x0046b550,,zGeometry span 0x00464670-0x0046d360 (Weiler clip source-path strings)
geometry,0x0046b650,,zGeometry span 0x00464670-0x0046d360 (Weiler clip source-path strings)
geometry,0x0046b6d0,,zGeometry span 0x00464670-0x0046d360 (Weiler clip source-path strings)
geometry,0x0046ba90,,zGeometry span 0x00464670-0x0046d360 (Weiler clip source-path strings)
geometry,0x0046bb30,,zGeometry span 0x00464670-0x0046d360 (Weiler clip source-path strings)
geometry,0x0046bb90,,zGeometry span 0x00464670-0x0046d360 (Weiler clip source-path strings)
geometry,0x0046bd50,,zGeometry span 0x00464670-0x0046d360 (Weiler clip source-path strings)
geometry,0x0046be20,,zGeometry span 0x00464670-0x0046d360 (Weiler clip source-path strings)
geometry,0x0046bf30,,zGeometry span 0x00464670-0x0046d360 (Weiler clip source-path strings)
geometry,0x0046bf70,,zGeometry span 0x00464670-0x0046d360 (Weiler clip source-path strings)
geometry,0x0046bfc0,,zGeometry span 0x00464670-0x0046d360 (Weiler clip source-path strings)
geometry,0x0046c070,,zGeometry span 0x00464670-0x0046d360 (Weiler clip source-path strings)
geometry,0x0046c390,,zGeometry span 0x00464670-0x0046d360 (Weiler clip source-path strings)
geometry,0x0046c3a0,,zGeometry span 0x00464670-0x0046d360 (Weiler clip source-path strings)
geometry,0x0046c570,,zGeometry span 0x00464670-0x0046d360 (Weiler clip source-path strings)
geometry,0x0046c5b0,,zGeometry span 0x00464670-0x0046d360 (Weiler clip source-path strings)
geometry,0x0046c620,,zGeometry span 0x00464670-0x0046d360 (Weiler clip source-path strings)
geometry,0x0046c720,,zGeometry span 0x00464670-0x0046d360 (Weiler clip source-path strings)
geometry,0x0046c760,,zGeometry span 0x00464670-0x0046d360 (Weiler clip source-path strings)
geometry,0x0046cb50,,zGeometry span 0x00464670-0x0046d360 (Weiler clip source-path strings)
geometry,0x0046ced0,,zGeometry span 0x00464670-0x0046d360 (Weiler clip source-path strings)
declient,0x004558f0,,zDEClient span 0x004558f0-0x0045cc00 (source-path strings)
declient,0x00455dd0,,zDEClient span 0x004558f0-0x0045cc00 (source-path strings)
declient,0x00455e40,,zDEClient span 0x004558f0-0x0045cc00 (source-path strings)
declient,0x00455ea0,,zDEClient span 0x004558f0-0x0045cc00 (source-path strings)
declient,0x00455ed0,,zDEClient span 0x004558f0-0x0045cc00 (source-path strings)
declient,0x00455ef0,,zDEClient span 0x004558f0-0x0045cc00 (source-path strings)
declient,0x00456010,,zDEClient span 0x004558f0-0x0045cc00 (source-path strings)
declient,0x004563d0,,zDEClient span 0x004558f0-0x0045cc00 (source-path strings)
declient,0x00456450,,zDEClient span 0x004558f0-0x0045cc00 (source-path strings)
declient,0x004564b0,,zDEClient span 0x004558f0-0x0045cc00 (source-path strings)
declient,0x00456ad0,,zDEClient span 0x004558f0-0x0045cc00 (source-path strings)
declient,0x00456b00,,zDEClient span 0x004558f0-0x0045cc00 (source-path strings)
declient,0x00456b20,,zDEClient span 0x004558f0-0x0045cc00 (source-path strings)
declient,0x00456c50,,zDEClient span 0x004558f0-0x0045cc00 (source-path strings)
declient,0x00456c80,,zDEClient span 0x004558f0-0x0045cc00 (source-path strings)
declient,0x00457040,,zDEClient span 0x004558f0-0x0045cc00 (source-path strings)
declient,0x004570e0,,zDEClient span 0x004558f0-0x0045cc00 (source-path strings)
declient,0x00457140,,zDEClient span 0x004558f0-0x0045cc00 (source-path strings)
declient,0x004575f0,,zDEClient span 0x004558f0-0x0045cc00 (source-path strings)
declient,0x00457660,,zDEClient span 0x004558f0-0x0045cc00 (source-path strings)
declient,0x004576a0,,zDEClient span 0x004558f0-0x0045cc00 (source-path strings)
declient,0x004576e0,,zDEClient span 0x004558f0-0x0045cc00 (source-path strings)
declient,0x00457750,,zDEClient span 0x004558f0-0x0045cc00 (source-path strings)
declient,0x00457840,,zDEClient span 0x004558f0-0x0045cc00 (source-path strings)
declient,0x00457ae0,,zDEClient span 0x004558f0-0x0045cc00 (source-path strings)
declient,0x00457b40,,zDEClient span 0x004558f0-0x0045cc00 (source-path strings)
declient,0x00457c50,,zDEClient span 0x004558f0-0x0045cc00 (source-path strings)
declient,0x00457cc0,,zDEClient span 0x004558f0-0x0045cc00 (source-path strings)
declient,0x00457d90,,zDEClient span 0x004558f0-0x0045cc00 (source-path strings)
declient,0x00457e80,,zDEClient span 0x004558f0-0x0045cc00 (source-path strings)
declient,0x00457fe0,,zDEClient span 0x004558f0-0x0045cc00 (source-path strings)
declient,0x00458510,,zDEClient span 0x004558f0-0x0045cc00 (source-path strings)
declient,0x004585a0,,zDEClient span 0x004558f0-0x0045cc00 (source-path strings)
declient,0x004588c0,,zDEClient span 0x004558f0-0x0045cc00 (source-path strings)
declient,0x00458970,,zDEClient span 0x004558f0-0x0045cc00 (source-path strings)
declient,0x00458a30,,zDEClient span 0x004558f0-0x0045cc00 (source-path strings)
declient,0x00458a70,,zDEClient span 0x004558f0-0x0045cc00 (source-path strings)
declient,0x00458aa0,,zDEClient span 0x004558f0-0x0045cc00 (source-path strings)
declient,0x00458ac0,,zDEClient span 0x004558f0-0x0045cc00 (source-path strings)
declient,0x00458ae0,,zDEClient span 0x004558f0-0x0045cc00 (source-path strings)
declient,0x00458af0,,zDEClient span 0x004558f0-0x0045cc00 (source-path strings)
declient,0x00458b20,,zDEClient span 0x004558f0-0x0045cc00 (source-path strings)
declient,0x00458b50,,zDEClient span 0x004558f0-0x0045cc00 (source-path strings)
declient,0x00458c10,,zDEClient span 0x004558f0-0x0045cc00 (source-path strings)
declient,0x00458ce0,,zDEClient span 0x004558f0-0x0045cc00 (source-path strings)
declient,0x00458e10,,zDEClient span 0x004558f0-0x0045cc00 (source-path strings)
declient,0x00458eb0,,zDEClient span 0x004558f0-0x0045cc00 (source-path strings)
declient,0x00458f70,,zDEClient span 0x004558f0-0x0045cc00 (source-path strings)
declient,0x00459080,,zDEClient span 0x004558f0-0x0045cc00 (source-path strings)
declient,0x00459280,,zDEClient span 0x004558f0-0x0045cc00 (source-path strings)
declient,0x00459510,,zDEClient span 0x004558f0-0x0045cc00 (source-path strings)
declient,0x00459580,,zDEClient span 0x004558f0-0x0045cc00 (source-path strings)
declient,0x004596c0,,zDEClient span 0x004558f0-0x0045cc00 (source-path strings)
declient,0x00459ae0,,zDEClient span 0x004558f0-0x0045cc00 (source-path strings)
declient,0x00459cb0,,zDEClient span 0x004558f0-0x0045cc00 (source-path strings)
declient,0x00459ce0,,zDEClient span 0x004558f0-0x0045cc00 (source-path strings)
declient,0x00459e30,,zDEClient span 0x004558f0-0x0045cc00 (source-path strings)
declient,0x00459e70,,zDEClient span 0x004558f0-0x0045cc00 (source-path strings)
declient,0x0045a920,,zDEClient span 0x004558f0-0x0045cc00 (source-path strings)
declient,0x0045a9d0,,zDEClient span 0x004558f0-0x0045cc00 (source-path strings)
declient,0x0045ae30,,zDEClient span 0x004558f0-0x0045cc00 (source-path strings)
declient,0x0045ae90,,zDEClient span 0x004558f0-0x0045cc00 (source-path strings)
declient,0x0045b120,,zDEClient span 0x004558f0-0x0045cc00 (source-path strings)
declient,0x0045b210,,zDEClient span 0x004558f0-0x0045cc00 (source-path strings)
declient,0x0045b280,,zDEClient span 0x004558f0-0x0045cc00 (source-path strings)
declient,0x0045b3b0,,zDEClient span 0x004558f0-0x0045cc00 (source-path strings)
declient,0x0045b410,,zDEClient span 0x004558f0-0x0045cc00 (source-path strings)
declient,0x0045b440,,zDEClient span 0x004558f0-0x0045cc00 (source-path strings)
declient,0x0045b4a0,,zDEClient span 0x004558f0-0x0045cc00 (source-path strings)
declient,0x0045b8b0,,zDEClient span 0x004558f0-0x0045cc00 (source-path strings)
declient,0x0045bb00,,zDEClient span 0x004558f0-0x0045cc00 (source-path strings)
declient,0x0045bbb0,,zDEClient span 0x004558f0-0x0045cc00 (source-path strings)
declient,0x0045bc60,,zDEClient span 0x004558f0-0x0045cc00 (source-path strings)
declient,0x0045bf60,,zDEClient span 0x004558f0-0x0045cc00 (source-path strings)
declient,0x0045bfd0,,zDEClient span 0x004558f0-0x0045cc00 (source-path strings)
declient,0x0045c040,,zDEClient span 0x004558f0-0x0045cc00 (source-path strings)
declient,0x0045c100,,zDEClient span 0x004558f0-0x0045cc00 (source-path strings)
declient,0x0045c1a0,,zDEClient span 0x004558f0-0x0045cc00 (source-path strings)
declient,0x0045c240,,zDEClient span 0x004558f0-0x0045cc00 (source-path strings)
declient,0x0045c2f0,,zDEClient span 0x004558f0-0x0045cc00 (source-path strings)
declient,0x0045c310,,zDEClient span 0x004558f0-0x0045cc00 (source-path strings)
declient,0x0045c3c0,,zDEClient span 0x004558f0-0x0045cc00 (source-path strings)
declient,0x0045c530,,zDEClient span 0x004558f0-0x0045cc00 (source-path strings)
declient,0x0045c640,,zDEClient span 0x004558f0-0x0045cc00 (source-path strings)
declient,0x0045c6b0,,zDEClient span 0x004558f0-0x0045cc00 (source-path strings)
declient,0x0045c6e0,,zDEClient span 0x004558f0-0x0045cc00 (source-path strings)
declient,0x0045c6f0,,zDEClient span 0x004558f0-0x0045cc00 (source-path strings)
declient,0x0045c710,,zDEClient span 0x004558f0-0x0045cc00 (source-path strings)
declient,0x0045c920,,zDEClient span 0x004558f0-0x0045cc00 (source-path strings)
declient,0x0045cbc0,,zDEClient span 0x004558f0-0x0045cc00 (source-path strings)
zeffect,0x0045cc00,,zEffect span 0x0045cc00-0x00462570 (source-path strings)
zeffect,0x0045d000,,zEffect span 0x0045cc00-0x00462570 (source-path strings)
zeffect,0x0045d240,,zEffect span 0x0045cc00-0x00462570 (source-path strings)
zeffect,0x0045d310,,zEffect span 0x0045cc00-0x00462570 (source-path strings)
zeffect,0x0045d3d0,,zEffect span 0x0045cc00-0x00462570 (source-path strings)
zeffect,0x0045d570,,zEffect span 0x0045cc00-0x00462570 (source-path strings)
zeffect,0x0045d6b0,,zEffect span 0x0045cc00-0x00462570 (source-path strings)
zeffect,0x0045d6c0,,zEffect span 0x0045cc00-0x00462570 (source-path strings)
zeffect,0x0045d770,,zEffect span 0x0045cc00-0x00462570 (source-path strings)
zeffect,0x0045d7a0,,zEffect span 0x0045cc00-0x00462570 (source-path strings)
zeffect,0x0045d7b0,,zEffect span 0x0045cc00-0x00462570 (source-path strings)
zeffect,0x0045d930,,zEffect span 0x0045cc00-0x00462570 (source-path strings)
zeffect,0x0045db20,,zEffect span 0x0045cc00-0x00462570 (source-path strings)
zeffect,0x0045dc70,,zEffect span 0x0045cc00-0x00462570 (source-path strings)
zeffect,0x0045dcb0,,zEffect span 0x0045cc00-0x00462570 (source-path strings)
zeffect,0x0045dde0,,zEffect span 0x0045cc00-0x00462570 (source-path strings)
zeffect,0x0045de00,,zEffect span 0x0045cc00-0x00462570 (source-path strings)
zeffect,0x0045df70,,zEffect span 0x0045cc00-0x00462570 (source-path strings)
zeffect,0x0045df90,,zEffect span 0x0045cc00-0x00462570 (source-path strings)
zeffect,0x0045e0b0,,zEffect span 0x0045cc00-0x00462570 (source-path strings)
zeffect,0x0045e0d0,,zEffect span 0x0045cc00-0x00462570 (source-path strings)
zeffect,0x0045e100,,zEffect span 0x0045cc00-0x00462570 (source-path strings)
zeffect,0x0045e200,,zEffect span 0x0045cc00-0x00462570 (source-path strings)
zeffect,0x0045e210,,zEffect span 0x0045cc00-0x00462570 (source-path strings)
zeffect,0x0045e270,,zEffect span 0x0045cc00-0x00462570 (source-path strings)
zeffect,0x0045e280,,zEffect span 0x0045cc00-0x00462570 (source-path strings)
zeffect,0x0045e300,,zEffect span 0x0045cc00-0x00462570 (source-path strings)
zeffect,0x0045e380,,zEffect span 0x0045cc00-0x00462570 (source-path strings)
zeffect,0x0045e4a0,,zEffect span 0x0045cc00-0x00462570 (source-path strings)
zeffect,0x0045e5c0,,zEffect span 0x0045cc00-0x00462570 (source-path strings)
zeffect,0x0045e650,,zEffect span 0x0045cc00-0x00462570 (source-path strings)
zeffect,0x0045e6d0,,zEffect span 0x0045cc00-0x00462570 (source-path strings)
zeffect,0x0045e730,,zEffect span 0x0045cc00-0x00462570 (source-path strings)
zeffect,0x0045ed80,,zEffect span 0x0045cc00-0x00462570 (source-path strings)
zeffect,0x0045efb0,,zEffect span 0x0045cc00-0x00462570 (source-path strings)
zeffect,0x0045fb30,,zEffect span 0x0045cc00-0x00462570 (source-path strings)
zeffect,0x0045fd10,,zEffect span 0x0045cc00-0x00462570 (source-path strings)
zeffect,0x0045fe50,,zEffect span 0x0045cc00-0x00462570 (source-path strings)
zeffect,0x0045fef0,,zEffect span 0x0045cc00-0x00462570 (source-path strings)
zeffect,0x0045ff10,,zEffect span 0x0045cc00-0x00462570 (source-path strings)
zeffect,0x0045ffa0,,zEffect span 0x0045cc00-0x00462570 (source-path strings)
zeffect,0x00460010,,zEffect span 0x0045cc00-0x00462570 (source-path strings)
zeffect,0x00460020,,zEffect span 0x0045cc00-0x00462570 (source-path strings)
zeffect,0x00460060,,zEffect span 0x0045cc00-0x00462570 (source-path strings)
zeffect,0x00460070,,zEffect span 0x0045cc00-0x00462570 (source-path strings)
zeffect,0x00460330,,zEffect span 0x0045cc00-0x00462570 (source-path strings)
zeffect,0x004603d0,,zEffect span 0x0045cc00-0x00462570 (source-path strings)
zeffect,0x00460400,,zEffect span 0x0045cc00-0x00462570 (source-path strings)
zeffect,0x00460470,,zEffect span 0x0045cc00-0x00462570 (source-path strings)
zeffect,0x00460480,,zEffect span 0x0045cc00-0x00462570 (source-path strings)
zeffect,0x004606d0,,zEffect span 0x0045cc00-0x00462570 (source-path strings)
zeffect,0x00460ae0,,zEffect span 0x0045cc00-0x00462570 (source-path strings)
zeffect,0x00460bc0,,zEffect span 0x0045cc00-0x00462570 (source-path strings)
zeffect,0x00460f80,,zEffect span 0x0045cc00-0x00462570 (source-path strings)
zeffect,0x00461430,,zEffect span 0x0045cc00-0x00462570 (source-path strings)
zeffect,0x00461800,,zEffect span 0x0045cc00-0x00462570 (source-path strings)
zeffect,0x00461840,,zEffect span 0x0045cc00-0x00462570 (source-path strings)
zeffect,0x00461870,,zEffect span 0x0045cc00-0x00462570 (source-path strings)
zeffect,0x00461970,,zEffect span 0x0045cc00-0x00462570 (source-path strings)
zeffect,0x00461a90,,zEffect span 0x0045cc00-0x00462570 (source-path strings)
zeffect,0x00461aa0,,zEffect span 0x0045cc00-0x00462570 (source-path strings)
zeffect,0x00461ba0,,zEffect span 0x0045cc00-0x00462570 (source-path strings)
zeffect,0x00461d00,,zEffect span 0x0045cc00-0x00462570 (source-path strings)
zeffect,0x00461eb0,,zEffect span 0x0045cc00-0x00462570 (source-path strings)
zeffect,0x00461ec0,,zEffect span 0x0045cc00-0x00462570 (source-path strings)
zeffect,0x00461f00,,zEffect span 0x0045cc00-0x00462570 (source-path strings)
zeffect,0x00461f50,,zEffect span 0x0045cc00-0x00462570 (source-path strings)
zeffect,0x00462050,,zEffect span 0x0045cc00-0x00462570 (source-path strings)
zeffect,0x004620d0,,zEffect span 0x0045cc00-0x00462570 (source-path strings)
zeffect,0x00462130,,zEffect span 0x0045cc00-0x00462570 (source-path strings)
zeffect,0x00462280,,zEffect span 0x0045cc00-0x00462570 (source-path strings)
zeffect,0x004622f0,,zEffect span 0x0045cc00-0x00462570 (source-path strings)
zeffect,0x00462310,,zEffect span 0x0045cc00-0x00462570 (source-path strings)
zeffect,0x00462330,,zEffect span 0x0045cc00-0x00462570 (source-path strings)
zeffect,0x00462370,,zEffect span 0x0045cc00-0x00462570 (source-path strings)
zeffect,0x00462540,,zEffect span 0x0045cc00-0x00462570 (source-path strings)
ui_widgets,0x004bd280,,callee of declient script commands (fade/flash/message overlay)
ui_widgets,0x004beee0,,callee of declient script commands (fade/flash/message overlay)
ui_widgets,0x004bef10,,callee of declient script commands (fade/flash/message overlay)
mission,0x00417430,,span seed: Battlesport mission.cpp refs 0x00417f90..0x004192d0; Mission_BuildSaveRecord 0x00417430 is lower anchor
mission,0x004174f0,,span seed: Battlesport mission.cpp refs 0x00417f90..0x004192d0; Mission_BuildSaveRecord 0x00417430 is lower anchor
mission,0x00417640,,span seed: Battlesport mission.cpp refs 0x00417f90..0x004192d0; Mission_BuildSaveRecord 0x00417430 is lower anchor
mission,0x004176b0,,span seed: Battlesport mission.cpp refs 0x00417f90..0x004192d0; Mission_BuildSaveRecord 0x00417430 is lower anchor
mission,0x004176f0,,span seed: Battlesport mission.cpp refs 0x00417f90..0x004192d0; Mission_BuildSaveRecord 0x00417430 is lower anchor
mission,0x00417770,,span seed: Battlesport mission.cpp refs 0x00417f90..0x004192d0; Mission_BuildSaveRecord 0x00417430 is lower anchor
mission,0x004177a0,,span seed: Battlesport mission.cpp refs 0x00417f90..0x004192d0; Mission_BuildSaveRecord 0x00417430 is lower anchor
mission,0x004177d0,,span seed: Battlesport mission.cpp refs 0x00417f90..0x004192d0; Mission_BuildSaveRecord 0x00417430 is lower anchor
mission,0x00417800,,span seed: Battlesport mission.cpp refs 0x00417f90..0x004192d0; Mission_BuildSaveRecord 0x00417430 is lower anchor
mission,0x00417810,,span seed: Battlesport mission.cpp refs 0x00417f90..0x004192d0; Mission_BuildSaveRecord 0x00417430 is lower anchor
mission,0x00417a00,,span seed: Battlesport mission.cpp refs 0x00417f90..0x004192d0; Mission_BuildSaveRecord 0x00417430 is lower anchor
mission,0x00417d40,,span seed: Battlesport mission.cpp refs 0x00417f90..0x004192d0; Mission_BuildSaveRecord 0x00417430 is lower anchor
mission,0x00417ee0,,span seed: Battlesport mission.cpp refs 0x00417f90..0x004192d0; Mission_BuildSaveRecord 0x00417430 is lower anchor
mission,0x00417f60,,span seed: Battlesport mission.cpp refs 0x00417f90..0x004192d0; Mission_BuildSaveRecord 0x00417430 is lower anchor
mission,0x00417f90,,span seed: Battlesport mission.cpp refs 0x00417f90..0x004192d0; Mission_BuildSaveRecord 0x00417430 is lower anchor
mission,0x00418230,,span seed: Battlesport mission.cpp refs 0x00417f90..0x004192d0; Mission_BuildSaveRecord 0x00417430 is lower anchor
mission,0x004184e0,,span seed: Battlesport mission.cpp refs 0x00417f90..0x004192d0; Mission_BuildSaveRecord 0x00417430 is lower anchor
mission,0x00418620,,span seed: Battlesport mission.cpp refs 0x00417f90..0x004192d0; Mission_BuildSaveRecord 0x00417430 is lower anchor
mission,0x004186f0,,span seed: Battlesport mission.cpp refs 0x00417f90..0x004192d0; Mission_BuildSaveRecord 0x00417430 is lower anchor
mission,0x00418730,,span seed: Battlesport mission.cpp refs 0x00417f90..0x004192d0; Mission_BuildSaveRecord 0x00417430 is lower anchor
mission,0x00418760,,span seed: Battlesport mission.cpp refs 0x00417f90..0x004192d0; Mission_BuildSaveRecord 0x00417430 is lower anchor
mission,0x004188f0,,span seed: Battlesport mission.cpp refs 0x00417f90..0x004192d0; Mission_BuildSaveRecord 0x00417430 is lower anchor
mission,0x00418940,,span seed: Battlesport mission.cpp refs 0x00417f90..0x004192d0; Mission_BuildSaveRecord 0x00417430 is lower anchor
mission,0x00418c30,,span seed: Battlesport mission.cpp refs 0x00417f90..0x004192d0; Mission_BuildSaveRecord 0x00417430 is lower anchor
mission,0x00418c70,,span seed: Battlesport mission.cpp refs 0x00417f90..0x004192d0; Mission_BuildSaveRecord 0x00417430 is lower anchor
mission,0x00418d40,,span seed: Battlesport mission.cpp refs 0x00417f90..0x004192d0; Mission_BuildSaveRecord 0x00417430 is lower anchor
mission,0x00418fb0,,span seed: Battlesport mission.cpp refs 0x00417f90..0x004192d0; Mission_BuildSaveRecord 0x00417430 is lower anchor
mission,0x00419010,,span seed: Battlesport mission.cpp refs 0x00417f90..0x004192d0; Mission_BuildSaveRecord 0x00417430 is lower anchor
mission,0x00419050,,span seed: Battlesport mission.cpp refs 0x00417f90..0x004192d0; Mission_BuildSaveRecord 0x00417430 is lower anchor
mission,0x004192d0,,span seed: Battlesport mission.cpp refs 0x00417f90..0x004192d0; Mission_BuildSaveRecord 0x00417430 is lower anchor
mission,0x00417260,,"bound extension 2026-09-23: direct callee of mission members, adjacent to span (0x00417260..0x00417390 / 0x004193c0..0x0041a3d0 region); lower bound now 0x00417260"
mission,0x004172c0,,"bound extension 2026-09-23: direct callee of mission members, adjacent to span (0x00417260..0x00417390 / 0x004193c0..0x0041a3d0 region); lower bound now 0x00417260"
mission,0x00417300,,"bound extension 2026-09-23: direct callee of mission members, adjacent to span (0x00417260..0x00417390 / 0x004193c0..0x0041a3d0 region); lower bound now 0x00417260"
mission,0x004193c0,,"bound extension 2026-09-23: direct callee of mission members, adjacent to span (0x00417260..0x00417390 / 0x004193c0..0x0041a3d0 region); lower bound now 0x00417260"
mission,0x00417360,,"ownership 2026-09-23: Mission class ctor/dtor/static-init/setter (global instance 0x004f0cc0); 0x00417130/0x00417220 left out as base-class (map.cpp, fields < 0xd0)"
mission,0x00417370,,"ownership 2026-09-23: Mission class ctor/dtor/static-init/setter (global instance 0x004f0cc0); 0x00417130/0x00417220 left out as base-class (map.cpp, fields < 0xd0)"
mission,0x00417390,,"ownership 2026-09-23: Mission class ctor/dtor/static-init/setter (global instance 0x004f0cc0); 0x00417130/0x00417220 left out as base-class (map.cpp, fields < 0xd0)"
mission,0x00419470,,"ownership 2026-09-23: Mission class ctor/dtor/static-init/setter (global instance 0x004f0cc0); 0x00417130/0x00417220 left out as base-class (map.cpp, fields < 0xd0)"
mission,0x00419490,,"ownership 2026-09-23: Mission class ctor/dtor/static-init/setter (global instance 0x004f0cc0); 0x00417130/0x00417220 left out as base-class (map.cpp, fields < 0xd0)"
hud,0x0040fb90,,span seed: Battlesport hud.cpp refs 0x00410160/0x00414180; HUD_BuildTimer 0x0040fb90 lower anchor
hud,0x0040fbd0,,span seed: Battlesport hud.cpp refs 0x00410160/0x00414180; HUD_BuildTimer 0x0040fb90 lower anchor
hud,0x0040fdd0,,span seed: Battlesport hud.cpp refs 0x00410160/0x00414180; HUD_BuildTimer 0x0040fb90 lower anchor
hud,0x0040fe30,,span seed: Battlesport hud.cpp refs 0x00410160/0x00414180; HUD_BuildTimer 0x0040fb90 lower anchor
hud,0x0040fe90,,span seed: Battlesport hud.cpp refs 0x00410160/0x00414180; HUD_BuildTimer 0x0040fb90 lower anchor
hud,0x0040fef0,,span seed: Battlesport hud.cpp refs 0x00410160/0x00414180; HUD_BuildTimer 0x0040fb90 lower anchor
hud,0x00410140,,span seed: Battlesport hud.cpp refs 0x00410160/0x00414180; HUD_BuildTimer 0x0040fb90 lower anchor
hud,0x00410160,,span seed: Battlesport hud.cpp refs 0x00410160/0x00414180; HUD_BuildTimer 0x0040fb90 lower anchor
hud,0x00410fe0,,span seed: Battlesport hud.cpp refs 0x00410160/0x00414180; HUD_BuildTimer 0x0040fb90 lower anchor
hud,0x00411170,,span seed: Battlesport hud.cpp refs 0x00410160/0x00414180; HUD_BuildTimer 0x0040fb90 lower anchor
hud,0x00411720,,span seed: Battlesport hud.cpp refs 0x00410160/0x00414180; HUD_BuildTimer 0x0040fb90 lower anchor
hud,0x00411740,,span seed: Battlesport hud.cpp refs 0x00410160/0x00414180; HUD_BuildTimer 0x0040fb90 lower anchor
hud,0x00411750,,span seed: Battlesport hud.cpp refs 0x00410160/0x00414180; HUD_BuildTimer 0x0040fb90 lower anchor
hud,0x00411760,,span seed: Battlesport hud.cpp refs 0x00410160/0x00414180; HUD_BuildTimer 0x0040fb90 lower anchor
hud,0x004117f0,,span seed: Battlesport hud.cpp refs 0x00410160/0x00414180; HUD_BuildTimer 0x0040fb90 lower anchor
hud,0x004118b0,,span seed: Battlesport hud.cpp refs 0x00410160/0x00414180; HUD_BuildTimer 0x0040fb90 lower anchor
hud,0x00411900,,span seed: Battlesport hud.cpp refs 0x00410160/0x00414180; HUD_BuildTimer 0x0040fb90 lower anchor
hud,0x00411a20,,span seed: Battlesport hud.cpp refs 0x00410160/0x00414180; HUD_BuildTimer 0x0040fb90 lower anchor
hud,0x00411ac0,,span seed: Battlesport hud.cpp refs 0x00410160/0x00414180; HUD_BuildTimer 0x0040fb90 lower anchor
hud,0x00411f10,,span seed: Battlesport hud.cpp refs 0x00410160/0x00414180; HUD_BuildTimer 0x0040fb90 lower anchor
hud,0x00412050,,span seed: Battlesport hud.cpp refs 0x00410160/0x00414180; HUD_BuildTimer 0x0040fb90 lower anchor
hud,0x00412070,,span seed: Battlesport hud.cpp refs 0x00410160/0x00414180; HUD_BuildTimer 0x0040fb90 lower anchor
hud,0x004122c0,,span seed: Battlesport hud.cpp refs 0x00410160/0x00414180; HUD_BuildTimer 0x0040fb90 lower anchor
hud,0x004124b0,,span seed: Battlesport hud.cpp refs 0x00410160/0x00414180; HUD_BuildTimer 0x0040fb90 lower anchor
hud,0x00412620,,span seed: Battlesport hud.cpp refs 0x00410160/0x00414180; HUD_BuildTimer 0x0040fb90 lower anchor
hud,0x00412650,,span seed: Battlesport hud.cpp refs 0x00410160/0x00414180; HUD_BuildTimer 0x0040fb90 lower anchor
hud,0x004126e0,,span seed: Battlesport hud.cpp refs 0x00410160/0x00414180; HUD_BuildTimer 0x0040fb90 lower anchor
hud,0x00412790,,span seed: Battlesport hud.cpp refs 0x00410160/0x00414180; HUD_BuildTimer 0x0040fb90 lower anchor
hud,0x004127d0,,span seed: Battlesport hud.cpp refs 0x00410160/0x00414180; HUD_BuildTimer 0x0040fb90 lower anchor
hud,0x00412820,,span seed: Battlesport hud.cpp refs 0x00410160/0x00414180; HUD_BuildTimer 0x0040fb90 lower anchor
hud,0x00412b60,,span seed: Battlesport hud.cpp refs 0x00410160/0x00414180; HUD_BuildTimer 0x0040fb90 lower anchor
hud,0x00412c10,,span seed: Battlesport hud.cpp refs 0x00410160/0x00414180; HUD_BuildTimer 0x0040fb90 lower anchor
hud,0x00412db0,,span seed: Battlesport hud.cpp refs 0x00410160/0x00414180; HUD_BuildTimer 0x0040fb90 lower anchor
hud,0x00412ea0,,span seed: Battlesport hud.cpp refs 0x00410160/0x00414180; HUD_BuildTimer 0x0040fb90 lower anchor
hud,0x00412f70,,span seed: Battlesport hud.cpp refs 0x00410160/0x00414180; HUD_BuildTimer 0x0040fb90 lower anchor
hud,0x00413080,,span seed: Battlesport hud.cpp refs 0x00410160/0x00414180; HUD_BuildTimer 0x0040fb90 lower anchor
hud,0x004132b0,,span seed: Battlesport hud.cpp refs 0x00410160/0x00414180; HUD_BuildTimer 0x0040fb90 lower anchor
hud,0x00413540,,span seed: Battlesport hud.cpp refs 0x00410160/0x00414180; HUD_BuildTimer 0x0040fb90 lower anchor
hud,0x00413700,,span seed: Battlesport hud.cpp refs 0x00410160/0x00414180; HUD_BuildTimer 0x0040fb90 lower anchor
hud,0x00413710,,span seed: Battlesport hud.cpp refs 0x00410160/0x00414180; HUD_BuildTimer 0x0040fb90 lower anchor
hud,0x00413770,,span seed: Battlesport hud.cpp refs 0x00410160/0x00414180; HUD_BuildTimer 0x0040fb90 lower anchor
hud,0x004137a0,,span seed: Battlesport hud.cpp refs 0x00410160/0x00414180; HUD_BuildTimer 0x0040fb90 lower anchor
hud,0x004137c0,,span seed: Battlesport hud.cpp refs 0x00410160/0x00414180; HUD_BuildTimer 0x0040fb90 lower anchor
hud,0x004137f0,,span seed: Battlesport hud.cpp refs 0x00410160/0x00414180; HUD_BuildTimer 0x0040fb90 lower anchor
hud,0x004138f0,,span seed: Battlesport hud.cpp refs 0x00410160/0x00414180; HUD_BuildTimer 0x0040fb90 lower anchor
hud,0x00413950,,span seed: Battlesport hud.cpp refs 0x00410160/0x00414180; HUD_BuildTimer 0x0040fb90 lower anchor
hud,0x00413990,,span seed: Battlesport hud.cpp refs 0x00410160/0x00414180; HUD_BuildTimer 0x0040fb90 lower anchor
hud,0x00413a10,,span seed: Battlesport hud.cpp refs 0x00410160/0x00414180; HUD_BuildTimer 0x0040fb90 lower anchor
hud,0x00413aa0,,span seed: Battlesport hud.cpp refs 0x00410160/0x00414180; HUD_BuildTimer 0x0040fb90 lower anchor
hud,0x00413ad0,,span seed: Battlesport hud.cpp refs 0x00410160/0x00414180; HUD_BuildTimer 0x0040fb90 lower anchor
hud,0x00413b10,,span seed: Battlesport hud.cpp refs 0x00410160/0x00414180; HUD_BuildTimer 0x0040fb90 lower anchor
hud,0x00413c10,,span seed: Battlesport hud.cpp refs 0x00410160/0x00414180; HUD_BuildTimer 0x0040fb90 lower anchor
hud,0x00413d30,,span seed: Battlesport hud.cpp refs 0x00410160/0x00414180; HUD_BuildTimer 0x0040fb90 lower anchor
hud,0x00413eb0,,span seed: Battlesport hud.cpp refs 0x00410160/0x00414180; HUD_BuildTimer 0x0040fb90 lower anchor
hud,0x00413ec0,,span seed: Battlesport hud.cpp refs 0x00410160/0x00414180; HUD_BuildTimer 0x0040fb90 lower anchor
hud,0x00413ff0,,span seed: Battlesport hud.cpp refs 0x00410160/0x00414180; HUD_BuildTimer 0x0040fb90 lower anchor
hud,0x00414070,,span seed: Battlesport hud.cpp refs 0x00410160/0x00414180; HUD_BuildTimer 0x0040fb90 lower anchor
hud,0x00414180,,span seed: Battlesport hud.cpp refs 0x00410160/0x00414180; HUD_BuildTimer 0x0040fb90 lower anchor
hud,0x00414210,,span seed: Battlesport hud.cpp refs 0x00410160/0x00414180; HUD_BuildTimer 0x0040fb90 lower anchor
hud,0x00414300,,span seed: Battlesport hud.cpp refs 0x00410160/0x00414180; HUD_BuildTimer 0x0040fb90 lower anchor
hud,0x00414330,,span seed: Battlesport hud.cpp refs 0x00410160/0x00414180; HUD_BuildTimer 0x0040fb90 lower anchor
hud,0x00414390,,span seed: Battlesport hud.cpp refs 0x00410160/0x00414180; HUD_BuildTimer 0x0040fb90 lower anchor
hud,0x004143b0,,span seed: Battlesport hud.cpp refs 0x00410160/0x00414180; HUD_BuildTimer 0x0040fb90 lower anchor
hud,0x004143c0,,span seed: Battlesport hud.cpp refs 0x00410160/0x00414180; HUD_BuildTimer 0x0040fb90 lower anchor
hud,0x00414670,,span seed: Battlesport hud.cpp refs 0x00410160/0x00414180; HUD_BuildTimer 0x0040fb90 lower anchor
hud,0x004146a0,,span seed: Battlesport hud.cpp refs 0x00410160/0x00414180; HUD_BuildTimer 0x0040fb90 lower anchor
hud,0x004146e0,,span seed: Battlesport hud.cpp refs 0x00410160/0x00414180; HUD_BuildTimer 0x0040fb90 lower anchor
hud,0x00414a70,,span seed: Battlesport hud.cpp refs 0x00410160/0x00414180; HUD_BuildTimer 0x0040fb90 lower anchor
hud,0x00414a80,,span seed: Battlesport hud.cpp refs 0x00410160/0x00414180; HUD_BuildTimer 0x0040fb90 lower anchor
hud,0x00414ab0,,span seed: Battlesport hud.cpp refs 0x00410160/0x00414180; HUD_BuildTimer 0x0040fb90 lower anchor
hud,0x0040e590,,bound extension 2026-09-23: unowned fns interleaved with menus-owned HUD widget classes 0x0040e140..0x0040fb90; several are direct hud callees
hud,0x0040e800,,bound extension 2026-09-23: unowned fns interleaved with menus-owned HUD widget classes 0x0040e140..0x0040fb90; several are direct hud callees
hud,0x0040e880,,bound extension 2026-09-23: unowned fns interleaved with menus-owned HUD widget classes 0x0040e140..0x0040fb90; several are direct hud callees
hud,0x0040eae0,,bound extension 2026-09-23: unowned fns interleaved with menus-owned HUD widget classes 0x0040e140..0x0040fb90; several are direct hud callees
hud,0x0040eb00,,bound extension 2026-09-23: unowned fns interleaved with menus-owned HUD widget classes 0x0040e140..0x0040fb90; several are direct hud callees
hud,0x0040ec90,,bound extension 2026-09-23: unowned fns interleaved with menus-owned HUD widget classes 0x0040e140..0x0040fb90; several are direct hud callees
hud,0x0040eca0,,bound extension 2026-09-23: unowned fns interleaved with menus-owned HUD widget classes 0x0040e140..0x0040fb90; several are direct hud callees
hud,0x0040ecc0,,bound extension 2026-09-23: unowned fns interleaved with menus-owned HUD widget classes 0x0040e140..0x0040fb90; several are direct hud callees
hud,0x0040ece0,,bound extension 2026-09-23: unowned fns interleaved with menus-owned HUD widget classes 0x0040e140..0x0040fb90; several are direct hud callees
hud,0x0040ed10,,bound extension 2026-09-23: unowned fns interleaved with menus-owned HUD widget classes 0x0040e140..0x0040fb90; several are direct hud callees
hud,0x0040ee60,,bound extension 2026-09-23: unowned fns interleaved with menus-owned HUD widget classes 0x0040e140..0x0040fb90; several are direct hud callees
hud,0x0040f070,,bound extension 2026-09-23: unowned fns interleaved with menus-owned HUD widget classes 0x0040e140..0x0040fb90; several are direct hud callees
hud,0x0040f0f0,,bound extension 2026-09-23: unowned fns interleaved with menus-owned HUD widget classes 0x0040e140..0x0040fb90; several are direct hud callees
hud,0x0040f130,,bound extension 2026-09-23: unowned fns interleaved with menus-owned HUD widget classes 0x0040e140..0x0040fb90; several are direct hud callees
hud,0x0040f1a0,,bound extension 2026-09-23: unowned fns interleaved with menus-owned HUD widget classes 0x0040e140..0x0040fb90; several are direct hud callees
hud,0x0040f2e0,,bound extension 2026-09-23: unowned fns interleaved with menus-owned HUD widget classes 0x0040e140..0x0040fb90; several are direct hud callees
hud,0x0040f3e0,,bound extension 2026-09-23: unowned fns interleaved with menus-owned HUD widget classes 0x0040e140..0x0040fb90; several are direct hud callees
hud,0x0040f460,,bound extension 2026-09-23: unowned fns interleaved with menus-owned HUD widget classes 0x0040e140..0x0040fb90; several are direct hud callees
pickup,0x0041ccd0,,span seed: Battlesport pickup.cpp refs 0x0041ccf0/0x0041d220/0x0041db60; pickup table funcs up to 0x0041ea30
pickup,0x0041ccf0,,span seed: Battlesport pickup.cpp refs 0x0041ccf0/0x0041d220/0x0041db60; pickup table funcs up to 0x0041ea30
pickup,0x0041ceb0,,span seed: Battlesport pickup.cpp refs 0x0041ccf0/0x0041d220/0x0041db60; pickup table funcs up to 0x0041ea30
pickup,0x0041cef0,,span seed: Battlesport pickup.cpp refs 0x0041ccf0/0x0041d220/0x0041db60; pickup table funcs up to 0x0041ea30
pickup,0x0041cf30,,span seed: Battlesport pickup.cpp refs 0x0041ccf0/0x0041d220/0x0041db60; pickup table funcs up to 0x0041ea30
pickup,0x0041cf50,,span seed: Battlesport pickup.cpp refs 0x0041ccf0/0x0041d220/0x0041db60; pickup table funcs up to 0x0041ea30
pickup,0x0041d0c0,,span seed: Battlesport pickup.cpp refs 0x0041ccf0/0x0041d220/0x0041db60; pickup table funcs up to 0x0041ea30
pickup,0x0041d220,,span seed: Battlesport pickup.cpp refs 0x0041ccf0/0x0041d220/0x0041db60; pickup table funcs up to 0x0041ea30
pickup,0x0041d650,,span seed: Battlesport pickup.cpp refs 0x0041ccf0/0x0041d220/0x0041db60; pickup table funcs up to 0x0041ea30
pickup,0x0041d8a0,,span seed: Battlesport pickup.cpp refs 0x0041ccf0/0x0041d220/0x0041db60; pickup table funcs up to 0x0041ea30
pickup,0x0041d920,,span seed: Battlesport pickup.cpp refs 0x0041ccf0/0x0041d220/0x0041db60; pickup table funcs up to 0x0041ea30
pickup,0x0041da20,,span seed: Battlesport pickup.cpp refs 0x0041ccf0/0x0041d220/0x0041db60; pickup table funcs up to 0x0041ea30
pickup,0x0041dab0,,span seed: Battlesport pickup.cpp refs 0x0041ccf0/0x0041d220/0x0041db60; pickup table funcs up to 0x0041ea30
pickup,0x0041db40,,span seed: Battlesport pickup.cpp refs 0x0041ccf0/0x0041d220/0x0041db60; pickup table funcs up to 0x0041ea30
pickup,0x0041db60,,span seed: Battlesport pickup.cpp refs 0x0041ccf0/0x0041d220/0x0041db60; pickup table funcs up to 0x0041ea30
pickup,0x0041dc30,,span seed: Battlesport pickup.cpp refs 0x0041ccf0/0x0041d220/0x0041db60; pickup table funcs up to 0x0041ea30
pickup,0x0041dc60,,span seed: Battlesport pickup.cpp refs 0x0041ccf0/0x0041d220/0x0041db60; pickup table funcs up to 0x0041ea30
pickup,0x0041dd60,,span seed: Battlesport pickup.cpp refs 0x0041ccf0/0x0041d220/0x0041db60; pickup table funcs up to 0x0041ea30
pickup,0x0041ddf0,,span seed: Battlesport pickup.cpp refs 0x0041ccf0/0x0041d220/0x0041db60; pickup table funcs up to 0x0041ea30
pickup,0x0041de30,,span seed: Battlesport pickup.cpp refs 0x0041ccf0/0x0041d220/0x0041db60; pickup table funcs up to 0x0041ea30
pickup,0x0041de70,,span seed: Battlesport pickup.cpp refs 0x0041ccf0/0x0041d220/0x0041db60; pickup table funcs up to 0x0041ea30
pickup,0x0041e1a0,,span seed: Battlesport pickup.cpp refs 0x0041ccf0/0x0041d220/0x0041db60; pickup table funcs up to 0x0041ea30
pickup,0x0041e1c0,,span seed: Battlesport pickup.cpp refs 0x0041ccf0/0x0041d220/0x0041db60; pickup table funcs up to 0x0041ea30
pickup,0x0041e1e0,,span seed: Battlesport pickup.cpp refs 0x0041ccf0/0x0041d220/0x0041db60; pickup table funcs up to 0x0041ea30
pickup,0x0041e240,,span seed: Battlesport pickup.cpp refs 0x0041ccf0/0x0041d220/0x0041db60; pickup table funcs up to 0x0041ea30
pickup,0x0041e270,,span seed: Battlesport pickup.cpp refs 0x0041ccf0/0x0041d220/0x0041db60; pickup table funcs up to 0x0041ea30
pickup,0x0041e2f0,,span seed: Battlesport pickup.cpp refs 0x0041ccf0/0x0041d220/0x0041db60; pickup table funcs up to 0x0041ea30
pickup,0x0041e330,,span seed: Battlesport pickup.cpp refs 0x0041ccf0/0x0041d220/0x0041db60; pickup table funcs up to 0x0041ea30
pickup,0x0041e430,,span seed: Battlesport pickup.cpp refs 0x0041ccf0/0x0041d220/0x0041db60; pickup table funcs up to 0x0041ea30
pickup,0x0041e480,,span seed: Battlesport pickup.cpp refs 0x0041ccf0/0x0041d220/0x0041db60; pickup table funcs up to 0x0041ea30
pickup,0x0041e540,,span seed: Battlesport pickup.cpp refs 0x0041ccf0/0x0041d220/0x0041db60; pickup table funcs up to 0x0041ea30
pickup,0x0041e5d0,,span seed: Battlesport pickup.cpp refs 0x0041ccf0/0x0041d220/0x0041db60; pickup table funcs up to 0x0041ea30
pickup,0x0041e6c0,,span seed: Battlesport pickup.cpp refs 0x0041ccf0/0x0041d220/0x0041db60; pickup table funcs up to 0x0041ea30
pickup,0x0041e780,,span seed: Battlesport pickup.cpp refs 0x0041ccf0/0x0041d220/0x0041db60; pickup table funcs up to 0x0041ea30
pickup,0x0041e840,,span seed: Battlesport pickup.cpp refs 0x0041ccf0/0x0041d220/0x0041db60; pickup table funcs up to 0x0041ea30
pickup,0x0041e890,,span seed: Battlesport pickup.cpp refs 0x0041ccf0/0x0041d220/0x0041db60; pickup table funcs up to 0x0041ea30
pickup,0x0041e900,,span seed: Battlesport pickup.cpp refs 0x0041ccf0/0x0041d220/0x0041db60; pickup table funcs up to 0x0041ea30
pickup,0x0041e930,,span seed: Battlesport pickup.cpp refs 0x0041ccf0/0x0041d220/0x0041db60; pickup table funcs up to 0x0041ea30
pickup,0x0041e950,,span seed: Battlesport pickup.cpp refs 0x0041ccf0/0x0041d220/0x0041db60; pickup table funcs up to 0x0041ea30
pickup,0x0041e960,,span seed: Battlesport pickup.cpp refs 0x0041ccf0/0x0041d220/0x0041db60; pickup table funcs up to 0x0041ea30
pickup,0x0041e970,,span seed: Battlesport pickup.cpp refs 0x0041ccf0/0x0041d220/0x0041db60; pickup table funcs up to 0x0041ea30
pickup,0x0041e980,,span seed: Battlesport pickup.cpp refs 0x0041ccf0/0x0041d220/0x0041db60; pickup table funcs up to 0x0041ea30
pickup,0x0041ea00,,span seed: Battlesport pickup.cpp refs 0x0041ccf0/0x0041d220/0x0041db60; pickup table funcs up to 0x0041ea30
pickup,0x0041ea30,,span seed: Battlesport pickup.cpp refs 0x0041ccf0/0x0041d220/0x0041db60; pickup table funcs up to 0x0041ea30
player,0x0041eb00,,span seed: after pickup.cpp (0x0041ea30) to 0x004236b0; player.cpp refs 0x0041f1d0/0x0041fe90/0x00420d10/0x00421470
player,0x0041eb10,,span seed: after pickup.cpp (0x0041ea30) to 0x004236b0; player.cpp refs 0x0041f1d0/0x0041fe90/0x00420d10/0x00421470
player,0x0041eb60,,span seed: after pickup.cpp (0x0041ea30) to 0x004236b0; player.cpp refs 0x0041f1d0/0x0041fe90/0x00420d10/0x00421470
player,0x0041eb70,,span seed: after pickup.cpp (0x0041ea30) to 0x004236b0; player.cpp refs 0x0041f1d0/0x0041fe90/0x00420d10/0x00421470
player,0x0041ec40,,span seed: after pickup.cpp (0x0041ea30) to 0x004236b0; player.cpp refs 0x0041f1d0/0x0041fe90/0x00420d10/0x00421470
player,0x0041ec60,,span seed: after pickup.cpp (0x0041ea30) to 0x004236b0; player.cpp refs 0x0041f1d0/0x0041fe90/0x00420d10/0x00421470
player,0x0041ec90,,span seed: after pickup.cpp (0x0041ea30) to 0x004236b0; player.cpp refs 0x0041f1d0/0x0041fe90/0x00420d10/0x00421470
player,0x0041ecb0,,span seed: after pickup.cpp (0x0041ea30) to 0x004236b0; player.cpp refs 0x0041f1d0/0x0041fe90/0x00420d10/0x00421470
player,0x0041ecd0,,span seed: after pickup.cpp (0x0041ea30) to 0x004236b0; player.cpp refs 0x0041f1d0/0x0041fe90/0x00420d10/0x00421470
player,0x0041ef40,,span seed: after pickup.cpp (0x0041ea30) to 0x004236b0; player.cpp refs 0x0041f1d0/0x0041fe90/0x00420d10/0x00421470
player,0x0041ef60,,span seed: after pickup.cpp (0x0041ea30) to 0x004236b0; player.cpp refs 0x0041f1d0/0x0041fe90/0x00420d10/0x00421470
player,0x0041efa0,,span seed: after pickup.cpp (0x0041ea30) to 0x004236b0; player.cpp refs 0x0041f1d0/0x0041fe90/0x00420d10/0x00421470
player,0x0041f010,,span seed: after pickup.cpp (0x0041ea30) to 0x004236b0; player.cpp refs 0x0041f1d0/0x0041fe90/0x00420d10/0x00421470
player,0x0041f1d0,,span seed: after pickup.cpp (0x0041ea30) to 0x004236b0; player.cpp refs 0x0041f1d0/0x0041fe90/0x00420d10/0x00421470
player,0x0041f5b0,,span seed: after pickup.cpp (0x0041ea30) to 0x004236b0; player.cpp refs 0x0041f1d0/0x0041fe90/0x00420d10/0x00421470
player,0x0041f5f0,,span seed: after pickup.cpp (0x0041ea30) to 0x004236b0; player.cpp refs 0x0041f1d0/0x0041fe90/0x00420d10/0x00421470
player,0x0041f6a0,,span seed: after pickup.cpp (0x0041ea30) to 0x004236b0; player.cpp refs 0x0041f1d0/0x0041fe90/0x00420d10/0x00421470
player,0x0041fb80,,span seed: after pickup.cpp (0x0041ea30) to 0x004236b0; player.cpp refs 0x0041f1d0/0x0041fe90/0x00420d10/0x00421470
player,0x0041fd20,,span seed: after pickup.cpp (0x0041ea30) to 0x004236b0; player.cpp refs 0x0041f1d0/0x0041fe90/0x00420d10/0x00421470
player,0x0041fe40,,span seed: after pickup.cpp (0x0041ea30) to 0x004236b0; player.cpp refs 0x0041f1d0/0x0041fe90/0x00420d10/0x00421470
player,0x0041fe50,,span seed: after pickup.cpp (0x0041ea30) to 0x004236b0; player.cpp refs 0x0041f1d0/0x0041fe90/0x00420d10/0x00421470
player,0x0041fe90,,span seed: after pickup.cpp (0x0041ea30) to 0x004236b0; player.cpp refs 0x0041f1d0/0x0041fe90/0x00420d10/0x00421470
player,0x00420be0,,span seed: after pickup.cpp (0x0041ea30) to 0x004236b0; player.cpp refs 0x0041f1d0/0x0041fe90/0x00420d10/0x00421470
player,0x00420c60,,span seed: after pickup.cpp (0x0041ea30) to 0x004236b0; player.cpp refs 0x0041f1d0/0x0041fe90/0x00420d10/0x00421470
player,0x00420d10,,span seed: after pickup.cpp (0x0041ea30) to 0x004236b0; player.cpp refs 0x0041f1d0/0x0041fe90/0x00420d10/0x00421470
player,0x00421470,,span seed: after pickup.cpp (0x0041ea30) to 0x004236b0; player.cpp refs 0x0041f1d0/0x0041fe90/0x00420d10/0x00421470
player,0x00421790,,span seed: after pickup.cpp (0x0041ea30) to 0x004236b0; player.cpp refs 0x0041f1d0/0x0041fe90/0x00420d10/0x00421470
player,0x00421830,,span seed: after pickup.cpp (0x0041ea30) to 0x004236b0; player.cpp refs 0x0041f1d0/0x0041fe90/0x00420d10/0x00421470
player,0x00421a40,,span seed: after pickup.cpp (0x0041ea30) to 0x004236b0; player.cpp refs 0x0041f1d0/0x0041fe90/0x00420d10/0x00421470
player,0x00421ab0,,span seed: after pickup.cpp (0x0041ea30) to 0x004236b0; player.cpp refs 0x0041f1d0/0x0041fe90/0x00420d10/0x00421470
player,0x00421d60,,span seed: after pickup.cpp (0x0041ea30) to 0x004236b0; player.cpp refs 0x0041f1d0/0x0041fe90/0x00420d10/0x00421470
player,0x00421da0,,span seed: after pickup.cpp (0x0041ea30) to 0x004236b0; player.cpp refs 0x0041f1d0/0x0041fe90/0x00420d10/0x00421470
player,0x00421de0,,span seed: after pickup.cpp (0x0041ea30) to 0x004236b0; player.cpp refs 0x0041f1d0/0x0041fe90/0x00420d10/0x00421470
player,0x00421e20,,span seed: after pickup.cpp (0x0041ea30) to 0x004236b0; player.cpp refs 0x0041f1d0/0x0041fe90/0x00420d10/0x00421470
player,0x00421ea0,,span seed: after pickup.cpp (0x0041ea30) to 0x004236b0; player.cpp refs 0x0041f1d0/0x0041fe90/0x00420d10/0x00421470
player,0x00421ed0,,span seed: after pickup.cpp (0x0041ea30) to 0x004236b0; player.cpp refs 0x0041f1d0/0x0041fe90/0x00420d10/0x00421470
player,0x004220f0,,span seed: after pickup.cpp (0x0041ea30) to 0x004236b0; player.cpp refs 0x0041f1d0/0x0041fe90/0x00420d10/0x00421470
player,0x00422170,,span seed: after pickup.cpp (0x0041ea30) to 0x004236b0; player.cpp refs 0x0041f1d0/0x0041fe90/0x00420d10/0x00421470
player,0x004226d0,,span seed: after pickup.cpp (0x0041ea30) to 0x004236b0; player.cpp refs 0x0041f1d0/0x0041fe90/0x00420d10/0x00421470
player,0x00423150,,span seed: after pickup.cpp (0x0041ea30) to 0x004236b0; player.cpp refs 0x0041f1d0/0x0041fe90/0x00420d10/0x00421470
player,0x004231b0,,span seed: after pickup.cpp (0x0041ea30) to 0x004236b0; player.cpp refs 0x0041f1d0/0x0041fe90/0x00420d10/0x00421470
player,0x00423380,,span seed: after pickup.cpp (0x0041ea30) to 0x004236b0; player.cpp refs 0x0041f1d0/0x0041fe90/0x00420d10/0x00421470
player,0x004233b0,,span seed: after pickup.cpp (0x0041ea30) to 0x004236b0; player.cpp refs 0x0041f1d0/0x0041fe90/0x00420d10/0x00421470
player,0x00423400,,span seed: after pickup.cpp (0x0041ea30) to 0x004236b0; player.cpp refs 0x0041f1d0/0x0041fe90/0x00420d10/0x00421470
player,0x00423460,,span seed: after pickup.cpp (0x0041ea30) to 0x004236b0; player.cpp refs 0x0041f1d0/0x0041fe90/0x00420d10/0x00421470
player,0x00423530,,span seed: after pickup.cpp (0x0041ea30) to 0x004236b0; player.cpp refs 0x0041f1d0/0x0041fe90/0x00420d10/0x00421470
player,0x004236b0,,span seed: after pickup.cpp (0x0041ea30) to 0x004236b0; player.cpp refs 0x0041f1d0/0x0041fe90/0x00420d10/0x00421470
player,0x00423b10,,bound extension 2026-09-24: unowned fns after Vehicle_SweepCollisionPoints up to 0x00425a20; include the controller handlers dispatched by Vehicle_UpdateControllers and the sweep callees
player,0x00423c20,,bound extension 2026-09-24: unowned fns after Vehicle_SweepCollisionPoints up to 0x00425a20; include the controller handlers dispatched by Vehicle_UpdateControllers and the sweep callees
player,0x00423fc0,,bound extension 2026-09-24: unowned fns after Vehicle_SweepCollisionPoints up to 0x00425a20; include the controller handlers dispatched by Vehicle_UpdateControllers and the sweep callees
player,0x00424010,,bound extension 2026-09-24: unowned fns after Vehicle_SweepCollisionPoints up to 0x00425a20; include the controller handlers dispatched by Vehicle_UpdateControllers and the sweep callees
player,0x00424110,,bound extension 2026-09-24: unowned fns after Vehicle_SweepCollisionPoints up to 0x00425a20; include the controller handlers dispatched by Vehicle_UpdateControllers and the sweep callees
player,0x00424150,,bound extension 2026-09-24: unowned fns after Vehicle_SweepCollisionPoints up to 0x00425a20; include the controller handlers dispatched by Vehicle_UpdateControllers and the sweep callees
player,0x00424210,,bound extension 2026-09-24: unowned fns after Vehicle_SweepCollisionPoints up to 0x00425a20; include the controller handlers dispatched by Vehicle_UpdateControllers and the sweep callees
player,0x00424270,,bound extension 2026-09-24: unowned fns after Vehicle_SweepCollisionPoints up to 0x00425a20; include the controller handlers dispatched by Vehicle_UpdateControllers and the sweep callees
player,0x004248e0,,bound extension 2026-09-24: unowned fns after Vehicle_SweepCollisionPoints up to 0x00425a20; include the controller handlers dispatched by Vehicle_UpdateControllers and the sweep callees
player,0x00424ac0,,bound extension 2026-09-24: unowned fns after Vehicle_SweepCollisionPoints up to 0x00425a20; include the controller handlers dispatched by Vehicle_UpdateControllers and the sweep callees
player,0x00424bf0,,bound extension 2026-09-24: unowned fns after Vehicle_SweepCollisionPoints up to 0x00425a20; include the controller handlers dispatched by Vehicle_UpdateControllers and the sweep callees
player,0x00424c90,,bound extension 2026-09-24: unowned fns after Vehicle_SweepCollisionPoints up to 0x00425a20; include the controller handlers dispatched by Vehicle_UpdateControllers and the sweep callees
player,0x00424d00,,bound extension 2026-09-24: unowned fns after Vehicle_SweepCollisionPoints up to 0x00425a20; include the controller handlers dispatched by Vehicle_UpdateControllers and the sweep callees
player,0x00424ed0,,bound extension 2026-09-24: unowned fns after Vehicle_SweepCollisionPoints up to 0x00425a20; include the controller handlers dispatched by Vehicle_UpdateControllers and the sweep callees
player,0x00425060,,bound extension 2026-09-24: unowned fns after Vehicle_SweepCollisionPoints up to 0x00425a20; include the controller handlers dispatched by Vehicle_UpdateControllers and the sweep callees
player,0x00425150,,bound extension 2026-09-24: unowned fns after Vehicle_SweepCollisionPoints up to 0x00425a20; include the controller handlers dispatched by Vehicle_UpdateControllers and the sweep callees
player,0x004251f0,,bound extension 2026-09-24: unowned fns after Vehicle_SweepCollisionPoints up to 0x00425a20; include the controller handlers dispatched by Vehicle_UpdateControllers and the sweep callees
player,0x00425770,,bound extension 2026-09-24: unowned fns after Vehicle_SweepCollisionPoints up to 0x00425a20; include the controller handlers dispatched by Vehicle_UpdateControllers and the sweep callees
player,0x00425920,,bound extension 2026-09-24: unowned fns after Vehicle_SweepCollisionPoints up to 0x00425a20; include the controller handlers dispatched by Vehicle_UpdateControllers and the sweep callees
player,0x00425a20,,bound extension 2026-09-24: unowned fns after Vehicle_SweepCollisionPoints up to 0x00425a20; include the controller handlers dispatched by Vehicle_UpdateControllers and the sweep callees
turret,0x00436630,,span seed: turret.cpp refs 0x00437ac0; Turret_* names 0x00436630..0x00437dc0; fader/tween helpers to 0x004381d0
turret,0x004367a0,,span seed: turret.cpp refs 0x00437ac0; Turret_* names 0x00436630..0x00437dc0; fader/tween helpers to 0x004381d0
turret,0x00436e00,,span seed: turret.cpp refs 0x00437ac0; Turret_* names 0x00436630..0x00437dc0; fader/tween helpers to 0x004381d0
turret,0x00436e20,,span seed: turret.cpp refs 0x00437ac0; Turret_* names 0x00436630..0x00437dc0; fader/tween helpers to 0x004381d0
turret,0x00436e40,,span seed: turret.cpp refs 0x00437ac0; Turret_* names 0x00436630..0x00437dc0; fader/tween helpers to 0x004381d0
turret,0x00437430,,span seed: turret.cpp refs 0x00437ac0; Turret_* names 0x00436630..0x00437dc0; fader/tween helpers to 0x004381d0
turret,0x004374a0,,span seed: turret.cpp refs 0x00437ac0; Turret_* names 0x00436630..0x00437dc0; fader/tween helpers to 0x004381d0
turret,0x00437730,,span seed: turret.cpp refs 0x00437ac0; Turret_* names 0x00436630..0x00437dc0; fader/tween helpers to 0x004381d0
turret,0x00437820,,span seed: turret.cpp refs 0x00437ac0; Turret_* names 0x00436630..0x00437dc0; fader/tween helpers to 0x004381d0
turret,0x00437990,,span seed: turret.cpp refs 0x00437ac0; Turret_* names 0x00436630..0x00437dc0; fader/tween helpers to 0x004381d0
turret,0x004379f0,,span seed: turret.cpp refs 0x00437ac0; Turret_* names 0x00436630..0x00437dc0; fader/tween helpers to 0x004381d0
turret,0x00437aa0,,span seed: turret.cpp refs 0x00437ac0; Turret_* names 0x00436630..0x00437dc0; fader/tween helpers to 0x004381d0
turret,0x00437ab0,,span seed: turret.cpp refs 0x00437ac0; Turret_* names 0x00436630..0x00437dc0; fader/tween helpers to 0x004381d0
turret,0x00437ac0,,span seed: turret.cpp refs 0x00437ac0; Turret_* names 0x00436630..0x00437dc0; fader/tween helpers to 0x004381d0
turret,0x00437d40,,span seed: turret.cpp refs 0x00437ac0; Turret_* names 0x00436630..0x00437dc0; fader/tween helpers to 0x004381d0
turret,0x00437d50,,span seed: turret.cpp refs 0x00437ac0; Turret_* names 0x00436630..0x00437dc0; fader/tween helpers to 0x004381d0
turret,0x00437d60,,span seed: turret.cpp refs 0x00437ac0; Turret_* names 0x00436630..0x00437dc0; fader/tween helpers to 0x004381d0
turret,0x00437dc0,,span seed: turret.cpp refs 0x00437ac0; Turret_* names 0x00436630..0x00437dc0; fader/tween helpers to 0x004381d0
turret,0x00437e60,,span seed: turret.cpp refs 0x00437ac0; Turret_* names 0x00436630..0x00437dc0; fader/tween helpers to 0x004381d0
turret,0x00437ea0,,span seed: turret.cpp refs 0x00437ac0; Turret_* names 0x00436630..0x00437dc0; fader/tween helpers to 0x004381d0
turret,0x00438020,,span seed: turret.cpp refs 0x00437ac0; Turret_* names 0x00436630..0x00437dc0; fader/tween helpers to 0x004381d0
turret,0x00438180,,span seed: turret.cpp refs 0x00437ac0; Turret_* names 0x00436630..0x00437dc0; fader/tween helpers to 0x004381d0
turret,0x004381d0,,span seed: turret.cpp refs 0x00437ac0; Turret_* names 0x00436630..0x00437dc0; fader/tween helpers to 0x004381d0
ai_net,0x00402080,,address range 0x00402080..0x00403870 bracketed by ai_net.cpp string 0x004da1e8 users and NetGraph_FreeAll
ai_net,0x00402090,,address range 0x00402080..0x00403870 bracketed by ai_net.cpp string 0x004da1e8 users and NetGraph_FreeAll
ai_net,0x00402170,,address range 0x00402080..0x00403870 bracketed by ai_net.cpp string 0x004da1e8 users and NetGraph_FreeAll
ai_net,0x00402250,,address range 0x00402080..0x00403870 bracketed by ai_net.cpp string 0x004da1e8 users and NetGraph_FreeAll
ai_net,0x004024a0,,address range 0x00402080..0x00403870 bracketed by ai_net.cpp string 0x004da1e8 users and NetGraph_FreeAll
ai_net,0x004026d0,,address range 0x00402080..0x00403870 bracketed by ai_net.cpp string 0x004da1e8 users and NetGraph_FreeAll
ai_net,0x004028c0,,address range 0x00402080..0x00403870 bracketed by ai_net.cpp string 0x004da1e8 users and NetGraph_FreeAll
ai_net,0x00402b70,,address range 0x00402080..0x00403870 bracketed by ai_net.cpp string 0x004da1e8 users and NetGraph_FreeAll
ai_net,0x00402be0,,address range 0x00402080..0x00403870 bracketed by ai_net.cpp string 0x004da1e8 users and NetGraph_FreeAll
ai_net,0x00402d60,,address range 0x00402080..0x00403870 bracketed by ai_net.cpp string 0x004da1e8 users and NetGraph_FreeAll
ai_net,0x00402f10,,address range 0x00402080..0x00403870 bracketed by ai_net.cpp string 0x004da1e8 users and NetGraph_FreeAll
ai_net,0x00402f60,,address range 0x00402080..0x00403870 bracketed by ai_net.cpp string 0x004da1e8 users and NetGraph_FreeAll
ai_net,0x00402fd0,,address range 0x00402080..0x00403870 bracketed by ai_net.cpp string 0x004da1e8 users and NetGraph_FreeAll
ai_net,0x00402ff0,,address range 0x00402080..0x00403870 bracketed by ai_net.cpp string 0x004da1e8 users and NetGraph_FreeAll
ai_net,0x00403040,,address range 0x00402080..0x00403870 bracketed by ai_net.cpp string 0x004da1e8 users and NetGraph_FreeAll
ai_net,0x00403510,,address range 0x00402080..0x00403870 bracketed by ai_net.cpp string 0x004da1e8 users and NetGraph_FreeAll
ai_net,0x00403530,,address range 0x00402080..0x00403870 bracketed by ai_net.cpp string 0x004da1e8 users and NetGraph_FreeAll
ai_net,0x00403550,,address range 0x00402080..0x00403870 bracketed by ai_net.cpp string 0x004da1e8 users and NetGraph_FreeAll
ai_net,0x00403620,,address range 0x00402080..0x00403870 bracketed by ai_net.cpp string 0x004da1e8 users and NetGraph_FreeAll
ai_net,0x004036f0,,address range 0x00402080..0x00403870 bracketed by ai_net.cpp string 0x004da1e8 users and NetGraph_FreeAll
ai_net,0x00403750,,address range 0x00402080..0x00403870 bracketed by ai_net.cpp string 0x004da1e8 users and NetGraph_FreeAll
ai_net,0x004037c0,,address range 0x00402080..0x00403870 bracketed by ai_net.cpp string 0x004da1e8 users and NetGraph_FreeAll
ai_net,0x00403800,,address range 0x00402080..0x00403870 bracketed by ai_net.cpp string 0x004da1e8 users and NetGraph_FreeAll
ai_net,0x00403830,,address range 0x00402080..0x00403870 bracketed by ai_net.cpp string 0x004da1e8 users and NetGraph_FreeAll
ai_net,0x00403870,,address range 0x00402080..0x00403870 bracketed by ai_net.cpp string 0x004da1e8 users and NetGraph_FreeAll
menus,0x00401000,,"CDialog ctor (id 0x67, vtbl 0x004cc738); not AI - moved from ai_net"
ai_net,0x00401060,,extended: 0x00401000..0x00402070 uses AI vehicle fields +0xf78/+0xf80/+0xf84 (seen in 0x00401180) and is called by ai_net route code
ai_net,0x00401180,,extended: 0x00401000..0x00402070 uses AI vehicle fields +0xf78/+0xf80/+0xf84 (seen in 0x00401180) and is called by ai_net route code
ai_net,0x00401420,,extended: 0x00401000..0x00402070 uses AI vehicle fields +0xf78/+0xf80/+0xf84 (seen in 0x00401180) and is called by ai_net route code
ai_net,0x00401580,,extended: 0x00401000..0x00402070 uses AI vehicle fields +0xf78/+0xf80/+0xf84 (seen in 0x00401180) and is called by ai_net route code
ai_net,0x004016a0,,extended: 0x00401000..0x00402070 uses AI vehicle fields +0xf78/+0xf80/+0xf84 (seen in 0x00401180) and is called by ai_net route code
ai_net,0x00401710,,extended: 0x00401000..0x00402070 uses AI vehicle fields +0xf78/+0xf80/+0xf84 (seen in 0x00401180) and is called by ai_net route code
ai_net,0x00401970,,extended: 0x00401000..0x00402070 uses AI vehicle fields +0xf78/+0xf80/+0xf84 (seen in 0x00401180) and is called by ai_net route code
ai_net,0x00401a40,,extended: 0x00401000..0x00402070 uses AI vehicle fields +0xf78/+0xf80/+0xf84 (seen in 0x00401180) and is called by ai_net route code
ai_net,0x00401ab0,,extended: 0x00401000..0x00402070 uses AI vehicle fields +0xf78/+0xf80/+0xf84 (seen in 0x00401180) and is called by ai_net route code
ai_net,0x00401b20,,extended: 0x00401000..0x00402070 uses AI vehicle fields +0xf78/+0xf80/+0xf84 (seen in 0x00401180) and is called by ai_net route code
ai_net,0x00401c00,,extended: 0x00401000..0x00402070 uses AI vehicle fields +0xf78/+0xf80/+0xf84 (seen in 0x00401180) and is called by ai_net route code
ai_net,0x00401c60,,extended: 0x00401000..0x00402070 uses AI vehicle fields +0xf78/+0xf80/+0xf84 (seen in 0x00401180) and is called by ai_net route code
ai_net,0x00401d50,,extended: 0x00401000..0x00402070 uses AI vehicle fields +0xf78/+0xf80/+0xf84 (seen in 0x00401180) and is called by ai_net route code
ai_net,0x00401e50,,extended: 0x00401000..0x00402070 uses AI vehicle fields +0xf78/+0xf80/+0xf84 (seen in 0x00401180) and is called by ai_net route code
ai_net,0x00401f60,,extended: 0x00401000..0x00402070 uses AI vehicle fields +0xf78/+0xf80/+0xf84 (seen in 0x00401180) and is called by ai_net route code
vehicle,0x00426330,,"assigned by confirmed function name/notes (ledger), not by address neighbour"
vehicle,0x00426390,,"assigned by confirmed function name/notes (ledger), not by address neighbour"
vehicle,0x004290f0,,"assigned by confirmed function name/notes (ledger), not by address neighbour"
vehicle,0x0042ac90,,"assigned by confirmed function name/notes (ledger), not by address neighbour"
vehicle,0x0042aeb0,,"assigned by confirmed function name/notes (ledger), not by address neighbour"
vehicle,0x0042b0f0,,"assigned by confirmed function name/notes (ledger), not by address neighbour"
vehicle,0x0042b2a0,,"assigned by confirmed function name/notes (ledger), not by address neighbour"
vehicle,0x0042b520,,"assigned by confirmed function name/notes (ledger), not by address neighbour"
vehicle,0x0042b8c0,,"assigned by confirmed function name/notes (ledger), not by address neighbour"
vehicle,0x0042bab0,,"assigned by confirmed function name/notes (ledger), not by address neighbour"
weapon,0x004383e0,,"assigned by confirmed function name/notes (ledger), not by address neighbour"
weapon,0x00438430,,"assigned by confirmed function name/notes (ledger), not by address neighbour"
weapon,0x004384e0,,"assigned by confirmed function name/notes (ledger), not by address neighbour"
weapon,0x004385f0,,"assigned by confirmed function name/notes (ledger), not by address neighbour"
weapon,0x00438b60,,"assigned by confirmed function name/notes (ledger), not by address neighbour"
weapon,0x00438ba0,,"assigned by confirmed function name/notes (ledger), not by address neighbour"
weapon,0x004390d0,,"assigned by confirmed function name/notes (ledger), not by address neighbour"
weapon,0x00439260,,"assigned by confirmed function name/notes (ledger), not by address neighbour"
weapon,0x00439460,,"assigned by confirmed function name/notes (ledger), not by address neighbour"
weapon,0x00439540,,"assigned by confirmed function name/notes (ledger), not by address neighbour"
weapon,0x00439600,,"assigned by confirmed function name/notes (ledger), not by address neighbour"
turret,0x00438a90,,"assigned by confirmed function name/notes (ledger), not by address neighbour"
turret,0x00438b10,,"assigned by confirmed function name/notes (ledger), not by address neighbour"
player,0x0042aa40,,"assigned by confirmed function name/notes (ledger), not by address neighbour"
player,0x0043b660,,"assigned by confirmed function name/notes (ledger), not by address neighbour"
sound,0x0042bf40,,"assigned by confirmed function name/notes (ledger), not by address neighbour"
mission,0x0042ecb0,,"assigned by confirmed function name/notes (ledger), not by address neighbour"
camera,0x00404e90,,"camera-mode dispatch by [q+0x58c] (1..7), writes camera dir +0x574/+0x580"
settings,0x00407f10,,assigned by confirmed-name prefix Settings
settings,0x00407f20,,assigned by confirmed-name prefix Settings
settings,0x00408340,,assigned by confirmed-name prefix Settings
view,0x00408500,,assigned by confirmed-name prefix Viewport0
view,0x00408530,,assigned by confirmed-name prefix Viewport0
view,0x00408570,,assigned by confirmed-name prefix Viewport0
view,0x004085b0,,assigned by confirmed-name prefix Viewport1
view,0x004085e0,,assigned by confirmed-name prefix Viewport1
view,0x00408620,,assigned by confirmed-name prefix Viewport1
settings,0x004086c0,,assigned by confirmed-name prefix Settings
vehicle,0x0041b950,,assigned by confirmed-name prefix Vehicle
vehicle,0x004266b0,,assigned by confirmed-name prefix Vehicle
vehicle,0x0042aa50,,assigned by confirmed-name prefix Vehicle
vehicle,0x0042b4a0,,assigned by confirmed-name prefix Vehicle
vehicle,0x0042b4c0,,assigned by confirmed-name prefix Vehicle
vehicle,0x0042b5a0,,assigned by confirmed-name prefix Copters
vehicle,0x0042b630,,assigned by confirmed-name prefix Copters
input,0x0042fa80,,assigned by confirmed-name prefix ForceFeedback
input,0x0042fb50,,assigned by confirmed-name prefix ForceFeedback
vehicle,0x00438540,,assigned by confirmed-name prefix Vehicle
weapon,0x004385a0,,assigned by confirmed-name prefix PlayerEntry
weapon,0x00438630,,assigned by confirmed-name prefix PlayerEntry
weapon,0x00438660,,assigned by confirmed-name prefix PlayerEntry
vehicle,0x004386c0,,assigned by confirmed-name prefix Vehicle
vehicle,0x00439990,,assigned by confirmed-name prefix Vehicle
vehicle,0x004399c0,,assigned by confirmed-name prefix Vehicle
weapon,0x00439ba0,,assigned by confirmed-name prefix Weapon
weapon,0x0043a600,,assigned by confirmed-name prefix Weapon
weapon,0x0043a980,,assigned by confirmed-name prefix Weapon
math3d,0x0043b500,,assigned by confirmed-name prefix Vec3
vehicle,0x0043b5d0,,assigned by confirmed-name prefix Vehicle
weapon,0x0043c630,,assigned by confirmed-name prefix Weapon
weapon,0x0043c660,,assigned by confirmed-name prefix Weapon
weapon,0x0043ca90,,assigned by confirmed-name prefix Weapon
collision,0x00443c70,,assigned by confirmed-name prefix Collision
collision,0x00444de0,,assigned by confirmed-name prefix Collision
collision,0x00446a80,,assigned by confirmed-name prefix Collision
zclass_nodes,0x0044f690,,assigned by confirmed-name prefix NodeList
zclass_nodes,0x0044f6f0,,assigned by confirmed-name prefix NodeList
zclass_nodes,0x0044f740,,assigned by confirmed-name prefix NodeList
zclass_nodes,0x00451a60,,assigned by confirmed-name prefix gwNode
zclass_nodes,0x00452500,,assigned by confirmed-name prefix gwNode
zclass_nodes,0x00452560,,assigned by confirmed-name prefix Node
render_frame,0x00452650,,assigned by confirmed-name prefix Render
zclass_nodes,0x00452770,,assigned by confirmed-name prefix Node
zclass_nodes,0x004527f0,,assigned by confirmed-name prefix gwNode
zclass_nodes,0x00452810,,assigned by confirmed-name prefix gwNode
zclass_nodes,0x00452860,,assigned by confirmed-name prefix Node
input,0x00470150,,assigned by confirmed-name prefix Input
input,0x004717d0,,assigned by confirmed-name prefix Input
input,0x00471de0,,assigned by confirmed-name prefix Input
math3d,0x00472670,,assigned by confirmed-name prefix Vec3
math3d,0x004726d0,,assigned by confirmed-name prefix Vec3
math3d,0x00472730,,assigned by confirmed-name prefix Vec3
math3d,0x00472770,,assigned by confirmed-name prefix Vec3
math3d,0x004727a0,,assigned by confirmed-name prefix Vec3
math3d,0x00472860,,assigned by confirmed-name prefix Vec3
math3d,0x004729b0,,assigned by confirmed-name prefix Vec3
math3d,0x00472a10,,assigned by confirmed-name prefix Vec3
render_frame,0x00475c40,,assigned by confirmed-name prefix Render
render_frame,0x00475e70,,assigned by confirmed-name prefix Render
render_frame,0x00476030,,assigned by confirmed-name prefix RenderState
render_frame,0x00476040,,assigned by confirmed-name prefix RenderState
render_frame,0x00476070,,assigned by confirmed-name prefix RenderState
render_frame,0x00476080,,assigned by confirmed-name prefix RenderState
render_frame,0x00476120,,assigned by confirmed-name prefix RenderInset
render_frame,0x00476190,,assigned by confirmed-name prefix RenderState
render_frame,0x004761e0,,assigned by confirmed-name prefix RenderState
render_frame,0x00476220,,assigned by confirmed-name prefix RenderState
render_frame,0x00476260,,assigned by confirmed-name prefix RenderState
render_frame,0x004762a0,,assigned by confirmed-name prefix RenderState
render_frame,0x004762b0,,assigned by confirmed-name prefix RenderState
render_frame,0x004762c0,,assigned by confirmed-name prefix RenderState
render_frame,0x004762f0,,assigned by confirmed-name prefix RenderState
render_frame,0x00476400,,assigned by confirmed-name prefix Render
render_frame,0x00476480,,assigned by confirmed-name prefix Render
render_frame,0x004766a0,,assigned by confirmed-name prefix Render
render_frame,0x00478c70,,assigned by confirmed-name prefix Render
collision,0x00479c80,,assigned by confirmed-name prefix Collision
render_frame,0x00479f90,,assigned by confirmed-name prefix RenderInset
render_frame,0x0048d7a0,,assigned by confirmed-name prefix Backend
render_frame,0x00490340,,assigned by confirmed-name prefix zRndr
render_frame,0x00490430,,assigned by confirmed-name prefix zRndr
render_frame,0x00490480,,assigned by confirmed-name prefix zRndr
render_frame,0x004904a0,,assigned by confirmed-name prefix zRndr
render_frame,0x004904d0,,assigned by confirmed-name prefix zRndr
render_frame,0x00490590,,assigned by confirmed-name prefix zRndr
render_frame,0x00490600,,assigned by confirmed-name prefix zRndr
render_frame,0x00490710,,assigned by confirmed-name prefix zRndr
rasteriser,0x00499930,,assigned by confirmed-name prefix Raster
rasteriser,0x00499990,,assigned by confirmed-name prefix Raster
rasteriser,0x00499a00,,assigned by confirmed-name prefix Raster
render_frame,0x0049a2b0,,assigned by confirmed-name prefix Backend
render_frame,0x0049a490,,assigned by confirmed-name prefix Backend
render_frame,0x0049a8b0,,assigned by confirmed-name prefix Backend
render_frame,0x0049a920,,assigned by confirmed-name prefix Backend
render_frame,0x0049a9c0,,assigned by confirmed-name prefix Backend
render_frame,0x0049aa30,,assigned by confirmed-name prefix Backend
render_frame,0x0049aa90,,assigned by confirmed-name prefix Render
render_frame,0x0049afb0,,assigned by confirmed-name prefix Backend
render_frame,0x0049b1a0,,assigned by confirmed-name prefix Backend
sound,0x004a5440,,assigned by confirmed-name prefix SoundFile
sound,0x004a5540,,assigned by confirmed-name prefix SoundFile
sound,0x004a55c0,,assigned by confirmed-name prefix SoundFile
sound,0x004a5600,,assigned by confirmed-name prefix SoundFile
asset_io,0x004a6190,,assigned by confirmed-name prefix ZarArchive
asset_io,0x004a61b0,,assigned by confirmed-name prefix ZarArchive
asset_io,0x004a62b0,,assigned by confirmed-name prefix ZarArchive
savegame,0x004c0010,,assigned by confirmed-name prefix SaveGame
savegame,0x004c0070,,assigned by confirmed-name prefix SaveGame
savegame,0x004c0080,,assigned by confirmed-name prefix SaveGame
savegame,0x004c00a0,,assigned by confirmed-name prefix SaveGame
camera,0x00405040,,assigned by confirmed-name prefix
camera,0x004057d0,,assigned by confirmed-name prefix
camera,0x00405870,,assigned by confirmed-name prefix
camera,0x004059a0,,assigned by confirmed-name prefix
camera,0x004063f0,,assigned by confirmed-name prefix
camera,0x00406470,,assigned by confirmed-name prefix
camera,0x00406610,,assigned by confirmed-name prefix
view,0x004083d0,,assigned by confirmed-name prefix
view,0x00408400,,assigned by confirmed-name prefix
view,0x00408480,,assigned by confirmed-name prefix
mapscreen,0x00415650,,assigned by confirmed-name prefix
mapscreen,0x00415ae0,,assigned by confirmed-name prefix
mapscreen,0x00415b70,,assigned by confirmed-name prefix
mapscreen,0x00416650,,assigned by confirmed-name prefix
mapscreen,0x004167a0,,assigned by confirmed-name prefix
mapscreen,0x004169d0,,assigned by confirmed-name prefix
mapscreen,0x00416b30,,assigned by confirmed-name prefix
mapscreen,0x00417130,,assigned by confirmed-name prefix
mapscreen,0x00417220,,assigned by confirmed-name prefix
vehicle,0x0041bab0,,assigned by confirmed-name prefix
vehicle,0x00427140,,assigned by confirmed-name prefix
vehicle,0x004279f0,,assigned by confirmed-name prefix
vehicle,0x00428120,,assigned by confirmed-name prefix
vehicle,0x00428520,,assigned by confirmed-name prefix
input,0x0042f9f0,,assigned by confirmed-name prefix
input,0x0042fdc0,,assigned by confirmed-name prefix
net,0x00431c50,,assigned by confirmed-name prefix
net,0x00431dd0,,assigned by confirmed-name prefix
net,0x00432300,,assigned by confirmed-name prefix
net,0x00432d60,,assigned by confirmed-name prefix
net,0x004330f0,,assigned by confirmed-name prefix
net,0x00433730,,assigned by confirmed-name prefix
net,0x00433e40,,assigned by confirmed-name prefix
net,0x00433e70,,assigned by confirmed-name prefix
net,0x00433ea0,,assigned by confirmed-name prefix
vehicle,0x00438690,,assigned by confirmed-name prefix
vehicle,0x00439b20,,assigned by confirmed-name prefix
weapon,0x0043a400,,assigned by confirmed-name prefix
weapon,0x0043a4f0,,assigned by confirmed-name prefix
weapon,0x0043a900,,assigned by confirmed-name prefix
weapon,0x0043b1b0,,assigned by confirmed-name prefix
weapon,0x0043b3e0,,assigned by confirmed-name prefix
ai_net,0x0043b870,,assigned by confirmed-name prefix
vehicle,0x0043bc40,,assigned by confirmed-name prefix
vehicle,0x0043bcc0,,assigned by confirmed-name prefix
vehicle,0x0043c010,,assigned by confirmed-name prefix
weapon,0x0043c190,,assigned by confirmed-name prefix
math3d,0x00446ed0,,assigned by confirmed-name prefix
zclass_nodes,0x00446f60,,assigned by confirmed-name prefix
asset_io,0x0044f000,,assigned by confirmed-name prefix
zclass_nodes,0x0044f870,,assigned by confirmed-name prefix
zclass_nodes,0x0044f8b0,,assigned by confirmed-name prefix
zclass_nodes,0x0044f930,,assigned by confirmed-name prefix
zclass_nodes,0x0044f9c0,,assigned by confirmed-name prefix
zclass_nodes,0x0044fa40,,assigned by confirmed-name prefix
zclass_nodes,0x0044fe50,,assigned by confirmed-name prefix
zclass_nodes,0x0044fe90,,assigned by confirmed-name prefix
zclass_nodes,0x0044ff10,,assigned by confirmed-name prefix
zclass_nodes,0x004518f0,,assigned by confirmed-name prefix
zclass_nodes,0x00451900,,assigned by confirmed-name prefix
zclass_nodes,0x00451a00,,assigned by confirmed-name prefix
zclass_nodes,0x00452400,,assigned by confirmed-name prefix
math3d,0x004525d0,,assigned by confirmed-name prefix
zclass_nodes,0x004528a0,,assigned by confirmed-name prefix
render_frame,0x0046d4d0,,assigned by confirmed-name prefix
render_frame,0x0046e290,,assigned by confirmed-name prefix
texture,0x0046ec70,,assigned by confirmed-name prefix
ui_widgets,0x0046f130,,assigned by confirmed-name prefix
input,0x0046f690,,assigned by confirmed-name prefix
input,0x00470020,,assigned by confirmed-name prefix
input,0x004703b0,,assigned by confirmed-name prefix
input,0x00470eb0,,assigned by confirmed-name prefix
input,0x004722c0,,assigned by confirmed-name prefix
input,0x00472480,,assigned by confirmed-name prefix
math3d,0x00472960,,assigned by confirmed-name prefix
math3d,0x004729f0,,assigned by confirmed-name prefix
math3d,0x00472cc0,,assigned by confirmed-name prefix
render_frame,0x00475fa0,,assigned by confirmed-name prefix
render_frame,0x004760d0,,assigned by confirmed-name prefix
render_frame,0x00476340,,assigned by confirmed-name prefix
render_frame,0x00476700,,assigned by confirmed-name prefix
render_frame,0x00478fc0,,assigned by confirmed-name prefix
render_frame,0x00479660,,assigned by confirmed-name prefix
render_frame,0x00479c50,,assigned by confirmed-name prefix
render_frame,0x00479cc0,,assigned by confirmed-name prefix
view,0x00479ce0,,assigned by confirmed-name prefix
camera,0x0047a0c0,,assigned by confirmed-name prefix
camera,0x0047a1d0,,assigned by confirmed-name prefix
render_frame,0x00487900,,assigned by confirmed-name prefix
render_frame,0x004879c0,,assigned by confirmed-name prefix
render_frame,0x00487a30,,assigned by confirmed-name prefix
render_frame,0x00487c50,,assigned by confirmed-name prefix
render_frame,0x00489540,,assigned by confirmed-name prefix
asset_io,0x0048c820,,assigned by confirmed-name prefix
asset_io,0x0048c8e0,,assigned by confirmed-name prefix
asset_io,0x0048c950,,assigned by confirmed-name prefix
asset_io,0x0048c970,,assigned by confirmed-name prefix
asset_io,0x0048c9a0,,assigned by confirmed-name prefix
asset_io,0x0048c9c0,,assigned by confirmed-name prefix
asset_io,0x0048ca10,,assigned by confirmed-name prefix
asset_io,0x0048ca70,,assigned by confirmed-name prefix
asset_io,0x0048cae0,,assigned by confirmed-name prefix
asset_io,0x0048cb00,,assigned by confirmed-name prefix
asset_io,0x0048cb70,,assigned by confirmed-name prefix
asset_io,0x0048cbd0,,assigned by confirmed-name prefix
asset_io,0x0048cc20,,assigned by confirmed-name prefix
asset_io,0x0048cca0,,assigned by confirmed-name prefix
asset_io,0x0048cd40,,assigned by confirmed-name prefix
asset_io,0x0048cdc0,,assigned by confirmed-name prefix
asset_io,0x0048ce40,,assigned by confirmed-name prefix
asset_io,0x0048cf70,,assigned by confirmed-name prefix
asset_io,0x0048cf80,,assigned by confirmed-name prefix
asset_io,0x0048cfb0,,assigned by confirmed-name prefix
asset_io,0x0048d030,,assigned by confirmed-name prefix
asset_io,0x0048d210,,assigned by confirmed-name prefix
asset_io,0x0048d2c0,,assigned by confirmed-name prefix
texture,0x004902b0,,assigned by confirmed-name prefix
render_frame,0x00499c40,,assigned by confirmed-name prefix
render_frame,0x0049a830,,assigned by confirmed-name prefix
render_frame,0x0049a8c0,,assigned by confirmed-name prefix
render_frame,0x0049a910,,assigned by confirmed-name prefix
render_frame,0x0049b020,,assigned by confirmed-name prefix
sound,0x004a5460,,assigned by confirmed-name prefix
asset_io,0x004a5c20,,assigned by confirmed-name prefix
asset_io,0x004a5c50,,assigned by confirmed-name prefix
asset_io,0x004a5ca0,,assigned by confirmed-name prefix
asset_io,0x004a5cc0,,assigned by confirmed-name prefix
asset_io,0x004a5ce0,,assigned by confirmed-name prefix
asset_io,0x004a5e10,,assigned by confirmed-name prefix
asset_io,0x004a5e50,,assigned by confirmed-name prefix
asset_io,0x004a5f50,,assigned by confirmed-name prefix
asset_io,0x004a61d0,,assigned by confirmed-name prefix
asset_io,0x004a6360,,assigned by confirmed-name prefix
hud,0x00404c50,,assigned by confirmed-name prefix
zvideo,0x0048d910,,assigned by confirmed-name prefix
zvideo,0x004903f0,,assigned by confirmed-name prefix
asset_io,0x004a5f90,,assigned by confirmed-name prefix
asset_io,0x004a6070,,assigned by confirmed-name prefix
asset_io,0x004a6330,,assigned by confirmed-name prefix
zvideo,0x004a66e0,,assigned by confirmed-name prefix
texture,0x004aa900,,assigned by confirmed-name prefix
texture,0x004aa9d0,,assigned by confirmed-name prefix
ui_widgets,0x004b3e90,,assigned by confirmed-name prefix
ui_widgets,0x004b72c0,,assigned by confirmed-name prefix
ui_widgets,0x004b7f20,,assigned by confirmed-name prefix
ui_widgets,0x004bc860,,assigned by confirmed-name prefix
ui_widgets,0x004bc900,,assigned by confirmed-name prefix
ui_widgets,0x004bcf80,,assigned by confirmed-name prefix
ui_widgets,0x004bd110,,assigned by confirmed-name prefix
ui_widgets,0x004bd660,,assigned by confirmed-name prefix
ui_widgets,0x004bed30,,assigned by confirmed-name prefix
ui_widgets,0x004bed50,,assigned by confirmed-name prefix
ui_widgets,0x004bed90,,assigned by confirmed-name prefix
ui_widgets,0x004bee20,,assigned by confirmed-name prefix
ui_widgets,0x004bef50,,assigned by confirmed-name prefix
ui_widgets,0x004bef70,,assigned by confirmed-name prefix
ui_widgets,0x004bffe0,,assigned by confirmed-name prefix
savegame,0x004c0620,,assigned by confirmed-name prefix
savegame,0x004c0630,,assigned by confirmed-name prefix
savegame,0x004c0700,,assigned by confirmed-name prefix
asset_io,0x004c0d20,,assigned by confirmed-name prefix
sysinfo,0x004c60b0,,assigned by confirmed-name prefix
sysinfo,0x004c60e0,,assigned by confirmed-name prefix
sysinfo,0x004c6100,,assigned by confirmed-name prefix
menus,0x00415790,,ConfirmQuitScreen / global screen object helpers next to 0x00415680/0x004159b0 (menus); moved from mapscreen range fill
menus,0x004157b0,,ConfirmQuitScreen / global screen object helpers next to 0x00415680/0x004159b0 (menus); moved from mapscreen range fill
menus,0x00415820,,ConfirmQuitScreen / global screen object helpers next to 0x00415680/0x004159b0 (menus); moved from mapscreen range fill
menus,0x00415830,,ConfirmQuitScreen / global screen object helpers next to 0x00415680/0x004159b0 (menus); moved from mapscreen range fill
menus,0x00415850,,ConfirmQuitScreen / global screen object helpers next to 0x00415680/0x004159b0 (menus); moved from mapscreen range fill
menus,0x00415860,,ConfirmQuitScreen / global screen object helpers next to 0x00415680/0x004159b0 (menus); moved from mapscreen range fill
menus,0x00415880,,ConfirmQuitScreen / global screen object helpers next to 0x00415680/0x004159b0 (menus); moved from mapscreen range fill
menus,0x004158f0,,ConfirmQuitScreen / global screen object helpers next to 0x00415680/0x004159b0 (menus); moved from mapscreen range fill
menus,0x00415960,,ConfirmQuitScreen / global screen object helpers next to 0x00415680/0x004159b0 (menus); moved from mapscreen range fill
menus,0x004159e0,,ConfirmQuitScreen / global screen object helpers next to 0x00415680/0x004159b0 (menus); moved from mapscreen range fill
mapscreen,0x00415aa0,,range 0x00415790..0x00417250 between MapScreen_/MapMarker_ confirmed funcs (map.cpp)
mapscreen,0x00415ab0,,range 0x00415790..0x00417250 between MapScreen_/MapMarker_ confirmed funcs (map.cpp)
mapscreen,0x00415ac0,,range 0x00415790..0x00417250 between MapScreen_/MapMarker_ confirmed funcs (map.cpp)
mapscreen,0x00415b10,,range 0x00415790..0x00417250 between MapScreen_/MapMarker_ confirmed funcs (map.cpp)
mapscreen,0x00415b40,,range 0x00415790..0x00417250 between MapScreen_/MapMarker_ confirmed funcs (map.cpp)
mapscreen,0x00415bd0,,range 0x00415790..0x00417250 between MapScreen_/MapMarker_ confirmed funcs (map.cpp)
mapscreen,0x00415c90,,range 0x00415790..0x00417250 between MapScreen_/MapMarker_ confirmed funcs (map.cpp)
mapscreen,0x00415d30,,range 0x00415790..0x00417250 between MapScreen_/MapMarker_ confirmed funcs (map.cpp)
mapscreen,0x00415f40,,range 0x00415790..0x00417250 between MapScreen_/MapMarker_ confirmed funcs (map.cpp)
mapscreen,0x00415fb0,,range 0x00415790..0x00417250 between MapScreen_/MapMarker_ confirmed funcs (map.cpp)
mapscreen,0x00416240,,range 0x00415790..0x00417250 between MapScreen_/MapMarker_ confirmed funcs (map.cpp)
mapscreen,0x00416290,,range 0x00415790..0x00417250 between MapScreen_/MapMarker_ confirmed funcs (map.cpp)
mapscreen,0x004162b0,,range 0x00415790..0x00417250 between MapScreen_/MapMarker_ confirmed funcs (map.cpp)
mapscreen,0x00416390,,range 0x00415790..0x00417250 between MapScreen_/MapMarker_ confirmed funcs (map.cpp)
mapscreen,0x00416480,,range 0x00415790..0x00417250 between MapScreen_/MapMarker_ confirmed funcs (map.cpp)
mapscreen,0x00416660,,range 0x00415790..0x00417250 between MapScreen_/MapMarker_ confirmed funcs (map.cpp)
mapscreen,0x004166e0,,range 0x00415790..0x00417250 between MapScreen_/MapMarker_ confirmed funcs (map.cpp)
mapscreen,0x004167e0,,range 0x00415790..0x00417250 between MapScreen_/MapMarker_ confirmed funcs (map.cpp)
mapscreen,0x00416840,,range 0x00415790..0x00417250 between MapScreen_/MapMarker_ confirmed funcs (map.cpp)
mapscreen,0x004168d0,,range 0x00415790..0x00417250 between MapScreen_/MapMarker_ confirmed funcs (map.cpp)
mapscreen,0x00416a30,,range 0x00415790..0x00417250 between MapScreen_/MapMarker_ confirmed funcs (map.cpp)
mapscreen,0x00416ad0,,range 0x00415790..0x00417250 between MapScreen_/MapMarker_ confirmed funcs (map.cpp)
mapscreen,0x00416be0,,range 0x00415790..0x00417250 between MapScreen_/MapMarker_ confirmed funcs (map.cpp)
mapscreen,0x00416c90,,range 0x00415790..0x00417250 between MapScreen_/MapMarker_ confirmed funcs (map.cpp)
mapscreen,0x00416d50,,range 0x00415790..0x00417250 between MapScreen_/MapMarker_ confirmed funcs (map.cpp)
mapscreen,0x00416dd0,,range 0x00415790..0x00417250 between MapScreen_/MapMarker_ confirmed funcs (map.cpp)
mapscreen,0x00416e50,,range 0x00415790..0x00417250 between MapScreen_/MapMarker_ confirmed funcs (map.cpp)
mapscreen,0x00416ef0,,range 0x00415790..0x00417250 between MapScreen_/MapMarker_ confirmed funcs (map.cpp)
mapscreen,0x00416f10,,range 0x00415790..0x00417250 between MapScreen_/MapMarker_ confirmed funcs (map.cpp)
menus,0x00431b70,,CMenu wrapper (vtbl 0x004d1248/0x004d1268); moved from net range fill
menus,0x00431b80,,CMenu wrapper (vtbl 0x004d1248/0x004d1268); moved from net range fill
menus,0x00431ba0,,CMenu wrapper (vtbl 0x004d1248/0x004d1268); moved from net range fill
net,0x004320b0,,range 0x00431b70..0x00434650 between Net_/NetMsg_ confirmed funcs
net,0x004320f0,,range 0x00431b70..0x00434650 between Net_/NetMsg_ confirmed funcs
net,0x004321b0,,range 0x00431b70..0x00434650 between Net_/NetMsg_ confirmed funcs
net,0x004322a0,,range 0x00431b70..0x00434650 between Net_/NetMsg_ confirmed funcs
net,0x00432830,,range 0x00431b70..0x00434650 between Net_/NetMsg_ confirmed funcs
net,0x00432860,,range 0x00431b70..0x00434650 between Net_/NetMsg_ confirmed funcs
net,0x00432ae0,,range 0x00431b70..0x00434650 between Net_/NetMsg_ confirmed funcs
net,0x00432e70,,range 0x00431b70..0x00434650 between Net_/NetMsg_ confirmed funcs
net,0x00433000,,range 0x00431b70..0x00434650 between Net_/NetMsg_ confirmed funcs
net,0x00433060,,range 0x00431b70..0x00434650 between Net_/NetMsg_ confirmed funcs
net,0x00433170,,range 0x00431b70..0x00434650 between Net_/NetMsg_ confirmed funcs
net,0x00433200,,range 0x00431b70..0x00434650 between Net_/NetMsg_ confirmed funcs
net,0x00433250,,range 0x00431b70..0x00434650 between Net_/NetMsg_ confirmed funcs
net,0x00433310,,range 0x00431b70..0x00434650 between Net_/NetMsg_ confirmed funcs
net,0x00433390,,range 0x00431b70..0x00434650 between Net_/NetMsg_ confirmed funcs
net,0x00433410,,range 0x00431b70..0x00434650 between Net_/NetMsg_ confirmed funcs
net,0x004334f0,,range 0x00431b70..0x00434650 between Net_/NetMsg_ confirmed funcs
net,0x004335b0,,range 0x00431b70..0x00434650 between Net_/NetMsg_ confirmed funcs
net,0x004336f0,,range 0x00431b70..0x00434650 between Net_/NetMsg_ confirmed funcs
net,0x00433710,,range 0x00431b70..0x00434650 between Net_/NetMsg_ confirmed funcs
net,0x00433740,,range 0x00431b70..0x00434650 between Net_/NetMsg_ confirmed funcs
net,0x00433750,,range 0x00431b70..0x00434650 between Net_/NetMsg_ confirmed funcs
net,0x00433840,,range 0x00431b70..0x00434650 between Net_/NetMsg_ confirmed funcs
net,0x004339d0,,range 0x00431b70..0x00434650 between Net_/NetMsg_ confirmed funcs
net,0x00433a40,,range 0x00431b70..0x00434650 between Net_/NetMsg_ confirmed funcs
net,0x00433a50,,range 0x00431b70..0x00434650 between Net_/NetMsg_ confirmed funcs
net,0x00433ad0,,range 0x00431b70..0x00434650 between Net_/NetMsg_ confirmed funcs
net,0x00433b70,,range 0x00431b70..0x00434650 between Net_/NetMsg_ confirmed funcs
net,0x00433c30,,range 0x00431b70..0x00434650 between Net_/NetMsg_ confirmed funcs
net,0x00433ca0,,range 0x00431b70..0x00434650 between Net_/NetMsg_ confirmed funcs
net,0x00433d40,,range 0x00431b70..0x00434650 between Net_/NetMsg_ confirmed funcs
net,0x00433de0,,range 0x00431b70..0x00434650 between Net_/NetMsg_ confirmed funcs
net,0x00434050,,range 0x00431b70..0x00434650 between Net_/NetMsg_ confirmed funcs
net,0x004340c0,,range 0x00431b70..0x00434650 between Net_/NetMsg_ confirmed funcs
net,0x00434130,,range 0x00431b70..0x00434650 between Net_/NetMsg_ confirmed funcs
net,0x00434370,,range 0x00431b70..0x00434650 between Net_/NetMsg_ confirmed funcs
net,0x00434430,,range 0x00431b70..0x00434650 between Net_/NetMsg_ confirmed funcs
net,0x00434460,,range 0x00431b70..0x00434650 between Net_/NetMsg_ confirmed funcs
net,0x00434550,,range 0x00431b70..0x00434650 between Net_/NetMsg_ confirmed funcs
net,0x004345a0,,range 0x00431b70..0x00434650 between Net_/NetMsg_ confirmed funcs
net,0x00434650,,range 0x00431b70..0x00434650 between Net_/NetMsg_ confirmed funcs
camera,0x00405ee0,,camera.cpp range 0x00404e90..0x00406cf0 (before CheatCodeScreen_Ctor 0x00406d20)
camera,0x00406110,,camera.cpp range 0x00404e90..0x00406cf0 (before CheatCodeScreen_Ctor 0x00406d20)
camera,0x00406430,,camera.cpp range 0x00404e90..0x00406cf0 (before CheatCodeScreen_Ctor 0x00406d20)
camera,0x00406450,,camera.cpp range 0x00404e90..0x00406cf0 (before CheatCodeScreen_Ctor 0x00406d20)
camera,0x00406510,,camera.cpp range 0x00404e90..0x00406cf0 (before CheatCodeScreen_Ctor 0x00406d20)
camera,0x00406730,,camera.cpp range 0x00404e90..0x00406cf0 (before CheatCodeScreen_Ctor 0x00406d20)
camera,0x004067a0,,camera.cpp range 0x00404e90..0x00406cf0 (before CheatCodeScreen_Ctor 0x00406d20)
menus,0x00406a00,,"cheat-code parsing (toupper/strcmp, calls 0x0041d220) next to CheatCodeScreen_Ctor 0x00406d20"
menus,0x00406af0,,"cheat-code parsing (toupper/strcmp, calls 0x0041d220) next to CheatCodeScreen_Ctor 0x00406d20"
camera,0x0042b6e0,,"used only by camera probes (0x00405ee0, 0x00406110, 0x004067a0)"
menus,0x00406cf0,,cheat screen / screen-holder range 0x00406cf0..0x00407110
menus,0x00406e10,,cheat screen / screen-holder range 0x00406cf0..0x00407110
menus,0x00406e30,,cheat screen / screen-holder range 0x00406cf0..0x00407110
menus,0x00406ea0,,cheat screen / screen-holder range 0x00406cf0..0x00407110
menus,0x00406eb0,,cheat screen / screen-holder range 0x00406cf0..0x00407110
menus,0x00406ed0,,cheat screen / screen-holder range 0x00406cf0..0x00407110
menus,0x00406ee0,,cheat screen / screen-holder range 0x00406cf0..0x00407110
menus,0x00406f00,,cheat screen / screen-holder range 0x00406cf0..0x00407110
menus,0x00407110,,cheat screen / screen-holder range 0x00406cf0..0x00407110
asset_io,0x00407190,,config value helpers (name table 0x004da3e0)
asset_io,0x004071f0,,config value helpers (name table 0x004da3e0)
menus,0x00406f60,,cheat screen open/close
menus,0x00407010,,cheat screen open/close
settings,0x00407220,,hardware preset name matching (DEFAULT 0x004da658)
settings,0x00407470,,hardware preset name matching (DEFAULT 0x004da658)
settings,0x00407680,,settings accessor block 0x00407680..0x00408a20 (RecoilApp settings globals 0x004e5dxx)
settings,0x004076f0,,settings accessor block 0x00407680..0x00408a20 (RecoilApp settings globals 0x004e5dxx)
settings,0x00407700,,settings accessor block 0x00407680..0x00408a20 (RecoilApp settings globals 0x004e5dxx)
settings,0x00407e00,,settings accessor block 0x00407680..0x00408a20 (RecoilApp settings globals 0x004e5dxx)
settings,0x00407e20,,settings accessor block 0x00407680..0x00408a20 (RecoilApp settings globals 0x004e5dxx)
settings,0x004080a0,,settings accessor block 0x00407680..0x00408a20 (RecoilApp settings globals 0x004e5dxx)
settings,0x004080b0,,settings accessor block 0x00407680..0x00408a20 (RecoilApp settings globals 0x004e5dxx)
settings,0x00408120,,settings accessor block 0x00407680..0x00408a20 (RecoilApp settings globals 0x004e5dxx)
settings,0x00408230,,settings accessor block 0x00407680..0x00408a20 (RecoilApp settings globals 0x004e5dxx)
settings,0x00408240,,settings accessor block 0x00407680..0x00408a20 (RecoilApp settings globals 0x004e5dxx)
settings,0x00408250,,settings accessor block 0x00407680..0x00408a20 (RecoilApp settings globals 0x004e5dxx)
settings,0x00408280,,settings accessor block 0x00407680..0x00408a20 (RecoilApp settings globals 0x004e5dxx)
settings,0x00408290,,settings accessor block 0x00407680..0x00408a20 (RecoilApp settings globals 0x004e5dxx)
settings,0x004082a0,,settings accessor block 0x00407680..0x00408a20 (RecoilApp settings globals 0x004e5dxx)
settings,0x004082b0,,settings accessor block 0x00407680..0x00408a20 (RecoilApp settings globals 0x004e5dxx)
settings,0x00408300,,settings accessor block 0x00407680..0x00408a20 (RecoilApp settings globals 0x004e5dxx)
settings,0x00408320,,settings accessor block 0x00407680..0x00408a20 (RecoilApp settings globals 0x004e5dxx)
settings,0x00408330,,settings accessor block 0x00407680..0x00408a20 (RecoilApp settings globals 0x004e5dxx)
settings,0x004083a0,,settings accessor block 0x00407680..0x00408a20 (RecoilApp settings globals 0x004e5dxx)
settings,0x004083b0,,settings accessor block 0x00407680..0x00408a20 (RecoilApp settings globals 0x004e5dxx)
settings,0x00408660,,settings accessor block 0x00407680..0x00408a20 (RecoilApp settings globals 0x004e5dxx)
settings,0x00408670,,settings accessor block 0x00407680..0x00408a20 (RecoilApp settings globals 0x004e5dxx)
settings,0x00408680,,settings accessor block 0x00407680..0x00408a20 (RecoilApp settings globals 0x004e5dxx)
settings,0x00408690,,settings accessor block 0x00407680..0x00408a20 (RecoilApp settings globals 0x004e5dxx)
settings,0x004086a0,,settings accessor block 0x00407680..0x00408a20 (RecoilApp settings globals 0x004e5dxx)
settings,0x004086d0,,settings accessor block 0x00407680..0x00408a20 (RecoilApp settings globals 0x004e5dxx)
settings,0x004086e0,,settings accessor block 0x00407680..0x00408a20 (RecoilApp settings globals 0x004e5dxx)
settings,0x00408700,,settings accessor block 0x00407680..0x00408a20 (RecoilApp settings globals 0x004e5dxx)
settings,0x00408720,,settings accessor block 0x00407680..0x00408a20 (RecoilApp settings globals 0x004e5dxx)
settings,0x00408a10,,settings accessor block 0x00407680..0x00408a20 (RecoilApp settings globals 0x004e5dxx)
settings,0x00408a20,,settings accessor block 0x00407680..0x00408a20 (RecoilApp settings globals 0x004e5dxx)
menus,0x00408c40,,controls dialog/host range next to ControlsDialog_Ctor 0x00408a30
menus,0x00408c70,,controls dialog/host range next to ControlsDialog_Ctor 0x00408a30
menus,0x00408d30,,controls dialog/host range next to ControlsDialog_Ctor 0x00408a30
menus,0x00408d40,,controls dialog/host range next to ControlsDialog_Ctor 0x00408a30
menus,0x00408d60,,controls dialog/host range next to ControlsDialog_Ctor 0x00408a30
menus,0x00408d70,,controls dialog/host range next to ControlsDialog_Ctor 0x00408a30
menus,0x00408d90,,controls dialog/host range next to ControlsDialog_Ctor 0x00408a30
menus,0x00408df0,,controls dialog/host range next to ControlsDialog_Ctor 0x00408a30
menus,0x00408ec0,,controls dialog/host range next to ControlsDialog_Ctor 0x00408a30
menus,0x00408f50,,controls dialog/host range next to ControlsDialog_Ctor 0x00408a30
menus,0x00408fa0,,controls dialog/host range next to ControlsDialog_Ctor 0x00408a30
avi,0x00462e30,,FMV player class range 0x00462e30..0x00463cc0 (precedes AviPlayer_Open 0x00463d50)
avi,0x00462e70,,FMV player class range 0x00462e30..0x00463cc0 (precedes AviPlayer_Open 0x00463d50)
avi,0x00462e90,,FMV player class range 0x00462e30..0x00463cc0 (precedes AviPlayer_Open 0x00463d50)
avi,0x00462f10,,FMV player class range 0x00462e30..0x00463cc0 (precedes AviPlayer_Open 0x00463d50)
avi,0x00462f50,,FMV player class range 0x00462e30..0x00463cc0 (precedes AviPlayer_Open 0x00463d50)
avi,0x00462f90,,FMV player class range 0x00462e30..0x00463cc0 (precedes AviPlayer_Open 0x00463d50)
avi,0x00463000,,FMV player class range 0x00462e30..0x00463cc0 (precedes AviPlayer_Open 0x00463d50)
avi,0x004630a0,,FMV player class range 0x00462e30..0x00463cc0 (precedes AviPlayer_Open 0x00463d50)
avi,0x004630e0,,FMV player class range 0x00462e30..0x00463cc0 (precedes AviPlayer_Open 0x00463d50)
avi,0x00463120,,FMV player class range 0x00462e30..0x00463cc0 (precedes AviPlayer_Open 0x00463d50)
avi,0x00463130,,FMV player class range 0x00462e30..0x00463cc0 (precedes AviPlayer_Open 0x00463d50)
avi,0x004631d0,,FMV player class range 0x00462e30..0x00463cc0 (precedes AviPlayer_Open 0x00463d50)
avi,0x004631f0,,FMV player class range 0x00462e30..0x00463cc0 (precedes AviPlayer_Open 0x00463d50)
avi,0x004632a0,,FMV player class range 0x00462e30..0x00463cc0 (precedes AviPlayer_Open 0x00463d50)
avi,0x00463300,,FMV player class range 0x00462e30..0x00463cc0 (precedes AviPlayer_Open 0x00463d50)
avi,0x004633a0,,FMV player class range 0x00462e30..0x00463cc0 (precedes AviPlayer_Open 0x00463d50)
avi,0x004633c0,,FMV player class range 0x00462e30..0x00463cc0 (precedes AviPlayer_Open 0x00463d50)
avi,0x00463410,,FMV player class range 0x00462e30..0x00463cc0 (precedes AviPlayer_Open 0x00463d50)
avi,0x00463440,,FMV player class range 0x00462e30..0x00463cc0 (precedes AviPlayer_Open 0x00463d50)
avi,0x00463550,,FMV player class range 0x00462e30..0x00463cc0 (precedes AviPlayer_Open 0x00463d50)
avi,0x00463570,,FMV player class range 0x00462e30..0x00463cc0 (precedes AviPlayer_Open 0x00463d50)
avi,0x00463650,,FMV player class range 0x00462e30..0x00463cc0 (precedes AviPlayer_Open 0x00463d50)
avi,0x00463670,,FMV player class range 0x00462e30..0x00463cc0 (precedes AviPlayer_Open 0x00463d50)
avi,0x00463790,,FMV player class range 0x00462e30..0x00463cc0 (precedes AviPlayer_Open 0x00463d50)
avi,0x00463820,,FMV player class range 0x00462e30..0x00463cc0 (precedes AviPlayer_Open 0x00463d50)
avi,0x00463850,,FMV player class range 0x00462e30..0x00463cc0 (precedes AviPlayer_Open 0x00463d50)
avi,0x00463870,,FMV player class range 0x00462e30..0x00463cc0 (precedes AviPlayer_Open 0x00463d50)
avi,0x00463950,,FMV player class range 0x00462e30..0x00463cc0 (precedes AviPlayer_Open 0x00463d50)
avi,0x004639e0,,FMV player class range 0x00462e30..0x00463cc0 (precedes AviPlayer_Open 0x00463d50)
avi,0x00463a70,,FMV player class range 0x00462e30..0x00463cc0 (precedes AviPlayer_Open 0x00463d50)
avi,0x00463b00,,FMV player class range 0x00462e30..0x00463cc0 (precedes AviPlayer_Open 0x00463d50)
avi,0x00463bf0,,FMV player class range 0x00462e30..0x00463cc0 (precedes AviPlayer_Open 0x00463d50)
avi,0x00463c10,,FMV player class range 0x00462e30..0x00463cc0 (precedes AviPlayer_Open 0x00463d50)
avi,0x00463cc0,,FMV player class range 0x00462e30..0x00463cc0 (precedes AviPlayer_Open 0x00463d50)
app,0x00441c60,,RecoilApp core range 0x00441c60..0x00442d00 (InitInstance/Run/Engine_Init) before ScreenManager 0x00443140
app,0x00441cb0,,RecoilApp core range 0x00441c60..0x00442d00 (InitInstance/Run/Engine_Init) before ScreenManager 0x00443140
app,0x00441f40,,RecoilApp core range 0x00441c60..0x00442d00 (InitInstance/Run/Engine_Init) before ScreenManager 0x00443140
app,0x00442010,,RecoilApp core range 0x00441c60..0x00442d00 (InitInstance/Run/Engine_Init) before ScreenManager 0x00443140
app,0x00442080,,RecoilApp core range 0x00441c60..0x00442d00 (InitInstance/Run/Engine_Init) before ScreenManager 0x00443140
app,0x00442100,,RecoilApp core range 0x00441c60..0x00442d00 (InitInstance/Run/Engine_Init) before ScreenManager 0x00443140
app,0x00442180,,RecoilApp core range 0x00441c60..0x00442d00 (InitInstance/Run/Engine_Init) before ScreenManager 0x00443140
app,0x004421d0,,RecoilApp core range 0x00441c60..0x00442d00 (InitInstance/Run/Engine_Init) before ScreenManager 0x00443140
app,0x00442220,,RecoilApp core range 0x00441c60..0x00442d00 (InitInstance/Run/Engine_Init) before ScreenManager 0x00443140
app,0x00442240,,RecoilApp core range 0x00441c60..0x00442d00 (InitInstance/Run/Engine_Init) before ScreenManager 0x00443140
app,0x00442270,,RecoilApp core range 0x00441c60..0x00442d00 (InitInstance/Run/Engine_Init) before ScreenManager 0x00443140
app,0x004422a0,,RecoilApp core range 0x00441c60..0x00442d00 (InitInstance/Run/Engine_Init) before ScreenManager 0x00443140
app,0x004422f0,,RecoilApp core range 0x00441c60..0x00442d00 (InitInstance/Run/Engine_Init) before ScreenManager 0x00443140
app,0x00442530,,RecoilApp core range 0x00441c60..0x00442d00 (InitInstance/Run/Engine_Init) before ScreenManager 0x00443140
app,0x004425c0,,RecoilApp core range 0x00441c60..0x00442d00 (InitInstance/Run/Engine_Init) before ScreenManager 0x00443140
app,0x0044263e,,RecoilApp core range 0x00441c60..0x00442d00 (InitInstance/Run/Engine_Init) before ScreenManager 0x00443140
app,0x004426b0,,RecoilApp core range 0x00441c60..0x00442d00 (InitInstance/Run/Engine_Init) before ScreenManager 0x00443140
app,0x00442790,,RecoilApp core range 0x00441c60..0x00442d00 (InitInstance/Run/Engine_Init) before ScreenManager 0x00443140
app,0x004427f0,,RecoilApp core range 0x00441c60..0x00442d00 (InitInstance/Run/Engine_Init) before ScreenManager 0x00443140
app,0x00442860,,RecoilApp core range 0x00441c60..0x00442d00 (InitInstance/Run/Engine_Init) before ScreenManager 0x00443140
app,0x004428a0,,RecoilApp core range 0x00441c60..0x00442d00 (InitInstance/Run/Engine_Init) before ScreenManager 0x00443140
app,0x004428b0,,RecoilApp core range 0x00441c60..0x00442d00 (InitInstance/Run/Engine_Init) before ScreenManager 0x00443140
app,0x004429b0,,RecoilApp core range 0x00441c60..0x00442d00 (InitInstance/Run/Engine_Init) before ScreenManager 0x00443140
app,0x004429d0,,RecoilApp core range 0x00441c60..0x00442d00 (InitInstance/Run/Engine_Init) before ScreenManager 0x00443140
app,0x00442a50,,RecoilApp core range 0x00441c60..0x00442d00 (InitInstance/Run/Engine_Init) before ScreenManager 0x00443140
app,0x00442bc0,,RecoilApp core range 0x00441c60..0x00442d00 (InitInstance/Run/Engine_Init) before ScreenManager 0x00443140
app,0x00442c00,,RecoilApp core range 0x00441c60..0x00442d00 (InitInstance/Run/Engine_Init) before ScreenManager 0x00443140
app,0x00442c10,,RecoilApp core range 0x00441c60..0x00442d00 (InitInstance/Run/Engine_Init) before ScreenManager 0x00443140
app,0x00442c70,,RecoilApp core range 0x00441c60..0x00442d00 (InitInstance/Run/Engine_Init) before ScreenManager 0x00443140
app,0x00442d00,,RecoilApp core range 0x00441c60..0x00442d00 (InitInstance/Run/Engine_Init) before ScreenManager 0x00443140
menus,0x0041b8d0,,in-game menu panels range 0x0041b8d0..0x0041cca0 (NetExitPanel/NewGamePanel neighbours)
menus,0x0041b8f0,,in-game menu panels range 0x0041b8d0..0x0041cca0 (NetExitPanel/NewGamePanel neighbours)
menus,0x0041b910,,in-game menu panels range 0x0041b8d0..0x0041cca0 (NetExitPanel/NewGamePanel neighbours)
menus,0x0041b930,,in-game menu panels range 0x0041b8d0..0x0041cca0 (NetExitPanel/NewGamePanel neighbours)
player,0x0041bb30,,player respawn/reset helpers (vehicle fields +0xf34/+0xd4c) in 0x0041b block
player,0x0041bbf0,,player respawn/reset helpers (vehicle fields +0xf34/+0xd4c) in 0x0041b block
menus,0x0041bd20,,in-game menu panels range 0x0041b8d0..0x0041cca0 (NetExitPanel/NewGamePanel neighbours)
menus,0x0041be90,,in-game menu panels range 0x0041b8d0..0x0041cca0 (NetExitPanel/NewGamePanel neighbours)
menus,0x0041beb0,,in-game menu panels range 0x0041b8d0..0x0041cca0 (NetExitPanel/NewGamePanel neighbours)
menus,0x0041c000,,in-game menu panels range 0x0041b8d0..0x0041cca0 (NetExitPanel/NewGamePanel neighbours)
menus,0x0041c070,,in-game menu panels range 0x0041b8d0..0x0041cca0 (NetExitPanel/NewGamePanel neighbours)
menus,0x0041c080,,in-game menu panels range 0x0041b8d0..0x0041cca0 (NetExitPanel/NewGamePanel neighbours)
menus,0x0041c0a0,,in-game menu panels range 0x0041b8d0..0x0041cca0 (NetExitPanel/NewGamePanel neighbours)
menus,0x0041c0c0,,in-game menu panels range 0x0041b8d0..0x0041cca0 (NetExitPanel/NewGamePanel neighbours)
menus,0x0041c130,,in-game menu panels range 0x0041b8d0..0x0041cca0 (NetExitPanel/NewGamePanel neighbours)
menus,0x0041c170,,in-game menu panels range 0x0041b8d0..0x0041cca0 (NetExitPanel/NewGamePanel neighbours)
menus,0x0041c3e0,,in-game menu panels range 0x0041b8d0..0x0041cca0 (NetExitPanel/NewGamePanel neighbours)
menus,0x0041c400,,in-game menu panels range 0x0041b8d0..0x0041cca0 (NetExitPanel/NewGamePanel neighbours)
menus,0x0041c4e0,,in-game menu panels range 0x0041b8d0..0x0041cca0 (NetExitPanel/NewGamePanel neighbours)
menus,0x0041c500,,in-game menu panels range 0x0041b8d0..0x0041cca0 (NetExitPanel/NewGamePanel neighbours)
menus,0x0041c560,,in-game menu panels range 0x0041b8d0..0x0041cca0 (NetExitPanel/NewGamePanel neighbours)
menus,0x0041c5f0,,in-game menu panels range 0x0041b8d0..0x0041cca0 (NetExitPanel/NewGamePanel neighbours)
menus,0x0041c610,,in-game menu panels range 0x0041b8d0..0x0041cca0 (NetExitPanel/NewGamePanel neighbours)
menus,0x0041c630,,in-game menu panels range 0x0041b8d0..0x0041cca0 (NetExitPanel/NewGamePanel neighbours)
menus,0x0041c6a0,,in-game menu panels range 0x0041b8d0..0x0041cca0 (NetExitPanel/NewGamePanel neighbours)
menus,0x0041c6e0,,in-game menu panels range 0x0041b8d0..0x0041cca0 (NetExitPanel/NewGamePanel neighbours)
menus,0x0041c7d0,,in-game menu panels range 0x0041b8d0..0x0041cca0 (NetExitPanel/NewGamePanel neighbours)
menus,0x0041c7f0,,in-game menu panels range 0x0041b8d0..0x0041cca0 (NetExitPanel/NewGamePanel neighbours)
menus,0x0041c990,,in-game menu panels range 0x0041b8d0..0x0041cca0 (NetExitPanel/NewGamePanel neighbours)
menus,0x0041ca00,,in-game menu panels range 0x0041b8d0..0x0041cca0 (NetExitPanel/NewGamePanel neighbours)
menus,0x0041ca30,,in-game menu panels range 0x0041b8d0..0x0041cca0 (NetExitPanel/NewGamePanel neighbours)
menus,0x0041cb50,,in-game menu panels range 0x0041b8d0..0x0041cca0 (NetExitPanel/NewGamePanel neighbours)
menus,0x0041cb90,,in-game menu panels range 0x0041b8d0..0x0041cca0 (NetExitPanel/NewGamePanel neighbours)
menus,0x0041cbf0,,in-game menu panels range 0x0041b8d0..0x0041cca0 (NetExitPanel/NewGamePanel neighbours)
pickup,0x0041cca0,,frees pickup table images (0x004db708..0x004dbe88 stride 0x30)
script,0x004c0e50,,"zInterp script interpreter range 0x004c0e50..0x004c20a0 (Script_RunFile 0x004c1500, zInterp module string)"
script,0x004c0f70,,"zInterp script interpreter range 0x004c0e50..0x004c20a0 (Script_RunFile 0x004c1500, zInterp module string)"
script,0x004c1020,,"zInterp script interpreter range 0x004c0e50..0x004c20a0 (Script_RunFile 0x004c1500, zInterp module string)"
script,0x004c1090,,"zInterp script interpreter range 0x004c0e50..0x004c20a0 (Script_RunFile 0x004c1500, zInterp module string)"
script,0x004c1160,,"zInterp script interpreter range 0x004c0e50..0x004c20a0 (Script_RunFile 0x004c1500, zInterp module string)"
script,0x004c1250,,"zInterp script interpreter range 0x004c0e50..0x004c20a0 (Script_RunFile 0x004c1500, zInterp module string)"
script,0x004c13c0,,"zInterp script interpreter range 0x004c0e50..0x004c20a0 (Script_RunFile 0x004c1500, zInterp module string)"
script,0x004c1500,,"zInterp script interpreter range 0x004c0e50..0x004c20a0 (Script_RunFile 0x004c1500, zInterp module string)"
script,0x004c15f0,,"zInterp script interpreter range 0x004c0e50..0x004c20a0 (Script_RunFile 0x004c1500, zInterp module string)"
script,0x004c1670,,"zInterp script interpreter range 0x004c0e50..0x004c20a0 (Script_RunFile 0x004c1500, zInterp module string)"
script,0x004c16c0,,"zInterp script interpreter range 0x004c0e50..0x004c20a0 (Script_RunFile 0x004c1500, zInterp module string)"
script,0x004c1710,,"zInterp script interpreter range 0x004c0e50..0x004c20a0 (Script_RunFile 0x004c1500, zInterp module string)"
script,0x004c1780,,"zInterp script interpreter range 0x004c0e50..0x004c20a0 (Script_RunFile 0x004c1500, zInterp module string)"
script,0x004c1870,,"zInterp script interpreter range 0x004c0e50..0x004c20a0 (Script_RunFile 0x004c1500, zInterp module string)"
script,0x004c18c0,,"zInterp script interpreter range 0x004c0e50..0x004c20a0 (Script_RunFile 0x004c1500, zInterp module string)"
script,0x004c1940,,"zInterp script interpreter range 0x004c0e50..0x004c20a0 (Script_RunFile 0x004c1500, zInterp module string)"
script,0x004c1960,,"zInterp script interpreter range 0x004c0e50..0x004c20a0 (Script_RunFile 0x004c1500, zInterp module string)"
script,0x004c1990,,"zInterp script interpreter range 0x004c0e50..0x004c20a0 (Script_RunFile 0x004c1500, zInterp module string)"
script,0x004c19c0,,"zInterp script interpreter range 0x004c0e50..0x004c20a0 (Script_RunFile 0x004c1500, zInterp module string)"
script,0x004c1a00,,"zInterp script interpreter range 0x004c0e50..0x004c20a0 (Script_RunFile 0x004c1500, zInterp module string)"
script,0x004c1a20,,"zInterp script interpreter range 0x004c0e50..0x004c20a0 (Script_RunFile 0x004c1500, zInterp module string)"
script,0x004c1a40,,"zInterp script interpreter range 0x004c0e50..0x004c20a0 (Script_RunFile 0x004c1500, zInterp module string)"
script,0x004c1ab0,,"zInterp script interpreter range 0x004c0e50..0x004c20a0 (Script_RunFile 0x004c1500, zInterp module string)"
script,0x004c1b20,,"zInterp script interpreter range 0x004c0e50..0x004c20a0 (Script_RunFile 0x004c1500, zInterp module string)"
script,0x004c1b30,,"zInterp script interpreter range 0x004c0e50..0x004c20a0 (Script_RunFile 0x004c1500, zInterp module string)"
script,0x004c1b50,,"zInterp script interpreter range 0x004c0e50..0x004c20a0 (Script_RunFile 0x004c1500, zInterp module string)"
script,0x004c1c50,,"zInterp script interpreter range 0x004c0e50..0x004c20a0 (Script_RunFile 0x004c1500, zInterp module string)"
script,0x004c2030,,"zInterp script interpreter range 0x004c0e50..0x004c20a0 (Script_RunFile 0x004c1500, zInterp module string)"
script,0x004c20a0,,"zInterp script interpreter range 0x004c0e50..0x004c20a0 (Script_RunFile 0x004c1500, zInterp module string)"
menus,0x0040cf00,,options/HUD screen static objects range 0x0040cf00..0x0040db00
menus,0x0040cf60,,options/HUD screen static objects range 0x0040cf00..0x0040db00
menus,0x0040d080,,options/HUD screen static objects range 0x0040cf00..0x0040db00
menus,0x0040d090,,options/HUD screen static objects range 0x0040cf00..0x0040db00
menus,0x0040d0b0,,options/HUD screen static objects range 0x0040cf00..0x0040db00
menus,0x0040d0c0,,options/HUD screen static objects range 0x0040cf00..0x0040db00
menus,0x0040d0e0,,options/HUD screen static objects range 0x0040cf00..0x0040db00
menus,0x0040d150,,options/HUD screen static objects range 0x0040cf00..0x0040db00
menus,0x0040d1f0,,options/HUD screen static objects range 0x0040cf00..0x0040db00
menus,0x0040d200,,options/HUD screen static objects range 0x0040cf00..0x0040db00
menus,0x0040d270,,options/HUD screen static objects range 0x0040cf00..0x0040db00
menus,0x0040d280,,options/HUD screen static objects range 0x0040cf00..0x0040db00
menus,0x0040d300,,options/HUD screen static objects range 0x0040cf00..0x0040db00
menus,0x0040d310,,options/HUD screen static objects range 0x0040cf00..0x0040db00
menus,0x0040d330,,options/HUD screen static objects range 0x0040cf00..0x0040db00
menus,0x0040d3b0,,options/HUD screen static objects range 0x0040cf00..0x0040db00
menus,0x0040d410,,options/HUD screen static objects range 0x0040cf00..0x0040db00
menus,0x0040d420,,options/HUD screen static objects range 0x0040cf00..0x0040db00
menus,0x0040d440,,options/HUD screen static objects range 0x0040cf00..0x0040db00
menus,0x0040d600,,options/HUD screen static objects range 0x0040cf00..0x0040db00
menus,0x0040d660,,options/HUD screen static objects range 0x0040cf00..0x0040db00
menus,0x0040d6e0,,options/HUD screen static objects range 0x0040cf00..0x0040db00
menus,0x0040d740,,options/HUD screen static objects range 0x0040cf00..0x0040db00
menus,0x0040d760,,options/HUD screen static objects range 0x0040cf00..0x0040db00
menus,0x0040db00,,options/HUD screen static objects range 0x0040cf00..0x0040db00
vehicle,0x0042da40,,vehicle orientation from up normal (+0x380..+0x3c4) next to app code
app,0x0042db50,,"main frame / bootstrap range 0x0042da40..0x0042eed0 (RecoilApp_PostSubsystemInit, InitVideo, BootstrapAndCDCheck)"
app,0x0042dc30,,"main frame / bootstrap range 0x0042da40..0x0042eed0 (RecoilApp_PostSubsystemInit, InitVideo, BootstrapAndCDCheck)"
app,0x0042dcf0,,"main frame / bootstrap range 0x0042da40..0x0042eed0 (RecoilApp_PostSubsystemInit, InitVideo, BootstrapAndCDCheck)"
app,0x0042dda0,,"main frame / bootstrap range 0x0042da40..0x0042eed0 (RecoilApp_PostSubsystemInit, InitVideo, BootstrapAndCDCheck)"
app,0x0042de00,,"main frame / bootstrap range 0x0042da40..0x0042eed0 (RecoilApp_PostSubsystemInit, InitVideo, BootstrapAndCDCheck)"
app,0x0042de30,,"main frame / bootstrap range 0x0042da40..0x0042eed0 (RecoilApp_PostSubsystemInit, InitVideo, BootstrapAndCDCheck)"
app,0x0042de40,,"main frame / bootstrap range 0x0042da40..0x0042eed0 (RecoilApp_PostSubsystemInit, InitVideo, BootstrapAndCDCheck)"
app,0x0042de60,,"main frame / bootstrap range 0x0042da40..0x0042eed0 (RecoilApp_PostSubsystemInit, InitVideo, BootstrapAndCDCheck)"
app,0x0042df10,,"main frame / bootstrap range 0x0042da40..0x0042eed0 (RecoilApp_PostSubsystemInit, InitVideo, BootstrapAndCDCheck)"
app,0x0042df50,,"main frame / bootstrap range 0x0042da40..0x0042eed0 (RecoilApp_PostSubsystemInit, InitVideo, BootstrapAndCDCheck)"
app,0x0042df90,,"main frame / bootstrap range 0x0042da40..0x0042eed0 (RecoilApp_PostSubsystemInit, InitVideo, BootstrapAndCDCheck)"
app,0x0042dfa0,,"main frame / bootstrap range 0x0042da40..0x0042eed0 (RecoilApp_PostSubsystemInit, InitVideo, BootstrapAndCDCheck)"
app,0x0042e070,,"main frame / bootstrap range 0x0042da40..0x0042eed0 (RecoilApp_PostSubsystemInit, InitVideo, BootstrapAndCDCheck)"
app,0x0042e0b0,,"main frame / bootstrap range 0x0042da40..0x0042eed0 (RecoilApp_PostSubsystemInit, InitVideo, BootstrapAndCDCheck)"
app,0x0042e0d0,,"main frame / bootstrap range 0x0042da40..0x0042eed0 (RecoilApp_PostSubsystemInit, InitVideo, BootstrapAndCDCheck)"
app,0x0042e0f0,,"main frame / bootstrap range 0x0042da40..0x0042eed0 (RecoilApp_PostSubsystemInit, InitVideo, BootstrapAndCDCheck)"
app,0x0042e110,,"main frame / bootstrap range 0x0042da40..0x0042eed0 (RecoilApp_PostSubsystemInit, InitVideo, BootstrapAndCDCheck)"
app,0x0042e220,,"main frame / bootstrap range 0x0042da40..0x0042eed0 (RecoilApp_PostSubsystemInit, InitVideo, BootstrapAndCDCheck)"
app,0x0042e330,,"main frame / bootstrap range 0x0042da40..0x0042eed0 (RecoilApp_PostSubsystemInit, InitVideo, BootstrapAndCDCheck)"
app,0x0042e430,,"main frame / bootstrap range 0x0042da40..0x0042eed0 (RecoilApp_PostSubsystemInit, InitVideo, BootstrapAndCDCheck)"
app,0x0042e490,,"main frame / bootstrap range 0x0042da40..0x0042eed0 (RecoilApp_PostSubsystemInit, InitVideo, BootstrapAndCDCheck)"
app,0x0042e4d0,,"main frame / bootstrap range 0x0042da40..0x0042eed0 (RecoilApp_PostSubsystemInit, InitVideo, BootstrapAndCDCheck)"
app,0x0042e5da,,"main frame / bootstrap range 0x0042da40..0x0042eed0 (RecoilApp_PostSubsystemInit, InitVideo, BootstrapAndCDCheck)"
app,0x0042e990,,"main frame / bootstrap range 0x0042da40..0x0042eed0 (RecoilApp_PostSubsystemInit, InitVideo, BootstrapAndCDCheck)"
app,0x0042ea20,,"main frame / bootstrap range 0x0042da40..0x0042eed0 (RecoilApp_PostSubsystemInit, InitVideo, BootstrapAndCDCheck)"
app,0x0042eb20,,"main frame / bootstrap range 0x0042da40..0x0042eed0 (RecoilApp_PostSubsystemInit, InitVideo, BootstrapAndCDCheck)"
app,0x0042eb70,,"main frame / bootstrap range 0x0042da40..0x0042eed0 (RecoilApp_PostSubsystemInit, InitVideo, BootstrapAndCDCheck)"
app,0x0042ebd0,,"main frame / bootstrap range 0x0042da40..0x0042eed0 (RecoilApp_PostSubsystemInit, InitVideo, BootstrapAndCDCheck)"
app,0x0042ebf0,,"main frame / bootstrap range 0x0042da40..0x0042eed0 (RecoilApp_PostSubsystemInit, InitVideo, BootstrapAndCDCheck)"
app,0x0042ed30,,"main frame / bootstrap range 0x0042da40..0x0042eed0 (RecoilApp_PostSubsystemInit, InitVideo, BootstrapAndCDCheck)"
app,0x0042ed90,,"main frame / bootstrap range 0x0042da40..0x0042eed0 (RecoilApp_PostSubsystemInit, InitVideo, BootstrapAndCDCheck)"
app,0x0042eea0,,"main frame / bootstrap range 0x0042da40..0x0042eed0 (RecoilApp_PostSubsystemInit, InitVideo, BootstrapAndCDCheck)"
app,0x0042eecd,,"main frame / bootstrap range 0x0042da40..0x0042eed0 (RecoilApp_PostSubsystemInit, InitVideo, BootstrapAndCDCheck)"
app,0x0042eed0,,"main frame / bootstrap range 0x0042da40..0x0042eed0 (RecoilApp_PostSubsystemInit, InitVideo, BootstrapAndCDCheck)"
znetwork,0x00489e10,,zNetwork DirectPlay layer range 0x00489e10..0x0048c120
znetwork,0x00489f30,,zNetwork DirectPlay layer range 0x00489e10..0x0048c120
znetwork,0x00489f80,,zNetwork DirectPlay layer range 0x00489e10..0x0048c120
znetwork,0x00489fa0,,zNetwork DirectPlay layer range 0x00489e10..0x0048c120
znetwork,0x0048a030,,zNetwork DirectPlay layer range 0x00489e10..0x0048c120
znetwork,0x0048a0d0,,zNetwork DirectPlay layer range 0x00489e10..0x0048c120
znetwork,0x0048a130,,zNetwork DirectPlay layer range 0x00489e10..0x0048c120
znetwork,0x0048a140,,zNetwork DirectPlay layer range 0x00489e10..0x0048c120
znetwork,0x0048a180,,zNetwork DirectPlay layer range 0x00489e10..0x0048c120
znetwork,0x0048a220,,zNetwork DirectPlay layer range 0x00489e10..0x0048c120
znetwork,0x0048a2c0,,zNetwork DirectPlay layer range 0x00489e10..0x0048c120
znetwork,0x0048a2e0,,zNetwork DirectPlay layer range 0x00489e10..0x0048c120
znetwork,0x0048a310,,zNetwork DirectPlay layer range 0x00489e10..0x0048c120
znetwork,0x0048a350,,zNetwork DirectPlay layer range 0x00489e10..0x0048c120
znetwork,0x0048a410,,zNetwork DirectPlay layer range 0x00489e10..0x0048c120
znetwork,0x0048a520,,zNetwork DirectPlay layer range 0x00489e10..0x0048c120
znetwork,0x0048a980,,zNetwork DirectPlay layer range 0x00489e10..0x0048c120
znetwork,0x0048a9c0,,zNetwork DirectPlay layer range 0x00489e10..0x0048c120
znetwork,0x0048acf0,,zNetwork DirectPlay layer range 0x00489e10..0x0048c120
znetwork,0x0048ad30,,zNetwork DirectPlay layer range 0x00489e10..0x0048c120
znetwork,0x0048ad70,,zNetwork DirectPlay layer range 0x00489e10..0x0048c120
znetwork,0x0048ae10,,zNetwork DirectPlay layer range 0x00489e10..0x0048c120
znetwork,0x0048ae70,,zNetwork DirectPlay layer range 0x00489e10..0x0048c120
znetwork,0x0048afa0,,zNetwork DirectPlay layer range 0x00489e10..0x0048c120
znetwork,0x0048afe0,,zNetwork DirectPlay layer range 0x00489e10..0x0048c120
znetwork,0x0048b3a0,,zNetwork DirectPlay layer range 0x00489e10..0x0048c120
znetwork,0x0048b5e0,,zNetwork DirectPlay layer range 0x00489e10..0x0048c120
znetwork,0x0048b730,,zNetwork DirectPlay layer range 0x00489e10..0x0048c120
znetwork,0x0048b7f0,,zNetwork DirectPlay layer range 0x00489e10..0x0048c120
znetwork,0x0048b860,,zNetwork DirectPlay layer range 0x00489e10..0x0048c120
znetwork,0x0048b940,,zNetwork DirectPlay layer range 0x00489e10..0x0048c120
znetwork,0x0048b980,,zNetwork DirectPlay layer range 0x00489e10..0x0048c120
znetwork,0x0048b9a0,,zNetwork DirectPlay layer range 0x00489e10..0x0048c120
znetwork,0x0048b9d0,,zNetwork DirectPlay layer range 0x00489e10..0x0048c120
znetwork,0x0048b9e0,,zNetwork DirectPlay layer range 0x00489e10..0x0048c120
znetwork,0x0048ba60,,zNetwork DirectPlay layer range 0x00489e10..0x0048c120
znetwork,0x0048bab0,,zNetwork DirectPlay layer range 0x00489e10..0x0048c120
znetwork,0x0048bb20,,zNetwork DirectPlay layer range 0x00489e10..0x0048c120
znetwork,0x0048bbe0,,zNetwork DirectPlay layer range 0x00489e10..0x0048c120
znetwork,0x0048be10,,zNetwork DirectPlay layer range 0x00489e10..0x0048c120
znetwork,0x0048be70,,zNetwork DirectPlay layer range 0x00489e10..0x0048c120
znetwork,0x0048bee0,,zNetwork DirectPlay layer range 0x00489e10..0x0048c120
znetwork,0x0048bf10,,zNetwork DirectPlay layer range 0x00489e10..0x0048c120
znetwork,0x0048bf40,,zNetwork DirectPlay layer range 0x00489e10..0x0048c120
znetwork,0x0048bfb0,,zNetwork DirectPlay layer range 0x00489e10..0x0048c120
znetwork,0x0048bfe0,,zNetwork DirectPlay layer range 0x00489e10..0x0048c120
znetwork,0x0048c060,,zNetwork DirectPlay layer range 0x00489e10..0x0048c120
znetwork,0x0048c080,,zNetwork DirectPlay layer range 0x00489e10..0x0048c120
znetwork,0x0048c0a0,,zNetwork DirectPlay layer range 0x00489e10..0x0048c120
znetwork,0x0048c120,,zNetwork DirectPlay layer range 0x00489e10..0x0048c120
input,0x00470060,,input module range 0x00470000..0x00472000 (mouse/keys/bindings)
input,0x004700a0,,input module range 0x00470000..0x00472000 (mouse/keys/bindings)
input,0x00470180,,input module range 0x00470000..0x00472000 (mouse/keys/bindings)
input,0x00470190,,input module range 0x00470000..0x00472000 (mouse/keys/bindings)
input,0x004701a0,,input module range 0x00470000..0x00472000 (mouse/keys/bindings)
input,0x004701f0,,input module range 0x00470000..0x00472000 (mouse/keys/bindings)
input,0x004702e0,,input module range 0x00470000..0x00472000 (mouse/keys/bindings)
input,0x00470310,,input module range 0x00470000..0x00472000 (mouse/keys/bindings)
input,0x00470360,,input module range 0x00470000..0x00472000 (mouse/keys/bindings)
input,0x004703c0,,input module range 0x00470000..0x00472000 (mouse/keys/bindings)
input,0x004705f0,,input module range 0x00470000..0x00472000 (mouse/keys/bindings)
input,0x00470670,,input module range 0x00470000..0x00472000 (mouse/keys/bindings)
input,0x00470680,,input module range 0x00470000..0x00472000 (mouse/keys/bindings)
input,0x004708f0,,input module range 0x00470000..0x00472000 (mouse/keys/bindings)
input,0x00470960,,input module range 0x00470000..0x00472000 (mouse/keys/bindings)
input,0x004709d0,,input module range 0x00470000..0x00472000 (mouse/keys/bindings)
input,0x00470a10,,input module range 0x00470000..0x00472000 (mouse/keys/bindings)
input,0x00470ae0,,input module range 0x00470000..0x00472000 (mouse/keys/bindings)
input,0x00470b00,,input module range 0x00470000..0x00472000 (mouse/keys/bindings)
input,0x00470b10,,input module range 0x00470000..0x00472000 (mouse/keys/bindings)
input,0x00470d40,,input module range 0x00470000..0x00472000 (mouse/keys/bindings)
input,0x00470db0,,input module range 0x00470000..0x00472000 (mouse/keys/bindings)
input,0x004710a0,,input module range 0x00470000..0x00472000 (mouse/keys/bindings)
input,0x00471120,,input module range 0x00470000..0x00472000 (mouse/keys/bindings)
input,0x004715e0,,input module range 0x00470000..0x00472000 (mouse/keys/bindings)
input,0x00471640,,input module range 0x00470000..0x00472000 (mouse/keys/bindings)
input,0x00471660,,input module range 0x00470000..0x00472000 (mouse/keys/bindings)
input,0x004716c0,,input module range 0x00470000..0x00472000 (mouse/keys/bindings)
input,0x00471730,,input module range 0x00470000..0x00472000 (mouse/keys/bindings)
input,0x00471740,,input module range 0x00470000..0x00472000 (mouse/keys/bindings)
input,0x00471770,,input module range 0x00470000..0x00472000 (mouse/keys/bindings)
input,0x004717c0,,input module range 0x00470000..0x00472000 (mouse/keys/bindings)
input,0x004719f0,,input module range 0x00470000..0x00472000 (mouse/keys/bindings)
input,0x00471a00,,input module range 0x00470000..0x00472000 (mouse/keys/bindings)
input,0x00471a20,,input module range 0x00470000..0x00472000 (mouse/keys/bindings)
input,0x00471ab0,,input module range 0x00470000..0x00472000 (mouse/keys/bindings)
input,0x00471b50,,input module range 0x00470000..0x00472000 (mouse/keys/bindings)
input,0x00471c10,,input module range 0x00470000..0x00472000 (mouse/keys/bindings)
input,0x00471cd0,,input module range 0x00470000..0x00472000 (mouse/keys/bindings)
input,0x00471d10,,input module range 0x00470000..0x00472000 (mouse/keys/bindings)
input,0x00471d20,,input module range 0x00470000..0x00472000 (mouse/keys/bindings)
input,0x00471da0,,input module range 0x00470000..0x00472000 (mouse/keys/bindings)
input,0x00471e40,,input module range 0x00470000..0x00472000 (mouse/keys/bindings)
input,0x00471fb0,,input module range 0x00470000..0x00472000 (mouse/keys/bindings)
menus,0x00404140,,Briefing.cpp range 0x00404140..0x00404b40 (briefing loader thread/screen)
menus,0x00404180,,Briefing.cpp range 0x00404140..0x00404b40 (briefing loader thread/screen)
menus,0x00404400,,Briefing.cpp range 0x00404140..0x00404b40 (briefing loader thread/screen)
menus,0x004045b0,,Briefing.cpp range 0x00404140..0x00404b40 (briefing loader thread/screen)
menus,0x00404640,,Briefing.cpp range 0x00404140..0x00404b40 (briefing loader thread/screen)
menus,0x004046b0,,Briefing.cpp range 0x00404140..0x00404b40 (briefing loader thread/screen)
menus,0x004046d0,,Briefing.cpp range 0x00404140..0x00404b40 (briefing loader thread/screen)
menus,0x00404740,,Briefing.cpp range 0x00404140..0x00404b40 (briefing loader thread/screen)
menus,0x00404780,,Briefing.cpp range 0x00404140..0x00404b40 (briefing loader thread/screen)
menus,0x00404850,,Briefing.cpp range 0x00404140..0x00404b40 (briefing loader thread/screen)
menus,0x004048a0,,Briefing.cpp range 0x00404140..0x00404b40 (briefing loader thread/screen)
menus,0x00404960,,Briefing.cpp range 0x00404140..0x00404b40 (briefing loader thread/screen)
menus,0x004049d0,,Briefing.cpp range 0x00404140..0x00404b40 (briefing loader thread/screen)
menus,0x00404aa0,,Briefing.cpp range 0x00404140..0x00404b40 (briefing loader thread/screen)
menus,0x00404b40,,Briefing.cpp range 0x00404140..0x00404b40 (briefing loader thread/screen)
vehicle,0x0042be70,,"vehicle.cpp range 0x0042be70..0x0042cf90 (track contact, prior-evidence vehicle funcs)"
vehicle,0x0042bed0,,"vehicle.cpp range 0x0042be70..0x0042cf90 (track contact, prior-evidence vehicle funcs)"
vehicle,0x0042bf90,,"vehicle.cpp range 0x0042be70..0x0042cf90 (track contact, prior-evidence vehicle funcs)"
vehicle,0x0042c0d0,,"vehicle.cpp range 0x0042be70..0x0042cf90 (track contact, prior-evidence vehicle funcs)"
vehicle,0x0042c2e0,,"vehicle.cpp range 0x0042be70..0x0042cf90 (track contact, prior-evidence vehicle funcs)"
vehicle,0x0042c420,,"vehicle.cpp range 0x0042be70..0x0042cf90 (track contact, prior-evidence vehicle funcs)"
vehicle,0x0042c520,,"vehicle.cpp range 0x0042be70..0x0042cf90 (track contact, prior-evidence vehicle funcs)"
vehicle,0x0042c640,,"vehicle.cpp range 0x0042be70..0x0042cf90 (track contact, prior-evidence vehicle funcs)"
vehicle,0x0042c8d0,,"vehicle.cpp range 0x0042be70..0x0042cf90 (track contact, prior-evidence vehicle funcs)"
vehicle,0x0042ca40,,"vehicle.cpp range 0x0042be70..0x0042cf90 (track contact, prior-evidence vehicle funcs)"
vehicle,0x0042cb50,,"vehicle.cpp range 0x0042be70..0x0042cf90 (track contact, prior-evidence vehicle funcs)"
vehicle,0x0042cbd0,,"vehicle.cpp range 0x0042be70..0x0042cf90 (track contact, prior-evidence vehicle funcs)"
vehicle,0x0042cc00,,"vehicle.cpp range 0x0042be70..0x0042cf90 (track contact, prior-evidence vehicle funcs)"
vehicle,0x0042cde0,,"vehicle.cpp range 0x0042be70..0x0042cf90 (track contact, prior-evidence vehicle funcs)"
vehicle,0x0042ce50,,"vehicle.cpp range 0x0042be70..0x0042cf90 (track contact, prior-evidence vehicle funcs)"
vehicle,0x0042cf60,,"vehicle.cpp range 0x0042be70..0x0042cf90 (track contact, prior-evidence vehicle funcs)"
vehicle,0x0042cf90,,"vehicle.cpp range 0x0042be70..0x0042cf90 (track contact, prior-evidence vehicle funcs)"
vehicle,0x0042d320,,callee of vehicle contact/physics
vehicle,0x0042d560,,callee of vehicle contact/physics
vehicle,0x0042d5c0,,callee of vehicle contact/physics
znetwork,0x0043d060,,Zone COM lobby dialog 0x9a (CLSID 4dd3baf5-...)
znetwork,0x0043d130,,Zone COM lobby dialog 0x9a (CLSID 4dd3baf5-...)
znetwork,0x0043d280,,Zone COM lobby dialog 0x9a (CLSID 4dd3baf5-...)
znetwork,0x0043d2e0,,Zone COM lobby dialog 0x9a (CLSID 4dd3baf5-...)
znetwork,0x0043d650,,Zone COM lobby dialog 0x9a (CLSID 4dd3baf5-...)
znetwork,0x0043d6a0,,Zone COM lobby dialog 0x9a (CLSID 4dd3baf5-...)
znetwork,0x0043d6b0,,Zone COM lobby dialog 0x9a (CLSID 4dd3baf5-...)
znetwork,0x0043d720,,Zone COM lobby dialog 0x9a (CLSID 4dd3baf5-...)
znetwork,0x0043d740,,Zone COM lobby dialog 0x9a (CLSID 4dd3baf5-...)
znetwork,0x0043d980,,Zone COM lobby dialog 0x9a (CLSID 4dd3baf5-...)
znetwork,0x0043d9a0,,Zone COM lobby dialog 0x9a (CLSID 4dd3baf5-...)
znetwork,0x0043db20,,Zone COM lobby dialog 0x9a (CLSID 4dd3baf5-...)
znetwork,0x0043dcd0,,Zone COM lobby dialog 0x9a (CLSID 4dd3baf5-...)
znetwork,0x0043dfe0,,Zone COM lobby dialog 0x9a (CLSID 4dd3baf5-...)
znetwork,0x0043e160,,Zone lobby dialog callee
znetwork,0x0043e3b0,,Zone lobby dialog callee
znetwork,0x0043f610,,Zone lobby dialog callee
znetwork,0x004416f0,,Zone lobby dialog callee
znetwork,0x00441720,,Zone lobby dialog callee
znetwork,0x0043e450,,Zone lobby dialog callee
znetwork,0x0043f68e,,Zone lobby dialog callee
menus,0x0041a3d0,,MP new-game screen/panel + name dialog 0x88
menus,0x0041a3f0,,MP new-game screen/panel + name dialog 0x88
menus,0x0041a400,,MP new-game screen/panel + name dialog 0x88
menus,0x0041ab70,,MP new-game screen/panel + name dialog 0x88
menus,0x0041ab80,,MP new-game screen/panel + name dialog 0x88
menus,0x0041aba0,,MP new-game screen/panel + name dialog 0x88
menus,0x0041abc0,,MP new-game screen/panel + name dialog 0x88
menus,0x0041abe0,,MP new-game screen/panel + name dialog 0x88
menus,0x0041ac50,,MP new-game screen/panel + name dialog 0x88
menus,0x0041ad20,,MP new-game screen/panel + name dialog 0x88
menus,0x0041ada0,,MP new-game screen/panel + name dialog 0x88
menus,0x0041ae90,,MP new-game screen/panel + name dialog 0x88
menus,0x0041aeb0,,MP new-game screen/panel + name dialog 0x88
menus,0x0041af50,,MP new-game screen/panel + name dialog 0x88
menus,0x004091c0,,credits screen/panel
menus,0x004092a0,,credits screen/panel
menus,0x00409380,,credits screen/panel
menus,0x00409470,,credits screen/panel
menus,0x00409960,,credits screen/panel
menus,0x00409970,,credits screen/panel
menus,0x00409990,,credits screen/panel
menus,0x004099d0,,credits screen/panel
menus,0x004099f0,,credits screen/panel
menus,0x00409a60,,credits screen/panel
menus,0x00409ad0,,credits screen/panel
menus,0x00409b20,,credits screen/panel
app,0x004301e0,,main frame window
app,0x004305f0,,main frame window
app,0x00430610,,main frame window
app,0x00430680,,main frame window
app,0x004306f0,,main frame window
app,0x004309b0,,main frame window
app,0x004309d0,,main frame window
app,0x004309f0,,main frame window
app,0x00430a10,,main frame window
app,0x00430a30,,main frame window
app,0x00430a50,,main frame window
app,0x00430c30,,main frame window
app,0x0044300b,,game frame window / app run catch handlers
app,0x00443032,,game frame window / app run catch handlers
app,0x004430cc,,game frame window / app run catch handlers
app,0x00443650,,game frame window / app run catch handlers
app,0x00443730,,game frame window / app run catch handlers
app,0x004437d0,,game frame window / app run catch handlers
app,0x00443810,,game frame window / app run catch handlers
app,0x00443830,,game frame window / app run catch handlers
app,0x00443900,,game frame window / app run catch handlers
app,0x00443ab0,,game frame window / app run catch handlers
app,0x00443b70,,game frame window / app run catch handlers
app,0x00443b90,,game frame window / app run catch handlers
app,0x00443be0,,game frame window / app run catch handlers
app,0x00443c00,,game frame window / app run catch handlers
app,0x004a5780,,game frame callee
app,0x004a59b0,,game frame callee
menus,0x0040b460,,commands (key bindings) screen
menus,0x0040b4e0,,commands (key bindings) screen
menus,0x0040b560,,commands (key bindings) screen
menus,0x0040bc30,,commands (key bindings) screen
menus,0x0040bc40,,commands (key bindings) screen
menus,0x0040bc60,,commands (key bindings) screen
menus,0x0040bc70,,commands (key bindings) screen
menus,0x0040bc90,,commands (key bindings) screen
menus,0x0040bcf0,,commands (key bindings) screen
menus,0x0040bd60,,commands (key bindings) screen
menus,0x0040bef0,,commands (key bindings) screen
menus,0x00415020,,main menu screen
menus,0x00415040,,main menu screen
menus,0x00415110,,main menu screen
menus,0x00415120,,main menu screen
menus,0x00415170,,main menu screen
menus,0x00415190,,main menu screen
menus,0x004151b0,,main menu screen
menus,0x00415220,,main menu screen
menus,0x00415370,,main menu screen
menus,0x00435a40,,save/load screen
menus,0x00435a50,,save/load screen
menus,0x00435c80,,save/load screen
menus,0x00435ca0,,save/load screen
menus,0x00435cc0,,save/load screen
menus,0x00435d20,,save/load screen
menus,0x00435e80,,save/load screen
menus,0x00435ed0,,save/load screen
menus,0x00435f80,,save/load screen
vehicle,0x00429240,,vehicle yaw/speed physics
vehicle,0x00429b40,,vehicle yaw/speed physics
vehicle,0x00429d30,,vehicle yaw/speed physics
vehicle,0x00429ed0,,vehicle yaw/speed physics
vehicle,0x00429f20,,vehicle yaw/speed physics
vehicle,0x00429f40,,vehicle yaw/speed physics
vehicle,0x00426350,,vehicle yaw/speed physics
menus,0x00434980,,save/load dialog dtors
menus,0x004349a0,,save/load dialog dtors
menus,0x00434a80,,save/load dialog dtors
menus,0x00434b70,,save/load dialog dtors
menus,0x00434dd0,,save/load dialog dtors
menus,0x00434df0,,save/load dialog dtors
weapon,0x0043c950,,0x0043c block
weapon,0x0043c9c0,,0x0043c block
weapon,0x0043ca20,,0x0043c block
weapon,0x0043cc70,,0x0043c block
znetwork,0x0043cf40,,0x0043c block
znetwork,0x0043cf90,,0x0043c block
savegame,0x004c00c0,,save system lifetime / temp files
savegame,0x004c00e0,,save system lifetime / temp files
savegame,0x004c0180,,save system lifetime / temp files
savegame,0x004c01b0,,save system lifetime / temp files
savegame,0x004c06f0,,save system lifetime / temp files
savegame,0x004c0780,,save system lifetime / temp files
savegame,0x004c07c0,,save system lifetime / temp files
menus,0x0041b150,,name/session join dialog 0x88
menus,0x0041b510,,name/session join dialog 0x88
menus,0x0041b660,,name/session join dialog 0x88
menus,0x0041b680,,name/session join dialog 0x88
menus,0x0041b6a0,,name/session join dialog 0x88
znetwork,0x0043e040,,Zone lobby dialog
znetwork,0x0043e900,,Zone lobby dialog
znetwork,0x0043ebd0,,Zone lobby dialog
znetwork,0x0043ee80,,Zone lobby dialog
znetwork,0x0043efe0,,Zone lobby dialog
znetwork,0x00441620,,Zone sink / combo dialog
znetwork,0x00441680,,Zone sink / combo dialog
znetwork,0x00441890,,Zone sink / combo dialog
znetwork,0x004418b0,,Zone sink / combo dialog
znetwork,0x004419a0,,Zone sink / combo dialog
ui_widgets,0x004be210,,ui widget helpers / global composite panel
ui_widgets,0x004bee00,,ui widget helpers / global composite panel
ui_widgets,0x004bee50,,ui widget helpers / global composite panel
ui_widgets,0x004bee60,,ui widget helpers / global composite panel
ui_widgets,0x004bef40,,ui widget helpers / global composite panel
app,0x00431330,,0x00431/0x00438 block
app,0x00431380,,0x00431/0x00438 block
app,0x00431610,,0x00431/0x00438 block
app,0x00431680,,0x00431/0x00438 block
texture,0x0046d5b0,,0x00431/0x00438 block
texture,0x0046d5c0,,0x00431/0x00438 block
pickup,0x004389c0,,0x00431/0x00438 block
pickup,0x00438a20,,0x00431/0x00438 block
pickup,0x00438a70,,0x00431/0x00438 block
pickup,0x00438b30,,0x00431/0x00438 block
rasteriser,0x0048d340,,0x0048d/0x004a6 block
rasteriser,0x0048d3e0,,0x0048d/0x004a6 block
rasteriser,0x0048da60,,0x0048d/0x004a6 block
asset_io,0x004a6110,,0x0048d/0x004a6 block
asset_io,0x004a62f0,,0x0048d/0x004a6 block
asset_io,0x004a6630,,0x0048d/0x004a6 block
render_frame,0x004a66f0,,0x0048d/0x004a6 block
rasteriser,0x0048daf0,,ripple distortion
ui_widgets,0x004b44e0,,edit field text / bevel frame
ui_widgets,0x004b4590,,edit field text / bevel frame
ui_widgets,0x004b45e0,,edit field text / bevel frame
ui_widgets,0x004b4810,,edit field text / bevel frame
menus,0x00403d90,,sweep
menus,0x00403ed0,,sweep
menus,0x0040a920,,sweep
mission,0x00419650,,sweep
mission,0x00419850,,sweep
mission,0x00419870,,sweep
vehicle,0x00428d60,,sweep
vehicle,0x0042b810,,sweep
vehicle,0x0042b970,,sweep
app,0x0042bb30,,sweep
app,0x0042f5e0,,sweep
app,0x0042f890,,sweep
app,0x0042faa0,,sweep
hud,0x00439690,,sweep
vehicle,0x0043afd0,,sweep
vehicle,0x0043b810,,sweep
znetwork,0x0043f5d0,,sweep
znetwork,0x004404c0,,sweep
znetwork,0x004407e0,,sweep
znetwork,0x00440a30,,sweep
zclass_nodes,0x0044f1d0,,sweep
zclass_nodes,0x00451b20,,sweep
zclass_nodes,0x00451bd0,,sweep
texture,0x0046e9b0,,sweep
input,0x0046f9d0,,sweep
input,0x0046fd20,,sweep
input,0x004723d0,,sweep
input,0x00472450,,sweep
net,0x00489d00,,sweep
rasteriser,0x0048ec90,,sweep
rasteriser,0x0048ed60,,sweep
rasteriser,0x0048f560,,sweep
render_frame,0x004903c0,,sweep
render_frame,0x00490610,,sweep
app,0x004a5b00,,sweep
asset_io,0x004a5df0,,sweep
weapon,0x004b1140,,sweep
weapon,0x004b1160,,sweep
weapon,0x004b1d80,,sweep
ui_widgets,0x004b8200,,sweep
ui_widgets,0x004b9740,,sweep
ui_widgets,0x004ba3e0,,sweep
ui_widgets,0x004bb0c0,,sweep
ui_widgets,0x004bb1c0,,sweep
ui_widgets,0x004bbfa0,,sweep
ui_widgets,0x004bc4e0,,sweep
ui_widgets,0x004bd800,,sweep
ui_widgets,0x004bd880,,sweep
ui_widgets,0x004bd9f0,,sweep
ui_widgets,0x004bf540,,sweep
zclass_nodes,0x004c59e0,,sweep
app,0x004c6140,,sweep
app,0x004c6300,,sweep
app,0x004c6350,,sweep
app,0x004c81c0,,sweep
app,0x004c81d8,,sweep
render_frame,0x004c8070,,sweep
app,0x00404bd0,,"assigned 2026-09-24 (orphan pass): caller majority {'app': 1, 'net': 1}"
app,0x00404c80,,assigned 2026-09-24 (orphan pass): caller majority {'app': 1}
input,0x0040c190,,"assigned 2026-09-24 (orphan pass): caller majority {'input': 2, 'sound': 1, 'menus': 1}"
sound,0x0040c1c0,,"assigned 2026-09-24 (orphan pass): caller majority {'sound': 1, 'ui_widgets': 1, 'menus': 1}"
app,0x0040c370,,assigned 2026-09-24 (orphan pass): name prefix 'RecoilApp_' (13/16 existing 'RecoilApp_' members are app)
vehicle,0x00426770,,assigned 2026-09-24 (orphan pass): caller majority {'vehicle': 1}
vehicle,0x00427440,,assigned 2026-09-24 (orphan pass): name prefix 'Vehicle_' (57/78 existing 'Vehicle_' members are vehicle)
vehicle,0x00427ec0,,assigned 2026-09-24 (orphan pass): name prefix 'Vehicle_' (57/78 existing 'Vehicle_' members are vehicle)
vehicle,0x00428350,,assigned 2026-09-24 (orphan pass): name prefix 'Vehicle_' (57/78 existing 'Vehicle_' members are vehicle)
vehicle,0x004283f0,,assigned 2026-09-24 (orphan pass): name prefix 'Vehicle_' (57/78 existing 'Vehicle_' members are vehicle)
vehicle,0x00428490,,assigned 2026-09-24 (orphan pass): name prefix 'Vehicle_' (57/78 existing 'Vehicle_' members are vehicle)
vehicle,0x004289f0,,assigned 2026-09-24 (orphan pass): name prefix 'Vehicle_' (57/78 existing 'Vehicle_' members are vehicle)
vehicle,0x00428c20,,assigned 2026-09-24 (orphan pass): name prefix 'Vehicle_' (57/78 existing 'Vehicle_' members are vehicle)
vehicle,0x00429430,,assigned 2026-09-24 (orphan pass): name prefix 'Vehicle_' (57/78 existing 'Vehicle_' members are vehicle)
vehicle,0x004294d0,,assigned 2026-09-24 (orphan pass): name prefix 'Vehicle_' (57/78 existing 'Vehicle_' members are vehicle)
vehicle,0x00429560,,assigned 2026-09-24 (orphan pass): name prefix 'Vehicle_' (57/78 existing 'Vehicle_' members are vehicle)
vehicle,0x00429750,,assigned 2026-09-24 (orphan pass): caller majority {'vehicle': 3}
vehicle,0x00429870,,assigned 2026-09-24 (orphan pass): caller majority {'vehicle': 4}
vehicle,0x00429ef0,,assigned 2026-09-24 (orphan pass): name prefix 'Vehicle_' (57/78 existing 'Vehicle_' members are vehicle)
turret,0x0042a9f0,,"assigned 2026-09-24 (orphan pass): caller majority {'turret': 1, 'ai_net': 1}"
ai_net,0x0042ba50,,assigned 2026-09-24 (orphan pass): caller majority {'ai_net': 1}
vehicle,0x0042be00,,assigned 2026-09-24 (orphan pass): name prefix 'Vehicle_' (57/78 existing 'Vehicle_' members are vehicle)
app,0x0042f280,,assigned 2026-09-24 (orphan pass): name prefix 'App_' (11/11 existing 'App_' members are app)
input,0x0042fac0,,assigned 2026-09-24 (orphan pass): name prefix 'ForceFeedback_' (3/3 existing 'ForceFeedback_' members are input)
input,0x0042fc90,,assigned 2026-09-24 (orphan pass): name prefix 'ForceFeedback_' (3/3 existing 'ForceFeedback_' members are input)
input,0x0042ffa0,,assigned 2026-09-24 (orphan pass): name prefix 'ForceFeedback_' (3/3 existing 'ForceFeedback_' members are input)
input,0x00430070,,assigned 2026-09-24 (orphan pass): name prefix 'ForceFeedback_' (3/3 existing 'ForceFeedback_' members are input)
input,0x00430100,,assigned 2026-09-24 (orphan pass): name prefix 'ForceFeedback_' (3/3 existing 'ForceFeedback_' members are input)
app,0x00430250,,assigned 2026-09-24 (orphan pass): name prefix 'MainWnd_' (16/16 existing 'MainWnd_' members are app)
app,0x004308c0,,assigned 2026-09-24 (orphan pass): name prefix 'MainWnd_' (16/16 existing 'MainWnd_' members are app)
app,0x00431730,,assigned 2026-09-24 (orphan pass): name prefix 'MainWnd_' (16/16 existing 'MainWnd_' members are app)
player,0x00438920,,"assigned 2026-09-24 (orphan pass): caller majority {'player': 1, 'turret': 1}"
app,0x00438980,,assigned 2026-09-24 (orphan pass): caller majority {'app': 2}
turret,0x00438990,,assigned 2026-09-24 (orphan pass): caller majority {'turret': 1}
vehicle,0x00439b70,,assigned 2026-09-24 (orphan pass): name prefix 'Vehicle_' (57/78 existing 'Vehicle_' members are vehicle)
weapon,0x0043aa30,,assigned 2026-09-24 (orphan pass): name prefix 'Weapon_' (80/80 existing 'Weapon_' members are weapon)
weapon,0x0043acf0,,assigned 2026-09-24 (orphan pass): name prefix 'Weapon_' (80/80 existing 'Weapon_' members are weapon)
vehicle,0x0043b730,,assigned 2026-09-24 (orphan pass): name prefix 'Vehicle_' (57/78 existing 'Vehicle_' members are vehicle)
vehicle,0x0043b790,,assigned 2026-09-24 (orphan pass): name prefix 'Vehicle_' (57/78 existing 'Vehicle_' members are vehicle)
ai_net,0x0043c0c0,,assigned 2026-09-24 (orphan pass): caller majority {'ai_net': 1}
weapon,0x0043c2d0,,assigned 2026-09-24 (orphan pass): name prefix 'Weapon_' (80/80 existing 'Weapon_' members are weapon)
weapon,0x0043c330,,assigned 2026-09-24 (orphan pass): name prefix 'Weapon_' (80/80 existing 'Weapon_' members are weapon)
weapon,0x0043c430,,assigned 2026-09-24 (orphan pass): name prefix 'Weapon_' (80/80 existing 'Weapon_' members are weapon)
weapon,0x0043c550,,assigned 2026-09-24 (orphan pass): name prefix 'Weapon_' (80/80 existing 'Weapon_' members are weapon)
weapon,0x0043c800,,assigned 2026-09-24 (orphan pass): name prefix 'Weapon_' (80/80 existing 'Weapon_' members are weapon)
vehicle,0x0043c850,,assigned 2026-09-24 (orphan pass): name prefix 'Vehicle_' (57/78 existing 'Vehicle_' members are vehicle)
znetwork,0x00441600,,assigned 2026-09-24 (orphan pass): owner by function: Zone COM sink lock / Zone login combo dialog
znetwork,0x00441750,,assigned 2026-09-24 (orphan pass): owner by function: Zone COM sink lock / Zone login combo dialog
zclass_nodes,0x0044f120,,assigned 2026-09-24 (orphan pass): caller majority {'zclass_nodes': 1}
class_api,0x0044f7a0,,assigned 2026-09-24 (orphan pass): owner by function: creates/configures window/display classes (script command handler is only the caller)
class_api,0x0044fad0,,assigned 2026-09-24 (orphan pass): owner by function: creates/configures window/display classes (script command handler is only the caller)
class_api,0x0044fb40,,assigned 2026-09-24 (orphan pass): owner by function: creates/configures window/display classes (script command handler is only the caller)
class_api,0x0044fbd0,,assigned 2026-09-24 (orphan pass): owner by function: creates/configures window/display classes (script command handler is only the caller)
class_api,0x0044fcf0,,assigned 2026-09-24 (orphan pass): owner by function: creates/configures window/display classes (script command handler is only the caller)
class_api,0x0044fdd0,,assigned 2026-09-24 (orphan pass): owner by function: creates/configures window/display classes (script command handler is only the caller)
zclass_nodes,0x004518b0,,assigned 2026-09-24 (orphan pass): owner by function: class node database/release
zclass_nodes,0x004518e0,,assigned 2026-09-24 (orphan pass): owner by function: class node database/release
zclass_nodes,0x00451f70,,assigned 2026-09-24 (orphan pass): caller majority {'zclass_nodes': 1}
zclass_nodes,0x004520c0,,assigned 2026-09-24 (orphan pass): caller majority {'zclass_nodes': 1}
zclass_nodes,0x004520e0,,assigned 2026-09-24 (orphan pass): caller majority {'zclass_nodes': 1}
zclass_nodes,0x00452100,,assigned 2026-09-24 (orphan pass): caller majority {'zclass_nodes': 1}
zclass_nodes,0x00452230,,assigned 2026-09-24 (orphan pass): caller majority {'zclass_nodes': 1}
zclass_nodes,0x00452250,,assigned 2026-09-24 (orphan pass): caller majority {'zclass_nodes': 1}
zclass_nodes,0x004523c0,,assigned 2026-09-24 (orphan pass): caller majority {'zclass_nodes': 1}
zclass_nodes,0x004523e0,,assigned 2026-09-24 (orphan pass): caller majority {'zclass_nodes': 1}
zclass_nodes,0x004528b0,,assigned 2026-09-24 (orphan pass): caller majority {'zclass_nodes': 1}
zclass_nodes,0x004528e0,,assigned 2026-09-24 (orphan pass): owner by function: class node database/release
avi,0x004625e0,,assigned 2026-09-24 (orphan pass): owner by function: FMV sequence object (Seq_Load drives avi)
avi,0x00462630,,assigned 2026-09-24 (orphan pass): owner by function: FMV sequence object (Seq_Load drives avi)
avi,0x00462660,,assigned 2026-09-24 (orphan pass): caller majority {'avi': 1}
avi,0x004626b0,,assigned 2026-09-24 (orphan pass): owner by function: FMV sequence object (Seq_Load drives avi)
texture,0x0046f210,,assigned 2026-09-24 (orphan pass): name prefix 'Image_' (19/19 existing 'Image_' members are texture)
input,0x0046f300,,assigned 2026-09-24 (orphan pass): name prefix 'Input_' (50/53 existing 'Input_' members are input)
input,0x0046f420,,assigned 2026-09-24 (orphan pass): name prefix 'Input_' (50/53 existing 'Input_' members are input)
input,0x0046f980,,assigned 2026-09-24 (orphan pass): name prefix 'Input_' (50/53 existing 'Input_' members are input)
input,0x0046fa10,,assigned 2026-09-24 (orphan pass): name prefix 'Input_' (50/53 existing 'Input_' members are input)
input,0x0046fba0,,assigned 2026-09-24 (orphan pass): name prefix 'Input_' (50/53 existing 'Input_' members are input)
input,0x00472280,,assigned 2026-09-24 (orphan pass): name prefix 'Input_' (50/53 existing 'Input_' members are input)
input,0x00472390,,"assigned 2026-09-24 (orphan pass): caller majority {'input': 1, 'player': 1}"
input,0x004723a0,,assigned 2026-09-24 (orphan pass): name prefix 'Input_' (50/53 existing 'Input_' members are input)
asset_io,0x00475e60,,assigned 2026-09-24 (orphan pass): owner by function: model/archive/search-path module state
asset_io,0x00475f60,,assigned 2026-09-24 (orphan pass): name prefix 'Model_' (29/31 existing 'Model_' members are asset_io)
asset_io,0x00475ff0,,assigned 2026-09-24 (orphan pass): owner by function: model/archive/search-path module state
render_frame,0x00476020,,assigned 2026-09-24 (orphan pass): owner by function: sets renderer state (script/app only call it)
render_frame,0x00476090,,assigned 2026-09-24 (orphan pass): owner by function: sets renderer state (script/app only call it)
render_frame,0x004760b0,,assigned 2026-09-24 (orphan pass): owner by function: sets renderer state (script/app only call it)
cls_world,0x00476170,,"assigned 2026-09-24 (orphan pass): caller majority {'cls_world': 1, 'scene_render': 1}"
scene_render,0x00476180,,assigned 2026-09-24 (orphan pass): caller majority {'scene_render': 1}
scene_render,0x004761d0,,assigned 2026-09-24 (orphan pass): caller majority {'scene_render': 1}
render_frame,0x00476300,,assigned 2026-09-24 (orphan pass): owner by function: sets renderer state (script/app only call it)
render_frame,0x00476320,,"assigned 2026-09-24 (orphan pass): caller majority {'render_frame': 3, 'player': 2, 'camera': 2}"
hud,0x00476370,,"assigned 2026-09-24 (orphan pass): caller majority {'hud': 1, 'vehicle': 1}"
geometry,0x00476460,,assigned 2026-09-24 (orphan pass): owner by function: geometry back-face tolerance
geometry,0x00476470,,assigned 2026-09-24 (orphan pass): owner by function: geometry back-face tolerance
asset_io,0x004791c0,,assigned 2026-09-24 (orphan pass): name prefix 'Model_' (29/31 existing 'Model_' members are asset_io)
texture,0x00479c60,,assigned 2026-09-24 (orphan pass): owner by function: palette naming
mission,0x00479cb0,,assigned 2026-09-24 (orphan pass): caller majority {'mission': 1}
poly_shade,0x004894f0,,"assigned 2026-09-24 (orphan pass): caller majority {'poly_shade': 2, 'render_frame': 1}"
znetwork,0x0048c200,,assigned 2026-09-24 (orphan pass): name prefix 'NetMsgQueue_' (4/4 existing 'NetMsgQueue_' members are znetwork)
znetwork,0x0048c250,,assigned 2026-09-24 (orphan pass): name prefix 'DPlay_' (20/21 existing 'DPlay_' members are znetwork)
asset_io,0x0048c7d0,,assigned 2026-09-24 (orphan pass): name prefix 'Container_' (12/13 existing 'Container_' members are asset_io)
asset_io,0x0048c800,,assigned 2026-09-24 (orphan pass): name prefix 'Container_' (12/13 existing 'Container_' members are asset_io)
asset_io,0x0048c890,,assigned 2026-09-24 (orphan pass): name prefix 'Container_' (12/13 existing 'Container_' members are asset_io)
asset_io,0x0048ca30,,assigned 2026-09-24 (orphan pass): name prefix 'Container_' (12/13 existing 'Container_' members are asset_io)
asset_io,0x0048cb30,,assigned 2026-09-24 (orphan pass): name prefix 'Container_' (12/13 existing 'Container_' members are asset_io)
asset_io,0x0048cc50,,assigned 2026-09-24 (orphan pass): name prefix 'Container_' (12/13 existing 'Container_' members are asset_io)
asset_io,0x0048cc60,,assigned 2026-09-24 (orphan pass): name prefix 'Container_' (12/13 existing 'Container_' members are asset_io)
asset_io,0x0048cc70,,assigned 2026-09-24 (orphan pass): owner by function: model/archive/search-path module state
asset_io,0x0048cce0,,assigned 2026-09-24 (orphan pass): owner by function: model/archive/search-path module state
asset_io,0x0048cd10,,assigned 2026-09-24 (orphan pass): owner by function: model/archive/search-path module state
asset_io,0x0048cda0,,assigned 2026-09-24 (orphan pass): name prefix 'ConfigTree_' (6/6 existing 'ConfigTree_' members are asset_io)
asset_io,0x0048ce60,,assigned 2026-09-24 (orphan pass): name prefix 'ConfigTree_' (6/6 existing 'ConfigTree_' members are asset_io)
asset_io,0x0048cec0,,assigned 2026-09-24 (orphan pass): name prefix 'ConfigTree_' (6/6 existing 'ConfigTree_' members are asset_io)
asset_io,0x0048d080,,assigned 2026-09-24 (orphan pass): name prefix 'ConfigTree_' (6/6 existing 'ConfigTree_' members are asset_io)
asset_io,0x0048d1c0,,assigned 2026-09-24 (orphan pass): name prefix 'Zar_' (4/4 existing 'Zar_' members are asset_io)
rasteriser,0x0048d420,,assigned 2026-09-24 (orphan pass): owner by function: software rasteriser buffers/globals (0x0056b1c4 is the raster source buffer)
menus,0x0048d6d0,,assigned 2026-09-24 (orphan pass): name prefix 'Screen_' (15/22 existing 'Screen_' members are menus)
render_frame,0x0048fd80,,assigned 2026-09-24 (orphan pass): owner by function: sets renderer state (script/app only call it)
render_frame,0x0048ff60,,assigned 2026-09-24 (orphan pass): owner by function: sets renderer state (script/app only call it)
render_frame,0x0048ff70,,assigned 2026-09-24 (orphan pass): name prefix 'zRndr_' (8/9 existing 'zRndr_' members are render_frame)
poly_shade,0x00490330,,assigned 2026-09-24 (orphan pass): caller majority {'poly_shade': 4}
render_frame,0x004903e0,,assigned 2026-09-24 (orphan pass): owner by function: sets renderer state (script/app only call it)
rasteriser,0x00490520,,assigned 2026-09-24 (orphan pass): owner by function: software rasteriser buffers/globals (0x0056b1c4 is the raster source buffer)
rasteriser,0x00490780,,assigned 2026-09-24 (orphan pass): owner by function: software rasteriser buffers/globals (0x0056b1c4 is the raster source buffer)
render_frame,0x00498cb0,,assigned 2026-09-24 (orphan pass): caller majority {'render_frame': 1}
mapscreen,0x00498f90,,assigned 2026-09-24 (orphan pass): caller majority {'mapscreen': 1}
zeffect,0x0049aa40,,assigned 2026-09-24 (orphan pass): owner by function: lens flare texture
app,0x004a5670,,assigned 2026-09-24 (orphan pass): caller majority {'app': 2}
menus,0x004a56d0,,"assigned 2026-09-24 (orphan pass): caller majority {'menus': 2, 'ui_widgets': 1, 'znetwork': 1}"
app,0x004a5980,,assigned 2026-09-24 (orphan pass): name prefix 'App_' (11/11 existing 'App_' members are app)
app,0x004a59a0,,assigned 2026-09-24 (orphan pass): caller majority {'app': 2}
app,0x004a5ad0,,assigned 2026-09-24 (orphan pass): caller majority {'app': 1}
zeffect,0x004a5b20,,assigned 2026-09-24 (orphan pass): caller majority {'zeffect': 1}
ui_widgets,0x004a5b40,,"assigned 2026-09-24 (orphan pass): caller majority {'ui_widgets': 4, 'weapon': 2, 'mission': 1}"
asset_io,0x004a6100,,assigned 2026-09-24 (orphan pass): owner by function: model/archive/search-path module state
asset_io,0x004a63f0,,assigned 2026-09-24 (orphan pass): name prefix 'Zar_' (4/4 existing 'Zar_' members are asset_io)
asset_io,0x004a64d0,,assigned 2026-09-24 (orphan pass): name prefix 'Zar_' (4/4 existing 'Zar_' members are asset_io)
app,0x004a75e0,,"assigned 2026-09-24 (orphan pass): caller majority {'app': 3, 'render_frame': 2, 'declient': 1}"
vehicle,0x004b28e0,,"assigned 2026-09-24 (orphan pass): caller majority {'vehicle': 2, 'turret': 1, 'ai_net': 1}"
turret,0x004b2900,,"assigned 2026-09-24 (orphan pass): caller majority {'turret': 1, 'vehicle': 1, 'ai_net': 1}"
ui_widgets,0x004bc810,,assigned 2026-09-24 (orphan pass): caller majority {'ui_widgets': 1}
ui_widgets,0x004bd470,,assigned 2026-09-24 (orphan pass): caller majority {'ui_widgets': 1}
ui_widgets,0x004bd4d0,,assigned 2026-09-24 (orphan pass): caller majority {'ui_widgets': 1}
mapscreen,0x004bd6f0,,assigned 2026-09-24 (orphan pass): caller majority {'mapscreen': 1}
mapscreen,0x004bd720,,assigned 2026-09-24 (orphan pass): caller majority {'mapscreen': 1}
mapscreen,0x004bd840,,assigned 2026-09-24 (orphan pass): caller majority {'mapscreen': 1}
ui_widgets,0x004bd9c0,,"assigned 2026-09-24 (orphan pass): caller majority {'ui_widgets': 1, 'mapscreen': 1}"
ui_widgets,0x004bdb30,,"assigned 2026-09-24 (orphan pass): caller majority {'ui_widgets': 1, 'mapscreen': 1}"
ui_widgets,0x004bdc00,,assigned 2026-09-24 (orphan pass): name prefix 'Widget_' (49/49 existing 'Widget_' members are ui_widgets)
savegame,0x004c0100,,assigned 2026-09-24 (orphan pass): name prefix 'SaveSystem_' (4/4 existing 'SaveSystem_' members are savegame)
ui_widgets,0x004c0280,,assigned 2026-09-24 (orphan pass): caller majority {'ui_widgets': 1}
script,0x004c5480,,assigned 2026-09-24 (orphan pass): caller majority {'script': 1}
script,0x004c54b0,,assigned 2026-09-24 (orphan pass): caller majority {'script': 1}
script,0x004c5510,,assigned 2026-09-24 (orphan pass): caller majority {'script': 1}
script,0x004c5520,,assigned 2026-09-24 (orphan pass): caller majority {'script': 2}
script,0x004c5550,,assigned 2026-09-24 (orphan pass): caller majority {'script': 1}
script,0x004c5740,,assigned 2026-09-24 (orphan pass): caller majority {'script': 1}
script,0x004c5820,,assigned 2026-09-24 (orphan pass): caller majority {'script': 1}
script,0x004c58c0,,assigned 2026-09-24 (orphan pass): caller majority {'script': 1}
script,0x004c58e0,,assigned 2026-09-24 (orphan pass): caller majority {'script': 1}
zvideo,0x004c7fd0,,assigned 2026-09-24 (orphan pass): owner by function: palette load into video layer
menus,0x00401020,VMethod_RetNop4,G1 vtable-only method; subsystem from address neighbours
menus,0x00407130,VMethod_ReturnTrue_00407130,G1 vtable-only method; subsystem from address neighbours
ui_widgets,0x00407170,ScalarDeletingDtor_00407170,G1 vtable-only method; subsystem from address neighbours
menus,0x004099a0,Panel_OnShow_004099a0,G1 vtable-only method; subsystem from address neighbours
hud,0x00412bd0,VMethod_ReturnTrue_00412bd0,G1 vtable-only method; subsystem from address neighbours
hud,0x00412be0,Hud_ForwardTo_004bc900,G1 vtable-only method; subsystem from address neighbours
hud,0x00412bf0,VMethod_CallSlot1_True_00412bf0,G1 vtable-only method; subsystem from address neighbours
hud,0x00412c00,VMethod_CallSlot1_False_00412c00,G1 vtable-only method; subsystem from address neighbours
hud,0x004135f0,VMethod_CallSlot1_False_004135f0,G1 vtable-only method; subsystem from address neighbours
hud,0x00414660,Thunk_00414590,G1 vtable-only method; subsystem from address neighbours
hud,0x00414b50,VMethod_ReturnFalse4_00414b50,G1 vtable-only method; subsystem from address neighbours
menus,0x004159d0,VMethod_ReturnFalse8_004159d0,G1 vtable-only method; subsystem from address neighbours
menus,0x00415a80,ScalarDeletingDtor_00415a80,G1 vtable-only method; subsystem from address neighbours
app,0x0042eb10,AppScreen_Slot8_Enable_0042eb10,G1 vtable-only method; subsystem from address neighbours
app,0x0042eb60,AppScreen_Call415650_0042eb60,G1 vtable-only method; subsystem from address neighbours
app,0x0042ec80,AppScreen_Slot10_Tick_0042ec80,G1 vtable-only method; subsystem from address neighbours
app,0x0042eca0,AppScreen_Slot10_Disable_0042eca0,G1 vtable-only method; subsystem from address neighbours
app,0x0042ee50,AppScreen_OnEnter_0042ee50,G1 vtable-only method; subsystem from address neighbours
app,0x0042ee70,AppScreen_Tick_0042ee70,G1 vtable-only method; subsystem from address neighbours
app,0x0042eec0,AppScreen_OnArg_0042eec0,G1 vtable-only method; subsystem from address neighbours
app,0x0042f9d0,AppScreen_Shutdown_0042f9d0,G1 vtable-only method; subsystem from address neighbours
app,0x00430240,RuntimeClass_Get_004d0bf0,G1 vtable-only method; subsystem from address neighbours
app,0x00431b50,ScalarDeletingDtor_00431b50,G1 vtable-only method; subsystem from address neighbours
menus,0x00434970,Thunk_00435240,G1 vtable-only method; subsystem from address neighbours
menus,0x00434dc0,Thunk_00435a70,G1 vtable-only method; subsystem from address neighbours
znetwork,0x0043fa70,ZNet_MessageBoxHook_0043fa70,G1 vtable-only method; subsystem from address neighbours
znetwork,0x00441660,ZNet_Forward_0042db50_00441660,G1 vtable-only method; subsystem from address neighbours
app,0x00442260,RuntimeClass_Get_004d1eb0,G1 vtable-only method; subsystem from address neighbours
app,0x00442660,App_Callback_Set5392a4_On,G1 vtable-only method; subsystem from address neighbours
app,0x00442680,App_Callback_Set5392a4_Off,G1 vtable-only method; subsystem from address neighbours
app,0x00442770,App_Callback_ImportCall_00442770,G1 vtable-only method; subsystem from address neighbours
app,0x004427d0,App_Forward_0042db50_004427d0,G1 vtable-only method; subsystem from address neighbours
app,0x004437a0,RuntimeClass_Get_004d20e0,G1 vtable-only method; subsystem from address neighbours
avi,0x00462ed0,Seq_SetDuration_00462ed0,G1 vtable-only method; subsystem from address neighbours
avi,0x00462ee0,Seq_IsFinishedAt_00462ee0,G1 vtable-only method; subsystem from address neighbours
avi,0x00462f00,Seq_Present_00462f00,G1 vtable-only method; subsystem from address neighbours
avi,0x00463920,Seq_SetFramebuffer_00463920,G1 vtable-only method; subsystem from address neighbours
avi,0x00463c90,VMethod_ReturnFalse8_00463c90,G1 vtable-only method; subsystem from address neighbours
avi,0x00463ca0,Seq_Stop_00463ca0,G1 vtable-only method; subsystem from address neighbours
ui_widgets,0x004b4530,ListCursor_Prev_004b4530,G1 vtable-only method; subsystem from address neighbours
ui_widgets,0x004b4550,ListCursor_Refresh_004b4550,G1 vtable-only method; subsystem from address neighbours
ui_widgets,0x004b4560,ListCursor_DecNoNotify_004b4560,G1 vtable-only method; subsystem from address neighbours
ui_widgets,0x004bf7c0,Panel_SetMode1_004bf7c0,G1 vtable-only method; subsystem from address neighbours
ui_widgets,0x004bf7e0,Panel_SetMode2_004bf7e0,G1 vtable-only method; subsystem from address neighbours
hud,0x00413500,Hud_DrawOverlay_00413500,G1 vtable-only method
menus,0x004198d0,MPExitScreen_OnEnter_004198d0,G1 vtable-only method
menus,0x00419940,MPExitScreen_OnLeave_00419940,G1 vtable-only method
app,0x0042eac0,AppScreen_Tick_0042eac0,G1 vtable-only method
app,0x00442720,WolPatch_OnStatus_00442720,G1 vtable-only method
avi,0x00463320,SeqFade_Draw_00463320,G1 vtable-only method
ui_widgets,0x004b4570,ListCursor_Next_004b4570,G1 vtable-only method
app,0x0042edb0,AppScreen_PlayMissionFmv_0042edb0,G1 vtable-only method
znetwork,0x0043f6b0,WolLobby_OnServerList_0043f6b0,G1 vtable-only WOL lobby callback
znetwork,0x0043f830,WolLobby_OnChannelEvent_0043f830,G1 vtable-only WOL lobby callback
znetwork,0x0043fa90,WolLobby_OnError_0043fa90,G1 vtable-only WOL lobby callback
znetwork,0x0043fde0,WolLobby_OnChatLine_0043fde0,G1 vtable-only WOL lobby callback
menus,0x004153d0,MenuScreen_OnLeave_ApplySettings_004153d0,G1 vtable-only method
menus,0x00419990,MPExitScreen_Tick_00419990,G1 vtable-only method
app,0x0042f8e0,App_EnterMissionOver_0042f8e0,G1 vtable-only method
avi,0x004636d0,SeqAvi_ShowFrame_004636d0,G1 vtable-only method
hud,0x00412c60,HudPanel_Layout_Split_00412c60,G1 vtable-only method
hud,0x004130d0,HudPanel_Layout_Full_004130d0,G1 vtable-only method
hud,0x00413340,HudPanel_Reset_SelectLayoutByWidth_00413340,G1 vtable-only method
asset_io,0x004a5f20,SearchPath_EntryLacksFile,predicate of member SearchPath_Resolve 0x004a5e50 (absolute pointer at 0x004a5eab); its only reference (2026-09-26)
asset_io,0x004a5da0,StringSet_CompareStrings,predicate of member StringSet_AddSemicolonTokens 0x004a5ce0 (absolute pointer at 0x004a5d2d); its only reference (2026-09-26)
asset_io,0x004cb10b,EH_Handler_Zar_OpenAndRegisterArchive,SEH handler pushed by member Zar_OpenAndRegisterArchive 0x0048d210 (PUSH 0x4cb10b at 0x0048d212); its only reference (2026-09-26)
asset_io,0x004cb100,EH_Unwind_Zar_OpenAndRegisterArchive_0,unwind action of the handler 0x004cb10b (FuncInfo 0x004d72b0 unwind map 0x004d72d0); its only reference (2026-09-26)
asset_io,0x004cb9be,EH_Handler_ZbdResource_Construct,SEH handler pushed by member ZbdResource_Construct 0x004c0d20 (PUSH 0x4cb9be at 0x004c0d22); its only reference (2026-09-26)
asset_io,0x004cb9b0,EH_Unwind_ZbdResource_Construct_0,unwind action of the handler 0x004cb9be (FuncInfo 0x004d7bf0 unwind map 0x004d7c10); its only reference (2026-09-26)
zvideo,0x004a82f0,zVideo_ClearBackBufferColourAndDepthRects,"GAP MEMBER (address-taken by zvideo member Render_InstallDrawDispatchTable 0x004a77a0 at 0x004a7819, MOV [0x006333cc],0x4a82f0; no Ghidra function existed: read via Ghidra create_function + decompile, 2026-09-29 sonnet)"
hud,0x00414590,Hud_BuildNameMessage_00414590,"GAP MEMBER (gap_members.py: referenced by a hud member by call or address-taken; no Ghidra function existed: read via Ghidra create_function + decompile, 2026-09-29 sonnet)"
mission,0x00417680,Mission_BuildSaveRecord_Slot_00417680,"GAP MEMBER (gap_members.py: referenced by a mission member by call or address-taken; no Ghidra function existed: read via Ghidra create_function + decompile, 2026-09-29 sonnet)"
mission,0x00417690,Mission_Slot_Forward_004174f0_00417690,"GAP MEMBER (gap_members.py: referenced by a mission member by call or address-taken; no Ghidra function existed: read via Ghidra create_function + decompile, 2026-09-29 sonnet)"
mission,0x004176d0,Mission_LoadStartAnims_004176d0,"GAP MEMBER (gap_members.py: referenced by a mission member by call or address-taken; no Ghidra function existed: read via Ghidra create_function + decompile, 2026-09-29 sonnet)"
player,0x0041bca0,Player_Slot_0041bca0,"GAP MEMBER (gap_members.py: referenced by a player member by call or address-taken; no Ghidra function existed: read via Ghidra create_function + decompile, 2026-09-29 sonnet)"
player,0x0041bd10,Player_Slot_ClearField594_0041bd10,"GAP MEMBER (gap_members.py: referenced by a player member by call or address-taken; no Ghidra function existed: read via Ghidra create_function + decompile, 2026-09-29 sonnet)"
pickup,0x0041dcf0,Pickup_Reposition_0041dcf0,"GAP MEMBER (gap_members.py: referenced by a pickup member by call or address-taken; no Ghidra function existed: read via Ghidra create_function + decompile, 2026-09-29 sonnet)"
player,0x0041ef70,Player_ClearRecordVector,"GAP MEMBER (gap_members.py: referenced by a player member by call or address-taken; no Ghidra function existed: read via Ghidra create_function + decompile, 2026-09-29 sonnet)"
player,0x0041f640,Player_Slot_0041f640,"GAP MEMBER (gap_members.py: referenced by a player member by call or address-taken; no Ghidra function existed: read via Ghidra create_function + decompile, 2026-09-29 sonnet)"
player,0x0041f850,Player_LoadVehicleFromSaveRecord,"GAP MEMBER (gap_members.py: referenced by a player member by call or address-taken; no Ghidra function existed: read via Ghidra create_function + decompile, 2026-09-29 sonnet)"
vehicle,0x00429f50,Vehicle_FreeVector_00429f50,"GAP MEMBER (gap_members.py: referenced by a vehicle member by call or address-taken; no Ghidra function existed: read via Ghidra create_function + decompile, 2026-09-29 sonnet)"
player,0x00437ef0,Video_ReapplyModeByDriverType_00437ef0,"GAP MEMBER (gap_members.py: referenced by a player member by call or address-taken; no Ghidra function existed: read via Ghidra create_function + decompile, 2026-09-29 sonnet)"
menus,0x00404280,Menus_RunScreenLoop_00404280,"GAP MEMBER (gap_members.py: referenced by a menus member by call or address-taken; no Ghidra function existed: read via Ghidra create_function + decompile, 2026-09-29 sonnet)"
menus,0x0040f2d0,Menus_Slot_Call4b3d00_0040f2d0,"GAP MEMBER (gap_members.py: referenced by a menus member by call or address-taken; no Ghidra function existed: read via Ghidra create_function + decompile, 2026-09-29 sonnet)"
menus,0x0040fab0,Menus_Slot_Call40fac0_0040fab0,"GAP MEMBER (gap_members.py: referenced by a menus member by call or address-taken; no Ghidra function existed: read via Ghidra create_function + decompile, 2026-09-29 sonnet)"
menus,0x0040fbb0,Menus_Slot_0040fbb0,"GAP MEMBER (gap_members.py: referenced by a menus member by call or address-taken; no Ghidra function existed: read via Ghidra create_function + decompile, 2026-09-29 sonnet)"
menus,0x0041ca10,Menus_DestroyCStringArray_004f32d8,"GAP MEMBER (gap_members.py: referenced by a menus member by call or address-taken; no Ghidra function existed: read via Ghidra create_function + decompile, 2026-09-29 sonnet)"
net,0x004327e0,Net_Handler_004327e0,"GAP MEMBER (gap_members.py: referenced by a net member by call or address-taken; no Ghidra function existed: read via Ghidra create_function + decompile, 2026-09-29 sonnet)"
net,0x00432ed0,Net_RemovePlayerRecord_00432ed0,"GAP MEMBER (gap_members.py: referenced by a net member by call or address-taken; no Ghidra function existed: read via Ghidra create_function + decompile, 2026-09-29 sonnet)"
net,0x004337e0,Net_ShowChatMessage_004337e0,"GAP MEMBER (gap_members.py: referenced by a net member by call or address-taken; no Ghidra function existed: read via Ghidra create_function + decompile, 2026-09-29 sonnet)"
net,0x00433f40,Net_Handler_00433f40,"GAP MEMBER (gap_members.py: referenced by a net member by call or address-taken; no Ghidra function existed: read via Ghidra create_function + decompile, 2026-09-29 sonnet)"
net,0x004340a0,Net_Handler_004340a0,"GAP MEMBER (gap_members.py: referenced by a net member by call or address-taken; no Ghidra function existed: read via Ghidra create_function + decompile, 2026-09-29 sonnet)"
net,0x00434190,Net_ApplyVehicleUpdate_00434190,"GAP MEMBER (gap_members.py: referenced by a net member by call or address-taken; no Ghidra function existed: read via Ghidra create_function + decompile, 2026-09-29 sonnet)"
menus,0x00434920,ListLabel_Subclass_Ctor_00434920,"GAP MEMBER (gap_members.py: referenced by a menus member by call or address-taken; no Ghidra function existed: read via Ghidra create_function + decompile, 2026-09-29 sonnet)"
turret,0x00437ca0,Turret_UpdateAIRoundRobin_00437ca0,"GAP MEMBER (gap_members.py: referenced by a turret member by call or address-taken; no Ghidra function existed: read via Ghidra create_function + decompile, 2026-09-29 sonnet)"
turret,0x00437e50,Turret_Slot_Call437820_00437e50,"GAP MEMBER (gap_members.py: referenced by a turret member by call or address-taken; no Ghidra function existed: read via Ghidra create_function + decompile, 2026-09-29 sonnet)"
ai_net,0x0043b800,AiVeh_Slot_ClearFieldF6C_0043b800,"GAP MEMBER (gap_members.py: referenced by a ai_net member by call or address-taken; no Ghidra function existed: read via Ghidra create_function + decompile, 2026-09-29 sonnet)"
weapon,0x0043cdf0,Weapon_Slot_IterateMounts_0043cdf0,"GAP MEMBER (gap_members.py: referenced by a weapon member by call or address-taken; no Ghidra function existed: read via Ghidra create_function + decompile, 2026-09-29 sonnet)"
app,0x00442320,WolPatch_DialogProc_00442320,"GAP MEMBER (gap_members.py: referenced by a app member by call or address-taken; no Ghidra function existed: read via Ghidra create_function + decompile, 2026-09-29 sonnet)"
zclass_nodes,0x0044f720,ZClass_NameHasCurrentPrefix_0044f720,"GAP MEMBER (gap_members.py: referenced by a zclass_nodes member by call or address-taken; no Ghidra function existed: read via Ghidra create_function + decompile, 2026-09-29 sonnet)"
zclass_nodes,0x0044f750,ZClass_NameEqualsCurrent_0044f750,"GAP MEMBER (gap_members.py: referenced by a zclass_nodes member by call or address-taken; no Ghidra function existed: read via Ghidra create_function + decompile, 2026-09-29 sonnet)"
zclass_nodes,0x00451840,ZClass_Slot_ApplyNodeParams_00451840,"GAP MEMBER (gap_members.py: referenced by a zclass_nodes member by call or address-taken; no Ghidra function existed: read via Ghidra create_function + decompile, 2026-09-29 sonnet)"
declient,0x004576b0,DEClient_FreeVectorAndCleanup_004576b0,"GAP MEMBER (gap_members.py: referenced by a declient member by call or address-taken; no Ghidra function existed: read via Ghidra create_function + decompile, 2026-09-29 sonnet)"
declient,0x00457c10,DEClient_DispatchByType_00457c10,"GAP MEMBER (gap_members.py: referenced by a declient member by call or address-taken; no Ghidra function existed: read via Ghidra create_function + decompile, 2026-09-29 sonnet)"
zeffect,0x00458bb0,Effect_TickLifetime_00458bb0,"GAP MEMBER (gap_members.py: referenced by a zeffect member by call or address-taken; no Ghidra function existed: read via Ghidra create_function + decompile, 2026-09-29 sonnet)"
zeffect,0x0045d010,Anim_UpdateInstance_0045d010,"GAP MEMBER (gap_members.py: referenced by a zeffect member by call or address-taken; no Ghidra function existed: read via Ghidra create_function + decompile, 2026-09-29 sonnet)"
zeffect,0x0045d4c0,Anim_UpdateSingleChannel_0045d4c0,"GAP MEMBER (gap_members.py: referenced by a zeffect member by call or address-taken; no Ghidra function existed: read via Ghidra create_function + decompile, 2026-09-29 sonnet)"
zeffect,0x00460490,Anim_SaveActivationRecords_00460490,"GAP MEMBER (gap_members.py: referenced by a zeffect member by call or address-taken; no Ghidra function existed: read via Ghidra create_function + decompile, 2026-09-29 sonnet)"
zeffect,0x00461040,Anim_LoadActivationRecord_00461040,"GAP MEMBER (gap_members.py: referenced by a zeffect member by call or address-taken; no Ghidra function existed: read via Ghidra create_function + decompile, 2026-09-29 sonnet)"
zeffect,0x00461670,Anim_RestoreNodesFromRecord_00461670,"GAP MEMBER (gap_members.py: referenced by a zeffect member by call or address-taken; no Ghidra function existed: read via Ghidra create_function + decompile, 2026-09-29 sonnet)"
zeffect,0x004621b0,Effect_UpdateScalePulse_004621b0,"GAP MEMBER (gap_members.py: referenced by a zeffect member by call or address-taken; no Ghidra function existed: read via Ghidra create_function + decompile, 2026-09-29 sonnet)"
input,0x00470e80,Input_DispatchKeyHandler_00470e80,"GAP MEMBER (gap_members.py: referenced by a input member by call or address-taken; no Ghidra function existed: read via Ghidra create_function + decompile, 2026-09-29 sonnet)"
input,0x00471f60,Input_TryCreateDirectInputDevice_00471f60,"GAP MEMBER (gap_members.py: referenced by a input member by call or address-taken; no Ghidra function existed: read via Ghidra create_function + decompile, 2026-09-29 sonnet)"
app,0x00472d30,Crt_MathErrHandler_00472d30,"GAP MEMBER (gap_members.py: referenced by a app member by call or address-taken; no Ghidra function existed: read via Ghidra create_function + decompile, 2026-09-29 sonnet)"
ui_widgets,0x0048eb80,Raster_MaskRect16_0048eb80,"GAP MEMBER (gap_members.py: referenced by a ui_widgets member by call or address-taken; no Ghidra function existed: read via Ghidra create_function + decompile, 2026-09-29 sonnet)"
ui_widgets,0x004b92a0,ListLabel_Subclass_Ctor_004b92a0,"GAP MEMBER (gap_members.py: referenced by a ui_widgets member by call or address-taken; no Ghidra function existed: read via Ghidra create_function + decompile, 2026-09-29 sonnet)"
ui_widgets,0x004ba020,ListLabel_Subclass_Ctor_004ba020,"GAP MEMBER (gap_members.py: referenced by a ui_widgets member by call or address-taken; no Ghidra function existed: read via Ghidra create_function + decompile, 2026-09-29 sonnet)"
ui_widgets,0x004ba4a0,UiObject_ResetFields_004ba4a0,"GAP MEMBER (gap_members.py: referenced by a ui_widgets member by call or address-taken; no Ghidra function existed: read via Ghidra create_function + decompile, 2026-09-29 sonnet)"
ui_widgets,0x004ba4c0,UiObject_ClearFirstWord_004ba4c0,"GAP MEMBER (gap_members.py: referenced by a ui_widgets member by call or address-taken; no Ghidra function existed: read via Ghidra create_function + decompile, 2026-09-29 sonnet)"
ui_widgets,0x004bd100,ListLabel_CtorDefault_004bd100,"GAP MEMBER (gap_members.py: referenced by a ui_widgets member by call or address-taken; no Ghidra function existed: read via Ghidra create_function + decompile, 2026-09-29 sonnet)"
ui_widgets,0x004bdbe0,UiWidget_Subclass_Ctor_004bdbe0,"GAP MEMBER (gap_members.py: referenced by a ui_widgets member by call or address-taken; no Ghidra function existed: read via Ghidra create_function + decompile, 2026-09-29 sonnet)"
ui_widgets,0x004bfc80,UiWidget_Subclass_Ctor_004bfc80,"GAP MEMBER (gap_members.py: referenced by a ui_widgets member by call or address-taken; no Ghidra function existed: read via Ghidra create_function + decompile, 2026-09-29 sonnet)"
savegame,0x004c0b70,List_CtorEmptyWithSentinel_004c0b70,"GAP MEMBER (gap_members.py: referenced by a savegame member by call or address-taken; no Ghidra function existed: read via Ghidra create_function + decompile, 2026-09-29 sonnet)"
script,0x004c5a00,Script_ForEachListItem_004c5a00,"GAP MEMBER (gap_members.py: referenced by a script member by call or address-taken; no Ghidra function existed: read via Ghidra create_function + decompile, 2026-09-29 sonnet)"
ui_widgets,0x004c5fe0,Seh_CxxExceptionFilter_004c5fe0,"GAP MEMBER (gap_members.py: referenced by a ui_widgets member by call or address-taken; no Ghidra function existed: read via Ghidra create_function + decompile, 2026-09-29 sonnet)"
net,0x00434230,Net_Handler_ReturnTrue_00434230,"GAP MEMBER (gap_members.py: referenced by a net member by call or address-taken; no Ghidra function existed: read via Ghidra create_function + decompile, 2026-09-29 sonnet)"
net,0x00434240,Net_BuildAndSendMessage_00434240,"GAP MEMBER (gap_members.py: referenced by a net member by call or address-taken; no Ghidra function existed: read via Ghidra create_function + decompile, 2026-09-29 sonnet)"
net,0x004342d0,Net_Handler_004342d0,"GAP MEMBER (gap_members.py: referenced by a net member by call or address-taken; no Ghidra function existed: read via Ghidra create_function + decompile, 2026-09-29 sonnet)"
net,0x004343f0,Net_Handler_SetFlagAndCall461870_004343f0,"GAP MEMBER (gap_members.py: referenced by a net member by call or address-taken; no Ghidra function existed: read via Ghidra create_function + decompile, 2026-09-29 sonnet)"
net,0x004344b0,Net_Handler_004344b0,"GAP MEMBER (gap_members.py: referenced by a net member by call or address-taken; no Ghidra function existed: read via Ghidra create_function + decompile, 2026-09-29 sonnet)"
net,0x0048b820,ZNet_RegisterEntries_0048b820,"GAP MEMBER (gap_members.py: referenced by a net member by call or address-taken; no Ghidra function existed: read via Ghidra create_function + decompile, 2026-09-29 sonnet)"
znetwork,0x0048bff0,ZNet_FreeList_0048bff0,"GAP MEMBER (gap_members.py: referenced by a znetwork member by call or address-taken; no Ghidra function existed: read via Ghidra create_function + decompile, 2026-09-29 sonnet)"
menus,0x00406ec0,AtexitStub_ScreenHolder_Dtor_00406ec0,"GAP MEMBER (gap_members.py: referenced by a menus member by call or address-taken; no Ghidra function existed: read via Ghidra create_function + decompile, 2026-09-29 sonnet)"
menus,0x00408d50,AtexitStub_ControlsHost_Dtor_00408d50,"GAP MEMBER (gap_members.py: referenced by a menus member by call or address-taken; no Ghidra function existed: read via Ghidra create_function + decompile, 2026-09-29 sonnet)"
menus,0x00409980,AtexitStub_CreditsScreen_Dtor_00409980,"GAP MEMBER (gap_members.py: referenced by a menus member by call or address-taken; no Ghidra function existed: read via Ghidra create_function + decompile, 2026-09-29 sonnet)"
menus,0x0040bc50,AtexitStub_CommandsScreen_Dtor_0040bc50,"GAP MEMBER (gap_members.py: referenced by a menus member by call or address-taken; no Ghidra function existed: read via Ghidra create_function + decompile, 2026-09-29 sonnet)"
menus,0x0040d0a0,AtexitStub_ScreenHolder_004ce230_Dtor_0040d0a0,"GAP MEMBER (gap_members.py: referenced by a menus member by call or address-taken; no Ghidra function existed: read via Ghidra create_function + decompile, 2026-09-29 sonnet)"
menus,0x0040d210,AtexitStub_CString_Dtor_Thunk_0040d210,"GAP MEMBER (gap_members.py: referenced by a menus member by call or address-taken; no Ghidra function existed: read via Ghidra create_function + decompile, 2026-09-29 sonnet)"
menus,0x0040d290,AtexitStub_StaticObj_Dtor_ImageWidget_0040d290,"GAP MEMBER (gap_members.py: referenced by a menus member by call or address-taken; no Ghidra function existed: read via Ghidra create_function + decompile, 2026-09-29 sonnet)"
menus,0x0040d320,AtexitStub_StaticObj_Dtor_4Images_0040d320,"GAP MEMBER (gap_members.py: referenced by a menus member by call or address-taken; no Ghidra function existed: read via Ghidra create_function + decompile, 2026-09-29 sonnet)"
menus,0x0040d430,AtexitStub_HudPanel_Dtor_0040d430,"GAP MEMBER (gap_members.py: referenced by a menus member by call or address-taken; no Ghidra function existed: read via Ghidra create_function + decompile, 2026-09-29 sonnet)"
hud,0x00413720,AtexitStub_CWnd_Dtor_00413720,"GAP MEMBER (gap_members.py: referenced by a hud member by call or address-taken; no Ghidra function existed: read via Ghidra create_function + decompile, 2026-09-29 sonnet)"
hud,0x00414a90,AtexitStub_thunk_Script_Dtor_00414a90,"GAP MEMBER (gap_members.py: referenced by a hud member by call or address-taken; no Ghidra function existed: read via Ghidra create_function + decompile, 2026-09-29 sonnet)"
menus,0x00415130,AtexitStub_MainMenuScreen_Dtor_00415130,"GAP MEMBER (gap_members.py: referenced by a menus member by call or address-taken; no Ghidra function existed: read via Ghidra create_function + decompile, 2026-09-29 sonnet)"
menus,0x00415840,AtexitStub_GlobalObj_Dtor_004cef88_00415840,"GAP MEMBER (gap_members.py: referenced by a menus member by call or address-taken; no Ghidra function existed: read via Ghidra create_function + decompile, 2026-09-29 sonnet)"
mission,0x00417380,AtexitStub_Mission_Destruct_00417380,"GAP MEMBER (gap_members.py: referenced by a mission member by call or address-taken; no Ghidra function existed: read via Ghidra create_function + decompile, 2026-09-29 sonnet)"
menus,0x0041ab90,AtexitStub_MPNewGameScreen_Dtor_0041ab90,"GAP MEMBER (gap_members.py: referenced by a menus member by call or address-taken; no Ghidra function existed: read via Ghidra create_function + decompile, 2026-09-29 sonnet)"
menus,0x0041c6b0,AtexitStub_ScreenHolder32c8_Dtor_0041c6b0,"GAP MEMBER (gap_members.py: referenced by a menus member by call or address-taken; no Ghidra function existed: read via Ghidra create_function + decompile, 2026-09-29 sonnet)"
player,0x0041eb20,AtexitStub_Widget_BaseDtor_0041eb20,"GAP MEMBER (gap_members.py: referenced by a player member by call or address-taken; no Ghidra function existed: read via Ghidra create_function + decompile, 2026-09-29 sonnet)"
player,0x0041eb80,AtexitStub_Widget_BaseDtor_0041eb80,"GAP MEMBER (gap_members.py: referenced by a player member by call or address-taken; no Ghidra function existed: read via Ghidra create_function + decompile, 2026-09-29 sonnet)"
player,0x0041ec70,AtexitStub_ListLabel_Dtor_0041ec70,"GAP MEMBER (gap_members.py: referenced by a player member by call or address-taken; no Ghidra function existed: read via Ghidra create_function + decompile, 2026-09-29 sonnet)"
player,0x0041ecc0,AtexitStub_ListLabel_Dtor_0041ecc0,"GAP MEMBER (gap_members.py: referenced by a player member by call or address-taken; no Ghidra function existed: read via Ghidra create_function + decompile, 2026-09-29 sonnet)"
app,0x0042de50,AtexitStub_MainApp_Dtor_0042de50,"GAP MEMBER (gap_members.py: referenced by a app member by call or address-taken; no Ghidra function existed: read via Ghidra create_function + decompile, 2026-09-29 sonnet)"
menus,0x00435a60,AtexitStub_SaveLoadScreen_Dtor_00435a60,"GAP MEMBER (gap_members.py: referenced by a menus member by call or address-taken; no Ghidra function existed: read via Ghidra create_function + decompile, 2026-09-29 sonnet)"
input,0x00471a10,AtexitStub_InputState_ClearLists_00471a10,"GAP MEMBER (gap_members.py: referenced by a input member by call or address-taken; no Ghidra function existed: read via Ghidra create_function + decompile, 2026-09-29 sonnet)"
ui_widgets,0x004bee70,AtexitStub_StaticObj_Dtor_5Widgets_004bee70,"GAP MEMBER (gap_members.py: referenced by a ui_widgets member by call or address-taken; no Ghidra function existed: read via Ghidra create_function + decompile, 2026-09-29 sonnet)"
menus,0x00404b30,App_SetGlobal_004da24c_00404b30,"GAP MEMBER (gap_members.py: referenced by a menus member by call or address-taken; no Ghidra function existed: read via Ghidra create_function + decompile, 2026-09-29 sonnet)"
menus,0x00411710,Stub_Ret_00411710,"GAP MEMBER (gap_members.py: referenced by a menus member by call or address-taken; no Ghidra function existed: read via Ghidra create_function + decompile, 2026-09-29 sonnet)"
player,0x00413600,Hud_ApplyTypeByMode_00413600,"GAP MEMBER (gap_members.py: referenced by a player member by call or address-taken; no Ghidra function existed: read via Ghidra create_function + decompile, 2026-09-29 sonnet)"
player,0x004143d0,Net_SetupTableLoops_004143d0,"GAP MEMBER (gap_members.py: referenced by a player member by call or address-taken; no Ghidra function existed: read via Ghidra create_function + decompile, 2026-09-29 sonnet)"
mission,0x00417ca0,Mission_HandleCommand_00417ca0,"GAP MEMBER (gap_members.py: referenced by a mission member by call or address-taken; no Ghidra function existed: read via Ghidra create_function + decompile, 2026-09-29 sonnet)"
mission,0x00419380,Mission_HandleMode_00419380,"GAP MEMBER (gap_members.py: referenced by a mission member by call or address-taken; no Ghidra function existed: read via Ghidra create_function + decompile, 2026-09-29 sonnet)"
app,0x00443a40,Window_CacheClientRectScreen_00443a40,"GAP MEMBER (gap_members.py: referenced by a app member by call or address-taken; no Ghidra function existed: read via Ghidra create_function + decompile, 2026-09-29 sonnet)"
znetwork,0x0048b660,ZNet_AddNamedEntry_0048b660,"GAP MEMBER (gap_members.py: referenced by a znetwork member by call or address-taken; no Ghidra function existed: read via Ghidra create_function + decompile, 2026-09-29 sonnet)"
ui_widgets,0x004b4b30,UiWidget_ForwardVirtual84_004b4b30,"GAP MEMBER (gap_members.py: referenced by a ui_widgets member by call or address-taken; no Ghidra function existed: read via Ghidra create_function + decompile, 2026-09-29 sonnet)"
menus,0x0040d2a0,StaticObj_Dtor_ImageWidget_0040d2a0,"GAP MEMBER (gap_members.py: referenced by a menus member by call or address-taken; no Ghidra function existed: read via Ghidra create_function + decompile, 2026-09-29 sonnet)"
ui_widgets,0x004bee80,StaticObj_Dtor_5Widgets_004bee80,"GAP MEMBER (gap_members.py: referenced by a ui_widgets member by call or address-taken; no Ghidra function existed: read via Ghidra create_function + decompile, 2026-09-29 sonnet)"
menus,0x00401030,Slot_ReturnConstAddr_004cc718_00401030,"GAP MEMBER (gap_members.py: referenced by a menus member by call or address-taken; no Ghidra function existed: read via Ghidra create_function + decompile, 2026-09-29 sonnet)"
ui_widgets,0x00407160,Slot_ReturnTrue_Ret8_00407160,"GAP MEMBER (gap_members.py: referenced by a ui_widgets member by call or address-taken; no Ghidra function existed: read via Ghidra create_function + decompile, 2026-09-29 sonnet)"
menus,0x0041afd0,Slot_ReturnConstAddr_004cfbd0_0041afd0,"GAP MEMBER (gap_members.py: referenced by a menus member by call or address-taken; no Ghidra function existed: read via Ghidra create_function + decompile, 2026-09-29 sonnet)"
menus,0x0041c970,Slot_ReturnConstAddr_004d03d0_0041c970,"GAP MEMBER (gap_members.py: referenced by a menus member by call or address-taken; no Ghidra function existed: read via Ghidra create_function + decompile, 2026-09-29 sonnet)"
menus,0x0041cc10,Thunk_0041cc20_0041cc10,"GAP MEMBER (gap_members.py: referenced by a menus member by call or address-taken; no Ghidra function existed: read via Ghidra create_function + decompile, 2026-09-29 sonnet)"
menus,0x0041cc40,Thunk_0041cc50_0041cc40,"GAP MEMBER (gap_members.py: referenced by a menus member by call or address-taken; no Ghidra function existed: read via Ghidra create_function + decompile, 2026-09-29 sonnet)"
menus,0x0041cc70,Thunk_0041cc80_0041cc70,"GAP MEMBER (gap_members.py: referenced by a menus member by call or address-taken; no Ghidra function existed: read via Ghidra create_function + decompile, 2026-09-29 sonnet)"
pickup,0x0041ea90,Thunk_0041eaa0_0041ea90,"GAP MEMBER (gap_members.py: referenced by a pickup member by call or address-taken; no Ghidra function existed: read via Ghidra create_function + decompile, 2026-09-29 sonnet)"
pickup,0x0041eac0,Thunk_0041ead0_0041eac0,"GAP MEMBER (gap_members.py: referenced by a pickup member by call or address-taken; no Ghidra function existed: read via Ghidra create_function + decompile, 2026-09-29 sonnet)"
ui_widgets,0x0041ebd0,Thunk_0041ebe0_0041ebd0,"GAP MEMBER (gap_members.py: referenced by a ui_widgets member by call or address-taken; no Ghidra function existed: read via Ghidra create_function + decompile, 2026-09-29 sonnet)"
ui_widgets,0x0041ec00,Thunk_0041ec10_0041ec00,"GAP MEMBER (gap_members.py: referenced by a ui_widgets member by call or address-taken; no Ghidra function existed: read via Ghidra create_function + decompile, 2026-09-29 sonnet)"
app,0x0042de10,Slot_ReturnConstAddr_004d0990_0042de10,"GAP MEMBER (gap_members.py: referenced by a app member by call or address-taken; no Ghidra function existed: read via Ghidra create_function + decompile, 2026-09-29 sonnet)"
app,0x0042eb00,Slot_ReturnTrue_Ret8_0042eb00,"GAP MEMBER (gap_members.py: referenced by a app member by call or address-taken; no Ghidra function existed: read via Ghidra create_function + decompile, 2026-09-29 sonnet)"
app,0x00431790,Slot_Call_004316c0_Arg0_00431790,"GAP MEMBER (gap_members.py: referenced by a app member by call or address-taken; no Ghidra function existed: read via Ghidra create_function + decompile, 2026-09-29 sonnet)"
app,0x004317a0,Slot_Call_004316c0_Arg1_004317a0,"GAP MEMBER (gap_members.py: referenced by a app member by call or address-taken; no Ghidra function existed: read via Ghidra create_function + decompile, 2026-09-29 sonnet)"
app,0x004317b0,Slot_Call_004316c0_Arg2_004317b0,"GAP MEMBER (gap_members.py: referenced by a app member by call or address-taken; no Ghidra function existed: read via Ghidra create_function + decompile, 2026-09-29 sonnet)"
app,0x004317c0,Slot_Call_004316c0_Arg3_004317c0,"GAP MEMBER (gap_members.py: referenced by a app member by call or address-taken; no Ghidra function existed: read via Ghidra create_function + decompile, 2026-09-29 sonnet)"
app,0x00431a90,Slot_ZeroECX_Jmp_RecoilApp_ApplySoundAPISetting_00431a90,"GAP MEMBER (gap_members.py: referenced by a app member by call or address-taken; no Ghidra function existed: read via Ghidra create_function + decompile, 2026-09-29 sonnet)"
menus,0x00431bf0,Thunk_00431c00_00431bf0,"GAP MEMBER (gap_members.py: referenced by a menus member by call or address-taken; no Ghidra function existed: read via Ghidra create_function + decompile, 2026-09-29 sonnet)"
menus,0x00431c20,Thunk_00431c30_00431c20,"GAP MEMBER (gap_members.py: referenced by a menus member by call or address-taken; no Ghidra function existed: read via Ghidra create_function + decompile, 2026-09-29 sonnet)"
weapon,0x0043cf20,Thunk_0043cf30_0043cf20,"GAP MEMBER (gap_members.py: referenced by a weapon member by call or address-taken; no Ghidra function existed: read via Ghidra create_function + decompile, 2026-09-29 sonnet)"
znetwork,0x0043dcc0,Slot_ReturnConstAddr_004d1918_0043dcc0,"GAP MEMBER (gap_members.py: referenced by a znetwork member by call or address-taken; no Ghidra function existed: read via Ghidra create_function + decompile, 2026-09-29 sonnet)"
znetwork,0x00441240,Slot_ReturnZero_Ret10_00441240,"GAP MEMBER (gap_members.py: referenced by a znetwork member by call or address-taken; no Ghidra function existed: read via Ghidra create_function + decompile, 2026-09-29 sonnet)"
znetwork,0x00441250,Slot_ReturnZero_Retc_00441250,"GAP MEMBER (gap_members.py: referenced by a znetwork member by call or address-taken; no Ghidra function existed: read via Ghidra create_function + decompile, 2026-09-29 sonnet)"
znetwork,0x00441a00,Slot_ReturnGlobal_004cc2b0_00441a00,"GAP MEMBER (gap_members.py: referenced by a znetwork member by call or address-taken; no Ghidra function existed: read via Ghidra create_function + decompile, 2026-09-29 sonnet)"
znetwork,0x00441a10,Slot_ReturnConstAddr_004d1d10_00441a10,"GAP MEMBER (gap_members.py: referenced by a znetwork member by call or address-taken; no Ghidra function existed: read via Ghidra create_function + decompile, 2026-09-29 sonnet)"
app,0x004420c0,Slot_SetField118_To1_004420c0,"GAP MEMBER (gap_members.py: referenced by a app member by call or address-taken; no Ghidra function existed: read via Ghidra create_function + decompile, 2026-09-29 sonnet)"
app,0x004420d0,Thunk_ComboDialog_CommitEdit_004420d0,"GAP MEMBER (gap_members.py: referenced by a app member by call or address-taken; no Ghidra function existed: read via Ghidra create_function + decompile, 2026-09-29 sonnet)"
app,0x00442890,Slot_ReturnGlobal_004cc248_00442890,"GAP MEMBER (gap_members.py: referenced by a app member by call or address-taken; no Ghidra function existed: read via Ghidra create_function + decompile, 2026-09-29 sonnet)"
app,0x00443790,Slot_ReturnGlobal_004cc25c_00443790,"GAP MEMBER (gap_members.py: referenced by a app member by call or address-taken; no Ghidra function existed: read via Ghidra create_function + decompile, 2026-09-29 sonnet)"
app,0x004437b0,Slot_ReturnGlobal_004cc260_004437b0,"GAP MEMBER (gap_members.py: referenced by a app member by call or address-taken; no Ghidra function existed: read via Ghidra create_function + decompile, 2026-09-29 sonnet)"
app,0x004437c0,Slot_ReturnConstAddr_004d20f8_004437c0,"GAP MEMBER (gap_members.py: referenced by a app member by call or address-taken; no Ghidra function existed: read via Ghidra create_function + decompile, 2026-09-29 sonnet)"
app,0x004438f0,Thunk_004c5e88_004438f0,"GAP MEMBER (gap_members.py: referenced by a app member by call or address-taken; no Ghidra function existed: read via Ghidra create_function + decompile, 2026-09-29 sonnet)"
menus,0x00401040,Slot_EnableWindow_ThisHwnd_0_00401040,"GAP MEMBER (gap_members.py: referenced by a menus member by call or address-taken; no Ghidra function existed: read via Ghidra create_function + decompile, 2026-09-29 sonnet)"
menus,0x00401050,Slot_EnableWindow_ThisHwnd_1_00401050,"GAP MEMBER (gap_members.py: referenced by a menus member by call or address-taken; no Ghidra function existed: read via Ghidra create_function + decompile, 2026-09-29 sonnet)"
menus,0x00404620,Slot_CallVirtual60_Arg0_Ret1_00404620,"GAP MEMBER (gap_members.py: referenced by a menus member by call or address-taken; no Ghidra function existed: read via Ghidra create_function + decompile, 2026-09-29 sonnet)"
app,0x00430740,Slot_ClearFlagsThenLoadArchives_00430740,"GAP MEMBER (gap_members.py: referenced by a app member by call or address-taken; no Ghidra function existed: read via Ghidra create_function + decompile, 2026-09-29 sonnet)"
app,0x004308a0,Slot_PostMessage_WMCLOSE_004308a0,"GAP MEMBER (gap_members.py: referenced by a app member by call or address-taken; no Ghidra function existed: read via Ghidra create_function + decompile, 2026-09-29 sonnet)"
app,0x00431270,Slot_StartMission_1_00431270,"GAP MEMBER (gap_members.py: referenced by a app member by call or address-taken; no Ghidra function existed: read via Ghidra create_function + decompile, 2026-09-29 sonnet)"
app,0x00431290,Slot_StartMission_2_00431290,"GAP MEMBER (gap_members.py: referenced by a app member by call or address-taken; no Ghidra function existed: read via Ghidra create_function + decompile, 2026-09-29 sonnet)"
app,0x004312b0,Slot_StartMission_3_004312b0,"GAP MEMBER (gap_members.py: referenced by a app member by call or address-taken; no Ghidra function existed: read via Ghidra create_function + decompile, 2026-09-29 sonnet)"
app,0x004312d0,Slot_StartMission_4_004312d0,"GAP MEMBER (gap_members.py: referenced by a app member by call or address-taken; no Ghidra function existed: read via Ghidra create_function + decompile, 2026-09-29 sonnet)"
app,0x004312f0,Slot_StartMission_5_004312f0,"GAP MEMBER (gap_members.py: referenced by a app member by call or address-taken; no Ghidra function existed: read via Ghidra create_function + decompile, 2026-09-29 sonnet)"
app,0x00431310,Slot_StartMission_6_00431310,"GAP MEMBER (gap_members.py: referenced by a app member by call or address-taken; no Ghidra function existed: read via Ghidra create_function + decompile, 2026-09-29 sonnet)"
app,0x004318b0,Slot_Call4317d0_Mode1_004318b0,"GAP MEMBER (gap_members.py: referenced by a app member by call or address-taken; no Ghidra function existed: read via Ghidra create_function + decompile, 2026-09-29 sonnet)"
app,0x004318c0,Slot_Call4317d0_Mode2_004318c0,"GAP MEMBER (gap_members.py: referenced by a app member by call or address-taken; no Ghidra function existed: read via Ghidra create_function + decompile, 2026-09-29 sonnet)"
app,0x004318d0,Slot_Call4317d0_Mode3_004318d0,"GAP MEMBER (gap_members.py: referenced by a app member by call or address-taken; no Ghidra function existed: read via Ghidra create_function + decompile, 2026-09-29 sonnet)"
app,0x004318e0,Slot_RemoveMenuItem_9c4e_004318e0,"GAP MEMBER (gap_members.py: referenced by a app member by call or address-taken; no Ghidra function existed: read via Ghidra create_function + decompile, 2026-09-29 sonnet)"
app,0x00431a80,Slot_CallVirtual0_Arg1_00431a80,"GAP MEMBER (gap_members.py: referenced by a app member by call or address-taken; no Ghidra function existed: read via Ghidra create_function + decompile, 2026-09-29 sonnet)"
znetwork,0x0043e680,Slot_CallVirtual18_Global4f53c8_0043e680,"GAP MEMBER (gap_members.py: referenced by a znetwork member by call or address-taken; no Ghidra function existed: read via Ghidra create_function + decompile, 2026-09-29 sonnet)"
znetwork,0x0043ee40,Slot_ResetMode0_CallVirtual18_0043ee40,"GAP MEMBER (gap_members.py: referenced by a znetwork member by call or address-taken; no Ghidra function existed: read via Ghidra create_function + decompile, 2026-09-29 sonnet)"
znetwork,0x0043ee60,Slot_SetMode11_CallVirtual18_0043ee60,"GAP MEMBER (gap_members.py: referenced by a znetwork member by call or address-taken; no Ghidra function existed: read via Ghidra create_function + decompile, 2026-09-29 sonnet)"
znetwork,0x00441a20,Slot_SendMessage_WMPASTE_00441a20,"GAP MEMBER (gap_members.py: referenced by a znetwork member by call or address-taken; no Ghidra function existed: read via Ghidra create_function + decompile, 2026-09-29 sonnet)"
app,0x00442a30,Slot_ExchangeField0xD0_With1_00442a30,"GAP MEMBER (gap_members.py: referenced by a app member by call or address-taken; no Ghidra function existed: read via Ghidra create_function + decompile, 2026-09-29 sonnet)"
app,0x00443b50,Slot_ForwardVirtualB4_Ret8_00443b50,"GAP MEMBER (gap_members.py: referenced by a app member by call or address-taken; no Ghidra function existed: read via Ghidra create_function + decompile, 2026-09-29 sonnet)"
camera,0x00406890,Dlg_UpdateDataThenOKIfFloatChanged_Off64_00406890,"GAP MEMBER (gap_members.py: referenced by a camera member by call or address-taken; no Ghidra function existed: read via Ghidra create_function + decompile, 2026-09-29 sonnet)"
camera,0x004068c0,Dlg_UpdateDataThenOKIfFloatChanged_Off68_004068c0,"GAP MEMBER (gap_members.py: referenced by a camera member by call or address-taken; no Ghidra function existed: read via Ghidra create_function + decompile, 2026-09-29 sonnet)"
camera,0x004068f0,Dlg_UpdateDataThenOKIfFloatChanged_Off6C_004068f0,"GAP MEMBER (gap_members.py: referenced by a camera member by call or address-taken; no Ghidra function existed: read via Ghidra create_function + decompile, 2026-09-29 sonnet)"
camera,0x00406920,Dlg_OnSpinDeltaPos_Off64_00406920,"GAP MEMBER (gap_members.py: referenced by a camera member by call or address-taken; no Ghidra function existed: read via Ghidra create_function + decompile, 2026-09-29 sonnet)"
mapscreen,0x00416b80,Slot_ScaleField0xA4_ThenSound_004cefcc_00416b80,"GAP MEMBER (gap_members.py: referenced by a mapscreen member by call or address-taken; no Ghidra function existed: read via Ghidra create_function + decompile, 2026-09-29 sonnet)"
mapscreen,0x00416bb0,Slot_ScaleField0xA4_ThenSound_004cefd0_00416bb0,"GAP MEMBER (gap_members.py: referenced by a mapscreen member by call or address-taken; no Ghidra function existed: read via Ghidra create_function + decompile, 2026-09-29 sonnet)"
app,0x0042e930,MainApp_ExitInstance_0042e930,"GAP MEMBER (gap_members.py: referenced by a app member by call or address-taken; no Ghidra function existed: read via Ghidra create_function + decompile, 2026-09-29 sonnet)"
app,0x0042e9f0,App_SwallowSysKeyMessage_IfHWCard_0042e9f0,"GAP MEMBER (gap_members.py: referenced by a app member by call or address-taken; no Ghidra function existed: read via Ghidra create_function + decompile, 2026-09-29 sonnet)"
app,0x00431870,Slot_CallVirtual0_1_ThenVirtual4_ByMode8_00431870,"GAP MEMBER (gap_members.py: referenced by a app member by call or address-taken; no Ghidra function existed: read via Ghidra create_function + decompile, 2026-09-29 sonnet)"
app,0x00431b10,Slot_Forward443a20_ThenVirtualA8_00431b10,"GAP MEMBER (gap_members.py: referenced by a app member by call or address-taken; no Ghidra function existed: read via Ghidra create_function + decompile, 2026-09-29 sonnet)"
znetwork,0x0043e520,Slot_GetEditTextThenCallVirtual60_0043e520,"GAP MEMBER (gap_members.py: referenced by a znetwork member by call or address-taken; no Ghidra function existed: read via Ghidra create_function + decompile, 2026-09-29 sonnet)"
znetwork,0x00440c80,ZoneSink_LogMessage_301b_00440c80,"GAP MEMBER (gap_members.py: referenced by a znetwork member by call or address-taken; no Ghidra function existed: read via Ghidra create_function + decompile, 2026-09-29 sonnet)"
znetwork,0x00440ce0,ZoneSink_LogMessage_301c_00440ce0,"GAP MEMBER (gap_members.py: referenced by a znetwork member by call or address-taken; no Ghidra function existed: read via Ghidra create_function + decompile, 2026-09-29 sonnet)"
znetwork,0x00440d40,ZoneSink_LogMessage_301d_00440d40,"GAP MEMBER (gap_members.py: referenced by a znetwork member by call or address-taken; no Ghidra function existed: read via Ghidra create_function + decompile, 2026-09-29 sonnet)"
znetwork,0x00440ef0,ZoneSink_LogMessage_3026_00440ef0,"GAP MEMBER (gap_members.py: referenced by a znetwork member by call or address-taken; no Ghidra function existed: read via Ghidra create_function + decompile, 2026-09-29 sonnet)"
znetwork,0x004411c0,ZoneSink_LogFormatted_004411c0,"GAP MEMBER (gap_members.py: referenced by a znetwork member by call or address-taken; no Ghidra function existed: read via Ghidra create_function + decompile, 2026-09-29 sonnet)"
znetwork,0x00441200,ZoneSink_LogFormatted_00441200,"GAP MEMBER (gap_members.py: referenced by a znetwork member by call or address-taken; no Ghidra function existed: read via Ghidra create_function + decompile, 2026-09-29 sonnet)"
znetwork,0x00441260,ZoneSink_LogTimeMessage_302a_00441260,"GAP MEMBER (gap_members.py: referenced by a znetwork member by call or address-taken; no Ghidra function existed: read via Ghidra create_function + decompile, 2026-09-29 sonnet)"
app,0x004438a0,Slot_CallVirtual10_IsZero_004438a0,"GAP MEMBER (gap_members.py: referenced by a app member by call or address-taken; no Ghidra function existed: read via Ghidra create_function + decompile, 2026-09-29 sonnet)"
app,0x004438c0,App_GetCompanyNameString_004438c0,"GAP MEMBER (gap_members.py: referenced by a app member by call or address-taken; no Ghidra function existed: read via Ghidra create_function + decompile, 2026-09-29 sonnet)"
app,0x00443a60,Window_LoadGameBitmap_00443a60,"GAP MEMBER (gap_members.py: referenced by a app member by call or address-taken; no Ghidra function existed: read via Ghidra create_function + decompile, 2026-09-29 sonnet)"
zvideo,0x004a7770,zVideo_RestoreIfMinimised_004a7770,"GAP MEMBER (gap_members.py: referenced by a zvideo member by call or address-taken; no Ghidra function existed: read via Ghidra create_function + decompile, 2026-09-29 sonnet)"
ui_widgets,0x0040b140,CommandsDialog_Tick_WaitForKeyOrButton_0040b140,"GAP MEMBER (gap_members.py: referenced by a ui_widgets member by call or address-taken; no Ghidra function existed: read via Ghidra create_function + decompile, 2026-09-29 sonnet)"
hud,0x00414ad0,ScriptCmd_WeaponSetMaxTetherAltitude_00414ad0,"GAP MEMBER (gap_members.py: referenced by a hud member by call or address-taken; no Ghidra function existed: read via Ghidra create_function + decompile, 2026-09-29 sonnet)"
mission,0x00419690,Screen_TickAndPresent_00419690,"GAP MEMBER (gap_members.py: referenced by a mission member by call or address-taken; no Ghidra function existed: read via Ghidra create_function + decompile, 2026-09-29 sonnet)"
menus,0x0041afe0,NetConnectDlg_OnInitDialog_0041afe0,"GAP MEMBER (gap_members.py: referenced by a menus member by call or address-taken; no Ghidra function existed: read via Ghidra create_function + decompile, 2026-09-29 sonnet)"
menus,0x0041b2f0,NetConnectDlg_SelectProvider_0041b2f0,"GAP MEMBER (gap_members.py: referenced by a menus member by call or address-taken; no Ghidra function existed: read via Ghidra create_function + decompile, 2026-09-29 sonnet)"
menus,0x0041b5a0,Dlg_OnOKConnectModem_0041b5a0,"GAP MEMBER (gap_members.py: referenced by a menus member by call or address-taken; no Ghidra function existed: read via Ghidra create_function + decompile, 2026-09-29 sonnet)"
menus,0x0041b780,Menus_OpenHelpDocs_IndexHtml_0041b780,"GAP MEMBER (gap_members.py: referenced by a menus member by call or address-taken; no Ghidra function existed: read via Ghidra create_function + decompile, 2026-09-29 sonnet)"
menus,0x0041c880,Dlg_DoDataExchange_0041c880,"GAP MEMBER (gap_members.py: referenced by a menus member by call or address-taken; no Ghidra function existed: read via Ghidra create_function + decompile, 2026-09-29 sonnet)"
app,0x0042e520,MainApp_InitInstance_0042e520,"GAP MEMBER (gap_members.py: referenced by a app member by call or address-taken; no Ghidra function existed: read via Ghidra create_function + decompile, 2026-09-29 sonnet)"
app,0x00430c90,App_FatalErrorShutdown_00430c90,"GAP MEMBER (gap_members.py: referenced by a app member by call or address-taken; no Ghidra function existed: read via Ghidra create_function + decompile, 2026-09-29 sonnet)"
app,0x004313d0,Screen_UpdateButtonPair_ByState1E0_004313d0,"GAP MEMBER (gap_members.py: referenced by a app member by call or address-taken; no Ghidra function existed: read via Ghidra create_function + decompile, 2026-09-29 sonnet)"
app,0x00431430,Screen_UpdateButtonPair_ByState1E4_00431430,"GAP MEMBER (gap_members.py: referenced by a app member by call or address-taken; no Ghidra function existed: read via Ghidra create_function + decompile, 2026-09-29 sonnet)"
app,0x00431490,Screen_UpdateButtonPair_ByState1E8_00431490,"GAP MEMBER (gap_members.py: referenced by a app member by call or address-taken; no Ghidra function existed: read via Ghidra create_function + decompile, 2026-09-29 sonnet)"
app,0x004314f0,Screen_UpdateButtonPair_ByState1EC_004314f0,"GAP MEMBER (gap_members.py: referenced by a app member by call or address-taken; no Ghidra function existed: read via Ghidra create_function + decompile, 2026-09-29 sonnet)"
app,0x00431550,Screen_UpdateButtonPair_ByState1F0_00431550,"GAP MEMBER (gap_members.py: referenced by a app member by call or address-taken; no Ghidra function existed: read via Ghidra create_function + decompile, 2026-09-29 sonnet)"
app,0x004315b0,Screen_UpdateButtonPair_ByState1F4_004315b0,"GAP MEMBER (gap_members.py: referenced by a app member by call or address-taken; no Ghidra function existed: read via Ghidra create_function + decompile, 2026-09-29 sonnet)"
app,0x004316c0,Screen_SelectExclusiveState_004316c0,"GAP MEMBER (gap_members.py: referenced by a app member by call or address-taken; no Ghidra function existed: read via Ghidra create_function + decompile, 2026-09-29 sonnet)"
app,0x004317d0,Screen_UpdatePanelButtonAndAccelerator_004317d0,"GAP MEMBER (gap_members.py: referenced by a app member by call or address-taken; no Ghidra function existed: read via Ghidra create_function + decompile, 2026-09-29 sonnet)"
app,0x004319a0,Menus_StartZoneLobbyThenMission_004319a0,"GAP MEMBER (gap_members.py: referenced by a app member by call or address-taken; no Ghidra function existed: read via Ghidra create_function + decompile, 2026-09-29 sonnet)"
weapon,0x0043ce80,Net_CheckWinsock20_0043ce80,"GAP MEMBER (gap_members.py: referenced by a weapon member by call or address-taken; no Ghidra function existed: read via Ghidra create_function + decompile, 2026-09-29 sonnet)"
znetwork,0x0043e1c0,ZoneDlg_FormatAndSendChat_0043e1c0,"GAP MEMBER (gap_members.py: referenced by a znetwork member by call or address-taken; no Ghidra function existed: read via Ghidra create_function + decompile, 2026-09-29 sonnet)"
znetwork,0x0043e4b0,Slot_SubmitEditTextViaVirtual70_0043e4b0,"GAP MEMBER (gap_members.py: referenced by a znetwork member by call or address-taken; no Ghidra function existed: read via Ghidra create_function + decompile, 2026-09-29 sonnet)"
znetwork,0x0043e550,ZoneDlg_SendDirectedChat_0043e550,"GAP MEMBER (gap_members.py: referenced by a znetwork member by call or address-taken; no Ghidra function existed: read via Ghidra create_function + decompile, 2026-09-29 sonnet)"
znetwork,0x0043ec00,ZoneDlg_ApplyToSelectedPlayers_0043ec00,"GAP MEMBER (gap_members.py: referenced by a znetwork member by call or address-taken; no Ghidra function existed: read via Ghidra create_function + decompile, 2026-09-29 sonnet)"
znetwork,0x0043ed10,ZoneDlg_ApplyToSelectedPlayersSetFlag_0043ed10,"GAP MEMBER (gap_members.py: referenced by a znetwork member by call or address-taken; no Ghidra function existed: read via Ghidra create_function + decompile, 2026-09-29 sonnet)"
znetwork,0x0043f4d0,Dlg_ClampAndShowInt_1to1000_Off4A0_0043f4d0,"GAP MEMBER (gap_members.py: referenced by a znetwork member by call or address-taken; no Ghidra function existed: read via Ghidra create_function + decompile, 2026-09-29 sonnet)"
znetwork,0x0043f550,Dlg_ClampAndShowInt_2to2000_Off4A8_0043f550,"GAP MEMBER (gap_members.py: referenced by a znetwork member by call or address-taken; no Ghidra function existed: read via Ghidra create_function + decompile, 2026-09-29 sonnet)"
znetwork,0x0043f9d0,ZoneSink_OnPlayerLeft_RemoveFromList_0043f9d0,"GAP MEMBER (gap_members.py: referenced by a znetwork member by call or address-taken; no Ghidra function existed: read via Ghidra create_function + decompile, 2026-09-29 sonnet)"
znetwork,0x0043fe50,ZoneSink_OnEnterRoomResult_0043fe50,"GAP MEMBER (gap_members.py: referenced by a znetwork member by call or address-taken; no Ghidra function existed: read via Ghidra create_function + decompile, 2026-09-29 sonnet)"
znetwork,0x0043ff80,ZoneSink_OnPlayerJoined_0043ff80,"GAP MEMBER (gap_members.py: referenced by a znetwork member by call or address-taken; no Ghidra function existed: read via Ghidra create_function + decompile, 2026-09-29 sonnet)"
znetwork,0x004401d0,ZoneSink_OnPlayerLeft_004401d0,"GAP MEMBER (gap_members.py: referenced by a znetwork member by call or address-taken; no Ghidra function existed: read via Ghidra create_function + decompile, 2026-09-29 sonnet)"
znetwork,0x004402c0,ZoneSink_OnPlayerListResult_004402c0,"GAP MEMBER (gap_members.py: referenced by a znetwork member by call or address-taken; no Ghidra function existed: read via Ghidra create_function + decompile, 2026-09-29 sonnet)"
znetwork,0x00440d90,ZoneSink_LogEvent_00440d90,"GAP MEMBER (gap_members.py: referenced by a znetwork member by call or address-taken; no Ghidra function existed: read via Ghidra create_function + decompile, 2026-09-29 sonnet)"
znetwork,0x00440e10,ZoneSink_OnLobbyStatusMessage_00440e10,"GAP MEMBER (gap_members.py: referenced by a znetwork member by call or address-taken; no Ghidra function existed: read via Ghidra create_function + decompile, 2026-09-29 sonnet)"
znetwork,0x00440f40,ZoneSink_OnConnectionStatus_00440f40,"GAP MEMBER (gap_members.py: referenced by a znetwork member by call or address-taken; no Ghidra function existed: read via Ghidra create_function + decompile, 2026-09-29 sonnet)"
znetwork,0x00441040,ZoneDlg_UpdateSignalBars_00441040,"GAP MEMBER (gap_members.py: referenced by a znetwork member by call or address-taken; no Ghidra function existed: read via Ghidra create_function + decompile, 2026-09-29 sonnet)"
znetwork,0x004412c0,ZoneSink_LogMessage_302b_or_302c_004412c0,"GAP MEMBER (gap_members.py: referenced by a znetwork member by call or address-taken; no Ghidra function existed: read via Ghidra create_function + decompile, 2026-09-29 sonnet)"
znetwork,0x00441350,ZoneDlg_RefreshPlayerListEntry_00441350,"GAP MEMBER (gap_members.py: referenced by a znetwork member by call or address-taken; no Ghidra function existed: read via Ghidra create_function + decompile, 2026-09-29 sonnet)"
znetwork,0x00441480,ZoneSink_OnPlayerKicked_00441480,"GAP MEMBER (gap_members.py: referenced by a znetwork member by call or address-taken; no Ghidra function existed: read via Ghidra create_function + decompile, 2026-09-29 sonnet)"
znetwork,0x00441a40,ZoneDlg_OnInitDialog_00441a40,"GAP MEMBER (gap_members.py: referenced by a znetwork member by call or address-taken; no Ghidra function existed: read via Ghidra create_function + decompile, 2026-09-29 sonnet)"
app,0x00443ae0,MainWnd_OnActivate_00443ae0,"GAP MEMBER (gap_members.py: referenced by a app member by call or address-taken; no Ghidra function existed: read via Ghidra create_function + decompile, 2026-09-29 sonnet)"
menus,0x00406e90,StaticInitWrapper_00406e90,"GAP MEMBER (gap_members.py: referenced by a menus member by call or address-taken; no Ghidra function existed: read via Ghidra create_function + decompile, 2026-09-29 sonnet)"
menus,0x00408d20,StaticInitWrapper_00408d20,"GAP MEMBER (gap_members.py: referenced by a menus member by call or address-taken; no Ghidra function existed: read via Ghidra create_function + decompile, 2026-09-29 sonnet)"
menus,0x00409950,StaticInitWrapper_00409950,"GAP MEMBER (gap_members.py: referenced by a menus member by call or address-taken; no Ghidra function existed: read via Ghidra create_function + decompile, 2026-09-29 sonnet)"
menus,0x0040bc20,StaticInitWrapper_0040bc20,"GAP MEMBER (gap_members.py: referenced by a menus member by call or address-taken; no Ghidra function existed: read via Ghidra create_function + decompile, 2026-09-29 sonnet)"
menus,0x0040d070,StaticInitWrapper_0040d070,"GAP MEMBER (gap_members.py: referenced by a menus member by call or address-taken; no Ghidra function existed: read via Ghidra create_function + decompile, 2026-09-29 sonnet)"
menus,0x0040d1e0,StaticInitWrapper_0040d1e0,"GAP MEMBER (gap_members.py: referenced by a menus member by call or address-taken; no Ghidra function existed: read via Ghidra create_function + decompile, 2026-09-29 sonnet)"
menus,0x0040d260,StaticInitWrapper_0040d260,"GAP MEMBER (gap_members.py: referenced by a menus member by call or address-taken; no Ghidra function existed: read via Ghidra create_function + decompile, 2026-09-29 sonnet)"
menus,0x0040d2f0,StaticInitWrapper_0040d2f0,"GAP MEMBER (gap_members.py: referenced by a menus member by call or address-taken; no Ghidra function existed: read via Ghidra create_function + decompile, 2026-09-29 sonnet)"
menus,0x0040d400,StaticInitWrapper_0040d400,"GAP MEMBER (gap_members.py: referenced by a menus member by call or address-taken; no Ghidra function existed: read via Ghidra create_function + decompile, 2026-09-29 sonnet)"
hud,0x004136f0,StaticInitWrapper_004136f0,"GAP MEMBER (gap_members.py: referenced by a hud member by call or address-taken; no Ghidra function existed: read via Ghidra create_function + decompile, 2026-09-29 sonnet)"
hud,0x00414a60,StaticInitWrapper_00414a60,"GAP MEMBER (gap_members.py: referenced by a hud member by call or address-taken; no Ghidra function existed: read via Ghidra create_function + decompile, 2026-09-29 sonnet)"
menus,0x00415100,StaticInitWrapper_00415100,"GAP MEMBER (gap_members.py: referenced by a menus member by call or address-taken; no Ghidra function existed: read via Ghidra create_function + decompile, 2026-09-29 sonnet)"
menus,0x00415810,StaticInitWrapper_00415810,"GAP MEMBER (gap_members.py: referenced by a menus member by call or address-taken; no Ghidra function existed: read via Ghidra create_function + decompile, 2026-09-29 sonnet)"
mission,0x00417350,StaticInitWrapper_00417350,"GAP MEMBER (gap_members.py: referenced by a mission member by call or address-taken; no Ghidra function existed: read via Ghidra create_function + decompile, 2026-09-29 sonnet)"
menus,0x0041ab60,StaticInitWrapper_0041ab60,"GAP MEMBER (gap_members.py: referenced by a menus member by call or address-taken; no Ghidra function existed: read via Ghidra create_function + decompile, 2026-09-29 sonnet)"
menus,0x0041c5e0,StaticInitWrapper_0041c5e0,"GAP MEMBER (gap_members.py: referenced by a menus member by call or address-taken; no Ghidra function existed: read via Ghidra create_function + decompile, 2026-09-29 sonnet)"
menus,0x0041c980,StaticInitWrapper_0041c980,"GAP MEMBER (gap_members.py: referenced by a menus member by call or address-taken; no Ghidra function existed: read via Ghidra create_function + decompile, 2026-09-29 sonnet)"
player,0x0041eaf0,StaticInitWrapper_0041eaf0,"GAP MEMBER (gap_members.py: referenced by a player member by call or address-taken; no Ghidra function existed: read via Ghidra create_function + decompile, 2026-09-29 sonnet)"
player,0x0041eb50,StaticInitWrapper_0041eb50,"GAP MEMBER (gap_members.py: referenced by a player member by call or address-taken; no Ghidra function existed: read via Ghidra create_function + decompile, 2026-09-29 sonnet)"
player,0x0041ec30,StaticInitWrapper_0041ec30,"GAP MEMBER (gap_members.py: referenced by a player member by call or address-taken; no Ghidra function existed: read via Ghidra create_function + decompile, 2026-09-29 sonnet)"
player,0x0041ef30,StaticInitWrapper_0041ef30,"GAP MEMBER (gap_members.py: referenced by a player member by call or address-taken; no Ghidra function existed: read via Ghidra create_function + decompile, 2026-09-29 sonnet)"
vehicle,0x00429f10,StaticInitWrapper_00429f10,"GAP MEMBER (gap_members.py: referenced by a vehicle member by call or address-taken; no Ghidra function existed: read via Ghidra create_function + decompile, 2026-09-29 sonnet)"
app,0x0042de20,StaticInitWrapper_0042de20,"GAP MEMBER (gap_members.py: referenced by a app member by call or address-taken; no Ghidra function existed: read via Ghidra create_function + decompile, 2026-09-29 sonnet)"
menus,0x00435a30,StaticInitWrapper_00435a30,"GAP MEMBER (gap_members.py: referenced by a menus member by call or address-taken; no Ghidra function existed: read via Ghidra create_function + decompile, 2026-09-29 sonnet)"
declient,0x00457650,StaticInitWrapper_00457650,"GAP MEMBER (gap_members.py: referenced by a declient member by call or address-taken; no Ghidra function existed: read via Ghidra create_function + decompile, 2026-09-29 sonnet)"
input,0x004719e0,StaticInitWrapper_004719e0,"GAP MEMBER (gap_members.py: referenced by a input member by call or address-taken; no Ghidra function existed: read via Ghidra create_function + decompile, 2026-09-29 sonnet)"
znetwork,0x0048bfa0,StaticInitWrapper_0048bfa0,"GAP MEMBER (gap_members.py: referenced by a znetwork member by call or address-taken; no Ghidra function existed: read via Ghidra create_function + decompile, 2026-09-29 sonnet)"
ui_widgets,0x004bee40,StaticInitWrapper_004bee40,"GAP MEMBER (gap_members.py: referenced by a ui_widgets member by call or address-taken; no Ghidra function existed: read via Ghidra create_function + decompile, 2026-09-29 sonnet)"
menus,0x00404bb0,Cb_IsIntGlobalAtLeastFloatField4_00404bb0,"GAP MEMBER (gap_members.py: referenced by a menus member by call or address-taken; no Ghidra function existed: read via Ghidra create_function + decompile, 2026-09-29 sonnet)"
menus,0x004069f0,Wnd_OnCreate_ReturnMinus1IfDefaultFails_004069f0,"GAP MEMBER (gap_members.py: referenced by a menus member by call or address-taken; no Ghidra function existed: read via Ghidra create_function + decompile, 2026-09-29 sonnet)"
input,0x00414550,Input_FeedTypedCharToScreen_00414550,"GAP MEMBER (gap_members.py: referenced by a input member by call or address-taken; no Ghidra function existed: read via Ghidra create_function + decompile, 2026-09-29 sonnet)"
app,0x00430a70,Settings_StoreHUDFlagFromSplitScreen_00430a70,"GAP MEMBER (gap_members.py: referenced by a app member by call or address-taken; no Ghidra function existed: read via Ghidra create_function + decompile, 2026-09-29 sonnet)"
app,0x00430d80,Menus_RunNetSetupThenStartMission_00430d80,"GAP MEMBER (gap_members.py: referenced by a app member by call or address-taken; no Ghidra function existed: read via Ghidra create_function + decompile, 2026-09-29 sonnet)"
app,0x00431900,Settings_ToggleCDAudio_00431900,"GAP MEMBER (gap_members.py: referenced by a app member by call or address-taken; no Ghidra function existed: read via Ghidra create_function + decompile, 2026-09-29 sonnet)"
app,0x00431950,Settings_ToggleJoystickEnabled_00431950,"GAP MEMBER (gap_members.py: referenced by a app member by call or address-taken; no Ghidra function existed: read via Ghidra create_function + decompile, 2026-09-29 sonnet)"
app,0x00431ad0,Settings_ApplySoundAPISetting1_00431ad0,"GAP MEMBER (gap_members.py: referenced by a app member by call or address-taken; no Ghidra function existed: read via Ghidra create_function + decompile, 2026-09-29 sonnet)"
znetwork,0x0043e6a0,ZoneDlg_EnterRoomByTypedName_0043e6a0,"GAP MEMBER (gap_members.py: referenced by a znetwork member by call or address-taken; no Ghidra function existed: read via Ghidra create_function + decompile, 2026-09-29 sonnet)"
app,0x00443a50,Wnd_OnMove_DefaultThenCacheClientRect_00443a50,"GAP MEMBER (gap_members.py: referenced by a app member by call or address-taken; no Ghidra function existed: read via Ghidra create_function + decompile, 2026-09-29 sonnet)"
input,0x00471ae0,Input_SetAllDeviceBit1AndAcquireMouse_00471ae0,"GAP MEMBER (gap_members.py: referenced by a input member by call or address-taken; no Ghidra function existed: read via Ghidra create_function + decompile, 2026-09-29 sonnet)"
input,0x00471c60,Input_IsBit1Clear_Byte00561cba_00471c60,"GAP MEMBER (gap_members.py: referenced by a input member by call or address-taken; no Ghidra function existed: read via Ghidra create_function + decompile, 2026-09-29 sonnet)"
input,0x00471c70,Input_IsBit1Clear_Byte00561cb9_00471c70,"GAP MEMBER (gap_members.py: referenced by a input member by call or address-taken; no Ghidra function existed: read via Ghidra create_function + decompile, 2026-09-29 sonnet)"
input,0x00471c80,Input_IsBit1Clear_Byte00561cb8_00471c80,"GAP MEMBER (gap_members.py: referenced by a input member by call or address-taken; no Ghidra function existed: read via Ghidra create_function + decompile, 2026-09-29 sonnet)"
input,0x00471c90,Input_ClearBit1Byte00561cba_ResetMouseDeltas_00471c90,"GAP MEMBER (gap_members.py: referenced by a input member by call or address-taken; no Ghidra function existed: read via Ghidra create_function + decompile, 2026-09-29 sonnet)"
input,0x00471cb0,Input_ClearBit1Byte00561cb9_ResetJoystick_00471cb0,"GAP MEMBER (gap_members.py: referenced by a input member by call or address-taken; no Ghidra function existed: read via Ghidra create_function + decompile, 2026-09-29 sonnet)"
input,0x00471cf0,Input_SetBit1_Byte00561cba_00471cf0,"GAP MEMBER (gap_members.py: referenced by a input member by call or address-taken; no Ghidra function existed: read via Ghidra create_function + decompile, 2026-09-29 sonnet)"
input,0x00471d00,Input_SetBit1_Byte00561cb9_00471d00,"GAP MEMBER (gap_members.py: referenced by a input member by call or address-taken; no Ghidra function existed: read via Ghidra create_function + decompile, 2026-09-29 sonnet)"
znetwork,0x00489f90,Net_SetGlobal_0056aafc_00489f90,"GAP MEMBER (gap_members.py: referenced by a znetwork member by call or address-taken; no Ghidra function existed: read via Ghidra create_function + decompile, 2026-09-29 sonnet)"
zvideo,0x004a7430,ZVideoTable_ElementAddr_00633e78_004a7430,"GAP MEMBER (gap_members.py: referenced by a zvideo member by call or address-taken; no Ghidra function existed: read via Ghidra create_function + decompile, 2026-09-29 sonnet)"
zvideo,0x004a7450,ZVideoTable_ElementAddr_00633e58_004a7450,"GAP MEMBER (gap_members.py: referenced by a zvideo member by call or address-taken; no Ghidra function existed: read via Ghidra create_function + decompile, 2026-09-29 sonnet)"
script,0x004c2090,Script_IncLineReturnTrue_004c2090,"GAP MEMBER (gap_members.py: referenced by a script member by call or address-taken; no Ghidra function existed: read via Ghidra create_function + decompile, 2026-09-29 sonnet)"
ui_widgets,0x004c5a50,Thunk_MFC42_Ord5265_004c5a50,"GAP MEMBER (gap_members.py: referenced by a ui_widgets member by call or address-taken; no Ghidra function existed: read via Ghidra create_function + decompile, 2026-09-29 sonnet)"
menus,0x004c8230,EH_Unwind_BriefingScreen_Ctor_0,"EH funclet: unwind action of handler 0x004c82c8 (FuncInfo 0x004d4410), pushed by member 0x00403930 BriefingScreen_Ctor at 0x00403932"
menus,0x004c8238,EH_Unwind_BriefingScreen_Ctor_1,"EH funclet: unwind action of handler 0x004c82c8 (FuncInfo 0x004d4410), pushed by member 0x00403930 BriefingScreen_Ctor at 0x00403932"
menus,0x004c8246,EH_Unwind_BriefingScreen_Ctor_2,"EH funclet: unwind action of handler 0x004c82c8 (FuncInfo 0x004d4410), pushed by member 0x00403930 BriefingScreen_Ctor at 0x00403932"
menus,0x004c8254,EH_Unwind_BriefingScreen_Ctor_3,"EH funclet: unwind action of handler 0x004c82c8 (FuncInfo 0x004d4410), pushed by member 0x00403930 BriefingScreen_Ctor at 0x00403932"
menus,0x004c8262,EH_Unwind_BriefingScreen_Ctor_4,"EH funclet: unwind action of handler 0x004c82c8 (FuncInfo 0x004d4410), pushed by member 0x00403930 BriefingScreen_Ctor at 0x00403932"
menus,0x004c8270,EH_Unwind_BriefingScreen_Ctor_5,"EH funclet: unwind action of handler 0x004c82c8 (FuncInfo 0x004d4410), pushed by member 0x00403930 BriefingScreen_Ctor at 0x00403932"
menus,0x004c827e,EH_Unwind_BriefingScreen_Ctor_6,"EH funclet: unwind action of handler 0x004c82c8 (FuncInfo 0x004d4410), pushed by member 0x00403930 BriefingScreen_Ctor at 0x00403932"
menus,0x004c8286,EH_Unwind_BriefingScreen_Ctor_7,"EH funclet: unwind action of handler 0x004c82c8 (FuncInfo 0x004d4410), pushed by member 0x00403930 BriefingScreen_Ctor at 0x00403932"
menus,0x004c8294,EH_Unwind_BriefingScreen_Ctor_8,"EH funclet: unwind action of handler 0x004c82c8 (FuncInfo 0x004d4410), pushed by member 0x00403930 BriefingScreen_Ctor at 0x00403932"
menus,0x004c82a2,EH_Unwind_BriefingScreen_Ctor_9,"EH funclet: unwind action of handler 0x004c82c8 (FuncInfo 0x004d4410), pushed by member 0x00403930 BriefingScreen_Ctor at 0x00403932"
menus,0x004c82b0,EH_Unwind_BriefingScreen_Ctor_10,"EH funclet: unwind action of handler 0x004c82c8 (FuncInfo 0x004d4410), pushed by member 0x00403930 BriefingScreen_Ctor at 0x00403932"
menus,0x004c82c8,EH_Handler_BriefingScreen_Ctor,"EH handler pushed by member 0x00403930 BriefingScreen_Ctor (PUSH 0x004c82c8 at 0x00403932)"
menus,0x004c82e0,EH_Unwind_LoadingRing_Ctor_0,"EH funclet: unwind action of handler 0x004c82e8 (FuncInfo 0x004d4488), pushed by member 0x00403c10 LoadingRing_Ctor at 0x00403c12"
menus,0x004c82e8,EH_Handler_LoadingRing_Ctor,"EH handler pushed by member 0x00403c10 LoadingRing_Ctor (PUSH 0x004c82e8 at 0x00403c12)"
menus,0x004c8300,EH_Unwind_ListWidget_Dtor_0,"EH funclet: unwind action of handler 0x004c8308 (FuncInfo 0x004d44b0), pushed by member 0x00403e20 ListWidget_Dtor at 0x00403e28"
menus,0x004c8308,EH_Handler_ListWidget_Dtor,"EH handler pushed by member 0x00403e20 ListWidget_Dtor (PUSH 0x004c8308 at 0x00403e28)"
menus,0x004c8320,EH_Unwind_BriefingScreen_Dtor_0,"EH funclet: unwind action of handler 0x004c83b8 (FuncInfo 0x004d44d8), pushed by member 0x00403ed0 BriefingScreen_Dtor at 0x00403ed2"
menus,0x004c8328,EH_Unwind_BriefingScreen_Dtor_1,"EH funclet: unwind action of handler 0x004c83b8 (FuncInfo 0x004d44d8), pushed by member 0x00403ed0 BriefingScreen_Dtor at 0x00403ed2"
menus,0x004c8336,EH_Unwind_BriefingScreen_Dtor_2,"EH funclet: unwind action of handler 0x004c83b8 (FuncInfo 0x004d44d8), pushed by member 0x00403ed0 BriefingScreen_Dtor at 0x00403ed2"
menus,0x004c8344,EH_Unwind_BriefingScreen_Dtor_3,"EH funclet: unwind action of handler 0x004c83b8 (FuncInfo 0x004d44d8), pushed by member 0x00403ed0 BriefingScreen_Dtor at 0x00403ed2"
menus,0x004c8352,EH_Unwind_BriefingScreen_Dtor_4,"EH funclet: unwind action of handler 0x004c83b8 (FuncInfo 0x004d44d8), pushed by member 0x00403ed0 BriefingScreen_Dtor at 0x00403ed2"
menus,0x004c8360,EH_Unwind_BriefingScreen_Dtor_5,"EH funclet: unwind action of handler 0x004c83b8 (FuncInfo 0x004d44d8), pushed by member 0x00403ed0 BriefingScreen_Dtor at 0x00403ed2"
menus,0x004c836e,EH_Unwind_BriefingScreen_Dtor_6,"EH funclet: unwind action of handler 0x004c83b8 (FuncInfo 0x004d44d8), pushed by member 0x00403ed0 BriefingScreen_Dtor at 0x00403ed2"
menus,0x004c837c,EH_Unwind_BriefingScreen_Dtor_7,"EH funclet: unwind action of handler 0x004c83b8 (FuncInfo 0x004d44d8), pushed by member 0x00403ed0 BriefingScreen_Dtor at 0x00403ed2"
menus,0x004c838a,EH_Unwind_BriefingScreen_Dtor_8,"EH funclet: unwind action of handler 0x004c83b8 (FuncInfo 0x004d44d8), pushed by member 0x00403ed0 BriefingScreen_Dtor at 0x00403ed2"
menus,0x004c8398,EH_Unwind_BriefingScreen_Dtor_9,"EH funclet: unwind action of handler 0x004c83b8 (FuncInfo 0x004d44d8), pushed by member 0x00403ed0 BriefingScreen_Dtor at 0x00403ed2"
menus,0x004c83b0,EH_Unwind_BriefingScreen_Dtor_10,"EH funclet: unwind action of handler 0x004c83b8 (FuncInfo 0x004d44d8), pushed by member 0x00403ed0 BriefingScreen_Dtor at 0x00403ed2"
menus,0x004c83b8,EH_Handler_BriefingScreen_Dtor,"EH handler pushed by member 0x00403ed0 BriefingScreen_Dtor (PUSH 0x004c83b8 at 0x00403ed2)"
menus,0x004c83d0,EH_Unwind_Briefing_StartLoaderThread_0,"EH funclet: unwind action of handler 0x004c83db (FuncInfo 0x004d4550), pushed by member 0x00404180 Briefing_StartLoaderThread at 0x00404182"
menus,0x004c83db,EH_Handler_Briefing_StartLoaderThread,"EH handler pushed by member 0x00404180 Briefing_StartLoaderThread (PUSH 0x004c83db at 0x00404182)"
menus,0x004c83f0,EH_Unwind_BriefQueue_AddTextStep_0,"EH funclet: unwind action of handler 0x004c83fb (FuncInfo 0x004d4578), pushed by member 0x00404780 BriefQueue_AddTextStep at 0x00404782"
menus,0x004c83fb,EH_Handler_BriefQueue_AddTextStep,"EH handler pushed by member 0x00404780 BriefQueue_AddTextStep (PUSH 0x004c83fb at 0x00404782)"
menus,0x004c8410,EH_Unwind_BriefQueue_AddFadeInStep_0,"EH funclet: unwind action of handler 0x004c841b (FuncInfo 0x004d45a0), pushed by member 0x004048a0 BriefQueue_AddFadeInStep at 0x004048a2"
menus,0x004c841b,EH_Handler_BriefQueue_AddFadeInStep,"EH handler pushed by member 0x004048a0 BriefQueue_AddFadeInStep (PUSH 0x004c841b at 0x004048a2)"
menus,0x004c8430,EH_Unwind_BriefQueue_AddSoundStep_0,"EH funclet: unwind action of handler 0x004c843b (FuncInfo 0x004d45c8), pushed by member 0x004049d0 BriefQueue_AddSoundStep at 0x004049d2"
menus,0x004c843b,EH_Handler_BriefQueue_AddSoundStep,"EH handler pushed by member 0x004049d0 BriefQueue_AddSoundStep (PUSH 0x004c843b at 0x004049d2)"
menus,0x004c8450,EH_Unwind_CheatCodeScreen_Ctor_0,"EH funclet: unwind action of handler 0x004c847c (FuncInfo 0x004d45f0), pushed by member 0x00406d20 CheatCodeScreen_Ctor at 0x00406d22"
menus,0x004c8458,EH_Unwind_CheatCodeScreen_Ctor_1,"EH funclet: unwind action of handler 0x004c847c (FuncInfo 0x004d45f0), pushed by member 0x00406d20 CheatCodeScreen_Ctor at 0x00406d22"
menus,0x004c8466,EH_Unwind_CheatCodeScreen_Ctor_2,"EH funclet: unwind action of handler 0x004c847c (FuncInfo 0x004d45f0), pushed by member 0x00406d20 CheatCodeScreen_Ctor at 0x00406d22"
menus,0x004c846e,EH_Unwind_CheatCodeScreen_Ctor_3,"EH funclet: unwind action of handler 0x004c847c (FuncInfo 0x004d45f0), pushed by member 0x00406d20 CheatCodeScreen_Ctor at 0x00406d22"
menus,0x004c847c,EH_Handler_CheatCodeScreen_Ctor,"EH handler pushed by member 0x00406d20 CheatCodeScreen_Ctor (PUSH 0x004c847c at 0x00406d22)"
menus,0x004c8490,EH_Unwind_CheatScreen_Dtor_0,"EH funclet: unwind action of handler 0x004c84a6 (FuncInfo 0x004d4630), pushed by member 0x00406e30 CheatScreen_Dtor at 0x00406e32"
menus,0x004c8498,EH_Unwind_CheatScreen_Dtor_1,"EH funclet: unwind action of handler 0x004c84a6 (FuncInfo 0x004d4630), pushed by member 0x00406e30 CheatScreen_Dtor at 0x00406e32"
menus,0x004c84a6,EH_Handler_CheatScreen_Dtor,"EH handler pushed by member 0x00406e30 CheatScreen_Dtor (PUSH 0x004c84a6 at 0x00406e32)"
menus,0x004c84b0,EH_Unwind_ScreenHolder_Dtor_0,"EH funclet: unwind action of handler 0x004c84b8 (FuncInfo 0x004d4660), pushed by member 0x00406f00 ScreenHolder_Dtor at 0x00406f02"
menus,0x004c84b8,EH_Handler_ScreenHolder_Dtor,"EH handler pushed by member 0x00406f00 ScreenHolder_Dtor (PUSH 0x004c84b8 at 0x00406f02)"
menus,0x004c84d0,EH_Unwind_CheatScreen_Open_0,"EH funclet: unwind action of handler 0x004c84db (FuncInfo 0x004d4688), pushed by member 0x00406f60 CheatScreen_Open at 0x00406f62"
menus,0x004c84db,EH_Handler_CheatScreen_Open,"EH handler pushed by member 0x00406f60 CheatScreen_Open (PUSH 0x004c84db at 0x00406f62)"
menus,0x004c84f0,EH_Unwind_CheatScreen_CloseAndApply_0,"EH funclet: unwind action of handler 0x004c84f8 (FuncInfo 0x004d46b0), pushed by member 0x00407010 CheatScreen_CloseAndApply at 0x00407012"
menus,0x004c84f8,EH_Handler_CheatScreen_CloseAndApply,"EH handler pushed by member 0x00407010 CheatScreen_CloseAndApply (PUSH 0x004c84f8 at 0x00407012)"
menus,0x004c8510,EH_Unwind_ControlsDialog_Ctor_0,"EH funclet: unwind action of handler 0x004c857a (FuncInfo 0x004d46d8), pushed by member 0x00408a30 ControlsDialog_Ctor at 0x00408a32"
menus,0x004c8518,EH_Unwind_ControlsDialog_Ctor_1,"EH funclet: unwind action of handler 0x004c857a (FuncInfo 0x004d46d8), pushed by member 0x00408a30 ControlsDialog_Ctor at 0x00408a32"
menus,0x004c8526,EH_Unwind_ControlsDialog_Ctor_2,"EH funclet: unwind action of handler 0x004c857a (FuncInfo 0x004d46d8), pushed by member 0x00408a30 ControlsDialog_Ctor at 0x00408a32"
menus,0x004c8534,EH_Unwind_ControlsDialog_Ctor_3,"EH funclet: unwind action of handler 0x004c857a (FuncInfo 0x004d46d8), pushed by member 0x00408a30 ControlsDialog_Ctor at 0x00408a32"
menus,0x004c8542,EH_Unwind_ControlsDialog_Ctor_4,"EH funclet: unwind action of handler 0x004c857a (FuncInfo 0x004d46d8), pushed by member 0x00408a30 ControlsDialog_Ctor at 0x00408a32"
menus,0x004c8550,EH_Unwind_ControlsDialog_Ctor_5,"EH funclet: unwind action of handler 0x004c857a (FuncInfo 0x004d46d8), pushed by member 0x00408a30 ControlsDialog_Ctor at 0x00408a32"
menus,0x004c855e,EH_Unwind_ControlsDialog_Ctor_6,"EH funclet: unwind action of handler 0x004c857a (FuncInfo 0x004d46d8), pushed by member 0x00408a30 ControlsDialog_Ctor at 0x00408a32"
menus,0x004c856c,EH_Unwind_ControlsDialog_Ctor_7,"EH funclet: unwind action of handler 0x004c857a (FuncInfo 0x004d46d8), pushed by member 0x00408a30 ControlsDialog_Ctor at 0x00408a32"
menus,0x004c857a,EH_Handler_ControlsDialog_Ctor,"EH handler pushed by member 0x00408a30 ControlsDialog_Ctor (PUSH 0x004c857a at 0x00408a32)"
menus,0x004c8590,EH_Unwind_ControlsDialog_Dtor_0,"EH funclet: unwind action of handler 0x004c85ec (FuncInfo 0x004d4738), pushed by member 0x00408c70 ControlsDialog_Dtor at 0x00408c72"
menus,0x004c8598,EH_Unwind_ControlsDialog_Dtor_1,"EH funclet: unwind action of handler 0x004c85ec (FuncInfo 0x004d4738), pushed by member 0x00408c70 ControlsDialog_Dtor at 0x00408c72"
menus,0x004c85a6,EH_Unwind_ControlsDialog_Dtor_2,"EH funclet: unwind action of handler 0x004c85ec (FuncInfo 0x004d4738), pushed by member 0x00408c70 ControlsDialog_Dtor at 0x00408c72"
menus,0x004c85b4,EH_Unwind_ControlsDialog_Dtor_3,"EH funclet: unwind action of handler 0x004c85ec (FuncInfo 0x004d4738), pushed by member 0x00408c70 ControlsDialog_Dtor at 0x00408c72"
menus,0x004c85c2,EH_Unwind_ControlsDialog_Dtor_4,"EH funclet: unwind action of handler 0x004c85ec (FuncInfo 0x004d4738), pushed by member 0x00408c70 ControlsDialog_Dtor at 0x00408c72"
menus,0x004c85d0,EH_Unwind_ControlsDialog_Dtor_5,"EH funclet: unwind action of handler 0x004c85ec (FuncInfo 0x004d4738), pushed by member 0x00408c70 ControlsDialog_Dtor at 0x00408c72"
menus,0x004c85de,EH_Unwind_ControlsDialog_Dtor_6,"EH funclet: unwind action of handler 0x004c85ec (FuncInfo 0x004d4738), pushed by member 0x00408c70 ControlsDialog_Dtor at 0x00408c72"
menus,0x004c85ec,EH_Handler_ControlsDialog_Dtor,"EH handler pushed by member 0x00408c70 ControlsDialog_Dtor (PUSH 0x004c85ec at 0x00408c72)"
menus,0x004c8600,EH_Unwind_ControlsHost_Dtor_0,"EH funclet: unwind action of handler 0x004c8608 (FuncInfo 0x004d4790), pushed by member 0x00408d90 ControlsHost_Dtor at 0x00408d92"
menus,0x004c8608,EH_Handler_ControlsHost_Dtor,"EH handler pushed by member 0x00408d90 ControlsHost_Dtor (PUSH 0x004c8608 at 0x00408d92)"
menus,0x004c8620,EH_Unwind_ControlsHost_Open_0,"EH funclet: unwind action of handler 0x004c862b (FuncInfo 0x004d47b8), pushed by member 0x00408df0 ControlsHost_Open at 0x00408df2"
menus,0x004c862b,EH_Handler_ControlsHost_Open,"EH handler pushed by member 0x00408df0 ControlsHost_Open (PUSH 0x004c862b at 0x00408df2)"
menus,0x004c8640,EH_Unwind_CreditsPanel_Ctor_0,"EH funclet: unwind action of handler 0x004c8672 (FuncInfo 0x004d47e0), pushed by member 0x00409040 CreditsPanel_Ctor at 0x00409042"
menus,0x004c8648,EH_Unwind_CreditsPanel_Ctor_1,"EH funclet: unwind action of handler 0x004c8672 (FuncInfo 0x004d47e0), pushed by member 0x00409040 CreditsPanel_Ctor at 0x00409042"
menus,0x004c8656,EH_Unwind_CreditsPanel_Ctor_2,"EH funclet: unwind action of handler 0x004c8672 (FuncInfo 0x004d47e0), pushed by member 0x00409040 CreditsPanel_Ctor at 0x00409042"
menus,0x004c8664,EH_Unwind_CreditsPanel_Ctor_3,"EH funclet: unwind action of handler 0x004c8672 (FuncInfo 0x004d47e0), pushed by member 0x00409040 CreditsPanel_Ctor at 0x00409042"
menus,0x004c8672,EH_Handler_CreditsPanel_Ctor,"EH handler pushed by member 0x00409040 CreditsPanel_Ctor (PUSH 0x004c8672 at 0x00409042)"
menus,0x004c8680,EH_Unwind_TextPanel_Dtor_0,"EH funclet: unwind action of handler 0x004c8688 (FuncInfo 0x004d4820), pushed by member 0x004091e0 TextPanel_Dtor at 0x004091e2"
menus,0x004c8688,EH_Handler_TextPanel_Dtor,"EH handler pushed by member 0x004091e0 TextPanel_Dtor (PUSH 0x004c8688 at 0x004091e2)"
menus,0x004c86a0,EH_Unwind_CreditsPanel_Dtor_0,"EH funclet: unwind action of handler 0x004c86cc (FuncInfo 0x004d4848), pushed by member 0x004092a0 CreditsPanel_Dtor at 0x004092a2"
menus,0x004c86a8,EH_Unwind_CreditsPanel_Dtor_1,"EH funclet: unwind action of handler 0x004c86cc (FuncInfo 0x004d4848), pushed by member 0x004092a0 CreditsPanel_Dtor at 0x004092a2"
menus,0x004c86b6,EH_Unwind_CreditsPanel_Dtor_2,"EH funclet: unwind action of handler 0x004c86cc (FuncInfo 0x004d4848), pushed by member 0x004092a0 CreditsPanel_Dtor at 0x004092a2"
menus,0x004c86c4,EH_Unwind_CreditsPanel_Dtor_3,"EH funclet: unwind action of handler 0x004c86cc (FuncInfo 0x004d4848), pushed by member 0x004092a0 CreditsPanel_Dtor at 0x004092a2"
menus,0x004c86cc,EH_Handler_CreditsPanel_Dtor,"EH handler pushed by member 0x004092a0 CreditsPanel_Dtor (PUSH 0x004c86cc at 0x004092a2)"
ui_widgets,0x004c86e0,EH_Unwind_TextPanel_LoadFromConfig_0,"EH funclet: unwind action of handler 0x004c86f6 (FuncInfo 0x004d4888), pushed by member 0x00409570 TextPanel_LoadFromConfig at 0x00409572"
ui_widgets,0x004c86eb,EH_Unwind_TextPanel_LoadFromConfig_1,"EH funclet: unwind action of handler 0x004c86f6 (FuncInfo 0x004d4888), pushed by member 0x00409570 TextPanel_LoadFromConfig at 0x00409572"
ui_widgets,0x004c86f6,EH_Handler_TextPanel_LoadFromConfig,"EH handler pushed by member 0x00409570 TextPanel_LoadFromConfig (PUSH 0x004c86f6 at 0x00409572)"
menus,0x004c8700,EH_Unwind_CreditsScreen_Dtor_0,"EH funclet: unwind action of handler 0x004c8708 (FuncInfo 0x004d48b8), pushed by member 0x004099f0 CreditsScreen_Dtor at 0x004099f2"
menus,0x004c8708,EH_Handler_CreditsScreen_Dtor,"EH handler pushed by member 0x004099f0 CreditsScreen_Dtor (PUSH 0x004c8708 at 0x004099f2)"
menus,0x004c8720,EH_Unwind_CreditsScreen_Create_0,"EH funclet: unwind action of handler 0x004c872b (FuncInfo 0x004d48e0), pushed by member 0x00409a60 CreditsScreen_Create at 0x00409a62"
menus,0x004c872b,EH_Handler_CreditsScreen_Create,"EH handler pushed by member 0x00409a60 CreditsScreen_Create (PUSH 0x004c872b at 0x00409a62)"
menus,0x004c8740,EH_Unwind_CommandsDialog_Ctor_0,"EH funclet: unwind action of handler 0x004c880c (FuncInfo 0x004d4908), pushed by member 0x0040a5b0 CommandsDialog_Ctor at 0x0040a5b2"
menus,0x004c8748,EH_Unwind_CommandsDialog_Ctor_1,"EH funclet: unwind action of handler 0x004c880c (FuncInfo 0x004d4908), pushed by member 0x0040a5b0 CommandsDialog_Ctor at 0x0040a5b2"
menus,0x004c8756,EH_Unwind_CommandsDialog_Ctor_2,"EH funclet: unwind action of handler 0x004c880c (FuncInfo 0x004d4908), pushed by member 0x0040a5b0 CommandsDialog_Ctor at 0x0040a5b2"
menus,0x004c8764,EH_Unwind_CommandsDialog_Ctor_3,"EH funclet: unwind action of handler 0x004c880c (FuncInfo 0x004d4908), pushed by member 0x0040a5b0 CommandsDialog_Ctor at 0x0040a5b2"
menus,0x004c8772,EH_Unwind_CommandsDialog_Ctor_4,"EH funclet: unwind action of handler 0x004c880c (FuncInfo 0x004d4908), pushed by member 0x0040a5b0 CommandsDialog_Ctor at 0x0040a5b2"
menus,0x004c8780,EH_Unwind_CommandsDialog_Ctor_5,"EH funclet: unwind action of handler 0x004c880c (FuncInfo 0x004d4908), pushed by member 0x0040a5b0 CommandsDialog_Ctor at 0x0040a5b2"
menus,0x004c878e,EH_Unwind_CommandsDialog_Ctor_6,"EH funclet: unwind action of handler 0x004c880c (FuncInfo 0x004d4908), pushed by member 0x0040a5b0 CommandsDialog_Ctor at 0x0040a5b2"
menus,0x004c879c,EH_Unwind_CommandsDialog_Ctor_7,"EH funclet: unwind action of handler 0x004c880c (FuncInfo 0x004d4908), pushed by member 0x0040a5b0 CommandsDialog_Ctor at 0x0040a5b2"
menus,0x004c87aa,EH_Unwind_CommandsDialog_Ctor_8,"EH funclet: unwind action of handler 0x004c880c (FuncInfo 0x004d4908), pushed by member 0x0040a5b0 CommandsDialog_Ctor at 0x0040a5b2"
menus,0x004c87b8,EH_Unwind_CommandsDialog_Ctor_9,"EH funclet: unwind action of handler 0x004c880c (FuncInfo 0x004d4908), pushed by member 0x0040a5b0 CommandsDialog_Ctor at 0x0040a5b2"
menus,0x004c87c6,EH_Unwind_CommandsDialog_Ctor_10,"EH funclet: unwind action of handler 0x004c880c (FuncInfo 0x004d4908), pushed by member 0x0040a5b0 CommandsDialog_Ctor at 0x0040a5b2"
menus,0x004c87d4,EH_Unwind_CommandsDialog_Ctor_11,"EH funclet: unwind action of handler 0x004c880c (FuncInfo 0x004d4908), pushed by member 0x0040a5b0 CommandsDialog_Ctor at 0x0040a5b2"
menus,0x004c87e2,EH_Unwind_CommandsDialog_Ctor_12,"EH funclet: unwind action of handler 0x004c880c (FuncInfo 0x004d4908), pushed by member 0x0040a5b0 CommandsDialog_Ctor at 0x0040a5b2"
menus,0x004c87f0,EH_Unwind_CommandsDialog_Ctor_13,"EH funclet: unwind action of handler 0x004c880c (FuncInfo 0x004d4908), pushed by member 0x0040a5b0 CommandsDialog_Ctor at 0x0040a5b2"
menus,0x004c87fe,EH_Unwind_CommandsDialog_Ctor_14,"EH funclet: unwind action of handler 0x004c880c (FuncInfo 0x004d4908), pushed by member 0x0040a5b0 CommandsDialog_Ctor at 0x0040a5b2"
menus,0x004c880c,EH_Handler_CommandsDialog_Ctor,"EH handler pushed by member 0x0040a5b0 CommandsDialog_Ctor (PUSH 0x004c880c at 0x0040a5b2)"
menus,0x004c8820,EH_Unwind_OptionListScreen_Dtor_a940_0,"EH funclet: unwind action of handler 0x004c8844 (FuncInfo 0x004d49a0), pushed by member 0x0040a940 OptionListScreen_Dtor_a940 at 0x0040a942"
menus,0x004c8828,EH_Unwind_OptionListScreen_Dtor_a940_1,"EH funclet: unwind action of handler 0x004c8844 (FuncInfo 0x004d49a0), pushed by member 0x0040a940 OptionListScreen_Dtor_a940 at 0x0040a942"
menus,0x004c8836,EH_Unwind_OptionListScreen_Dtor_a940_2,"EH funclet: unwind action of handler 0x004c8844 (FuncInfo 0x004d49a0), pushed by member 0x0040a940 OptionListScreen_Dtor_a940 at 0x0040a942"
menus,0x004c8844,EH_Handler_OptionListScreen_Dtor_a940,"EH handler pushed by member 0x0040a940 OptionListScreen_Dtor_a940 (PUSH 0x004c8844 at 0x0040a942)"
menus,0x004c8850,EH_Unwind_OptionListScreen_Dtor_aa30_0,"EH funclet: unwind action of handler 0x004c8874 (FuncInfo 0x004d49d8), pushed by member 0x0040aa30 OptionListScreen_Dtor_aa30 at 0x0040aa32"
menus,0x004c8858,EH_Unwind_OptionListScreen_Dtor_aa30_1,"EH funclet: unwind action of handler 0x004c8874 (FuncInfo 0x004d49d8), pushed by member 0x0040aa30 OptionListScreen_Dtor_aa30 at 0x0040aa32"
menus,0x004c8866,EH_Unwind_OptionListScreen_Dtor_aa30_2,"EH funclet: unwind action of handler 0x004c8874 (FuncInfo 0x004d49d8), pushed by member 0x0040aa30 OptionListScreen_Dtor_aa30 at 0x0040aa32"
menus,0x004c8874,EH_Handler_OptionListScreen_Dtor_aa30,"EH handler pushed by member 0x0040aa30 OptionListScreen_Dtor_aa30 (PUSH 0x004c8874 at 0x0040aa32)"
menus,0x004c8880,EH_Unwind_OptionListScreen_Dtor_ab20_0,"EH funclet: unwind action of handler 0x004c88a4 (FuncInfo 0x004d4a10), pushed by member 0x0040ab20 OptionListScreen_Dtor_ab20 at 0x0040ab22"
menus,0x004c8888,EH_Unwind_OptionListScreen_Dtor_ab20_1,"EH funclet: unwind action of handler 0x004c88a4 (FuncInfo 0x004d4a10), pushed by member 0x0040ab20 OptionListScreen_Dtor_ab20 at 0x0040ab22"
menus,0x004c8896,EH_Unwind_OptionListScreen_Dtor_ab20_2,"EH funclet: unwind action of handler 0x004c88a4 (FuncInfo 0x004d4a10), pushed by member 0x0040ab20 OptionListScreen_Dtor_ab20 at 0x0040ab22"
menus,0x004c88a4,EH_Handler_OptionListScreen_Dtor_ab20,"EH handler pushed by member 0x0040ab20 OptionListScreen_Dtor_ab20 (PUSH 0x004c88a4 at 0x0040ab22)"
menus,0x004c88b0,EH_Unwind_OptionListScreen_Dtor_ac10_0,"EH funclet: unwind action of handler 0x004c88d4 (FuncInfo 0x004d4a48), pushed by member 0x0040ac10 OptionListScreen_Dtor_ac10 at 0x0040ac12"
menus,0x004c88b8,EH_Unwind_OptionListScreen_Dtor_ac10_1,"EH funclet: unwind action of handler 0x004c88d4 (FuncInfo 0x004d4a48), pushed by member 0x0040ac10 OptionListScreen_Dtor_ac10 at 0x0040ac12"
menus,0x004c88c6,EH_Unwind_OptionListScreen_Dtor_ac10_2,"EH funclet: unwind action of handler 0x004c88d4 (FuncInfo 0x004d4a48), pushed by member 0x0040ac10 OptionListScreen_Dtor_ac10 at 0x0040ac12"
menus,0x004c88d4,EH_Handler_OptionListScreen_Dtor_ac10,"EH handler pushed by member 0x0040ac10 OptionListScreen_Dtor_ac10 (PUSH 0x004c88d4 at 0x0040ac12)"
menus,0x004c88e0,EH_Unwind_OptionListScreen_Dtor_ad00_0,"EH funclet: unwind action of handler 0x004c8904 (FuncInfo 0x004d4a80), pushed by member 0x0040ad00 OptionListScreen_Dtor_ad00 at 0x0040ad02"
menus,0x004c88e8,EH_Unwind_OptionListScreen_Dtor_ad00_1,"EH funclet: unwind action of handler 0x004c8904 (FuncInfo 0x004d4a80), pushed by member 0x0040ad00 OptionListScreen_Dtor_ad00 at 0x0040ad02"
menus,0x004c88f6,EH_Unwind_OptionListScreen_Dtor_ad00_2,"EH funclet: unwind action of handler 0x004c8904 (FuncInfo 0x004d4a80), pushed by member 0x0040ad00 OptionListScreen_Dtor_ad00 at 0x0040ad02"
menus,0x004c8904,EH_Handler_OptionListScreen_Dtor_ad00,"EH handler pushed by member 0x0040ad00 OptionListScreen_Dtor_ad00 (PUSH 0x004c8904 at 0x0040ad02)"
menus,0x004c8910,EH_Unwind_CommandsDialog_Dtor_0,"EH funclet: unwind action of handler 0x004c8a82 (FuncInfo 0x004d4ab8), pushed by member 0x0040adf0 CommandsDialog_Dtor at 0x0040adf2"
menus,0x004c8918,EH_Unwind_CommandsDialog_Dtor_1,"EH funclet: unwind action of handler 0x004c8a82 (FuncInfo 0x004d4ab8), pushed by member 0x0040adf0 CommandsDialog_Dtor at 0x0040adf2"
menus,0x004c8926,EH_Unwind_CommandsDialog_Dtor_2,"EH funclet: unwind action of handler 0x004c8a82 (FuncInfo 0x004d4ab8), pushed by member 0x0040adf0 CommandsDialog_Dtor at 0x0040adf2"
menus,0x004c8934,EH_Unwind_CommandsDialog_Dtor_3,"EH funclet: unwind action of handler 0x004c8a82 (FuncInfo 0x004d4ab8), pushed by member 0x0040adf0 CommandsDialog_Dtor at 0x0040adf2"
menus,0x004c8942,EH_Unwind_CommandsDialog_Dtor_4,"EH funclet: unwind action of handler 0x004c8a82 (FuncInfo 0x004d4ab8), pushed by member 0x0040adf0 CommandsDialog_Dtor at 0x0040adf2"
menus,0x004c8950,EH_Unwind_CommandsDialog_Dtor_5,"EH funclet: unwind action of handler 0x004c8a82 (FuncInfo 0x004d4ab8), pushed by member 0x0040adf0 CommandsDialog_Dtor at 0x0040adf2"
menus,0x004c895e,EH_Unwind_CommandsDialog_Dtor_6,"EH funclet: unwind action of handler 0x004c8a82 (FuncInfo 0x004d4ab8), pushed by member 0x0040adf0 CommandsDialog_Dtor at 0x0040adf2"
menus,0x004c896c,EH_Unwind_CommandsDialog_Dtor_7,"EH funclet: unwind action of handler 0x004c8a82 (FuncInfo 0x004d4ab8), pushed by member 0x0040adf0 CommandsDialog_Dtor at 0x0040adf2"
menus,0x004c897a,EH_Unwind_CommandsDialog_Dtor_8,"EH funclet: unwind action of handler 0x004c8a82 (FuncInfo 0x004d4ab8), pushed by member 0x0040adf0 CommandsDialog_Dtor at 0x0040adf2"
menus,0x004c8988,EH_Unwind_CommandsDialog_Dtor_9,"EH funclet: unwind action of handler 0x004c8a82 (FuncInfo 0x004d4ab8), pushed by member 0x0040adf0 CommandsDialog_Dtor at 0x0040adf2"
menus,0x004c8996,EH_Unwind_CommandsDialog_Dtor_10,"EH funclet: unwind action of handler 0x004c8a82 (FuncInfo 0x004d4ab8), pushed by member 0x0040adf0 CommandsDialog_Dtor at 0x0040adf2"
menus,0x004c89a4,EH_Unwind_CommandsDialog_Dtor_11,"EH funclet: unwind action of handler 0x004c8a82 (FuncInfo 0x004d4ab8), pushed by member 0x0040adf0 CommandsDialog_Dtor at 0x0040adf2"
menus,0x004c89b2,EH_Unwind_CommandsDialog_Dtor_12,"EH funclet: unwind action of handler 0x004c8a82 (FuncInfo 0x004d4ab8), pushed by member 0x0040adf0 CommandsDialog_Dtor at 0x0040adf2"
menus,0x004c89c0,EH_Unwind_CommandsDialog_Dtor_13,"EH funclet: unwind action of handler 0x004c8a82 (FuncInfo 0x004d4ab8), pushed by member 0x0040adf0 CommandsDialog_Dtor at 0x0040adf2"
menus,0x004c89ce,EH_Unwind_CommandsDialog_Dtor_14,"EH funclet: unwind action of handler 0x004c8a82 (FuncInfo 0x004d4ab8), pushed by member 0x0040adf0 CommandsDialog_Dtor at 0x0040adf2"
menus,0x004c89d6,EH_Unwind_CommandsDialog_Dtor_15,"EH funclet: unwind action of handler 0x004c8a82 (FuncInfo 0x004d4ab8), pushed by member 0x0040adf0 CommandsDialog_Dtor at 0x0040adf2"
menus,0x004c89e4,EH_Unwind_CommandsDialog_Dtor_16,"EH funclet: unwind action of handler 0x004c8a82 (FuncInfo 0x004d4ab8), pushed by member 0x0040adf0 CommandsDialog_Dtor at 0x0040adf2"
menus,0x004c89f2,EH_Unwind_CommandsDialog_Dtor_17,"EH funclet: unwind action of handler 0x004c8a82 (FuncInfo 0x004d4ab8), pushed by member 0x0040adf0 CommandsDialog_Dtor at 0x0040adf2"
menus,0x004c89fa,EH_Unwind_CommandsDialog_Dtor_18,"EH funclet: unwind action of handler 0x004c8a82 (FuncInfo 0x004d4ab8), pushed by member 0x0040adf0 CommandsDialog_Dtor at 0x0040adf2"
menus,0x004c8a08,EH_Unwind_CommandsDialog_Dtor_19,"EH funclet: unwind action of handler 0x004c8a82 (FuncInfo 0x004d4ab8), pushed by member 0x0040adf0 CommandsDialog_Dtor at 0x0040adf2"
menus,0x004c8a16,EH_Unwind_CommandsDialog_Dtor_20,"EH funclet: unwind action of handler 0x004c8a82 (FuncInfo 0x004d4ab8), pushed by member 0x0040adf0 CommandsDialog_Dtor at 0x0040adf2"
menus,0x004c8a1e,EH_Unwind_CommandsDialog_Dtor_21,"EH funclet: unwind action of handler 0x004c8a82 (FuncInfo 0x004d4ab8), pushed by member 0x0040adf0 CommandsDialog_Dtor at 0x0040adf2"
menus,0x004c8a2c,EH_Unwind_CommandsDialog_Dtor_22,"EH funclet: unwind action of handler 0x004c8a82 (FuncInfo 0x004d4ab8), pushed by member 0x0040adf0 CommandsDialog_Dtor at 0x0040adf2"
menus,0x004c8a3a,EH_Unwind_CommandsDialog_Dtor_23,"EH funclet: unwind action of handler 0x004c8a82 (FuncInfo 0x004d4ab8), pushed by member 0x0040adf0 CommandsDialog_Dtor at 0x0040adf2"
menus,0x004c8a42,EH_Unwind_CommandsDialog_Dtor_24,"EH funclet: unwind action of handler 0x004c8a82 (FuncInfo 0x004d4ab8), pushed by member 0x0040adf0 CommandsDialog_Dtor at 0x0040adf2"
menus,0x004c8a50,EH_Unwind_CommandsDialog_Dtor_25,"EH funclet: unwind action of handler 0x004c8a82 (FuncInfo 0x004d4ab8), pushed by member 0x0040adf0 CommandsDialog_Dtor at 0x0040adf2"
menus,0x004c8a5e,EH_Unwind_CommandsDialog_Dtor_26,"EH funclet: unwind action of handler 0x004c8a82 (FuncInfo 0x004d4ab8), pushed by member 0x0040adf0 CommandsDialog_Dtor at 0x0040adf2"
menus,0x004c8a66,EH_Unwind_CommandsDialog_Dtor_27,"EH funclet: unwind action of handler 0x004c8a82 (FuncInfo 0x004d4ab8), pushed by member 0x0040adf0 CommandsDialog_Dtor at 0x0040adf2"
menus,0x004c8a74,EH_Unwind_CommandsDialog_Dtor_28,"EH funclet: unwind action of handler 0x004c8a82 (FuncInfo 0x004d4ab8), pushed by member 0x0040adf0 CommandsDialog_Dtor at 0x0040adf2"
menus,0x004c8a82,EH_Handler_CommandsDialog_Dtor,"EH handler pushed by member 0x0040adf0 CommandsDialog_Dtor (PUSH 0x004c8a82 at 0x0040adf2)"
menus,0x004c8a90,EH_Unwind_CommandsScreen_Dtor_0,"EH funclet: unwind action of handler 0x004c8a98 (FuncInfo 0x004d4bc0), pushed by member 0x0040bc90 CommandsScreen_Dtor at 0x0040bc92"
menus,0x004c8a98,EH_Handler_CommandsScreen_Dtor,"EH handler pushed by member 0x0040bc90 CommandsScreen_Dtor (PUSH 0x004c8a98 at 0x0040bc92)"
menus,0x004c8ab0,EH_Unwind_CommandsScreen_Create_0,"EH funclet: unwind action of handler 0x004c8abb (FuncInfo 0x004d4be8), pushed by member 0x0040bcf0 CommandsScreen_Create at 0x0040bcf2"
menus,0x004c8abb,EH_Handler_CommandsScreen_Create,"EH handler pushed by member 0x0040bcf0 CommandsScreen_Create (PUSH 0x004c8abb at 0x0040bcf2)"
menus,0x004c8ad0,EH_Unwind_CommandsDialog_AddString_0,"EH funclet: unwind action of handler 0x004c8adb (FuncInfo 0x004d4c10), pushed by member 0x0040bf80 CommandsDialog_AddString at 0x0040bf88"
menus,0x004c8adb,EH_Handler_CommandsDialog_AddString,"EH handler pushed by member 0x0040bf80 CommandsDialog_AddString (PUSH 0x004c8adb at 0x0040bf88)"
menus,0x004c8af0,EH_Unwind_OptionListScreen_Dtor_NoSEH_0,"EH funclet: unwind action of handler 0x004c8b14 (FuncInfo 0x004d4c38), pushed by member 0x0040c280 OptionListScreen_Dtor_NoSEH at 0x0040c282"
menus,0x004c8af8,EH_Unwind_OptionListScreen_Dtor_NoSEH_1,"EH funclet: unwind action of handler 0x004c8b14 (FuncInfo 0x004d4c38), pushed by member 0x0040c280 OptionListScreen_Dtor_NoSEH at 0x0040c282"
menus,0x004c8b06,EH_Unwind_OptionListScreen_Dtor_NoSEH_2,"EH funclet: unwind action of handler 0x004c8b14 (FuncInfo 0x004d4c38), pushed by member 0x0040c280 OptionListScreen_Dtor_NoSEH at 0x0040c282"
menus,0x004c8b14,EH_Handler_OptionListScreen_Dtor_NoSEH,"EH handler pushed by member 0x0040c280 OptionListScreen_Dtor_NoSEH (PUSH 0x004c8b14 at 0x0040c282)"
menus,0x004c8b20,EH_Unwind_OptionsPanel_BuildWidgets_0,"EH funclet: unwind action of handler 0x004c8bde (FuncInfo 0x004d4c70), pushed by member 0x0040c720 OptionsPanel_BuildWidgets at 0x0040c722"
menus,0x004c8b28,EH_Unwind_OptionsPanel_BuildWidgets_1,"EH funclet: unwind action of handler 0x004c8bde (FuncInfo 0x004d4c70), pushed by member 0x0040c720 OptionsPanel_BuildWidgets at 0x0040c722"
menus,0x004c8b36,EH_Unwind_OptionsPanel_BuildWidgets_2,"EH funclet: unwind action of handler 0x004c8bde (FuncInfo 0x004d4c70), pushed by member 0x0040c720 OptionsPanel_BuildWidgets at 0x0040c722"
menus,0x004c8b44,EH_Unwind_OptionsPanel_BuildWidgets_3,"EH funclet: unwind action of handler 0x004c8bde (FuncInfo 0x004d4c70), pushed by member 0x0040c720 OptionsPanel_BuildWidgets at 0x0040c722"
menus,0x004c8b52,EH_Unwind_OptionsPanel_BuildWidgets_4,"EH funclet: unwind action of handler 0x004c8bde (FuncInfo 0x004d4c70), pushed by member 0x0040c720 OptionsPanel_BuildWidgets at 0x0040c722"
menus,0x004c8b60,EH_Unwind_OptionsPanel_BuildWidgets_5,"EH funclet: unwind action of handler 0x004c8bde (FuncInfo 0x004d4c70), pushed by member 0x0040c720 OptionsPanel_BuildWidgets at 0x0040c722"
menus,0x004c8b6e,EH_Unwind_OptionsPanel_BuildWidgets_6,"EH funclet: unwind action of handler 0x004c8bde (FuncInfo 0x004d4c70), pushed by member 0x0040c720 OptionsPanel_BuildWidgets at 0x0040c722"
menus,0x004c8b7c,EH_Unwind_OptionsPanel_BuildWidgets_7,"EH funclet: unwind action of handler 0x004c8bde (FuncInfo 0x004d4c70), pushed by member 0x0040c720 OptionsPanel_BuildWidgets at 0x0040c722"
menus,0x004c8b8a,EH_Unwind_OptionsPanel_BuildWidgets_8,"EH funclet: unwind action of handler 0x004c8bde (FuncInfo 0x004d4c70), pushed by member 0x0040c720 OptionsPanel_BuildWidgets at 0x0040c722"
menus,0x004c8b98,EH_Unwind_OptionsPanel_BuildWidgets_9,"EH funclet: unwind action of handler 0x004c8bde (FuncInfo 0x004d4c70), pushed by member 0x0040c720 OptionsPanel_BuildWidgets at 0x0040c722"
menus,0x004c8ba6,EH_Unwind_OptionsPanel_BuildWidgets_10,"EH funclet: unwind action of handler 0x004c8bde (FuncInfo 0x004d4c70), pushed by member 0x0040c720 OptionsPanel_BuildWidgets at 0x0040c722"
menus,0x004c8bb4,EH_Unwind_OptionsPanel_BuildWidgets_11,"EH funclet: unwind action of handler 0x004c8bde (FuncInfo 0x004d4c70), pushed by member 0x0040c720 OptionsPanel_BuildWidgets at 0x0040c722"
menus,0x004c8bc2,EH_Unwind_OptionsPanel_BuildWidgets_12,"EH funclet: unwind action of handler 0x004c8bde (FuncInfo 0x004d4c70), pushed by member 0x0040c720 OptionsPanel_BuildWidgets at 0x0040c722"
menus,0x004c8bd0,EH_Unwind_OptionsPanel_BuildWidgets_13,"EH funclet: unwind action of handler 0x004c8bde (FuncInfo 0x004d4c70), pushed by member 0x0040c720 OptionsPanel_BuildWidgets at 0x0040c722"
menus,0x004c8bde,EH_Handler_OptionsPanel_BuildWidgets,"EH handler pushed by member 0x0040c720 OptionsPanel_BuildWidgets (PUSH 0x004c8bde at 0x0040c722)"
menus,0x004c8bf0,EH_Unwind_OptionsPanel_Dtor_0,"EH funclet: unwind action of handler 0x004c8ca0 (FuncInfo 0x004d4d00), pushed by member 0x0040cf60 OptionsPanel_Dtor at 0x0040cf62"
menus,0x004c8bf8,EH_Unwind_OptionsPanel_Dtor_1,"EH funclet: unwind action of handler 0x004c8ca0 (FuncInfo 0x004d4d00), pushed by member 0x0040cf60 OptionsPanel_Dtor at 0x0040cf62"
menus,0x004c8c06,EH_Unwind_OptionsPanel_Dtor_2,"EH funclet: unwind action of handler 0x004c8ca0 (FuncInfo 0x004d4d00), pushed by member 0x0040cf60 OptionsPanel_Dtor at 0x0040cf62"
menus,0x004c8c14,EH_Unwind_OptionsPanel_Dtor_3,"EH funclet: unwind action of handler 0x004c8ca0 (FuncInfo 0x004d4d00), pushed by member 0x0040cf60 OptionsPanel_Dtor at 0x0040cf62"
menus,0x004c8c22,EH_Unwind_OptionsPanel_Dtor_4,"EH funclet: unwind action of handler 0x004c8ca0 (FuncInfo 0x004d4d00), pushed by member 0x0040cf60 OptionsPanel_Dtor at 0x0040cf62"
menus,0x004c8c30,EH_Unwind_OptionsPanel_Dtor_5,"EH funclet: unwind action of handler 0x004c8ca0 (FuncInfo 0x004d4d00), pushed by member 0x0040cf60 OptionsPanel_Dtor at 0x0040cf62"
menus,0x004c8c3e,EH_Unwind_OptionsPanel_Dtor_6,"EH funclet: unwind action of handler 0x004c8ca0 (FuncInfo 0x004d4d00), pushed by member 0x0040cf60 OptionsPanel_Dtor at 0x0040cf62"
menus,0x004c8c4c,EH_Unwind_OptionsPanel_Dtor_7,"EH funclet: unwind action of handler 0x004c8ca0 (FuncInfo 0x004d4d00), pushed by member 0x0040cf60 OptionsPanel_Dtor at 0x0040cf62"
menus,0x004c8c5a,EH_Unwind_OptionsPanel_Dtor_8,"EH funclet: unwind action of handler 0x004c8ca0 (FuncInfo 0x004d4d00), pushed by member 0x0040cf60 OptionsPanel_Dtor at 0x0040cf62"
menus,0x004c8c68,EH_Unwind_OptionsPanel_Dtor_9,"EH funclet: unwind action of handler 0x004c8ca0 (FuncInfo 0x004d4d00), pushed by member 0x0040cf60 OptionsPanel_Dtor at 0x0040cf62"
menus,0x004c8c76,EH_Unwind_OptionsPanel_Dtor_10,"EH funclet: unwind action of handler 0x004c8ca0 (FuncInfo 0x004d4d00), pushed by member 0x0040cf60 OptionsPanel_Dtor at 0x0040cf62"
menus,0x004c8c84,EH_Unwind_OptionsPanel_Dtor_11,"EH funclet: unwind action of handler 0x004c8ca0 (FuncInfo 0x004d4d00), pushed by member 0x0040cf60 OptionsPanel_Dtor at 0x0040cf62"
menus,0x004c8c92,EH_Unwind_OptionsPanel_Dtor_12,"EH funclet: unwind action of handler 0x004c8ca0 (FuncInfo 0x004d4d00), pushed by member 0x0040cf60 OptionsPanel_Dtor at 0x0040cf62"
menus,0x004c8ca0,EH_Handler_OptionsPanel_Dtor,"EH handler pushed by member 0x0040cf60 OptionsPanel_Dtor (PUSH 0x004c8ca0 at 0x0040cf62)"
menus,0x004c8cb0,EH_Unwind_ScreenHolder_004ce230_Dtor_0,"EH funclet: unwind action of handler 0x004c8cb8 (FuncInfo 0x004d4d88), pushed by member 0x0040d0e0 ScreenHolder_004ce230_Dtor at 0x0040d0e2"
menus,0x004c8cb8,EH_Handler_ScreenHolder_004ce230_Dtor,"EH handler pushed by member 0x0040d0e0 ScreenHolder_004ce230_Dtor (PUSH 0x004c8cb8 at 0x0040d0e2)"
menus,0x004c8cd0,EH_Unwind_OptionsScreen_Create_0,"EH funclet: unwind action of handler 0x004c8cdb (FuncInfo 0x004d4db0), pushed by member 0x0040d150 OptionsScreen_Create at 0x0040d152"
menus,0x004c8cdb,EH_Handler_OptionsScreen_Create,"EH handler pushed by member 0x0040d150 OptionsScreen_Create (PUSH 0x004c8cdb at 0x0040d152)"
menus,0x004c8cf0,EH_Unwind_StaticObj_Dtor_ImageWidget_0,"EH funclet: unwind action of handler 0x004c8cf8 (FuncInfo 0x004d4dd8), pushed by member 0x0040d2a0 StaticObj_Dtor_ImageWidget_0040d2a0 at 0x0040d2a8"
menus,0x004c8cf8,EH_Handler_StaticObj_Dtor_ImageWidget,"EH handler pushed by member 0x0040d2a0 StaticObj_Dtor_ImageWidget_0040d2a0 (PUSH 0x004c8cf8 at 0x0040d2a8)"
menus,0x004c8d10,EH_Unwind_StaticObj_Dtor_4Images_0,"EH funclet: unwind action of handler 0x004c8d3c (FuncInfo 0x004d4e00), pushed by member 0x0040d330 StaticObj_Dtor_4Images at 0x0040d332"
menus,0x004c8d18,EH_Unwind_StaticObj_Dtor_4Images_1,"EH funclet: unwind action of handler 0x004c8d3c (FuncInfo 0x004d4e00), pushed by member 0x0040d330 StaticObj_Dtor_4Images at 0x0040d332"
menus,0x004c8d26,EH_Unwind_StaticObj_Dtor_4Images_2,"EH funclet: unwind action of handler 0x004c8d3c (FuncInfo 0x004d4e00), pushed by member 0x0040d330 StaticObj_Dtor_4Images at 0x0040d332"
menus,0x004c8d34,EH_Unwind_StaticObj_Dtor_4Images_3,"EH funclet: unwind action of handler 0x004c8d3c (FuncInfo 0x004d4e00), pushed by member 0x0040d330 StaticObj_Dtor_4Images at 0x0040d332"
menus,0x004c8d3c,EH_Handler_StaticObj_Dtor_4Images,"EH handler pushed by member 0x0040d330 StaticObj_Dtor_4Images (PUSH 0x004c8d3c at 0x0040d332)"
menus,0x004c8d50,EH_Unwind_StaticObj_Dtor_1Image_0,"EH funclet: unwind action of handler 0x004c8d58 (FuncInfo 0x004d4e40), pushed by member 0x0040d3b0 StaticObj_Dtor_1Image at 0x0040d3b8"
menus,0x004c8d58,EH_Handler_StaticObj_Dtor_1Image,"EH handler pushed by member 0x0040d3b0 StaticObj_Dtor_1Image (PUSH 0x004c8d58 at 0x0040d3b8)"
menus,0x004c8d70,EH_Unwind_HudPanel_Dtor_0,"EH funclet: unwind action of handler 0x004c8e1f (FuncInfo 0x004d4e68), pushed by member 0x0040d440 HudPanel_Dtor at 0x0040d442"
menus,0x004c8d78,EH_Unwind_HudPanel_Dtor_1,"EH funclet: unwind action of handler 0x004c8e1f (FuncInfo 0x004d4e68), pushed by member 0x0040d440 HudPanel_Dtor at 0x0040d442"
menus,0x004c8d83,EH_Unwind_HudPanel_Dtor_2,"EH funclet: unwind action of handler 0x004c8e1f (FuncInfo 0x004d4e68), pushed by member 0x0040d440 HudPanel_Dtor at 0x0040d442"
menus,0x004c8d91,EH_Unwind_HudPanel_Dtor_3,"EH funclet: unwind action of handler 0x004c8e1f (FuncInfo 0x004d4e68), pushed by member 0x0040d440 HudPanel_Dtor at 0x0040d442"
menus,0x004c8d9f,EH_Unwind_HudPanel_Dtor_4,"EH funclet: unwind action of handler 0x004c8e1f (FuncInfo 0x004d4e68), pushed by member 0x0040d440 HudPanel_Dtor at 0x0040d442"
menus,0x004c8dad,EH_Unwind_HudPanel_Dtor_5,"EH funclet: unwind action of handler 0x004c8e1f (FuncInfo 0x004d4e68), pushed by member 0x0040d440 HudPanel_Dtor at 0x0040d442"
menus,0x004c8dbb,EH_Unwind_HudPanel_Dtor_6,"EH funclet: unwind action of handler 0x004c8e1f (FuncInfo 0x004d4e68), pushed by member 0x0040d440 HudPanel_Dtor at 0x0040d442"
menus,0x004c8dc9,EH_Unwind_HudPanel_Dtor_7,"EH funclet: unwind action of handler 0x004c8e1f (FuncInfo 0x004d4e68), pushed by member 0x0040d440 HudPanel_Dtor at 0x0040d442"
menus,0x004c8dd7,EH_Unwind_HudPanel_Dtor_8,"EH funclet: unwind action of handler 0x004c8e1f (FuncInfo 0x004d4e68), pushed by member 0x0040d440 HudPanel_Dtor at 0x0040d442"
menus,0x004c8de2,EH_Unwind_HudPanel_Dtor_9,"EH funclet: unwind action of handler 0x004c8e1f (FuncInfo 0x004d4e68), pushed by member 0x0040d440 HudPanel_Dtor at 0x0040d442"
menus,0x004c8ded,EH_Unwind_HudPanel_Dtor_10,"EH funclet: unwind action of handler 0x004c8e1f (FuncInfo 0x004d4e68), pushed by member 0x0040d440 HudPanel_Dtor at 0x0040d442"
menus,0x004c8dfb,EH_Unwind_HudPanel_Dtor_11,"EH funclet: unwind action of handler 0x004c8e1f (FuncInfo 0x004d4e68), pushed by member 0x0040d440 HudPanel_Dtor at 0x0040d442"
menus,0x004c8e09,EH_Unwind_HudPanel_Dtor_12,"EH funclet: unwind action of handler 0x004c8e1f (FuncInfo 0x004d4e68), pushed by member 0x0040d440 HudPanel_Dtor at 0x0040d442"
menus,0x004c8e17,EH_Unwind_HudPanel_Dtor_13,"EH funclet: unwind action of handler 0x004c8e1f (FuncInfo 0x004d4e68), pushed by member 0x0040d440 HudPanel_Dtor at 0x0040d442"
menus,0x004c8e1f,EH_Handler_HudPanel_Dtor,"EH handler pushed by member 0x0040d440 HudPanel_Dtor (PUSH 0x004c8e1f at 0x0040d442)"
menus,0x004c8e30,EH_Unwind_Screen_Dtor_ImageLabelImage_0,"EH funclet: unwind action of handler 0x004c8e46 (FuncInfo 0x004d4ef8), pushed by member 0x0040d590 Screen_Dtor_ImageLabelImage at 0x0040d592"
menus,0x004c8e38,EH_Unwind_Screen_Dtor_ImageLabelImage_1,"EH funclet: unwind action of handler 0x004c8e46 (FuncInfo 0x004d4ef8), pushed by member 0x0040d590 Screen_Dtor_ImageLabelImage at 0x0040d592"
menus,0x004c8e46,EH_Handler_Screen_Dtor_ImageLabelImage,"EH handler pushed by member 0x0040d590 Screen_Dtor_ImageLabelImage (PUSH 0x004c8e46 at 0x0040d592)"
menus,0x004c8e50,EH_Unwind_Screen_Dtor_3Images_0,"EH funclet: unwind action of handler 0x004c8e58 (FuncInfo 0x004d4f28), pushed by member 0x0040d610 Screen_Dtor_3Images at 0x0040d618"
menus,0x004c8e58,EH_Handler_Screen_Dtor_3Images,"EH handler pushed by member 0x0040d610 Screen_Dtor_3Images (PUSH 0x004c8e58 at 0x0040d618)"
menus,0x004c8e70,EH_Unwind_MenuImageLabelImage_Dtor_0,"EH funclet: unwind action of handler 0x004c8ea5 (FuncInfo 0x004d4f50), pushed by member 0x0040d660 MenuImageLabelImage_Dtor at 0x0040d662"
menus,0x004c8e7b,EH_Unwind_MenuImageLabelImage_Dtor_1,"EH funclet: unwind action of handler 0x004c8ea5 (FuncInfo 0x004d4f50), pushed by member 0x0040d660 MenuImageLabelImage_Dtor at 0x0040d662"
menus,0x004c8e89,EH_Unwind_MenuImageLabelImage_Dtor_2,"EH funclet: unwind action of handler 0x004c8ea5 (FuncInfo 0x004d4f50), pushed by member 0x0040d660 MenuImageLabelImage_Dtor at 0x0040d662"
menus,0x004c8e97,EH_Unwind_MenuImageLabelImage_Dtor_3,"EH funclet: unwind action of handler 0x004c8ea5 (FuncInfo 0x004d4f50), pushed by member 0x0040d660 MenuImageLabelImage_Dtor at 0x0040d662"
menus,0x004c8ea5,EH_Handler_MenuImageLabelImage_Dtor,"EH handler pushed by member 0x0040d660 MenuImageLabelImage_Dtor (PUSH 0x004c8ea5 at 0x0040d662)"
menus,0x004c8eb0,EH_Unwind_MenuImagePair_Dtor_0,"EH funclet: unwind action of handler 0x004c8ebb (FuncInfo 0x004d4f90), pushed by member 0x0040d6e0 MenuImagePair_Dtor at 0x0040d6e8"
menus,0x004c8ebb,EH_Handler_MenuImagePair_Dtor,"EH handler pushed by member 0x0040d6e0 MenuImagePair_Dtor (PUSH 0x004c8ebb at 0x0040d6e8)"
menus,0x004c8ed0,EH_Unwind_Screen_Dtor_2Images_0,"EH funclet: unwind action of handler 0x004c8ee3 (FuncInfo 0x004d4fb8), pushed by member 0x0040d780 Screen_Dtor_2Images at 0x0040d782"
menus,0x004c8ed8,EH_Unwind_Screen_Dtor_2Images_1,"EH funclet: unwind action of handler 0x004c8ee3 (FuncInfo 0x004d4fb8), pushed by member 0x0040d780 Screen_Dtor_2Images at 0x0040d782"
menus,0x004c8ee3,EH_Handler_Screen_Dtor_2Images,"EH handler pushed by member 0x0040d780 Screen_Dtor_2Images (PUSH 0x004c8ee3 at 0x0040d782)"
menus,0x004c8ef0,EH_Unwind_HudPanel_Ctor_4ce278_0,"EH funclet: unwind action of handler 0x004c8fb3 (FuncInfo 0x004d4fe8), pushed by member 0x0040d7e0 HudPanel_Ctor_4ce278 at 0x0040d7e2"
menus,0x004c8ef8,EH_Unwind_HudPanel_Ctor_4ce278_1,"EH funclet: unwind action of handler 0x004c8fb3 (FuncInfo 0x004d4fe8), pushed by member 0x0040d7e0 HudPanel_Ctor_4ce278 at 0x0040d7e2"
menus,0x004c8f03,EH_Unwind_HudPanel_Ctor_4ce278_2,"EH funclet: unwind action of handler 0x004c8fb3 (FuncInfo 0x004d4fe8), pushed by member 0x0040d7e0 HudPanel_Ctor_4ce278 at 0x0040d7e2"
menus,0x004c8f11,EH_Unwind_HudPanel_Ctor_4ce278_3,"EH funclet: unwind action of handler 0x004c8fb3 (FuncInfo 0x004d4fe8), pushed by member 0x0040d7e0 HudPanel_Ctor_4ce278 at 0x0040d7e2"
menus,0x004c8f1f,EH_Unwind_HudPanel_Ctor_4ce278_4,"EH funclet: unwind action of handler 0x004c8fb3 (FuncInfo 0x004d4fe8), pushed by member 0x0040d7e0 HudPanel_Ctor_4ce278 at 0x0040d7e2"
menus,0x004c8f2a,EH_Unwind_HudPanel_Ctor_4ce278_5,"EH funclet: unwind action of handler 0x004c8fb3 (FuncInfo 0x004d4fe8), pushed by member 0x0040d7e0 HudPanel_Ctor_4ce278 at 0x0040d7e2"
menus,0x004c8f38,EH_Unwind_HudPanel_Ctor_4ce278_6,"EH funclet: unwind action of handler 0x004c8fb3 (FuncInfo 0x004d4fe8), pushed by member 0x0040d7e0 HudPanel_Ctor_4ce278 at 0x0040d7e2"
menus,0x004c8f46,EH_Unwind_HudPanel_Ctor_4ce278_7,"EH funclet: unwind action of handler 0x004c8fb3 (FuncInfo 0x004d4fe8), pushed by member 0x0040d7e0 HudPanel_Ctor_4ce278 at 0x0040d7e2"
menus,0x004c8f54,EH_Unwind_HudPanel_Ctor_4ce278_8,"EH funclet: unwind action of handler 0x004c8fb3 (FuncInfo 0x004d4fe8), pushed by member 0x0040d7e0 HudPanel_Ctor_4ce278 at 0x0040d7e2"
menus,0x004c8f62,EH_Unwind_HudPanel_Ctor_4ce278_9,"EH funclet: unwind action of handler 0x004c8fb3 (FuncInfo 0x004d4fe8), pushed by member 0x0040d7e0 HudPanel_Ctor_4ce278 at 0x0040d7e2"
menus,0x004c8f6d,EH_Unwind_HudPanel_Ctor_4ce278_10,"EH funclet: unwind action of handler 0x004c8fb3 (FuncInfo 0x004d4fe8), pushed by member 0x0040d7e0 HudPanel_Ctor_4ce278 at 0x0040d7e2"
menus,0x004c8f7b,EH_Unwind_HudPanel_Ctor_4ce278_11,"EH funclet: unwind action of handler 0x004c8fb3 (FuncInfo 0x004d4fe8), pushed by member 0x0040d7e0 HudPanel_Ctor_4ce278 at 0x0040d7e2"
menus,0x004c8f89,EH_Unwind_HudPanel_Ctor_4ce278_12,"EH funclet: unwind action of handler 0x004c8fb3 (FuncInfo 0x004d4fe8), pushed by member 0x0040d7e0 HudPanel_Ctor_4ce278 at 0x0040d7e2"
menus,0x004c8f97,EH_Unwind_HudPanel_Ctor_4ce278_13,"EH funclet: unwind action of handler 0x004c8fb3 (FuncInfo 0x004d4fe8), pushed by member 0x0040d7e0 HudPanel_Ctor_4ce278 at 0x0040d7e2"
menus,0x004c8fa5,EH_Unwind_HudPanel_Ctor_4ce278_14,"EH funclet: unwind action of handler 0x004c8fb3 (FuncInfo 0x004d4fe8), pushed by member 0x0040d7e0 HudPanel_Ctor_4ce278 at 0x0040d7e2"
menus,0x004c8fb3,EH_Handler_HudPanel_Ctor_4ce278,"EH handler pushed by member 0x0040d7e0 HudPanel_Ctor_4ce278 (PUSH 0x004c8fb3 at 0x0040d7e2)"
menus,0x004c8fc0,EH_Unwind_MenuImageLabelImage_Ctor_4ce410_0,"EH funclet: unwind action of handler 0x004c8fd6 (FuncInfo 0x004d5080), pushed by member 0x0040da00 MenuImageLabelImage_Ctor_4ce410 at 0x0040da02"
menus,0x004c8fc8,EH_Unwind_MenuImageLabelImage_Ctor_4ce410_1,"EH funclet: unwind action of handler 0x004c8fd6 (FuncInfo 0x004d5080), pushed by member 0x0040da00 MenuImageLabelImage_Ctor_4ce410 at 0x0040da02"
menus,0x004c8fd6,EH_Handler_MenuImageLabelImage_Ctor_4ce410,"EH handler pushed by member 0x0040da00 MenuImageLabelImage_Ctor_4ce410 (PUSH 0x004c8fd6 at 0x0040da02)"
menus,0x004c8fe0,EH_Unwind_MenuImagePair_Ctor_4ce500_0,"EH funclet: unwind action of handler 0x004c8ff3 (FuncInfo 0x004d50b0), pushed by member 0x0040db20 MenuImagePair_Ctor_4ce500 at 0x0040db22"
menus,0x004c8fe8,EH_Unwind_MenuImagePair_Ctor_4ce500_1,"EH funclet: unwind action of handler 0x004c8ff3 (FuncInfo 0x004d50b0), pushed by member 0x0040db20 MenuImagePair_Ctor_4ce500 at 0x0040db22"
menus,0x004c8ff3,EH_Handler_MenuImagePair_Ctor_4ce500,"EH handler pushed by member 0x0040db20 MenuImagePair_Ctor_4ce500 (PUSH 0x004c8ff3 at 0x0040db22)"
menus,0x004c9000,EH_Unwind_HudLabel_Ctor_4ce578_0,"EH funclet: unwind action of handler 0x004c9010 (FuncInfo 0x004d50e0), pushed by member 0x0040dbf0 HudLabel_Ctor_4ce578 at 0x0040dbf2"
menus,0x004c9008,EH_Unwind_HudLabel_Ctor_4ce578_1,"EH funclet: unwind action of handler 0x004c9010 (FuncInfo 0x004d50e0), pushed by member 0x0040dbf0 HudLabel_Ctor_4ce578 at 0x0040dbf2"
menus,0x004c9010,EH_Handler_HudLabel_Ctor_4ce578,"EH handler pushed by member 0x0040dbf0 HudLabel_Ctor_4ce578 (PUSH 0x004c9010 at 0x0040dbf2)"
menus,0x004c9020,EH_Unwind_NetScoreboard_Ctor_0,"EH funclet: unwind action of handler 0x004c9059 (FuncInfo 0x004d5110), pushed by member 0x0040dcd0 NetScoreboard_Ctor at 0x0040dcd2"
menus,0x004c9028,EH_Unwind_NetScoreboard_Ctor_1,"EH funclet: unwind action of handler 0x004c9059 (FuncInfo 0x004d5110), pushed by member 0x0040dcd0 NetScoreboard_Ctor at 0x0040dcd2"
menus,0x004c9033,EH_Unwind_NetScoreboard_Ctor_2,"EH funclet: unwind action of handler 0x004c9059 (FuncInfo 0x004d5110), pushed by member 0x0040dcd0 NetScoreboard_Ctor at 0x0040dcd2"
menus,0x004c903e,EH_Unwind_NetScoreboard_Ctor_3,"EH funclet: unwind action of handler 0x004c9059 (FuncInfo 0x004d5110), pushed by member 0x0040dcd0 NetScoreboard_Ctor at 0x0040dcd2"
menus,0x004c9046,EH_Unwind_NetScoreboard_Ctor_4,"EH funclet: unwind action of handler 0x004c9059 (FuncInfo 0x004d5110), pushed by member 0x0040dcd0 NetScoreboard_Ctor at 0x0040dcd2"
menus,0x004c9051,EH_Unwind_NetScoreboard_Ctor_5,"EH funclet: unwind action of handler 0x004c9059 (FuncInfo 0x004d5110), pushed by member 0x0040dcd0 NetScoreboard_Ctor at 0x0040dcd2"
menus,0x004c9059,EH_Handler_NetScoreboard_Ctor,"EH handler pushed by member 0x0040dcd0 NetScoreboard_Ctor (PUSH 0x004c9059 at 0x0040dcd2)"
menus,0x004c9070,EH_Unwind_NetScoreboard_Dtor_0,"EH funclet: unwind action of handler 0x004c9083 (FuncInfo 0x004d5160), pushed by member 0x0040e070 NetScoreboard_Dtor at 0x0040e072"
menus,0x004c9078,EH_Unwind_NetScoreboard_Dtor_1,"EH funclet: unwind action of handler 0x004c9083 (FuncInfo 0x004d5160), pushed by member 0x0040e070 NetScoreboard_Dtor at 0x0040e072"
menus,0x004c9083,EH_Handler_NetScoreboard_Dtor,"EH handler pushed by member 0x0040e070 NetScoreboard_Dtor (PUSH 0x004c9083 at 0x0040e072)"
menus,0x004c9090,EH_Unwind_HudLabel_Ctor_4ce6b0_0,"EH funclet: unwind action of handler 0x004c90a0 (FuncInfo 0x004d5190), pushed by member 0x0040ed80 HudLabel_Ctor_4ce6b0 at 0x0040ed82"
menus,0x004c9098,EH_Unwind_HudLabel_Ctor_4ce6b0_1,"EH funclet: unwind action of handler 0x004c90a0 (FuncInfo 0x004d5190), pushed by member 0x0040ed80 HudLabel_Ctor_4ce6b0 at 0x0040ed82"
menus,0x004c90a0,EH_Handler_HudLabel_Ctor_4ce6b0,"EH handler pushed by member 0x0040ed80 HudLabel_Ctor_4ce6b0 (PUSH 0x004c90a0 at 0x0040ed82)"
menus,0x004c90b0,EH_Unwind_HudLabel_Ctor_4ce7d8_0,"EH funclet: unwind action of handler 0x004c90c0 (FuncInfo 0x004d51c0), pushed by member 0x0040ef60 HudLabel_Ctor_4ce7d8 at 0x0040ef62"
menus,0x004c90b8,EH_Unwind_HudLabel_Ctor_4ce7d8_1,"EH funclet: unwind action of handler 0x004c90c0 (FuncInfo 0x004d51c0), pushed by member 0x0040ef60 HudLabel_Ctor_4ce7d8 at 0x0040ef62"
menus,0x004c90c0,EH_Handler_HudLabel_Ctor_4ce7d8,"EH handler pushed by member 0x0040ef60 HudLabel_Ctor_4ce7d8 (PUSH 0x004c90c0 at 0x0040ef62)"
menus,0x004c90d0,EH_Unwind_MenuImageTriple_Ctor_4ce870_0,"EH funclet: unwind action of handler 0x004c90f1 (FuncInfo 0x004d51f0), pushed by member 0x0040f200 MenuImageTriple_Ctor_4ce870 at 0x0040f202"
menus,0x004c90d8,EH_Unwind_MenuImageTriple_Ctor_4ce870_1,"EH funclet: unwind action of handler 0x004c90f1 (FuncInfo 0x004d51f0), pushed by member 0x0040f200 MenuImageTriple_Ctor_4ce870 at 0x0040f202"
menus,0x004c90f1,EH_Handler_MenuImageTriple_Ctor_4ce870,"EH handler pushed by member 0x0040f200 MenuImageTriple_Ctor_4ce870 (PUSH 0x004c90f1 at 0x0040f202)"
menus,0x004c9100,EH_Unwind_Hud_InitWidgets_0,"EH funclet: unwind action of handler 0x004c91e6 (FuncInfo 0x004d5220), pushed by member 0x0040f4c0 Hud_InitWidgets at 0x0040f4c2"
menus,0x004c910b,EH_Unwind_Hud_InitWidgets_1,"EH funclet: unwind action of handler 0x004c91e6 (FuncInfo 0x004d5220), pushed by member 0x0040f4c0 Hud_InitWidgets at 0x0040f4c2"
menus,0x004c9116,EH_Unwind_Hud_InitWidgets_2,"EH funclet: unwind action of handler 0x004c91e6 (FuncInfo 0x004d5220), pushed by member 0x0040f4c0 Hud_InitWidgets at 0x0040f4c2"
menus,0x004c911e,EH_Unwind_Hud_InitWidgets_3,"EH funclet: unwind action of handler 0x004c91e6 (FuncInfo 0x004d5220), pushed by member 0x0040f4c0 Hud_InitWidgets at 0x0040f4c2"
menus,0x004c9137,EH_Unwind_Hud_InitWidgets_4,"EH funclet: unwind action of handler 0x004c91e6 (FuncInfo 0x004d5220), pushed by member 0x0040f4c0 Hud_InitWidgets at 0x0040f4c2"
menus,0x004c9142,EH_Unwind_Hud_InitWidgets_5,"EH funclet: unwind action of handler 0x004c91e6 (FuncInfo 0x004d5220), pushed by member 0x0040f4c0 Hud_InitWidgets at 0x0040f4c2"
menus,0x004c914d,EH_Unwind_Hud_InitWidgets_6,"EH funclet: unwind action of handler 0x004c91e6 (FuncInfo 0x004d5220), pushed by member 0x0040f4c0 Hud_InitWidgets at 0x0040f4c2"
menus,0x004c9155,EH_Unwind_Hud_InitWidgets_7,"EH funclet: unwind action of handler 0x004c91e6 (FuncInfo 0x004d5220), pushed by member 0x0040f4c0 Hud_InitWidgets at 0x0040f4c2"
menus,0x004c9163,EH_Unwind_Hud_InitWidgets_8,"EH funclet: unwind action of handler 0x004c91e6 (FuncInfo 0x004d5220), pushed by member 0x0040f4c0 Hud_InitWidgets at 0x0040f4c2"
menus,0x004c916e,EH_Unwind_Hud_InitWidgets_9,"EH funclet: unwind action of handler 0x004c91e6 (FuncInfo 0x004d5220), pushed by member 0x0040f4c0 Hud_InitWidgets at 0x0040f4c2"
menus,0x004c9179,EH_Unwind_Hud_InitWidgets_10,"EH funclet: unwind action of handler 0x004c91e6 (FuncInfo 0x004d5220), pushed by member 0x0040f4c0 Hud_InitWidgets at 0x0040f4c2"
menus,0x004c9184,EH_Unwind_Hud_InitWidgets_11,"EH funclet: unwind action of handler 0x004c91e6 (FuncInfo 0x004d5220), pushed by member 0x0040f4c0 Hud_InitWidgets at 0x0040f4c2"
menus,0x004c918c,EH_Unwind_Hud_InitWidgets_12,"EH funclet: unwind action of handler 0x004c91e6 (FuncInfo 0x004d5220), pushed by member 0x0040f4c0 Hud_InitWidgets at 0x0040f4c2"
menus,0x004c9197,EH_Unwind_Hud_InitWidgets_13,"EH funclet: unwind action of handler 0x004c91e6 (FuncInfo 0x004d5220), pushed by member 0x0040f4c0 Hud_InitWidgets at 0x0040f4c2"
menus,0x004c91a2,EH_Unwind_Hud_InitWidgets_14,"EH funclet: unwind action of handler 0x004c91e6 (FuncInfo 0x004d5220), pushed by member 0x0040f4c0 Hud_InitWidgets at 0x0040f4c2"
menus,0x004c91aa,EH_Unwind_Hud_InitWidgets_15,"EH funclet: unwind action of handler 0x004c91e6 (FuncInfo 0x004d5220), pushed by member 0x0040f4c0 Hud_InitWidgets at 0x0040f4c2"
menus,0x004c91b5,EH_Unwind_Hud_InitWidgets_16,"EH funclet: unwind action of handler 0x004c91e6 (FuncInfo 0x004d5220), pushed by member 0x0040f4c0 Hud_InitWidgets at 0x0040f4c2"
menus,0x004c91bd,EH_Unwind_Hud_InitWidgets_17,"EH funclet: unwind action of handler 0x004c91e6 (FuncInfo 0x004d5220), pushed by member 0x0040f4c0 Hud_InitWidgets at 0x0040f4c2"
menus,0x004c91c8,EH_Unwind_Hud_InitWidgets_18,"EH funclet: unwind action of handler 0x004c91e6 (FuncInfo 0x004d5220), pushed by member 0x0040f4c0 Hud_InitWidgets at 0x0040f4c2"
menus,0x004c91d0,EH_Unwind_Hud_InitWidgets_19,"EH funclet: unwind action of handler 0x004c91e6 (FuncInfo 0x004d5220), pushed by member 0x0040f4c0 Hud_InitWidgets at 0x0040f4c2"
menus,0x004c91db,EH_Unwind_Hud_InitWidgets_20,"EH funclet: unwind action of handler 0x004c91e6 (FuncInfo 0x004d5220), pushed by member 0x0040f4c0 Hud_InitWidgets at 0x0040f4c2"
menus,0x004c91e6,EH_Handler_Hud_InitWidgets,"EH handler pushed by member 0x0040f4c0 Hud_InitWidgets (PUSH 0x004c91e6 at 0x0040f4c2)"
menus,0x004c91f0,EH_Unwind_Screen_Dtor_OwnsObject34_0,"EH funclet: unwind action of handler 0x004c91f8 (FuncInfo 0x004d52e8), pushed by member 0x0040fa40 Screen_Dtor_OwnsObject34 at 0x0040fa42"
menus,0x004c91f8,EH_Handler_Screen_Dtor_OwnsObject34,"EH handler pushed by member 0x0040fa40 Screen_Dtor_OwnsObject34 (PUSH 0x004c91f8 at 0x0040fa42)"
menus,0x004c9210,EH_Unwind_HudLabel_Ctor_0,"EH funclet: unwind action of handler 0x004c9218 (FuncInfo 0x004d5310), pushed by member 0x0040fac0 HudLabel_Ctor at 0x0040fac2"
menus,0x004c9218,EH_Handler_HudLabel_Ctor,"EH handler pushed by member 0x0040fac0 HudLabel_Ctor (PUSH 0x004c9218 at 0x0040fac2)"
hud,0x004c9230,EH_Unwind_HudPanel23_Destruct_0,"EH funclet: unwind action of handler 0x004c9238 (FuncInfo 0x004d5338), pushed by member 0x0040fdd0 HudPanel23_Destruct at 0x0040fdd8"
hud,0x004c9238,EH_Handler_HudPanel23_Destruct,"EH handler pushed by member 0x0040fdd0 HudPanel23_Destruct (PUSH 0x004c9238 at 0x0040fdd8)"
hud,0x004c9250,EH_Unwind_HudItem_Destruct_0,"EH funclet: unwind action of handler 0x004c925b (FuncInfo 0x004d5360), pushed by member 0x0040fe30 HudItem_Destruct at 0x0040fe38"
hud,0x004c925b,EH_Handler_HudItem_Destruct,"EH handler pushed by member 0x0040fe30 HudItem_Destruct (PUSH 0x004c925b at 0x0040fe38)"
hud,0x004c9270,EH_Unwind_HudPanel4_Destruct_0,"EH funclet: unwind action of handler 0x004c9278 (FuncInfo 0x004d5388), pushed by member 0x0040fe90 HudPanel4_Destruct at 0x0040fe98"
hud,0x004c9278,EH_Handler_HudPanel4_Destruct,"EH handler pushed by member 0x0040fe90 HudPanel4_Destruct (PUSH 0x004c9278 at 0x0040fe98)"
hud,0x004c9290,EH_Unwind_HudPanel4b_Destruct_0,"EH funclet: unwind action of handler 0x004c9298 (FuncInfo 0x004d53b0), pushed by member 0x0040fef0 HudPanel4b_Destruct at 0x0040fef8"
hud,0x004c9298,EH_Handler_HudPanel4b_Destruct,"EH handler pushed by member 0x0040fef0 HudPanel4b_Destruct (PUSH 0x004c9298 at 0x0040fef8)"
hud,0x004c92b0,EH_Unwind_HudContainer_Construct_0,"EH funclet: unwind action of handler 0x004c92c3 (FuncInfo 0x004d53d8), pushed by member 0x00412b60 HudContainer_Construct at 0x00412b62"
hud,0x004c92b8,EH_Unwind_HudContainer_Construct_1,"EH funclet: unwind action of handler 0x004c92c3 (FuncInfo 0x004d53d8), pushed by member 0x00412b60 HudContainer_Construct at 0x00412b62"
hud,0x004c92c3,EH_Handler_HudContainer_Construct,"EH handler pushed by member 0x00412b60 HudContainer_Construct (PUSH 0x004c92c3 at 0x00412b62)"
hud,0x004c92d0,EH_Unwind_HudScorePanel_Construct_0,"EH funclet: unwind action of handler 0x004c9315 (FuncInfo 0x004d5408), pushed by member 0x00412ea0 HudScorePanel_Construct at 0x00412ea2"
hud,0x004c92d8,EH_Unwind_HudScorePanel_Construct_1,"EH funclet: unwind action of handler 0x004c9315 (FuncInfo 0x004d5408), pushed by member 0x00412ea0 HudScorePanel_Construct at 0x00412ea2"
hud,0x004c92e3,EH_Unwind_HudScorePanel_Construct_2,"EH funclet: unwind action of handler 0x004c9315 (FuncInfo 0x004d5408), pushed by member 0x00412ea0 HudScorePanel_Construct at 0x00412ea2"
hud,0x004c92eb,EH_Unwind_HudScorePanel_Construct_3,"EH funclet: unwind action of handler 0x004c9315 (FuncInfo 0x004d5408), pushed by member 0x00412ea0 HudScorePanel_Construct at 0x00412ea2"
hud,0x004c92f9,EH_Unwind_HudScorePanel_Construct_4,"EH funclet: unwind action of handler 0x004c9315 (FuncInfo 0x004d5408), pushed by member 0x00412ea0 HudScorePanel_Construct at 0x00412ea2"
hud,0x004c9307,EH_Unwind_HudScorePanel_Construct_5,"EH funclet: unwind action of handler 0x004c9315 (FuncInfo 0x004d5408), pushed by member 0x00412ea0 HudScorePanel_Construct at 0x00412ea2"
hud,0x004c9315,EH_Handler_HudScorePanel_Construct,"EH handler pushed by member 0x00412ea0 HudScorePanel_Construct (PUSH 0x004c9315 at 0x00412ea2)"
menus,0x004c9320,EH_Unwind_MainMenu_Ctor_0,"EH funclet: unwind action of handler 0x004c9398 (FuncInfo 0x004d5458), pushed by member 0x00414bc0 MainMenu_Ctor at 0x00414bc2"
menus,0x004c9328,EH_Unwind_MainMenu_Ctor_1,"EH funclet: unwind action of handler 0x004c9398 (FuncInfo 0x004d5458), pushed by member 0x00414bc0 MainMenu_Ctor at 0x00414bc2"
menus,0x004c9336,EH_Unwind_MainMenu_Ctor_2,"EH funclet: unwind action of handler 0x004c9398 (FuncInfo 0x004d5458), pushed by member 0x00414bc0 MainMenu_Ctor at 0x00414bc2"
menus,0x004c9344,EH_Unwind_MainMenu_Ctor_3,"EH funclet: unwind action of handler 0x004c9398 (FuncInfo 0x004d5458), pushed by member 0x00414bc0 MainMenu_Ctor at 0x00414bc2"
menus,0x004c9352,EH_Unwind_MainMenu_Ctor_4,"EH funclet: unwind action of handler 0x004c9398 (FuncInfo 0x004d5458), pushed by member 0x00414bc0 MainMenu_Ctor at 0x00414bc2"
menus,0x004c9360,EH_Unwind_MainMenu_Ctor_5,"EH funclet: unwind action of handler 0x004c9398 (FuncInfo 0x004d5458), pushed by member 0x00414bc0 MainMenu_Ctor at 0x00414bc2"
menus,0x004c936e,EH_Unwind_MainMenu_Ctor_6,"EH funclet: unwind action of handler 0x004c9398 (FuncInfo 0x004d5458), pushed by member 0x00414bc0 MainMenu_Ctor at 0x00414bc2"
menus,0x004c937c,EH_Unwind_MainMenu_Ctor_7,"EH funclet: unwind action of handler 0x004c9398 (FuncInfo 0x004d5458), pushed by member 0x00414bc0 MainMenu_Ctor at 0x00414bc2"
menus,0x004c938a,EH_Unwind_MainMenu_Ctor_8,"EH funclet: unwind action of handler 0x004c9398 (FuncInfo 0x004d5458), pushed by member 0x00414bc0 MainMenu_Ctor at 0x00414bc2"
menus,0x004c9398,EH_Handler_MainMenu_Ctor,"EH handler pushed by member 0x00414bc0 MainMenu_Ctor (PUSH 0x004c9398 at 0x00414bc2)"
menus,0x004c93b0,EH_Unwind_MainMenu_Dtor_0,"EH funclet: unwind action of handler 0x004c941a (FuncInfo 0x004d54c0), pushed by member 0x00415040 MainMenu_Dtor at 0x00415042"
menus,0x004c93b8,EH_Unwind_MainMenu_Dtor_1,"EH funclet: unwind action of handler 0x004c941a (FuncInfo 0x004d54c0), pushed by member 0x00415040 MainMenu_Dtor at 0x00415042"
menus,0x004c93c6,EH_Unwind_MainMenu_Dtor_2,"EH funclet: unwind action of handler 0x004c941a (FuncInfo 0x004d54c0), pushed by member 0x00415040 MainMenu_Dtor at 0x00415042"
menus,0x004c93d4,EH_Unwind_MainMenu_Dtor_3,"EH funclet: unwind action of handler 0x004c941a (FuncInfo 0x004d54c0), pushed by member 0x00415040 MainMenu_Dtor at 0x00415042"
menus,0x004c93e2,EH_Unwind_MainMenu_Dtor_4,"EH funclet: unwind action of handler 0x004c941a (FuncInfo 0x004d54c0), pushed by member 0x00415040 MainMenu_Dtor at 0x00415042"
menus,0x004c93f0,EH_Unwind_MainMenu_Dtor_5,"EH funclet: unwind action of handler 0x004c941a (FuncInfo 0x004d54c0), pushed by member 0x00415040 MainMenu_Dtor at 0x00415042"
menus,0x004c93fe,EH_Unwind_MainMenu_Dtor_6,"EH funclet: unwind action of handler 0x004c941a (FuncInfo 0x004d54c0), pushed by member 0x00415040 MainMenu_Dtor at 0x00415042"
menus,0x004c940c,EH_Unwind_MainMenu_Dtor_7,"EH funclet: unwind action of handler 0x004c941a (FuncInfo 0x004d54c0), pushed by member 0x00415040 MainMenu_Dtor at 0x00415042"
menus,0x004c941a,EH_Handler_MainMenu_Dtor,"EH handler pushed by member 0x00415040 MainMenu_Dtor (PUSH 0x004c941a at 0x00415042)"
menus,0x004c9430,EH_Unwind_MainMenuScreen_Dtor_0,"EH funclet: unwind action of handler 0x004c9438 (FuncInfo 0x004d5520), pushed by member 0x004151b0 MainMenuScreen_Dtor at 0x004151b2"
menus,0x004c9438,EH_Handler_MainMenuScreen_Dtor,"EH handler pushed by member 0x004151b0 MainMenuScreen_Dtor (PUSH 0x004c9438 at 0x004151b2)"
menus,0x004c9450,EH_Unwind_MainMenuScreen_Create_0,"EH funclet: unwind action of handler 0x004c9463 (FuncInfo 0x004d5548), pushed by member 0x00415220 MainMenuScreen_Create at 0x0041522e"
menus,0x004c9458,EH_Unwind_MainMenuScreen_Create_1,"EH funclet: unwind action of handler 0x004c9463 (FuncInfo 0x004d5548), pushed by member 0x00415220 MainMenuScreen_Create at 0x0041522e"
menus,0x004c9463,EH_Handler_MainMenuScreen_Create,"EH handler pushed by member 0x00415220 MainMenuScreen_Create (PUSH 0x004c9463 at 0x0041522e)"
menus,0x004c9470,EH_Unwind_ConfirmQuitScreen_Ctor_0,"EH funclet: unwind action of handler 0x004c9494 (FuncInfo 0x004d5578), pushed by member 0x00415680 ConfirmQuitScreen_Ctor at 0x00415682"
menus,0x004c9478,EH_Unwind_ConfirmQuitScreen_Ctor_1,"EH funclet: unwind action of handler 0x004c9494 (FuncInfo 0x004d5578), pushed by member 0x00415680 ConfirmQuitScreen_Ctor at 0x00415682"
menus,0x004c9486,EH_Unwind_ConfirmQuitScreen_Ctor_2,"EH funclet: unwind action of handler 0x004c9494 (FuncInfo 0x004d5578), pushed by member 0x00415680 ConfirmQuitScreen_Ctor at 0x00415682"
menus,0x004c9494,EH_Handler_ConfirmQuitScreen_Ctor,"EH handler pushed by member 0x00415680 ConfirmQuitScreen_Ctor (PUSH 0x004c9494 at 0x00415682)"
menus,0x004c94a0,EH_Unwind_ScreenHost_Dtor_0,"EH funclet: unwind action of handler 0x004c94b6 (FuncInfo 0x004d55b0), pushed by member 0x004157b0 ScreenHost_Dtor at 0x004157b2"
menus,0x004c94a8,EH_Unwind_ScreenHost_Dtor_1,"EH funclet: unwind action of handler 0x004c94b6 (FuncInfo 0x004d55b0), pushed by member 0x004157b0 ScreenHost_Dtor at 0x004157b2"
menus,0x004c94b6,EH_Handler_ScreenHost_Dtor,"EH handler pushed by member 0x004157b0 ScreenHost_Dtor (PUSH 0x004c94b6 at 0x004157b2)"
menus,0x004c94c0,EH_Unwind_GlobalObj_Dtor_0,"EH funclet: unwind action of handler 0x004c94c8 (FuncInfo 0x004d55e0), pushed by member 0x00415880 GlobalObj_Dtor_004cef88 at 0x00415882"
menus,0x004c94c8,EH_Handler_GlobalObj_Dtor,"EH handler pushed by member 0x00415880 GlobalObj_Dtor_004cef88 (PUSH 0x004c94c8 at 0x00415882)"
menus,0x004c94e0,EH_Unwind_ScreenHost_OpenConfirmQuit_0,"EH funclet: unwind action of handler 0x004c94eb (FuncInfo 0x004d5608), pushed by member 0x004158f0 ScreenHost_OpenConfirmQuit at 0x004158f2"
menus,0x004c94eb,EH_Handler_ScreenHost_OpenConfirmQuit,"EH handler pushed by member 0x004158f0 ScreenHost_OpenConfirmQuit (PUSH 0x004c94eb at 0x004158f2)"
mapscreen,0x004c9500,EH_Unwind_MapScreen_ReadFile_0,"EH funclet: unwind action of handler 0x004c950b (FuncInfo 0x004d5630), pushed by member 0x004168d0 MapScreen_ReadFile at 0x004168d8"
mapscreen,0x004c950b,EH_Handler_MapScreen_ReadFile,"EH handler pushed by member 0x004168d0 MapScreen_ReadFile (PUSH 0x004c950b at 0x004168d8)"
mission,0x004c9520,EH_Unwind_Mission_Construct_0,"EH funclet: unwind action of handler 0x004c9552 (FuncInfo 0x004d5658), pushed by member 0x00417390 Mission_Construct at 0x00417392"
mission,0x004c9528,EH_Unwind_Mission_Construct_1,"EH funclet: unwind action of handler 0x004c9552 (FuncInfo 0x004d5658), pushed by member 0x00417390 Mission_Construct at 0x00417392"
mission,0x004c9536,EH_Unwind_Mission_Construct_2,"EH funclet: unwind action of handler 0x004c9552 (FuncInfo 0x004d5658), pushed by member 0x00417390 Mission_Construct at 0x00417392"
mission,0x004c9544,EH_Unwind_Mission_Construct_3,"EH funclet: unwind action of handler 0x004c9552 (FuncInfo 0x004d5658), pushed by member 0x00417390 Mission_Construct at 0x00417392"
mission,0x004c9552,EH_Handler_Mission_Construct,"EH handler pushed by member 0x00417390 Mission_Construct (PUSH 0x004c9552 at 0x00417392)"
mission,0x004c9560,EH_Unwind_Mission_Load_0,"EH funclet: unwind action of handler 0x004c9568 (FuncInfo 0x004d5698), pushed by member 0x00417810 Mission_Load at 0x00417812"
mission,0x004c9568,EH_Handler_Mission_Load,"EH handler pushed by member 0x00417810 Mission_Load (PUSH 0x004c9568 at 0x00417812)"
mission,0x004c9580,EH_Unwind_Mission_LoadWeather_0,"EH funclet: unwind action of handler 0x004c9596 (FuncInfo 0x004d56c0), pushed by member 0x00419050 Mission_LoadWeather at 0x00419052"
mission,0x004c958b,EH_Unwind_Mission_LoadWeather_1,"EH funclet: unwind action of handler 0x004c9596 (FuncInfo 0x004d56c0), pushed by member 0x00419050 Mission_LoadWeather at 0x00419052"
mission,0x004c9596,EH_Handler_Mission_LoadWeather,"EH handler pushed by member 0x00419050 Mission_LoadWeather (PUSH 0x004c9596 at 0x00419052)"
mission,0x004c95a0,EH_Unwind_Mission_LoadRaceCheckpoints_0,"EH funclet: unwind action of handler 0x004c95a8 (FuncInfo 0x004d56f0), pushed by member 0x004193c0 Mission_LoadRaceCheckpoints at 0x004193c2"
mission,0x004c95a8,EH_Handler_Mission_LoadRaceCheckpoints,"EH handler pushed by member 0x004193c0 Mission_LoadRaceCheckpoints (PUSH 0x004c95a8 at 0x004193c2)"
mission,0x004c95c0,EH_Unwind_Mission_Destruct_0,"EH funclet: unwind action of handler 0x004c95e4 (FuncInfo 0x004d5718), pushed by member 0x00419490 Mission_Destruct at 0x00419492"
mission,0x004c95c8,EH_Unwind_Mission_Destruct_1,"EH funclet: unwind action of handler 0x004c95e4 (FuncInfo 0x004d5718), pushed by member 0x00419490 Mission_Destruct at 0x00419492"
mission,0x004c95d6,EH_Unwind_Mission_Destruct_2,"EH funclet: unwind action of handler 0x004c95e4 (FuncInfo 0x004d5718), pushed by member 0x00419490 Mission_Destruct at 0x00419492"
mission,0x004c95e4,EH_Handler_Mission_Destruct,"EH handler pushed by member 0x00419490 Mission_Destruct (PUSH 0x004c95e4 at 0x00419492)"
menus,0x004c95f0,EH_Unwind_MPExitScreen_Create_0,"EH funclet: unwind action of handler 0x004c9611 (FuncInfo 0x004d5750), pushed by member 0x00419740 MPExitScreen_Create at 0x00419742"
menus,0x004c95fb,EH_Unwind_MPExitScreen_Create_1,"EH funclet: unwind action of handler 0x004c9611 (FuncInfo 0x004d5750), pushed by member 0x00419740 MPExitScreen_Create at 0x00419742"
menus,0x004c9603,EH_Unwind_MPExitScreen_Create_2,"EH funclet: unwind action of handler 0x004c9611 (FuncInfo 0x004d5750), pushed by member 0x00419740 MPExitScreen_Create at 0x00419742"
menus,0x004c9611,EH_Handler_MPExitScreen_Create,"EH handler pushed by member 0x00419740 MPExitScreen_Create (PUSH 0x004c9611 at 0x00419742)"
mission,0x004c9620,EH_Unwind_MissionPanel_Dtor_0,"EH funclet: unwind action of handler 0x004c9636 (FuncInfo 0x004d5788), pushed by member 0x00419870 MissionPanel_Dtor at 0x00419872"
mission,0x004c9628,EH_Unwind_MissionPanel_Dtor_1,"EH funclet: unwind action of handler 0x004c9636 (FuncInfo 0x004d5788), pushed by member 0x00419870 MissionPanel_Dtor at 0x00419872"
mission,0x004c9636,EH_Handler_MissionPanel_Dtor,"EH handler pushed by member 0x00419870 MissionPanel_Dtor (PUSH 0x004c9636 at 0x00419872)"
menus,0x004c9640,EH_Unwind_MPNewGamePanel_BuildWidgets_0,"EH funclet: unwind action of handler 0x004c9752 (FuncInfo 0x004d57b8), pushed by member 0x00419aa0 MPNewGamePanel_BuildWidgets at 0x00419aa2"
menus,0x004c9648,EH_Unwind_MPNewGamePanel_BuildWidgets_1,"EH funclet: unwind action of handler 0x004c9752 (FuncInfo 0x004d57b8), pushed by member 0x00419aa0 MPNewGamePanel_BuildWidgets at 0x00419aa2"
menus,0x004c9656,EH_Unwind_MPNewGamePanel_BuildWidgets_2,"EH funclet: unwind action of handler 0x004c9752 (FuncInfo 0x004d57b8), pushed by member 0x00419aa0 MPNewGamePanel_BuildWidgets at 0x00419aa2"
menus,0x004c9664,EH_Unwind_MPNewGamePanel_BuildWidgets_3,"EH funclet: unwind action of handler 0x004c9752 (FuncInfo 0x004d57b8), pushed by member 0x00419aa0 MPNewGamePanel_BuildWidgets at 0x00419aa2"
menus,0x004c9672,EH_Unwind_MPNewGamePanel_BuildWidgets_4,"EH funclet: unwind action of handler 0x004c9752 (FuncInfo 0x004d57b8), pushed by member 0x00419aa0 MPNewGamePanel_BuildWidgets at 0x00419aa2"
menus,0x004c9680,EH_Unwind_MPNewGamePanel_BuildWidgets_5,"EH funclet: unwind action of handler 0x004c9752 (FuncInfo 0x004d57b8), pushed by member 0x00419aa0 MPNewGamePanel_BuildWidgets at 0x00419aa2"
menus,0x004c968e,EH_Unwind_MPNewGamePanel_BuildWidgets_6,"EH funclet: unwind action of handler 0x004c9752 (FuncInfo 0x004d57b8), pushed by member 0x00419aa0 MPNewGamePanel_BuildWidgets at 0x00419aa2"
menus,0x004c969c,EH_Unwind_MPNewGamePanel_BuildWidgets_7,"EH funclet: unwind action of handler 0x004c9752 (FuncInfo 0x004d57b8), pushed by member 0x00419aa0 MPNewGamePanel_BuildWidgets at 0x00419aa2"
menus,0x004c96aa,EH_Unwind_MPNewGamePanel_BuildWidgets_8,"EH funclet: unwind action of handler 0x004c9752 (FuncInfo 0x004d57b8), pushed by member 0x00419aa0 MPNewGamePanel_BuildWidgets at 0x00419aa2"
menus,0x004c96b8,EH_Unwind_MPNewGamePanel_BuildWidgets_9,"EH funclet: unwind action of handler 0x004c9752 (FuncInfo 0x004d57b8), pushed by member 0x00419aa0 MPNewGamePanel_BuildWidgets at 0x00419aa2"
menus,0x004c96c6,EH_Unwind_MPNewGamePanel_BuildWidgets_10,"EH funclet: unwind action of handler 0x004c9752 (FuncInfo 0x004d57b8), pushed by member 0x00419aa0 MPNewGamePanel_BuildWidgets at 0x00419aa2"
menus,0x004c96d4,EH_Unwind_MPNewGamePanel_BuildWidgets_11,"EH funclet: unwind action of handler 0x004c9752 (FuncInfo 0x004d57b8), pushed by member 0x00419aa0 MPNewGamePanel_BuildWidgets at 0x00419aa2"
menus,0x004c96e2,EH_Unwind_MPNewGamePanel_BuildWidgets_12,"EH funclet: unwind action of handler 0x004c9752 (FuncInfo 0x004d57b8), pushed by member 0x00419aa0 MPNewGamePanel_BuildWidgets at 0x00419aa2"
menus,0x004c96f0,EH_Unwind_MPNewGamePanel_BuildWidgets_13,"EH funclet: unwind action of handler 0x004c9752 (FuncInfo 0x004d57b8), pushed by member 0x00419aa0 MPNewGamePanel_BuildWidgets at 0x00419aa2"
menus,0x004c96fe,EH_Unwind_MPNewGamePanel_BuildWidgets_14,"EH funclet: unwind action of handler 0x004c9752 (FuncInfo 0x004d57b8), pushed by member 0x00419aa0 MPNewGamePanel_BuildWidgets at 0x00419aa2"
menus,0x004c970c,EH_Unwind_MPNewGamePanel_BuildWidgets_15,"EH funclet: unwind action of handler 0x004c9752 (FuncInfo 0x004d57b8), pushed by member 0x00419aa0 MPNewGamePanel_BuildWidgets at 0x00419aa2"
menus,0x004c971a,EH_Unwind_MPNewGamePanel_BuildWidgets_16,"EH funclet: unwind action of handler 0x004c9752 (FuncInfo 0x004d57b8), pushed by member 0x00419aa0 MPNewGamePanel_BuildWidgets at 0x00419aa2"
menus,0x004c9728,EH_Unwind_MPNewGamePanel_BuildWidgets_17,"EH funclet: unwind action of handler 0x004c9752 (FuncInfo 0x004d57b8), pushed by member 0x00419aa0 MPNewGamePanel_BuildWidgets at 0x00419aa2"
menus,0x004c9736,EH_Unwind_MPNewGamePanel_BuildWidgets_18,"EH funclet: unwind action of handler 0x004c9752 (FuncInfo 0x004d57b8), pushed by member 0x00419aa0 MPNewGamePanel_BuildWidgets at 0x00419aa2"
menus,0x004c9744,EH_Unwind_MPNewGamePanel_BuildWidgets_19,"EH funclet: unwind action of handler 0x004c9752 (FuncInfo 0x004d57b8), pushed by member 0x00419aa0 MPNewGamePanel_BuildWidgets at 0x00419aa2"
menus,0x004c9752,EH_Handler_MPNewGamePanel_BuildWidgets,"EH handler pushed by member 0x00419aa0 MPNewGamePanel_BuildWidgets (PUSH 0x004c9752 at 0x00419aa2)"
menus,0x004c9760,EH_Unwind_MenuEditField_Ctor_0,"EH funclet: unwind action of handler 0x004c9768 (FuncInfo 0x004d5878), pushed by member 0x0041a190 MenuEditField_Ctor at 0x0041a192"
menus,0x004c9768,EH_Handler_MenuEditField_Ctor,"EH handler pushed by member 0x0041a190 MenuEditField_Ctor (PUSH 0x004c9768 at 0x0041a192)"
menus,0x004c9780,EH_Unwind_MenuIntEditField_Ctor_0,"EH funclet: unwind action of handler 0x004c9788 (FuncInfo 0x004d58a0), pushed by member 0x0041a200 MenuIntEditField_Ctor at 0x0041a202"
menus,0x004c9788,EH_Handler_MenuIntEditField_Ctor,"EH handler pushed by member 0x0041a200 MenuIntEditField_Ctor (PUSH 0x004c9788 at 0x0041a202)"
menus,0x004c97a0,EH_Unwind_MPNewGamePanel_Dtor_0,"EH funclet: unwind action of handler 0x004c98a4 (FuncInfo 0x004d58c8), pushed by member 0x0041a400 MPNewGamePanel_Dtor at 0x0041a402"
menus,0x004c97a8,EH_Unwind_MPNewGamePanel_Dtor_1,"EH funclet: unwind action of handler 0x004c98a4 (FuncInfo 0x004d58c8), pushed by member 0x0041a400 MPNewGamePanel_Dtor at 0x0041a402"
menus,0x004c97b6,EH_Unwind_MPNewGamePanel_Dtor_2,"EH funclet: unwind action of handler 0x004c98a4 (FuncInfo 0x004d58c8), pushed by member 0x0041a400 MPNewGamePanel_Dtor at 0x0041a402"
menus,0x004c97c4,EH_Unwind_MPNewGamePanel_Dtor_3,"EH funclet: unwind action of handler 0x004c98a4 (FuncInfo 0x004d58c8), pushed by member 0x0041a400 MPNewGamePanel_Dtor at 0x0041a402"
menus,0x004c97d2,EH_Unwind_MPNewGamePanel_Dtor_4,"EH funclet: unwind action of handler 0x004c98a4 (FuncInfo 0x004d58c8), pushed by member 0x0041a400 MPNewGamePanel_Dtor at 0x0041a402"
menus,0x004c97e0,EH_Unwind_MPNewGamePanel_Dtor_5,"EH funclet: unwind action of handler 0x004c98a4 (FuncInfo 0x004d58c8), pushed by member 0x0041a400 MPNewGamePanel_Dtor at 0x0041a402"
menus,0x004c97ee,EH_Unwind_MPNewGamePanel_Dtor_6,"EH funclet: unwind action of handler 0x004c98a4 (FuncInfo 0x004d58c8), pushed by member 0x0041a400 MPNewGamePanel_Dtor at 0x0041a402"
menus,0x004c97fc,EH_Unwind_MPNewGamePanel_Dtor_7,"EH funclet: unwind action of handler 0x004c98a4 (FuncInfo 0x004d58c8), pushed by member 0x0041a400 MPNewGamePanel_Dtor at 0x0041a402"
menus,0x004c980a,EH_Unwind_MPNewGamePanel_Dtor_8,"EH funclet: unwind action of handler 0x004c98a4 (FuncInfo 0x004d58c8), pushed by member 0x0041a400 MPNewGamePanel_Dtor at 0x0041a402"
menus,0x004c9818,EH_Unwind_MPNewGamePanel_Dtor_9,"EH funclet: unwind action of handler 0x004c98a4 (FuncInfo 0x004d58c8), pushed by member 0x0041a400 MPNewGamePanel_Dtor at 0x0041a402"
menus,0x004c9826,EH_Unwind_MPNewGamePanel_Dtor_10,"EH funclet: unwind action of handler 0x004c98a4 (FuncInfo 0x004d58c8), pushed by member 0x0041a400 MPNewGamePanel_Dtor at 0x0041a402"
menus,0x004c9834,EH_Unwind_MPNewGamePanel_Dtor_11,"EH funclet: unwind action of handler 0x004c98a4 (FuncInfo 0x004d58c8), pushed by member 0x0041a400 MPNewGamePanel_Dtor at 0x0041a402"
menus,0x004c9842,EH_Unwind_MPNewGamePanel_Dtor_12,"EH funclet: unwind action of handler 0x004c98a4 (FuncInfo 0x004d58c8), pushed by member 0x0041a400 MPNewGamePanel_Dtor at 0x0041a402"
menus,0x004c9850,EH_Unwind_MPNewGamePanel_Dtor_13,"EH funclet: unwind action of handler 0x004c98a4 (FuncInfo 0x004d58c8), pushed by member 0x0041a400 MPNewGamePanel_Dtor at 0x0041a402"
menus,0x004c985e,EH_Unwind_MPNewGamePanel_Dtor_14,"EH funclet: unwind action of handler 0x004c98a4 (FuncInfo 0x004d58c8), pushed by member 0x0041a400 MPNewGamePanel_Dtor at 0x0041a402"
menus,0x004c986c,EH_Unwind_MPNewGamePanel_Dtor_15,"EH funclet: unwind action of handler 0x004c98a4 (FuncInfo 0x004d58c8), pushed by member 0x0041a400 MPNewGamePanel_Dtor at 0x0041a402"
menus,0x004c987a,EH_Unwind_MPNewGamePanel_Dtor_16,"EH funclet: unwind action of handler 0x004c98a4 (FuncInfo 0x004d58c8), pushed by member 0x0041a400 MPNewGamePanel_Dtor at 0x0041a402"
menus,0x004c9888,EH_Unwind_MPNewGamePanel_Dtor_17,"EH funclet: unwind action of handler 0x004c98a4 (FuncInfo 0x004d58c8), pushed by member 0x0041a400 MPNewGamePanel_Dtor at 0x0041a402"
menus,0x004c9896,EH_Unwind_MPNewGamePanel_Dtor_18,"EH funclet: unwind action of handler 0x004c98a4 (FuncInfo 0x004d58c8), pushed by member 0x0041a400 MPNewGamePanel_Dtor at 0x0041a402"
menus,0x004c98a4,EH_Handler_MPNewGamePanel_Dtor,"EH handler pushed by member 0x0041a400 MPNewGamePanel_Dtor (PUSH 0x004c98a4 at 0x0041a402)"
menus,0x004c98b0,EH_Unwind_MPNewGameScreen_Dtor_0,"EH funclet: unwind action of handler 0x004c98b8 (FuncInfo 0x004d5980), pushed by member 0x0041abe0 MPNewGameScreen_Dtor at 0x0041abe2"
menus,0x004c98b8,EH_Handler_MPNewGameScreen_Dtor,"EH handler pushed by member 0x0041abe0 MPNewGameScreen_Dtor (PUSH 0x004c98b8 at 0x0041abe2)"
menus,0x004c98d0,EH_Unwind_MPNewGameScreen_Create_0,"EH funclet: unwind action of handler 0x004c98db (FuncInfo 0x004d59a8), pushed by member 0x0041ac50 MPNewGameScreen_Create at 0x0041ac52"
menus,0x004c98db,EH_Handler_MPNewGameScreen_Create,"EH handler pushed by member 0x0041ac50 MPNewGameScreen_Create (PUSH 0x004c98db at 0x0041ac52)"
menus,0x004c98f0,EH_Unwind_NameDlg_ctor_0,"EH funclet: unwind action of handler 0x004c9949 (FuncInfo 0x004d59d0), pushed by member 0x0041ada0 NameDlg_ctor at 0x0041ada2"
menus,0x004c98f8,EH_Unwind_NameDlg_ctor_1,"EH funclet: unwind action of handler 0x004c9949 (FuncInfo 0x004d59d0), pushed by member 0x0041ada0 NameDlg_ctor at 0x0041ada2"
menus,0x004c9903,EH_Unwind_NameDlg_ctor_2,"EH funclet: unwind action of handler 0x004c9949 (FuncInfo 0x004d59d0), pushed by member 0x0041ada0 NameDlg_ctor at 0x0041ada2"
menus,0x004c9911,EH_Unwind_NameDlg_ctor_3,"EH funclet: unwind action of handler 0x004c9949 (FuncInfo 0x004d59d0), pushed by member 0x0041ada0 NameDlg_ctor at 0x0041ada2"
menus,0x004c991f,EH_Unwind_NameDlg_ctor_4,"EH funclet: unwind action of handler 0x004c9949 (FuncInfo 0x004d59d0), pushed by member 0x0041ada0 NameDlg_ctor at 0x0041ada2"
menus,0x004c992d,EH_Unwind_NameDlg_ctor_5,"EH funclet: unwind action of handler 0x004c9949 (FuncInfo 0x004d59d0), pushed by member 0x0041ada0 NameDlg_ctor at 0x0041ada2"
menus,0x004c993b,EH_Unwind_NameDlg_ctor_6,"EH funclet: unwind action of handler 0x004c9949 (FuncInfo 0x004d59d0), pushed by member 0x0041ada0 NameDlg_ctor at 0x0041ada2"
menus,0x004c9949,EH_Handler_NameDlg_ctor,"EH handler pushed by member 0x0041ada0 NameDlg_ctor (PUSH 0x004c9949 at 0x0041ada2)"
menus,0x004c9960,EH_Unwind_NameDlg_dtor_0,"EH funclet: unwind action of handler 0x004c99ab (FuncInfo 0x004d5a28), pushed by member 0x0041aeb0 NameDlg_dtor at 0x0041aeb2"
menus,0x004c9968,EH_Unwind_NameDlg_dtor_1,"EH funclet: unwind action of handler 0x004c99ab (FuncInfo 0x004d5a28), pushed by member 0x0041aeb0 NameDlg_dtor at 0x0041aeb2"
menus,0x004c9973,EH_Unwind_NameDlg_dtor_2,"EH funclet: unwind action of handler 0x004c99ab (FuncInfo 0x004d5a28), pushed by member 0x0041aeb0 NameDlg_dtor at 0x0041aeb2"
menus,0x004c9981,EH_Unwind_NameDlg_dtor_3,"EH funclet: unwind action of handler 0x004c99ab (FuncInfo 0x004d5a28), pushed by member 0x0041aeb0 NameDlg_dtor at 0x0041aeb2"
menus,0x004c998f,EH_Unwind_NameDlg_dtor_4,"EH funclet: unwind action of handler 0x004c99ab (FuncInfo 0x004d5a28), pushed by member 0x0041aeb0 NameDlg_dtor at 0x0041aeb2"
menus,0x004c999d,EH_Unwind_NameDlg_dtor_5,"EH funclet: unwind action of handler 0x004c99ab (FuncInfo 0x004d5a28), pushed by member 0x0041aeb0 NameDlg_dtor at 0x0041aeb2"
menus,0x004c99ab,EH_Handler_NameDlg_dtor,"EH handler pushed by member 0x0041aeb0 NameDlg_dtor (PUSH 0x004c99ab at 0x0041aeb2)"
menus,0x004c99c0,EH_Unwind_NameDlg_RefreshSessionList_0,"EH funclet: unwind action of handler 0x004c99cb (FuncInfo 0x004d5a78), pushed by member 0x0041b150 NameDlg_RefreshSessionList at 0x0041b152"
menus,0x004c99cb,EH_Handler_NameDlg_RefreshSessionList,"EH handler pushed by member 0x0041b150 NameDlg_RefreshSessionList (PUSH 0x004c99cb at 0x0041b152)"
menus,0x004c99e0,EH_Unwind_NetExitPanel_BuildWidgets_0,"EH funclet: unwind action of handler 0x004c9a04 (FuncInfo 0x004d5aa0), pushed by member 0x0041bd80 NetExitPanel_BuildWidgets at 0x0041bd82"
menus,0x004c99e8,EH_Unwind_NetExitPanel_BuildWidgets_1,"EH funclet: unwind action of handler 0x004c9a04 (FuncInfo 0x004d5aa0), pushed by member 0x0041bd80 NetExitPanel_BuildWidgets at 0x0041bd82"
menus,0x004c99f6,EH_Unwind_NetExitPanel_BuildWidgets_2,"EH funclet: unwind action of handler 0x004c9a04 (FuncInfo 0x004d5aa0), pushed by member 0x0041bd80 NetExitPanel_BuildWidgets at 0x0041bd82"
menus,0x004c9a04,EH_Handler_NetExitPanel_BuildWidgets,"EH handler pushed by member 0x0041bd80 NetExitPanel_BuildWidgets (PUSH 0x004c9a04 at 0x0041bd82)"
menus,0x004c9a10,EH_Unwind_Panel_0041beb0_Dtor_0,"EH funclet: unwind action of handler 0x004c9a26 (FuncInfo 0x004d5ad8), pushed by member 0x0041beb0 Panel_0041beb0_Dtor at 0x0041beb2"
menus,0x004c9a18,EH_Unwind_Panel_0041beb0_Dtor_1,"EH funclet: unwind action of handler 0x004c9a26 (FuncInfo 0x004d5ad8), pushed by member 0x0041beb0 Panel_0041beb0_Dtor at 0x0041beb2"
menus,0x004c9a26,EH_Handler_Panel_0041beb0_Dtor,"EH handler pushed by member 0x0041beb0 Panel_0041beb0_Dtor (PUSH 0x004c9a26 at 0x0041beb2)"
menus,0x004c9a30,EH_Unwind_NetExitDialog_InitOnGameLoad_0,"EH funclet: unwind action of handler 0x004c9a3b (FuncInfo 0x004d5b08), pushed by member 0x0041c000 NetExitDialog_InitOnGameLoad at 0x0041c002"
menus,0x004c9a3b,EH_Handler_NetExitDialog_InitOnGameLoad,"EH handler pushed by member 0x0041c000 NetExitDialog_InitOnGameLoad (PUSH 0x004c9a3b at 0x0041c002)"
menus,0x004c9a50,EH_Unwind_AiDebugPanel_SetParamLabels_0,"EH funclet: unwind action of handler 0x004c9a60 (FuncInfo 0x004d5b30), pushed by member 0x0041c170 AiDebugPanel_SetParamLabels at 0x0041c172"
menus,0x004c9a58,EH_Unwind_AiDebugPanel_SetParamLabels_1,"EH funclet: unwind action of handler 0x004c9a60 (FuncInfo 0x004d5b30), pushed by member 0x0041c170 AiDebugPanel_SetParamLabels at 0x0041c172"
menus,0x004c9a60,EH_Handler_AiDebugPanel_SetParamLabels,"EH handler pushed by member 0x0041c170 AiDebugPanel_SetParamLabels (PUSH 0x004c9a60 at 0x0041c172)"
menus,0x004c9a70,EH_Unwind_NewGamePanel_Ctor_0,"EH funclet: unwind action of handler 0x004c9ab0 (FuncInfo 0x004d5b60), pushed by member 0x0041c290 NewGamePanel_Ctor at 0x0041c292"
menus,0x004c9a78,EH_Unwind_NewGamePanel_Ctor_1,"EH funclet: unwind action of handler 0x004c9ab0 (FuncInfo 0x004d5b60), pushed by member 0x0041c290 NewGamePanel_Ctor at 0x0041c292"
menus,0x004c9a86,EH_Unwind_NewGamePanel_Ctor_2,"EH funclet: unwind action of handler 0x004c9ab0 (FuncInfo 0x004d5b60), pushed by member 0x0041c290 NewGamePanel_Ctor at 0x0041c292"
menus,0x004c9a94,EH_Unwind_NewGamePanel_Ctor_3,"EH funclet: unwind action of handler 0x004c9ab0 (FuncInfo 0x004d5b60), pushed by member 0x0041c290 NewGamePanel_Ctor at 0x0041c292"
menus,0x004c9aa2,EH_Unwind_NewGamePanel_Ctor_4,"EH funclet: unwind action of handler 0x004c9ab0 (FuncInfo 0x004d5b60), pushed by member 0x0041c290 NewGamePanel_Ctor at 0x0041c292"
menus,0x004c9ab0,EH_Handler_NewGamePanel_Ctor,"EH handler pushed by member 0x0041c290 NewGamePanel_Ctor (PUSH 0x004c9ab0 at 0x0041c292)"
menus,0x004c9ac0,EH_Unwind_NewGamePanel_Dtor_0,"EH funclet: unwind action of handler 0x004c9af2 (FuncInfo 0x004d5ba8), pushed by member 0x0041c400 NewGamePanel_Dtor at 0x0041c402"
menus,0x004c9ac8,EH_Unwind_NewGamePanel_Dtor_1,"EH funclet: unwind action of handler 0x004c9af2 (FuncInfo 0x004d5ba8), pushed by member 0x0041c400 NewGamePanel_Dtor at 0x0041c402"
menus,0x004c9ad6,EH_Unwind_NewGamePanel_Dtor_2,"EH funclet: unwind action of handler 0x004c9af2 (FuncInfo 0x004d5ba8), pushed by member 0x0041c400 NewGamePanel_Dtor at 0x0041c402"
menus,0x004c9ae4,EH_Unwind_NewGamePanel_Dtor_3,"EH funclet: unwind action of handler 0x004c9af2 (FuncInfo 0x004d5ba8), pushed by member 0x0041c400 NewGamePanel_Dtor at 0x0041c402"
menus,0x004c9af2,EH_Handler_NewGamePanel_Dtor,"EH handler pushed by member 0x0041c400 NewGamePanel_Dtor (PUSH 0x004c9af2 at 0x0041c402)"
menus,0x004c9b00,EH_Unwind_NewGameHost_Open_0,"EH funclet: unwind action of handler 0x004c9b0b (FuncInfo 0x004d5be8), pushed by member 0x0041c560 NewGameHost_Open at 0x0041c562"
menus,0x004c9b0b,EH_Handler_NewGameHost_Open,"EH handler pushed by member 0x0041c560 NewGameHost_Open (PUSH 0x004c9b0b at 0x0041c562)"
menus,0x004c9b20,EH_Unwind_ScreenHolder32c8_Dtor_0,"EH funclet: unwind action of handler 0x004c9b28 (FuncInfo 0x004d5c10), pushed by member 0x0041c630 ScreenHolder32c8_Dtor at 0x0041c632"
menus,0x004c9b28,EH_Handler_ScreenHolder32c8_Dtor,"EH handler pushed by member 0x0041c630 ScreenHolder32c8_Dtor (PUSH 0x004c9b28 at 0x0041c632)"
menus,0x004c9b40,EH_Unwind_NetSetupDialog_Ctor_0,"EH funclet: unwind action of handler 0x004c9b8b (FuncInfo 0x004d5c38), pushed by member 0x0041c6e0 NetSetupDialog_Ctor at 0x0041c6e2"
menus,0x004c9b48,EH_Unwind_NetSetupDialog_Ctor_1,"EH funclet: unwind action of handler 0x004c9b8b (FuncInfo 0x004d5c38), pushed by member 0x0041c6e0 NetSetupDialog_Ctor at 0x0041c6e2"
menus,0x004c9b53,EH_Unwind_NetSetupDialog_Ctor_2,"EH funclet: unwind action of handler 0x004c9b8b (FuncInfo 0x004d5c38), pushed by member 0x0041c6e0 NetSetupDialog_Ctor at 0x0041c6e2"
menus,0x004c9b61,EH_Unwind_NetSetupDialog_Ctor_3,"EH funclet: unwind action of handler 0x004c9b8b (FuncInfo 0x004d5c38), pushed by member 0x0041c6e0 NetSetupDialog_Ctor at 0x0041c6e2"
menus,0x004c9b6f,EH_Unwind_NetSetupDialog_Ctor_4,"EH funclet: unwind action of handler 0x004c9b8b (FuncInfo 0x004d5c38), pushed by member 0x0041c6e0 NetSetupDialog_Ctor at 0x0041c6e2"
menus,0x004c9b7d,EH_Unwind_NetSetupDialog_Ctor_5,"EH funclet: unwind action of handler 0x004c9b8b (FuncInfo 0x004d5c38), pushed by member 0x0041c6e0 NetSetupDialog_Ctor at 0x0041c6e2"
menus,0x004c9b8b,EH_Handler_NetSetupDialog_Ctor,"EH handler pushed by member 0x0041c6e0 NetSetupDialog_Ctor (PUSH 0x004c9b8b at 0x0041c6e2)"
menus,0x004c9ba0,EH_Unwind_NetSetupDialog_Dtor_0,"EH funclet: unwind action of handler 0x004c9bdd (FuncInfo 0x004d5c88), pushed by member 0x0041c7f0 NetSetupDialog_Dtor at 0x0041c7f2"
menus,0x004c9ba8,EH_Unwind_NetSetupDialog_Dtor_1,"EH funclet: unwind action of handler 0x004c9bdd (FuncInfo 0x004d5c88), pushed by member 0x0041c7f0 NetSetupDialog_Dtor at 0x0041c7f2"
menus,0x004c9bb3,EH_Unwind_NetSetupDialog_Dtor_2,"EH funclet: unwind action of handler 0x004c9bdd (FuncInfo 0x004d5c88), pushed by member 0x0041c7f0 NetSetupDialog_Dtor at 0x0041c7f2"
menus,0x004c9bc1,EH_Unwind_NetSetupDialog_Dtor_3,"EH funclet: unwind action of handler 0x004c9bdd (FuncInfo 0x004d5c88), pushed by member 0x0041c7f0 NetSetupDialog_Dtor at 0x0041c7f2"
menus,0x004c9bcf,EH_Unwind_NetSetupDialog_Dtor_4,"EH funclet: unwind action of handler 0x004c9bdd (FuncInfo 0x004d5c88), pushed by member 0x0041c7f0 NetSetupDialog_Dtor at 0x0041c7f2"
menus,0x004c9bdd,EH_Handler_NetSetupDialog_Dtor,"EH handler pushed by member 0x0041c7f0 NetSetupDialog_Dtor (PUSH 0x004c9bdd at 0x0041c7f2)"
player,0x004c9bf0,EH_Unwind_Player_InitPhysicsGlobalsAndVehicleClasses_0,"EH funclet: unwind action of handler 0x004c9bfb (FuncInfo 0x004d5cd0), pushed by member 0x0041fe90 Player_InitPhysicsGlobalsAndVehicleClasses at 0x0041fe98"
player,0x004c9bfb,EH_Handler_Player_InitPhysicsGlobalsAndVehicleClasses,"EH handler pushed by member 0x0041fe90 Player_InitPhysicsGlobalsAndVehicleClasses (PUSH 0x004c9bfb at 0x0041fe98)"
player,0x004c9c10,EH_Unwind_Movers_FlagNumberedNodes_0,"EH funclet: unwind action of handler 0x004c9c18 (FuncInfo 0x004d5cf8), pushed by member 0x00420c60 Movers_FlagNumberedNodes at 0x00420c62"
player,0x004c9c18,EH_Handler_Movers_FlagNumberedNodes,"EH handler pushed by member 0x00420c60 Movers_FlagNumberedNodes (PUSH 0x004c9c18 at 0x00420c62)"
player,0x004c9c30,EH_Unwind_Vehicle_SpawnInstanceFromConfig_0,"EH funclet: unwind action of handler 0x004c9c3b (FuncInfo 0x004d5d20), pushed by member 0x00421ab0 Vehicle_SpawnInstanceFromConfig at 0x00421ab2"
player,0x004c9c3b,EH_Handler_Vehicle_SpawnInstanceFromConfig,"EH handler pushed by member 0x00421ab0 Vehicle_SpawnInstanceFromConfig (PUSH 0x004c9c3b at 0x00421ab2)"
player,0x004c9c50,EH_Unwind_Node_GetNumericSuffixIfFlagged_0,"EH funclet: unwind action of handler 0x004c9c60 (FuncInfo 0x004d5d48), pushed by member 0x00425060 Node_GetNumericSuffixIfFlagged at 0x00425068"
player,0x004c9c58,EH_Unwind_Node_GetNumericSuffixIfFlagged_1,"EH funclet: unwind action of handler 0x004c9c60 (FuncInfo 0x004d5d48), pushed by member 0x00425060 Node_GetNumericSuffixIfFlagged at 0x00425068"
player,0x004c9c60,EH_Handler_Node_GetNumericSuffixIfFlagged,"EH handler pushed by member 0x00425060 Node_GetNumericSuffixIfFlagged (PUSH 0x004c9c60 at 0x00425068)"
player,0x004c9c70,EH_Unwind_Player_RegisterResources_0,"EH funclet: unwind action of handler 0x004c9c7b (FuncInfo 0x004d5d78), pushed by member 0x00425920 Player_RegisterResources at 0x00425922"
player,0x004c9c7b,EH_Handler_Player_RegisterResources,"EH handler pushed by member 0x00425920 Player_RegisterResources (PUSH 0x004c9c7b at 0x00425922)"
input,0x004c9c90,EH_Unwind_CommandTableEntry_Dtor_0,"EH funclet: unwind action of handler 0x004c9ca3 (FuncInfo 0x004d5da0), pushed by member 0x0042a000 CommandTableEntry_Dtor at 0x0042a002"
input,0x004c9c98,EH_Unwind_CommandTableEntry_Dtor_1,"EH funclet: unwind action of handler 0x004c9ca3 (FuncInfo 0x004d5da0), pushed by member 0x0042a000 CommandTableEntry_Dtor at 0x0042a002"
input,0x004c9ca3,EH_Handler_CommandTableEntry_Dtor,"EH handler pushed by member 0x0042a000 CommandTableEntry_Dtor (PUSH 0x004c9ca3 at 0x0042a002)"
input,0x004c9cb0,EH_Unwind_CommandTable_AddEntry_0,"EH funclet: unwind action of handler 0x004c9cce (FuncInfo 0x004d5dd0), pushed by member 0x0042a070 CommandTable_AddEntry at 0x0042a078"
input,0x004c9cbb,EH_Unwind_CommandTable_AddEntry_1,"EH funclet: unwind action of handler 0x004c9cce (FuncInfo 0x004d5dd0), pushed by member 0x0042a070 CommandTable_AddEntry at 0x0042a078"
input,0x004c9cc3,EH_Unwind_CommandTable_AddEntry_2,"EH funclet: unwind action of handler 0x004c9cce (FuncInfo 0x004d5dd0), pushed by member 0x0042a070 CommandTable_AddEntry at 0x0042a078"
input,0x004c9cce,EH_Handler_CommandTable_AddEntry,"EH handler pushed by member 0x0042a070 CommandTable_AddEntry (PUSH 0x004c9cce at 0x0042a078)"
app,0x004c9ce0,EH_Unwind_Com_QueryAndCallSlot14_0,"EH funclet: unwind action of handler 0x004c9cf0 (FuncInfo 0x004d5e08), pushed by member 0x0042dc30 Com_QueryAndCallSlot14 at 0x0042dc32"
app,0x004c9ce8,EH_Unwind_Com_QueryAndCallSlot14_1,"EH funclet: unwind action of handler 0x004c9cf0 (FuncInfo 0x004d5e08), pushed by member 0x0042dc30 Com_QueryAndCallSlot14 at 0x0042dc32"
app,0x004c9cf0,EH_Handler_Com_QueryAndCallSlot14,"EH handler pushed by member 0x0042dc30 Com_QueryAndCallSlot14 (PUSH 0x004c9cf0 at 0x0042dc32)"
app,0x004c9d00,EH_Unwind_Com_QueryAndCallSlot18_0,"EH funclet: unwind action of handler 0x004c9d10 (FuncInfo 0x004d5e38), pushed by member 0x0042dcf0 Com_QueryAndCallSlot18 at 0x0042dcf2"
app,0x004c9d08,EH_Unwind_Com_QueryAndCallSlot18_1,"EH funclet: unwind action of handler 0x004c9d10 (FuncInfo 0x004d5e38), pushed by member 0x0042dcf0 Com_QueryAndCallSlot18 at 0x0042dcf2"
app,0x004c9d10,EH_Handler_Com_QueryAndCallSlot18,"EH handler pushed by member 0x0042dcf0 Com_QueryAndCallSlot18 (PUSH 0x004c9d10 at 0x0042dcf2)"
app,0x004c9d20,EH_Unwind_MainApp_Dtor_0,"EH funclet: unwind action of handler 0x004c9d78 (FuncInfo 0x004d5e68), pushed by member 0x0042de60 MainApp_Dtor at 0x0042de62"
app,0x004c9d28,EH_Unwind_MainApp_Dtor_1,"EH funclet: unwind action of handler 0x004c9d78 (FuncInfo 0x004d5e68), pushed by member 0x0042de60 MainApp_Dtor at 0x0042de62"
app,0x004c9d36,EH_Unwind_MainApp_Dtor_2,"EH funclet: unwind action of handler 0x004c9d78 (FuncInfo 0x004d5e68), pushed by member 0x0042de60 MainApp_Dtor at 0x0042de62"
app,0x004c9d44,EH_Unwind_MainApp_Dtor_3,"EH funclet: unwind action of handler 0x004c9d78 (FuncInfo 0x004d5e68), pushed by member 0x0042de60 MainApp_Dtor at 0x0042de62"
app,0x004c9d52,EH_Unwind_MainApp_Dtor_4,"EH funclet: unwind action of handler 0x004c9d78 (FuncInfo 0x004d5e68), pushed by member 0x0042de60 MainApp_Dtor at 0x0042de62"
app,0x004c9d60,EH_Unwind_MainApp_Dtor_5,"EH funclet: unwind action of handler 0x004c9d78 (FuncInfo 0x004d5e68), pushed by member 0x0042de60 MainApp_Dtor at 0x0042de62"
app,0x004c9d68,EH_Unwind_MainApp_Dtor_6,"EH funclet: unwind action of handler 0x004c9d78 (FuncInfo 0x004d5e68), pushed by member 0x0042de60 MainApp_Dtor at 0x0042de62"
app,0x004c9d70,EH_Unwind_MainApp_Dtor_7,"EH funclet: unwind action of handler 0x004c9d78 (FuncInfo 0x004d5e68), pushed by member 0x0042de60 MainApp_Dtor at 0x0042de62"
app,0x004c9d78,EH_Handler_MainApp_Dtor,"EH handler pushed by member 0x0042de60 MainApp_Dtor (PUSH 0x004c9d78 at 0x0042de62)"
app,0x004c9d90,EH_Unwind_SeqScreen_Dtor_A_0,"EH funclet: unwind action of handler 0x004c9d98 (FuncInfo 0x004d5ec8), pushed by member 0x0042df10 SeqScreen_Dtor_A at 0x0042df18"
app,0x004c9d98,EH_Handler_SeqScreen_Dtor_A,"EH handler pushed by member 0x0042df10 SeqScreen_Dtor_A (PUSH 0x004c9d98 at 0x0042df18)"
app,0x004c9db0,EH_Unwind_SeqScreen_Dtor_B_0,"EH funclet: unwind action of handler 0x004c9db8 (FuncInfo 0x004d5ef0), pushed by member 0x0042df50 SeqScreen_Dtor_B at 0x0042df58"
app,0x004c9db8,EH_Handler_SeqScreen_Dtor_B,"EH handler pushed by member 0x0042df50 SeqScreen_Dtor_B (PUSH 0x004c9db8 at 0x0042df58)"
app,0x004c9dd0,EH_Unwind_MainApp_Ctor_0,"EH funclet: unwind action of handler 0x004c9e26 (FuncInfo 0x004d5f18), pushed by member 0x0042dfa0 MainApp_Ctor at 0x0042dfa2"
app,0x004c9dd8,EH_Unwind_MainApp_Ctor_1,"EH funclet: unwind action of handler 0x004c9e26 (FuncInfo 0x004d5f18), pushed by member 0x0042dfa0 MainApp_Ctor at 0x0042dfa2"
app,0x004c9de6,EH_Unwind_MainApp_Ctor_2,"EH funclet: unwind action of handler 0x004c9e26 (FuncInfo 0x004d5f18), pushed by member 0x0042dfa0 MainApp_Ctor at 0x0042dfa2"
app,0x004c9dee,EH_Unwind_MainApp_Ctor_3,"EH funclet: unwind action of handler 0x004c9e26 (FuncInfo 0x004d5f18), pushed by member 0x0042dfa0 MainApp_Ctor at 0x0042dfa2"
app,0x004c9dfc,EH_Unwind_MainApp_Ctor_4,"EH funclet: unwind action of handler 0x004c9e26 (FuncInfo 0x004d5f18), pushed by member 0x0042dfa0 MainApp_Ctor at 0x0042dfa2"
app,0x004c9e0a,EH_Unwind_MainApp_Ctor_5,"EH funclet: unwind action of handler 0x004c9e26 (FuncInfo 0x004d5f18), pushed by member 0x0042dfa0 MainApp_Ctor at 0x0042dfa2"
app,0x004c9e18,EH_Unwind_MainApp_Ctor_6,"EH funclet: unwind action of handler 0x004c9e26 (FuncInfo 0x004d5f18), pushed by member 0x0042dfa0 MainApp_Ctor at 0x0042dfa2"
app,0x004c9e26,EH_Handler_MainApp_Ctor,"EH handler pushed by member 0x0042dfa0 MainApp_Ctor (PUSH 0x004c9e26 at 0x0042dfa2)"
app,0x004c9e30,EH_Unwind_SeqScreen_Dtor_C_0,"EH funclet: unwind action of handler 0x004c9e38 (FuncInfo 0x004d5f70), pushed by member 0x0042e070 SeqScreen_Dtor_C at 0x0042e078"
app,0x004c9e38,EH_Handler_SeqScreen_Dtor_C,"EH handler pushed by member 0x0042e070 SeqScreen_Dtor_C (PUSH 0x004c9e38 at 0x0042e078)"
app,0x004c9e50,EH_Unwind_App_CreateMainWindow_0,"EH funclet: unwind action of handler 0x004c9e5a (FuncInfo 0x004d5f98), pushed by member 0x0042e110 App_CreateMainWindow at 0x0042e112"
app,0x004c9e5a,EH_Handler_App_CreateMainWindow,"EH handler pushed by member 0x0042e110 App_CreateMainWindow (PUSH 0x004c9e5a at 0x0042e112)"
app,0x004c9e70,EH_Unwind_SeqScreenA_Ctor_0,"EH funclet: unwind action of handler 0x004c9e78 (FuncInfo 0x004d5fc0), pushed by member 0x0042eb70 SeqScreenA_Ctor at 0x0042eb72"
app,0x004c9e78,EH_Handler_SeqScreenA_Ctor,"EH handler pushed by member 0x0042eb70 SeqScreenA_Ctor (PUSH 0x004c9e78 at 0x0042eb72)"
app,0x004c9e90,EH_Unwind_SeqScreenB_Ctor_0,"EH funclet: unwind action of handler 0x004c9e98 (FuncInfo 0x004d5fe8), pushed by member 0x0042ed30 SeqScreenB_Ctor at 0x0042ed32"
app,0x004c9e98,EH_Handler_SeqScreenB_Ctor,"EH handler pushed by member 0x0042ed30 SeqScreenB_Ctor (PUSH 0x004c9e98 at 0x0042ed32)"
app,0x004c9eb0,EH_Unwind_Game_EndSequenceTick_0,"EH funclet: unwind action of handler 0x004c9ec0 (FuncInfo 0x004d6010), pushed by member 0x0042f5e0 Game_EndSequenceTick at 0x0042f5fa"
app,0x004c9eb8,EH_Unwind_Game_EndSequenceTick_1,"EH funclet: unwind action of handler 0x004c9ec0 (FuncInfo 0x004d6010), pushed by member 0x0042f5e0 Game_EndSequenceTick at 0x0042f5fa"
app,0x004c9ec0,EH_Handler_Game_EndSequenceTick,"EH handler pushed by member 0x0042f5e0 Game_EndSequenceTick (PUSH 0x004c9ec0 at 0x0042f5fa)"
app,0x004c9ed0,EH_Unwind_App_EnterMissionOver_0,"EH funclet: unwind action of handler 0x004c9ed8 (FuncInfo 0x004d6040), pushed by member 0x0042f8e0 App_EnterMissionOver_0042f8e0 at 0x0042f8e8"
app,0x004c9ed8,EH_Handler_App_EnterMissionOver,"EH handler pushed by member 0x0042f8e0 App_EnterMissionOver_0042f8e0 (PUSH 0x004c9ed8 at 0x0042f8e8)"
app,0x004c9ef0,EH_Unwind_MainWnd_New_0,"EH funclet: unwind action of handler 0x004c9efa (FuncInfo 0x004d6068), pushed by member 0x004301e0 MainWnd_New at 0x004301e2"
app,0x004c9efa,EH_Handler_MainWnd_New,"EH handler pushed by member 0x004301e0 MainWnd_New (PUSH 0x004c9efa at 0x004301e2)"
app,0x004c9f10,EH_Unwind_MainWnd_Ctor_0,"EH funclet: unwind action of handler 0x004c9f3e (FuncInfo 0x004d6090), pushed by member 0x00430250 MainWnd_Ctor at 0x00430252"
app,0x004c9f18,EH_Unwind_MainWnd_Ctor_1,"EH funclet: unwind action of handler 0x004c9f3e (FuncInfo 0x004d6090), pushed by member 0x00430250 MainWnd_Ctor at 0x00430252"
app,0x004c9f26,EH_Unwind_MainWnd_Ctor_2,"EH funclet: unwind action of handler 0x004c9f3e (FuncInfo 0x004d6090), pushed by member 0x00430250 MainWnd_Ctor at 0x00430252"
app,0x004c9f2e,EH_Unwind_MainWnd_Ctor_3,"EH funclet: unwind action of handler 0x004c9f3e (FuncInfo 0x004d6090), pushed by member 0x00430250 MainWnd_Ctor at 0x00430252"
app,0x004c9f36,EH_Unwind_MainWnd_Ctor_4,"EH funclet: unwind action of handler 0x004c9f3e (FuncInfo 0x004d6090), pushed by member 0x00430250 MainWnd_Ctor at 0x00430252"
app,0x004c9f3e,EH_Handler_MainWnd_Ctor,"EH handler pushed by member 0x00430250 MainWnd_Ctor (PUSH 0x004c9f3e at 0x00430252)"
app,0x004c9f50,EH_Unwind_MainWnd_Dtor_0,"EH funclet: unwind action of handler 0x004c9f60 (FuncInfo 0x004d60d8), pushed by member 0x00430610 MainWnd_Dtor at 0x00430612"
app,0x004c9f58,EH_Unwind_MainWnd_Dtor_1,"EH funclet: unwind action of handler 0x004c9f60 (FuncInfo 0x004d60d8), pushed by member 0x00430610 MainWnd_Dtor at 0x00430612"
app,0x004c9f60,EH_Handler_MainWnd_Dtor,"EH handler pushed by member 0x00430610 MainWnd_Dtor (PUSH 0x004c9f60 at 0x00430612)"
app,0x004c9f70,EH_Unwind_MainWnd_OnAbout_0,"EH funclet: unwind action of handler 0x004c9f78 (FuncInfo 0x004d6108), pushed by member 0x00430c30 MainWnd_OnAbout at 0x00430c32"
app,0x004c9f78,EH_Handler_MainWnd_OnAbout,"EH handler pushed by member 0x00430c30 MainWnd_OnAbout (PUSH 0x004c9f78 at 0x00430c32)"
app,0x004c9f90,EH_Unwind_Menus_RunNetSetupThenStartMission_0,"EH funclet: unwind action of handler 0x004ca108 (FuncInfo 0x004d6130), pushed by member 0x00430d80 Menus_RunNetSetupThenStartMission_00430d80 at 0x00430d88"
app,0x004c9f9b,EH_Unwind_Menus_RunNetSetupThenStartMission_1,"EH funclet: unwind action of handler 0x004ca108 (FuncInfo 0x004d6130), pushed by member 0x00430d80 Menus_RunNetSetupThenStartMission_00430d80 at 0x00430d88"
app,0x004c9fa6,EH_Unwind_Menus_RunNetSetupThenStartMission_2,"EH funclet: unwind action of handler 0x004ca108 (FuncInfo 0x004d6130), pushed by member 0x00430d80 Menus_RunNetSetupThenStartMission_00430d80 at 0x00430d88"
app,0x004c9fb1,EH_Unwind_Menus_RunNetSetupThenStartMission_3,"EH funclet: unwind action of handler 0x004ca108 (FuncInfo 0x004d6130), pushed by member 0x00430d80 Menus_RunNetSetupThenStartMission_00430d80 at 0x00430d88"
app,0x004c9fbc,EH_Unwind_Menus_RunNetSetupThenStartMission_4,"EH funclet: unwind action of handler 0x004ca108 (FuncInfo 0x004d6130), pushed by member 0x00430d80 Menus_RunNetSetupThenStartMission_00430d80 at 0x00430d88"
app,0x004c9fc7,EH_Unwind_Menus_RunNetSetupThenStartMission_5,"EH funclet: unwind action of handler 0x004ca108 (FuncInfo 0x004d6130), pushed by member 0x00430d80 Menus_RunNetSetupThenStartMission_00430d80 at 0x00430d88"
app,0x004c9fd2,EH_Unwind_Menus_RunNetSetupThenStartMission_6,"EH funclet: unwind action of handler 0x004ca108 (FuncInfo 0x004d6130), pushed by member 0x00430d80 Menus_RunNetSetupThenStartMission_00430d80 at 0x00430d88"
app,0x004c9fda,EH_Unwind_Menus_RunNetSetupThenStartMission_7,"EH funclet: unwind action of handler 0x004ca108 (FuncInfo 0x004d6130), pushed by member 0x00430d80 Menus_RunNetSetupThenStartMission_00430d80 at 0x00430d88"
app,0x004c9fe5,EH_Unwind_Menus_RunNetSetupThenStartMission_8,"EH funclet: unwind action of handler 0x004ca108 (FuncInfo 0x004d6130), pushed by member 0x00430d80 Menus_RunNetSetupThenStartMission_00430d80 at 0x00430d88"
app,0x004c9ff0,EH_Unwind_Menus_RunNetSetupThenStartMission_9,"EH funclet: unwind action of handler 0x004ca108 (FuncInfo 0x004d6130), pushed by member 0x00430d80 Menus_RunNetSetupThenStartMission_00430d80 at 0x00430d88"
app,0x004c9ffb,EH_Unwind_Menus_RunNetSetupThenStartMission_10,"EH funclet: unwind action of handler 0x004ca108 (FuncInfo 0x004d6130), pushed by member 0x00430d80 Menus_RunNetSetupThenStartMission_00430d80 at 0x00430d88"
app,0x004ca006,EH_Unwind_Menus_RunNetSetupThenStartMission_11,"EH funclet: unwind action of handler 0x004ca108 (FuncInfo 0x004d6130), pushed by member 0x00430d80 Menus_RunNetSetupThenStartMission_00430d80 at 0x00430d88"
app,0x004ca011,EH_Unwind_Menus_RunNetSetupThenStartMission_12,"EH funclet: unwind action of handler 0x004ca108 (FuncInfo 0x004d6130), pushed by member 0x00430d80 Menus_RunNetSetupThenStartMission_00430d80 at 0x00430d88"
app,0x004ca01c,EH_Unwind_Menus_RunNetSetupThenStartMission_13,"EH funclet: unwind action of handler 0x004ca108 (FuncInfo 0x004d6130), pushed by member 0x00430d80 Menus_RunNetSetupThenStartMission_00430d80 at 0x00430d88"
app,0x004ca027,EH_Unwind_Menus_RunNetSetupThenStartMission_14,"EH funclet: unwind action of handler 0x004ca108 (FuncInfo 0x004d6130), pushed by member 0x00430d80 Menus_RunNetSetupThenStartMission_00430d80 at 0x00430d88"
app,0x004ca032,EH_Unwind_Menus_RunNetSetupThenStartMission_15,"EH funclet: unwind action of handler 0x004ca108 (FuncInfo 0x004d6130), pushed by member 0x00430d80 Menus_RunNetSetupThenStartMission_00430d80 at 0x00430d88"
app,0x004ca03d,EH_Unwind_Menus_RunNetSetupThenStartMission_16,"EH funclet: unwind action of handler 0x004ca108 (FuncInfo 0x004d6130), pushed by member 0x00430d80 Menus_RunNetSetupThenStartMission_00430d80 at 0x00430d88"
app,0x004ca048,EH_Unwind_Menus_RunNetSetupThenStartMission_17,"EH funclet: unwind action of handler 0x004ca108 (FuncInfo 0x004d6130), pushed by member 0x00430d80 Menus_RunNetSetupThenStartMission_00430d80 at 0x00430d88"
app,0x004ca050,EH_Unwind_Menus_RunNetSetupThenStartMission_18,"EH funclet: unwind action of handler 0x004ca108 (FuncInfo 0x004d6130), pushed by member 0x00430d80 Menus_RunNetSetupThenStartMission_00430d80 at 0x00430d88"
app,0x004ca05b,EH_Unwind_Menus_RunNetSetupThenStartMission_19,"EH funclet: unwind action of handler 0x004ca108 (FuncInfo 0x004d6130), pushed by member 0x00430d80 Menus_RunNetSetupThenStartMission_00430d80 at 0x00430d88"
app,0x004ca066,EH_Unwind_Menus_RunNetSetupThenStartMission_20,"EH funclet: unwind action of handler 0x004ca108 (FuncInfo 0x004d6130), pushed by member 0x00430d80 Menus_RunNetSetupThenStartMission_00430d80 at 0x00430d88"
app,0x004ca071,EH_Unwind_Menus_RunNetSetupThenStartMission_21,"EH funclet: unwind action of handler 0x004ca108 (FuncInfo 0x004d6130), pushed by member 0x00430d80 Menus_RunNetSetupThenStartMission_00430d80 at 0x00430d88"
app,0x004ca07c,EH_Unwind_Menus_RunNetSetupThenStartMission_22,"EH funclet: unwind action of handler 0x004ca108 (FuncInfo 0x004d6130), pushed by member 0x00430d80 Menus_RunNetSetupThenStartMission_00430d80 at 0x00430d88"
app,0x004ca087,EH_Unwind_Menus_RunNetSetupThenStartMission_23,"EH funclet: unwind action of handler 0x004ca108 (FuncInfo 0x004d6130), pushed by member 0x00430d80 Menus_RunNetSetupThenStartMission_00430d80 at 0x00430d88"
app,0x004ca092,EH_Unwind_Menus_RunNetSetupThenStartMission_24,"EH funclet: unwind action of handler 0x004ca108 (FuncInfo 0x004d6130), pushed by member 0x00430d80 Menus_RunNetSetupThenStartMission_00430d80 at 0x00430d88"
app,0x004ca09d,EH_Unwind_Menus_RunNetSetupThenStartMission_25,"EH funclet: unwind action of handler 0x004ca108 (FuncInfo 0x004d6130), pushed by member 0x00430d80 Menus_RunNetSetupThenStartMission_00430d80 at 0x00430d88"
app,0x004ca0a8,EH_Unwind_Menus_RunNetSetupThenStartMission_26,"EH funclet: unwind action of handler 0x004ca108 (FuncInfo 0x004d6130), pushed by member 0x00430d80 Menus_RunNetSetupThenStartMission_00430d80 at 0x00430d88"
app,0x004ca0b3,EH_Unwind_Menus_RunNetSetupThenStartMission_27,"EH funclet: unwind action of handler 0x004ca108 (FuncInfo 0x004d6130), pushed by member 0x00430d80 Menus_RunNetSetupThenStartMission_00430d80 at 0x00430d88"
app,0x004ca0be,EH_Unwind_Menus_RunNetSetupThenStartMission_28,"EH funclet: unwind action of handler 0x004ca108 (FuncInfo 0x004d6130), pushed by member 0x00430d80 Menus_RunNetSetupThenStartMission_00430d80 at 0x00430d88"
app,0x004ca0c6,EH_Unwind_Menus_RunNetSetupThenStartMission_29,"EH funclet: unwind action of handler 0x004ca108 (FuncInfo 0x004d6130), pushed by member 0x00430d80 Menus_RunNetSetupThenStartMission_00430d80 at 0x00430d88"
app,0x004ca0d1,EH_Unwind_Menus_RunNetSetupThenStartMission_30,"EH funclet: unwind action of handler 0x004ca108 (FuncInfo 0x004d6130), pushed by member 0x00430d80 Menus_RunNetSetupThenStartMission_00430d80 at 0x00430d88"
app,0x004ca0dc,EH_Unwind_Menus_RunNetSetupThenStartMission_31,"EH funclet: unwind action of handler 0x004ca108 (FuncInfo 0x004d6130), pushed by member 0x00430d80 Menus_RunNetSetupThenStartMission_00430d80 at 0x00430d88"
app,0x004ca0e7,EH_Unwind_Menus_RunNetSetupThenStartMission_32,"EH funclet: unwind action of handler 0x004ca108 (FuncInfo 0x004d6130), pushed by member 0x00430d80 Menus_RunNetSetupThenStartMission_00430d80 at 0x00430d88"
app,0x004ca0f2,EH_Unwind_Menus_RunNetSetupThenStartMission_33,"EH funclet: unwind action of handler 0x004ca108 (FuncInfo 0x004d6130), pushed by member 0x00430d80 Menus_RunNetSetupThenStartMission_00430d80 at 0x00430d88"
app,0x004ca0fd,EH_Unwind_Menus_RunNetSetupThenStartMission_34,"EH funclet: unwind action of handler 0x004ca108 (FuncInfo 0x004d6130), pushed by member 0x00430d80 Menus_RunNetSetupThenStartMission_00430d80 at 0x00430d88"
app,0x004ca108,EH_Handler_Menus_RunNetSetupThenStartMission,"EH handler pushed by member 0x00430d80 Menus_RunNetSetupThenStartMission_00430d80 (PUSH 0x004ca108 at 0x00430d88)"
menus,0x004ca120,EH_Unwind_MenuWrap_Dtor_0,"EH funclet: unwind action of handler 0x004ca128 (FuncInfo 0x004d6268), pushed by member 0x00431ba0 MenuWrap_Dtor at 0x00431ba2"
menus,0x004ca128,EH_Handler_MenuWrap_Dtor,"EH handler pushed by member 0x00431ba0 MenuWrap_Dtor (PUSH 0x004ca128 at 0x00431ba2)"
net,0x004ca140,EH_Unwind_PlayerList_AppendNew_0,"EH funclet: unwind action of handler 0x004ca14b (FuncInfo 0x004d6290), pushed by member 0x004345a0 PlayerList_AppendNew at 0x004345a2"
net,0x004ca14b,EH_Handler_PlayerList_AppendNew,"EH handler pushed by member 0x004345a0 PlayerList_AppendNew (PUSH 0x004ca14b at 0x004345a2)"
menus,0x004ca160,EH_Unwind_SaveGameDialog_Ctor_0,"EH funclet: unwind action of handler 0x004ca1cc (FuncInfo 0x004d62b8), pushed by member 0x00434680 SaveGameDialog_Ctor at 0x00434682"
menus,0x004ca168,EH_Unwind_SaveGameDialog_Ctor_1,"EH funclet: unwind action of handler 0x004ca1cc (FuncInfo 0x004d62b8), pushed by member 0x00434680 SaveGameDialog_Ctor at 0x00434682"
menus,0x004ca176,EH_Unwind_SaveGameDialog_Ctor_2,"EH funclet: unwind action of handler 0x004ca1cc (FuncInfo 0x004d62b8), pushed by member 0x00434680 SaveGameDialog_Ctor at 0x00434682"
menus,0x004ca184,EH_Unwind_SaveGameDialog_Ctor_3,"EH funclet: unwind action of handler 0x004ca1cc (FuncInfo 0x004d62b8), pushed by member 0x00434680 SaveGameDialog_Ctor at 0x00434682"
menus,0x004ca192,EH_Unwind_SaveGameDialog_Ctor_4,"EH funclet: unwind action of handler 0x004ca1cc (FuncInfo 0x004d62b8), pushed by member 0x00434680 SaveGameDialog_Ctor at 0x00434682"
menus,0x004ca1a0,EH_Unwind_SaveGameDialog_Ctor_5,"EH funclet: unwind action of handler 0x004ca1cc (FuncInfo 0x004d62b8), pushed by member 0x00434680 SaveGameDialog_Ctor at 0x00434682"
menus,0x004ca1a8,EH_Unwind_SaveGameDialog_Ctor_6,"EH funclet: unwind action of handler 0x004ca1cc (FuncInfo 0x004d62b8), pushed by member 0x00434680 SaveGameDialog_Ctor at 0x00434682"
menus,0x004ca1b6,EH_Unwind_SaveGameDialog_Ctor_7,"EH funclet: unwind action of handler 0x004ca1cc (FuncInfo 0x004d62b8), pushed by member 0x00434680 SaveGameDialog_Ctor at 0x00434682"
menus,0x004ca1be,EH_Unwind_SaveGameDialog_Ctor_8,"EH funclet: unwind action of handler 0x004ca1cc (FuncInfo 0x004d62b8), pushed by member 0x00434680 SaveGameDialog_Ctor at 0x00434682"
menus,0x004ca1cc,EH_Handler_SaveGameDialog_Ctor,"EH handler pushed by member 0x00434680 SaveGameDialog_Ctor (PUSH 0x004ca1cc at 0x00434682)"
menus,0x004ca1e0,EH_Unwind_SaveLoadDialogBase_Dtor_0,"EH funclet: unwind action of handler 0x004ca22e (FuncInfo 0x004d6320), pushed by member 0x004349a0 SaveLoadDialogBase_Dtor at 0x004349a2"
menus,0x004ca1e8,EH_Unwind_SaveLoadDialogBase_Dtor_1,"EH funclet: unwind action of handler 0x004ca22e (FuncInfo 0x004d6320), pushed by member 0x004349a0 SaveLoadDialogBase_Dtor at 0x004349a2"
menus,0x004ca1f6,EH_Unwind_SaveLoadDialogBase_Dtor_2,"EH funclet: unwind action of handler 0x004ca22e (FuncInfo 0x004d6320), pushed by member 0x004349a0 SaveLoadDialogBase_Dtor at 0x004349a2"
menus,0x004ca204,EH_Unwind_SaveLoadDialogBase_Dtor_3,"EH funclet: unwind action of handler 0x004ca22e (FuncInfo 0x004d6320), pushed by member 0x004349a0 SaveLoadDialogBase_Dtor at 0x004349a2"
menus,0x004ca212,EH_Unwind_SaveLoadDialogBase_Dtor_4,"EH funclet: unwind action of handler 0x004ca22e (FuncInfo 0x004d6320), pushed by member 0x004349a0 SaveLoadDialogBase_Dtor at 0x004349a2"
menus,0x004ca220,EH_Unwind_SaveLoadDialogBase_Dtor_5,"EH funclet: unwind action of handler 0x004ca22e (FuncInfo 0x004d6320), pushed by member 0x004349a0 SaveLoadDialogBase_Dtor at 0x004349a2"
menus,0x004ca22e,EH_Handler_SaveLoadDialogBase_Dtor,"EH handler pushed by member 0x004349a0 SaveLoadDialogBase_Dtor (PUSH 0x004ca22e at 0x004349a2)"
menus,0x004ca240,EH_Unwind_SaveGameDialog_Dtor_0,"EH funclet: unwind action of handler 0x004ca296 (FuncInfo 0x004d6370), pushed by member 0x00434a80 SaveGameDialog_Dtor at 0x00434a82"
menus,0x004ca248,EH_Unwind_SaveGameDialog_Dtor_1,"EH funclet: unwind action of handler 0x004ca296 (FuncInfo 0x004d6370), pushed by member 0x00434a80 SaveGameDialog_Dtor at 0x00434a82"
menus,0x004ca250,EH_Unwind_SaveGameDialog_Dtor_2,"EH funclet: unwind action of handler 0x004ca296 (FuncInfo 0x004d6370), pushed by member 0x00434a80 SaveGameDialog_Dtor at 0x00434a82"
menus,0x004ca25e,EH_Unwind_SaveGameDialog_Dtor_3,"EH funclet: unwind action of handler 0x004ca296 (FuncInfo 0x004d6370), pushed by member 0x00434a80 SaveGameDialog_Dtor at 0x00434a82"
menus,0x004ca26c,EH_Unwind_SaveGameDialog_Dtor_4,"EH funclet: unwind action of handler 0x004ca296 (FuncInfo 0x004d6370), pushed by member 0x00434a80 SaveGameDialog_Dtor at 0x00434a82"
menus,0x004ca27a,EH_Unwind_SaveGameDialog_Dtor_5,"EH funclet: unwind action of handler 0x004ca296 (FuncInfo 0x004d6370), pushed by member 0x00434a80 SaveGameDialog_Dtor at 0x00434a82"
menus,0x004ca288,EH_Unwind_SaveGameDialog_Dtor_6,"EH funclet: unwind action of handler 0x004ca296 (FuncInfo 0x004d6370), pushed by member 0x00434a80 SaveGameDialog_Dtor at 0x00434a82"
menus,0x004ca296,EH_Handler_SaveGameDialog_Dtor,"EH handler pushed by member 0x00434a80 SaveGameDialog_Dtor (PUSH 0x004ca296 at 0x00434a82)"
menus,0x004ca2a0,EH_Unwind_LoadGameDialog_Ctor_0,"EH funclet: unwind action of handler 0x004ca30c (FuncInfo 0x004d63c8), pushed by member 0x00434b90 LoadGameDialog_Ctor at 0x00434b92"
menus,0x004ca2a8,EH_Unwind_LoadGameDialog_Ctor_1,"EH funclet: unwind action of handler 0x004ca30c (FuncInfo 0x004d63c8), pushed by member 0x00434b90 LoadGameDialog_Ctor at 0x00434b92"
menus,0x004ca2b6,EH_Unwind_LoadGameDialog_Ctor_2,"EH funclet: unwind action of handler 0x004ca30c (FuncInfo 0x004d63c8), pushed by member 0x00434b90 LoadGameDialog_Ctor at 0x00434b92"
menus,0x004ca2c4,EH_Unwind_LoadGameDialog_Ctor_3,"EH funclet: unwind action of handler 0x004ca30c (FuncInfo 0x004d63c8), pushed by member 0x00434b90 LoadGameDialog_Ctor at 0x00434b92"
menus,0x004ca2d2,EH_Unwind_LoadGameDialog_Ctor_4,"EH funclet: unwind action of handler 0x004ca30c (FuncInfo 0x004d63c8), pushed by member 0x00434b90 LoadGameDialog_Ctor at 0x00434b92"
menus,0x004ca2e0,EH_Unwind_LoadGameDialog_Ctor_5,"EH funclet: unwind action of handler 0x004ca30c (FuncInfo 0x004d63c8), pushed by member 0x00434b90 LoadGameDialog_Ctor at 0x00434b92"
menus,0x004ca2e8,EH_Unwind_LoadGameDialog_Ctor_6,"EH funclet: unwind action of handler 0x004ca30c (FuncInfo 0x004d63c8), pushed by member 0x00434b90 LoadGameDialog_Ctor at 0x00434b92"
menus,0x004ca2f6,EH_Unwind_LoadGameDialog_Ctor_7,"EH funclet: unwind action of handler 0x004ca30c (FuncInfo 0x004d63c8), pushed by member 0x00434b90 LoadGameDialog_Ctor at 0x00434b92"
menus,0x004ca2fe,EH_Unwind_LoadGameDialog_Ctor_8,"EH funclet: unwind action of handler 0x004ca30c (FuncInfo 0x004d63c8), pushed by member 0x00434b90 LoadGameDialog_Ctor at 0x00434b92"
menus,0x004ca30c,EH_Handler_LoadGameDialog_Ctor,"EH handler pushed by member 0x00434b90 LoadGameDialog_Ctor (PUSH 0x004ca30c at 0x00434b92)"
menus,0x004ca320,EH_Unwind_LoadGameDialog_Dtor_0,"EH funclet: unwind action of handler 0x004ca376 (FuncInfo 0x004d6430), pushed by member 0x00434df0 LoadGameDialog_Dtor at 0x00434df2"
menus,0x004ca328,EH_Unwind_LoadGameDialog_Dtor_1,"EH funclet: unwind action of handler 0x004ca376 (FuncInfo 0x004d6430), pushed by member 0x00434df0 LoadGameDialog_Dtor at 0x00434df2"
menus,0x004ca330,EH_Unwind_LoadGameDialog_Dtor_2,"EH funclet: unwind action of handler 0x004ca376 (FuncInfo 0x004d6430), pushed by member 0x00434df0 LoadGameDialog_Dtor at 0x00434df2"
menus,0x004ca33e,EH_Unwind_LoadGameDialog_Dtor_3,"EH funclet: unwind action of handler 0x004ca376 (FuncInfo 0x004d6430), pushed by member 0x00434df0 LoadGameDialog_Dtor at 0x00434df2"
menus,0x004ca34c,EH_Unwind_LoadGameDialog_Dtor_4,"EH funclet: unwind action of handler 0x004ca376 (FuncInfo 0x004d6430), pushed by member 0x00434df0 LoadGameDialog_Dtor at 0x00434df2"
menus,0x004ca35a,EH_Unwind_LoadGameDialog_Dtor_5,"EH funclet: unwind action of handler 0x004ca376 (FuncInfo 0x004d6430), pushed by member 0x00434df0 LoadGameDialog_Dtor at 0x00434df2"
menus,0x004ca368,EH_Unwind_LoadGameDialog_Dtor_6,"EH funclet: unwind action of handler 0x004ca376 (FuncInfo 0x004d6430), pushed by member 0x00434df0 LoadGameDialog_Dtor at 0x00434df2"
menus,0x004ca376,EH_Handler_LoadGameDialog_Dtor,"EH handler pushed by member 0x00434df0 LoadGameDialog_Dtor (PUSH 0x004ca376 at 0x00434df2)"
menus,0x004ca380,EH_Unwind_SaveLoadScreen_Dtor_0,"EH funclet: unwind action of handler 0x004ca388 (FuncInfo 0x004d6488), pushed by member 0x00435cc0 SaveLoadScreen_Dtor at 0x00435cc2"
menus,0x004ca388,EH_Handler_SaveLoadScreen_Dtor,"EH handler pushed by member 0x00435cc0 SaveLoadScreen_Dtor (PUSH 0x004ca388 at 0x00435cc2)"
menus,0x004ca3a0,EH_Unwind_SaveLoadScreen_Create_0,"EH funclet: unwind action of handler 0x004ca3be (FuncInfo 0x004d64b0), pushed by member 0x00435d20 SaveLoadScreen_Create at 0x00435d2e"
menus,0x004ca3a8,EH_Unwind_SaveLoadScreen_Create_1,"EH funclet: unwind action of handler 0x004ca3be (FuncInfo 0x004d64b0), pushed by member 0x00435d20 SaveLoadScreen_Create at 0x00435d2e"
menus,0x004ca3b3,EH_Unwind_SaveLoadScreen_Create_2,"EH funclet: unwind action of handler 0x004ca3be (FuncInfo 0x004d64b0), pushed by member 0x00435d20 SaveLoadScreen_Create at 0x00435d2e"
menus,0x004ca3be,EH_Handler_SaveLoadScreen_Create,"EH handler pushed by member 0x00435d20 SaveLoadScreen_Create (PUSH 0x004ca3be at 0x00435d2e)"
turret,0x004ca3d0,EH_Unwind_Turret_SpawnAllFromConfig_0,"EH funclet: unwind action of handler 0x004ca3db (FuncInfo 0x004d64e8), pushed by member 0x00437ac0 Turret_SpawnAllFromConfig at 0x00437ac2"
turret,0x004ca3db,EH_Handler_Turret_SpawnAllFromConfig,"EH handler pushed by member 0x00437ac0 Turret_SpawnAllFromConfig (PUSH 0x004ca3db at 0x00437ac2)"
menus,0x004ca3f0,EH_Unwind_MessageBox_RunModal_0,"EH funclet: unwind action of handler 0x004ca3fb (FuncInfo 0x004d6510), pushed by member 0x00438350 MessageBox_RunModal at 0x00438358"
menus,0x004ca3fb,EH_Handler_MessageBox_RunModal,"EH handler pushed by member 0x00438350 MessageBox_RunModal (PUSH 0x004ca3fb at 0x00438358)"
turret,0x004ca410,EH_Unwind_TurretTable_Create_0,"EH funclet: unwind action of handler 0x004ca41b (FuncInfo 0x004d6538), pushed by member 0x00438a90 TurretTable_Create at 0x00438a92"
turret,0x004ca41b,EH_Handler_TurretTable_Create,"EH handler pushed by member 0x00438a90 TurretTable_Create (PUSH 0x004ca41b at 0x00438a92)"
znetwork,0x004ca430,EH_Unwind_ZoneDlg_SendChatLine_0,"EH funclet: unwind action of handler 0x004ca438 (FuncInfo 0x004d6560), pushed by member 0x0043cf90 ZoneDlg_SendChatLine at 0x0043cf92"
znetwork,0x004ca438,EH_Handler_ZoneDlg_SendChatLine,"EH handler pushed by member 0x0043cf90 ZoneDlg_SendChatLine (PUSH 0x004ca438 at 0x0043cf92)"
znetwork,0x004ca450,EH_Unwind_Zone_LaunchSession_0,"EH funclet: unwind action of handler 0x004ca466 (FuncInfo 0x004d6588), pushed by member 0x0043d2e0 Zone_LaunchSession at 0x0043d2e8"
znetwork,0x004ca45b,EH_Unwind_Zone_LaunchSession_1,"EH funclet: unwind action of handler 0x004ca466 (FuncInfo 0x004d6588), pushed by member 0x0043d2e0 Zone_LaunchSession at 0x0043d2e8"
znetwork,0x004ca466,EH_Handler_Zone_LaunchSession,"EH handler pushed by member 0x0043d2e0 Zone_LaunchSession (PUSH 0x004ca466 at 0x0043d2e8)"
znetwork,0x004ca470,EH_Unwind_ZoneDlg_ctor_0,"EH funclet: unwind action of handler 0x004ca57f (FuncInfo 0x004d65b8), pushed by member 0x0043d740 ZoneDlg_ctor at 0x0043d742"
znetwork,0x004ca478,EH_Unwind_ZoneDlg_ctor_1,"EH funclet: unwind action of handler 0x004ca57f (FuncInfo 0x004d65b8), pushed by member 0x0043d740 ZoneDlg_ctor at 0x0043d742"
znetwork,0x004ca483,EH_Unwind_ZoneDlg_ctor_2,"EH funclet: unwind action of handler 0x004ca57f (FuncInfo 0x004d65b8), pushed by member 0x0043d740 ZoneDlg_ctor at 0x0043d742"
znetwork,0x004ca491,EH_Unwind_ZoneDlg_ctor_3,"EH funclet: unwind action of handler 0x004ca57f (FuncInfo 0x004d65b8), pushed by member 0x0043d740 ZoneDlg_ctor at 0x0043d742"
znetwork,0x004ca49f,EH_Unwind_ZoneDlg_ctor_4,"EH funclet: unwind action of handler 0x004ca57f (FuncInfo 0x004d65b8), pushed by member 0x0043d740 ZoneDlg_ctor at 0x0043d742"
znetwork,0x004ca4ad,EH_Unwind_ZoneDlg_ctor_5,"EH funclet: unwind action of handler 0x004ca57f (FuncInfo 0x004d65b8), pushed by member 0x0043d740 ZoneDlg_ctor at 0x0043d742"
znetwork,0x004ca4bb,EH_Unwind_ZoneDlg_ctor_6,"EH funclet: unwind action of handler 0x004ca57f (FuncInfo 0x004d65b8), pushed by member 0x0043d740 ZoneDlg_ctor at 0x0043d742"
znetwork,0x004ca4c9,EH_Unwind_ZoneDlg_ctor_7,"EH funclet: unwind action of handler 0x004ca57f (FuncInfo 0x004d65b8), pushed by member 0x0043d740 ZoneDlg_ctor at 0x0043d742"
znetwork,0x004ca4d7,EH_Unwind_ZoneDlg_ctor_8,"EH funclet: unwind action of handler 0x004ca57f (FuncInfo 0x004d65b8), pushed by member 0x0043d740 ZoneDlg_ctor at 0x0043d742"
znetwork,0x004ca4e5,EH_Unwind_ZoneDlg_ctor_9,"EH funclet: unwind action of handler 0x004ca57f (FuncInfo 0x004d65b8), pushed by member 0x0043d740 ZoneDlg_ctor at 0x0043d742"
znetwork,0x004ca4f3,EH_Unwind_ZoneDlg_ctor_10,"EH funclet: unwind action of handler 0x004ca57f (FuncInfo 0x004d65b8), pushed by member 0x0043d740 ZoneDlg_ctor at 0x0043d742"
znetwork,0x004ca501,EH_Unwind_ZoneDlg_ctor_11,"EH funclet: unwind action of handler 0x004ca57f (FuncInfo 0x004d65b8), pushed by member 0x0043d740 ZoneDlg_ctor at 0x0043d742"
znetwork,0x004ca50f,EH_Unwind_ZoneDlg_ctor_12,"EH funclet: unwind action of handler 0x004ca57f (FuncInfo 0x004d65b8), pushed by member 0x0043d740 ZoneDlg_ctor at 0x0043d742"
znetwork,0x004ca51d,EH_Unwind_ZoneDlg_ctor_13,"EH funclet: unwind action of handler 0x004ca57f (FuncInfo 0x004d65b8), pushed by member 0x0043d740 ZoneDlg_ctor at 0x0043d742"
znetwork,0x004ca52b,EH_Unwind_ZoneDlg_ctor_14,"EH funclet: unwind action of handler 0x004ca57f (FuncInfo 0x004d65b8), pushed by member 0x0043d740 ZoneDlg_ctor at 0x0043d742"
znetwork,0x004ca539,EH_Unwind_ZoneDlg_ctor_15,"EH funclet: unwind action of handler 0x004ca57f (FuncInfo 0x004d65b8), pushed by member 0x0043d740 ZoneDlg_ctor at 0x0043d742"
znetwork,0x004ca547,EH_Unwind_ZoneDlg_ctor_16,"EH funclet: unwind action of handler 0x004ca57f (FuncInfo 0x004d65b8), pushed by member 0x0043d740 ZoneDlg_ctor at 0x0043d742"
znetwork,0x004ca555,EH_Unwind_ZoneDlg_ctor_17,"EH funclet: unwind action of handler 0x004ca57f (FuncInfo 0x004d65b8), pushed by member 0x0043d740 ZoneDlg_ctor at 0x0043d742"
znetwork,0x004ca563,EH_Unwind_ZoneDlg_ctor_18,"EH funclet: unwind action of handler 0x004ca57f (FuncInfo 0x004d65b8), pushed by member 0x0043d740 ZoneDlg_ctor at 0x0043d742"
znetwork,0x004ca571,EH_Unwind_ZoneDlg_ctor_19,"EH funclet: unwind action of handler 0x004ca57f (FuncInfo 0x004d65b8), pushed by member 0x0043d740 ZoneDlg_ctor at 0x0043d742"
znetwork,0x004ca57f,EH_Handler_ZoneDlg_ctor,"EH handler pushed by member 0x0043d740 ZoneDlg_ctor (PUSH 0x004ca57f at 0x0043d742)"
znetwork,0x004ca590,EH_Unwind_ZoneDlg_dtor_0,"EH funclet: unwind action of handler 0x004ca69f (FuncInfo 0x004d6678), pushed by member 0x0043d9a0 ZoneDlg_dtor at 0x0043d9a2"
znetwork,0x004ca598,EH_Unwind_ZoneDlg_dtor_1,"EH funclet: unwind action of handler 0x004ca69f (FuncInfo 0x004d6678), pushed by member 0x0043d9a0 ZoneDlg_dtor at 0x0043d9a2"
znetwork,0x004ca5a3,EH_Unwind_ZoneDlg_dtor_2,"EH funclet: unwind action of handler 0x004ca69f (FuncInfo 0x004d6678), pushed by member 0x0043d9a0 ZoneDlg_dtor at 0x0043d9a2"
znetwork,0x004ca5b1,EH_Unwind_ZoneDlg_dtor_3,"EH funclet: unwind action of handler 0x004ca69f (FuncInfo 0x004d6678), pushed by member 0x0043d9a0 ZoneDlg_dtor at 0x0043d9a2"
znetwork,0x004ca5bf,EH_Unwind_ZoneDlg_dtor_4,"EH funclet: unwind action of handler 0x004ca69f (FuncInfo 0x004d6678), pushed by member 0x0043d9a0 ZoneDlg_dtor at 0x0043d9a2"
znetwork,0x004ca5cd,EH_Unwind_ZoneDlg_dtor_5,"EH funclet: unwind action of handler 0x004ca69f (FuncInfo 0x004d6678), pushed by member 0x0043d9a0 ZoneDlg_dtor at 0x0043d9a2"
znetwork,0x004ca5db,EH_Unwind_ZoneDlg_dtor_6,"EH funclet: unwind action of handler 0x004ca69f (FuncInfo 0x004d6678), pushed by member 0x0043d9a0 ZoneDlg_dtor at 0x0043d9a2"
znetwork,0x004ca5e9,EH_Unwind_ZoneDlg_dtor_7,"EH funclet: unwind action of handler 0x004ca69f (FuncInfo 0x004d6678), pushed by member 0x0043d9a0 ZoneDlg_dtor at 0x0043d9a2"
znetwork,0x004ca5f7,EH_Unwind_ZoneDlg_dtor_8,"EH funclet: unwind action of handler 0x004ca69f (FuncInfo 0x004d6678), pushed by member 0x0043d9a0 ZoneDlg_dtor at 0x0043d9a2"
znetwork,0x004ca605,EH_Unwind_ZoneDlg_dtor_9,"EH funclet: unwind action of handler 0x004ca69f (FuncInfo 0x004d6678), pushed by member 0x0043d9a0 ZoneDlg_dtor at 0x0043d9a2"
znetwork,0x004ca613,EH_Unwind_ZoneDlg_dtor_10,"EH funclet: unwind action of handler 0x004ca69f (FuncInfo 0x004d6678), pushed by member 0x0043d9a0 ZoneDlg_dtor at 0x0043d9a2"
znetwork,0x004ca621,EH_Unwind_ZoneDlg_dtor_11,"EH funclet: unwind action of handler 0x004ca69f (FuncInfo 0x004d6678), pushed by member 0x0043d9a0 ZoneDlg_dtor at 0x0043d9a2"
znetwork,0x004ca62f,EH_Unwind_ZoneDlg_dtor_12,"EH funclet: unwind action of handler 0x004ca69f (FuncInfo 0x004d6678), pushed by member 0x0043d9a0 ZoneDlg_dtor at 0x0043d9a2"
znetwork,0x004ca63d,EH_Unwind_ZoneDlg_dtor_13,"EH funclet: unwind action of handler 0x004ca69f (FuncInfo 0x004d6678), pushed by member 0x0043d9a0 ZoneDlg_dtor at 0x0043d9a2"
znetwork,0x004ca64b,EH_Unwind_ZoneDlg_dtor_14,"EH funclet: unwind action of handler 0x004ca69f (FuncInfo 0x004d6678), pushed by member 0x0043d9a0 ZoneDlg_dtor at 0x0043d9a2"
znetwork,0x004ca659,EH_Unwind_ZoneDlg_dtor_15,"EH funclet: unwind action of handler 0x004ca69f (FuncInfo 0x004d6678), pushed by member 0x0043d9a0 ZoneDlg_dtor at 0x0043d9a2"
znetwork,0x004ca667,EH_Unwind_ZoneDlg_dtor_16,"EH funclet: unwind action of handler 0x004ca69f (FuncInfo 0x004d6678), pushed by member 0x0043d9a0 ZoneDlg_dtor at 0x0043d9a2"
znetwork,0x004ca675,EH_Unwind_ZoneDlg_dtor_17,"EH funclet: unwind action of handler 0x004ca69f (FuncInfo 0x004d6678), pushed by member 0x0043d9a0 ZoneDlg_dtor at 0x0043d9a2"
znetwork,0x004ca683,EH_Unwind_ZoneDlg_dtor_18,"EH funclet: unwind action of handler 0x004ca69f (FuncInfo 0x004d6678), pushed by member 0x0043d9a0 ZoneDlg_dtor at 0x0043d9a2"
znetwork,0x004ca691,EH_Unwind_ZoneDlg_dtor_19,"EH funclet: unwind action of handler 0x004ca69f (FuncInfo 0x004d6678), pushed by member 0x0043d9a0 ZoneDlg_dtor at 0x0043d9a2"
znetwork,0x004ca69f,EH_Handler_ZoneDlg_dtor,"EH handler pushed by member 0x0043d9a0 ZoneDlg_dtor (PUSH 0x004ca69f at 0x0043d9a2)"
znetwork,0x004ca6b0,EH_Unwind_ZoneDlg_OnInitDialog_0,"EH funclet: unwind action of handler 0x004ca6e8 (FuncInfo 0x004d6738), pushed by member 0x0043dcd0 ZoneDlg_OnInitDialog at 0x0043dcd2"
znetwork,0x004ca6b8,EH_Unwind_ZoneDlg_OnInitDialog_1,"EH funclet: unwind action of handler 0x004ca6e8 (FuncInfo 0x004d6738), pushed by member 0x0043dcd0 ZoneDlg_OnInitDialog at 0x0043dcd2"
znetwork,0x004ca6c0,EH_Unwind_ZoneDlg_OnInitDialog_2,"EH funclet: unwind action of handler 0x004ca6e8 (FuncInfo 0x004d6738), pushed by member 0x0043dcd0 ZoneDlg_OnInitDialog at 0x0043dcd2"
znetwork,0x004ca6c8,EH_Unwind_ZoneDlg_OnInitDialog_3,"EH funclet: unwind action of handler 0x004ca6e8 (FuncInfo 0x004d6738), pushed by member 0x0043dcd0 ZoneDlg_OnInitDialog at 0x0043dcd2"
znetwork,0x004ca6d0,EH_Unwind_ZoneDlg_OnInitDialog_4,"EH funclet: unwind action of handler 0x004ca6e8 (FuncInfo 0x004d6738), pushed by member 0x0043dcd0 ZoneDlg_OnInitDialog at 0x0043dcd2"
znetwork,0x004ca6d8,EH_Unwind_ZoneDlg_OnInitDialog_5,"EH funclet: unwind action of handler 0x004ca6e8 (FuncInfo 0x004d6738), pushed by member 0x0043dcd0 ZoneDlg_OnInitDialog at 0x0043dcd2"
znetwork,0x004ca6e0,EH_Unwind_ZoneDlg_OnInitDialog_6,"EH funclet: unwind action of handler 0x004ca6e8 (FuncInfo 0x004d6738), pushed by member 0x0043dcd0 ZoneDlg_OnInitDialog at 0x0043dcd2"
znetwork,0x004ca6e8,EH_Handler_ZoneDlg_OnInitDialog,"EH handler pushed by member 0x0043dcd0 ZoneDlg_OnInitDialog (PUSH 0x004ca6e8 at 0x0043dcd2)"
znetwork,0x004ca700,EH_Unwind_ZoneDlg_EnterRoomByTypedName_0,"EH funclet: unwind action of handler 0x004ca70b (FuncInfo 0x004d6790), pushed by member 0x0043e6a0 ZoneDlg_EnterRoomByTypedName_0043e6a0 at 0x0043e6a8"
znetwork,0x004ca70b,EH_Handler_ZoneDlg_EnterRoomByTypedName,"EH handler pushed by member 0x0043e6a0 ZoneDlg_EnterRoomByTypedName_0043e6a0 (PUSH 0x004ca70b at 0x0043e6a8)"
znetwork,0x004ca720,EH_Unwind_ZoneDlg_OnCreateRoom_0,"EH funclet: unwind action of handler 0x004ca72b (FuncInfo 0x004d67b8), pushed by member 0x0043e900 ZoneDlg_OnCreateRoom at 0x0043e902"
znetwork,0x004ca72b,EH_Handler_ZoneDlg_OnCreateRoom,"EH handler pushed by member 0x0043e900 ZoneDlg_OnCreateRoom (PUSH 0x004ca72b at 0x0043e902)"
znetwork,0x004ca740,EH_Unwind_Zone_RunLobby_0,"EH funclet: unwind action of handler 0x004ca8fc (FuncInfo 0x004d67e0), pushed by member 0x0043efe0 Zone_RunLobby at 0x0043efe2"
znetwork,0x004ca74b,EH_Unwind_Zone_RunLobby_1,"EH funclet: unwind action of handler 0x004ca8fc (FuncInfo 0x004d67e0), pushed by member 0x0043efe0 Zone_RunLobby at 0x0043efe2"
znetwork,0x004ca756,EH_Unwind_Zone_RunLobby_2,"EH funclet: unwind action of handler 0x004ca8fc (FuncInfo 0x004d67e0), pushed by member 0x0043efe0 Zone_RunLobby at 0x0043efe2"
znetwork,0x004ca761,EH_Unwind_Zone_RunLobby_3,"EH funclet: unwind action of handler 0x004ca8fc (FuncInfo 0x004d67e0), pushed by member 0x0043efe0 Zone_RunLobby at 0x0043efe2"
znetwork,0x004ca76c,EH_Unwind_Zone_RunLobby_4,"EH funclet: unwind action of handler 0x004ca8fc (FuncInfo 0x004d67e0), pushed by member 0x0043efe0 Zone_RunLobby at 0x0043efe2"
znetwork,0x004ca777,EH_Unwind_Zone_RunLobby_5,"EH funclet: unwind action of handler 0x004ca8fc (FuncInfo 0x004d67e0), pushed by member 0x0043efe0 Zone_RunLobby at 0x0043efe2"
znetwork,0x004ca782,EH_Unwind_Zone_RunLobby_6,"EH funclet: unwind action of handler 0x004ca8fc (FuncInfo 0x004d67e0), pushed by member 0x0043efe0 Zone_RunLobby at 0x0043efe2"
znetwork,0x004ca78d,EH_Unwind_Zone_RunLobby_7,"EH funclet: unwind action of handler 0x004ca8fc (FuncInfo 0x004d67e0), pushed by member 0x0043efe0 Zone_RunLobby at 0x0043efe2"
znetwork,0x004ca798,EH_Unwind_Zone_RunLobby_8,"EH funclet: unwind action of handler 0x004ca8fc (FuncInfo 0x004d67e0), pushed by member 0x0043efe0 Zone_RunLobby at 0x0043efe2"
znetwork,0x004ca7a3,EH_Unwind_Zone_RunLobby_9,"EH funclet: unwind action of handler 0x004ca8fc (FuncInfo 0x004d67e0), pushed by member 0x0043efe0 Zone_RunLobby at 0x0043efe2"
znetwork,0x004ca7ae,EH_Unwind_Zone_RunLobby_10,"EH funclet: unwind action of handler 0x004ca8fc (FuncInfo 0x004d67e0), pushed by member 0x0043efe0 Zone_RunLobby at 0x0043efe2"
znetwork,0x004ca7b9,EH_Unwind_Zone_RunLobby_11,"EH funclet: unwind action of handler 0x004ca8fc (FuncInfo 0x004d67e0), pushed by member 0x0043efe0 Zone_RunLobby at 0x0043efe2"
znetwork,0x004ca7c4,EH_Unwind_Zone_RunLobby_12,"EH funclet: unwind action of handler 0x004ca8fc (FuncInfo 0x004d67e0), pushed by member 0x0043efe0 Zone_RunLobby at 0x0043efe2"
znetwork,0x004ca7cf,EH_Unwind_Zone_RunLobby_13,"EH funclet: unwind action of handler 0x004ca8fc (FuncInfo 0x004d67e0), pushed by member 0x0043efe0 Zone_RunLobby at 0x0043efe2"
znetwork,0x004ca7da,EH_Unwind_Zone_RunLobby_14,"EH funclet: unwind action of handler 0x004ca8fc (FuncInfo 0x004d67e0), pushed by member 0x0043efe0 Zone_RunLobby at 0x0043efe2"
znetwork,0x004ca7e5,EH_Unwind_Zone_RunLobby_15,"EH funclet: unwind action of handler 0x004ca8fc (FuncInfo 0x004d67e0), pushed by member 0x0043efe0 Zone_RunLobby at 0x0043efe2"
znetwork,0x004ca7f0,EH_Unwind_Zone_RunLobby_16,"EH funclet: unwind action of handler 0x004ca8fc (FuncInfo 0x004d67e0), pushed by member 0x0043efe0 Zone_RunLobby at 0x0043efe2"
znetwork,0x004ca7fb,EH_Unwind_Zone_RunLobby_17,"EH funclet: unwind action of handler 0x004ca8fc (FuncInfo 0x004d67e0), pushed by member 0x0043efe0 Zone_RunLobby at 0x0043efe2"
znetwork,0x004ca806,EH_Unwind_Zone_RunLobby_18,"EH funclet: unwind action of handler 0x004ca8fc (FuncInfo 0x004d67e0), pushed by member 0x0043efe0 Zone_RunLobby at 0x0043efe2"
znetwork,0x004ca811,EH_Unwind_Zone_RunLobby_19,"EH funclet: unwind action of handler 0x004ca8fc (FuncInfo 0x004d67e0), pushed by member 0x0043efe0 Zone_RunLobby at 0x0043efe2"
znetwork,0x004ca819,EH_Unwind_Zone_RunLobby_20,"EH funclet: unwind action of handler 0x004ca8fc (FuncInfo 0x004d67e0), pushed by member 0x0043efe0 Zone_RunLobby at 0x0043efe2"
znetwork,0x004ca821,EH_Unwind_Zone_RunLobby_21,"EH funclet: unwind action of handler 0x004ca8fc (FuncInfo 0x004d67e0), pushed by member 0x0043efe0 Zone_RunLobby at 0x0043efe2"
znetwork,0x004ca829,EH_Unwind_Zone_RunLobby_22,"EH funclet: unwind action of handler 0x004ca8fc (FuncInfo 0x004d67e0), pushed by member 0x0043efe0 Zone_RunLobby at 0x0043efe2"
znetwork,0x004ca834,EH_Unwind_Zone_RunLobby_23,"EH funclet: unwind action of handler 0x004ca8fc (FuncInfo 0x004d67e0), pushed by member 0x0043efe0 Zone_RunLobby at 0x0043efe2"
znetwork,0x004ca83f,EH_Unwind_Zone_RunLobby_24,"EH funclet: unwind action of handler 0x004ca8fc (FuncInfo 0x004d67e0), pushed by member 0x0043efe0 Zone_RunLobby at 0x0043efe2"
znetwork,0x004ca84a,EH_Unwind_Zone_RunLobby_25,"EH funclet: unwind action of handler 0x004ca8fc (FuncInfo 0x004d67e0), pushed by member 0x0043efe0 Zone_RunLobby at 0x0043efe2"
znetwork,0x004ca855,EH_Unwind_Zone_RunLobby_26,"EH funclet: unwind action of handler 0x004ca8fc (FuncInfo 0x004d67e0), pushed by member 0x0043efe0 Zone_RunLobby at 0x0043efe2"
znetwork,0x004ca860,EH_Unwind_Zone_RunLobby_27,"EH funclet: unwind action of handler 0x004ca8fc (FuncInfo 0x004d67e0), pushed by member 0x0043efe0 Zone_RunLobby at 0x0043efe2"
znetwork,0x004ca86b,EH_Unwind_Zone_RunLobby_28,"EH funclet: unwind action of handler 0x004ca8fc (FuncInfo 0x004d67e0), pushed by member 0x0043efe0 Zone_RunLobby at 0x0043efe2"
znetwork,0x004ca876,EH_Unwind_Zone_RunLobby_29,"EH funclet: unwind action of handler 0x004ca8fc (FuncInfo 0x004d67e0), pushed by member 0x0043efe0 Zone_RunLobby at 0x0043efe2"
znetwork,0x004ca881,EH_Unwind_Zone_RunLobby_30,"EH funclet: unwind action of handler 0x004ca8fc (FuncInfo 0x004d67e0), pushed by member 0x0043efe0 Zone_RunLobby at 0x0043efe2"
znetwork,0x004ca88c,EH_Unwind_Zone_RunLobby_31,"EH funclet: unwind action of handler 0x004ca8fc (FuncInfo 0x004d67e0), pushed by member 0x0043efe0 Zone_RunLobby at 0x0043efe2"
znetwork,0x004ca897,EH_Unwind_Zone_RunLobby_32,"EH funclet: unwind action of handler 0x004ca8fc (FuncInfo 0x004d67e0), pushed by member 0x0043efe0 Zone_RunLobby at 0x0043efe2"
znetwork,0x004ca8a2,EH_Unwind_Zone_RunLobby_33,"EH funclet: unwind action of handler 0x004ca8fc (FuncInfo 0x004d67e0), pushed by member 0x0043efe0 Zone_RunLobby at 0x0043efe2"
znetwork,0x004ca8ad,EH_Unwind_Zone_RunLobby_34,"EH funclet: unwind action of handler 0x004ca8fc (FuncInfo 0x004d67e0), pushed by member 0x0043efe0 Zone_RunLobby at 0x0043efe2"
znetwork,0x004ca8b8,EH_Unwind_Zone_RunLobby_35,"EH funclet: unwind action of handler 0x004ca8fc (FuncInfo 0x004d67e0), pushed by member 0x0043efe0 Zone_RunLobby at 0x0043efe2"
znetwork,0x004ca8c3,EH_Unwind_Zone_RunLobby_36,"EH funclet: unwind action of handler 0x004ca8fc (FuncInfo 0x004d67e0), pushed by member 0x0043efe0 Zone_RunLobby at 0x0043efe2"
znetwork,0x004ca8ce,EH_Unwind_Zone_RunLobby_37,"EH funclet: unwind action of handler 0x004ca8fc (FuncInfo 0x004d67e0), pushed by member 0x0043efe0 Zone_RunLobby at 0x0043efe2"
znetwork,0x004ca8d9,EH_Unwind_Zone_RunLobby_38,"EH funclet: unwind action of handler 0x004ca8fc (FuncInfo 0x004d67e0), pushed by member 0x0043efe0 Zone_RunLobby at 0x0043efe2"
znetwork,0x004ca8e4,EH_Unwind_Zone_RunLobby_39,"EH funclet: unwind action of handler 0x004ca8fc (FuncInfo 0x004d67e0), pushed by member 0x0043efe0 Zone_RunLobby at 0x0043efe2"
znetwork,0x004ca8ec,EH_Unwind_Zone_RunLobby_40,"EH funclet: unwind action of handler 0x004ca8fc (FuncInfo 0x004d67e0), pushed by member 0x0043efe0 Zone_RunLobby at 0x0043efe2"
znetwork,0x004ca8f4,EH_Unwind_Zone_RunLobby_41,"EH funclet: unwind action of handler 0x004ca8fc (FuncInfo 0x004d67e0), pushed by member 0x0043efe0 Zone_RunLobby at 0x0043efe2"
znetwork,0x004ca8fc,EH_Handler_Zone_RunLobby,"EH handler pushed by member 0x0043efe0 Zone_RunLobby (PUSH 0x004ca8fc at 0x0043efe2)"
znetwork,0x004ca930,EH_Unwind_ZoneSink_OnLaunchGame_0,"EH funclet: unwind action of handler 0x004ca951 (FuncInfo 0x004d69c0), pushed by member 0x004404c0 ZoneSink_OnLaunchGame at 0x004404c2"
znetwork,0x004ca93b,EH_Unwind_ZoneSink_OnLaunchGame_1,"EH funclet: unwind action of handler 0x004ca951 (FuncInfo 0x004d69c0), pushed by member 0x004404c0 ZoneSink_OnLaunchGame at 0x004404c2"
znetwork,0x004ca946,EH_Unwind_ZoneSink_OnLaunchGame_2,"EH funclet: unwind action of handler 0x004ca951 (FuncInfo 0x004d69c0), pushed by member 0x004404c0 ZoneSink_OnLaunchGame at 0x004404c2"
znetwork,0x004ca951,EH_Handler_ZoneSink_OnLaunchGame,"EH handler pushed by member 0x004404c0 ZoneSink_OnLaunchGame (PUSH 0x004ca951 at 0x004404c2)"
znetwork,0x004ca960,EH_Unwind_ZoneSink_OnRoomSettingsA_0,"EH funclet: unwind action of handler 0x004ca9a0 (FuncInfo 0x004d69f8), pushed by member 0x004407e0 ZoneSink_OnRoomSettingsA at 0x004407e2"
znetwork,0x004ca968,EH_Unwind_ZoneSink_OnRoomSettingsA_1,"EH funclet: unwind action of handler 0x004ca9a0 (FuncInfo 0x004d69f8), pushed by member 0x004407e0 ZoneSink_OnRoomSettingsA at 0x004407e2"
znetwork,0x004ca970,EH_Unwind_ZoneSink_OnRoomSettingsA_2,"EH funclet: unwind action of handler 0x004ca9a0 (FuncInfo 0x004d69f8), pushed by member 0x004407e0 ZoneSink_OnRoomSettingsA at 0x004407e2"
znetwork,0x004ca978,EH_Unwind_ZoneSink_OnRoomSettingsA_3,"EH funclet: unwind action of handler 0x004ca9a0 (FuncInfo 0x004d69f8), pushed by member 0x004407e0 ZoneSink_OnRoomSettingsA at 0x004407e2"
znetwork,0x004ca980,EH_Unwind_ZoneSink_OnRoomSettingsA_4,"EH funclet: unwind action of handler 0x004ca9a0 (FuncInfo 0x004d69f8), pushed by member 0x004407e0 ZoneSink_OnRoomSettingsA at 0x004407e2"
znetwork,0x004ca988,EH_Unwind_ZoneSink_OnRoomSettingsA_5,"EH funclet: unwind action of handler 0x004ca9a0 (FuncInfo 0x004d69f8), pushed by member 0x004407e0 ZoneSink_OnRoomSettingsA at 0x004407e2"
znetwork,0x004ca990,EH_Unwind_ZoneSink_OnRoomSettingsA_6,"EH funclet: unwind action of handler 0x004ca9a0 (FuncInfo 0x004d69f8), pushed by member 0x004407e0 ZoneSink_OnRoomSettingsA at 0x004407e2"
znetwork,0x004ca998,EH_Unwind_ZoneSink_OnRoomSettingsA_7,"EH funclet: unwind action of handler 0x004ca9a0 (FuncInfo 0x004d69f8), pushed by member 0x004407e0 ZoneSink_OnRoomSettingsA at 0x004407e2"
znetwork,0x004ca9a0,EH_Handler_ZoneSink_OnRoomSettingsA,"EH handler pushed by member 0x004407e0 ZoneSink_OnRoomSettingsA (PUSH 0x004ca9a0 at 0x004407e2)"
znetwork,0x004ca9b0,EH_Unwind_ZoneSink_OnRoomSettingsB_0,"EH funclet: unwind action of handler 0x004ca9f0 (FuncInfo 0x004d6a58), pushed by member 0x00440a30 ZoneSink_OnRoomSettingsB at 0x00440a32"
znetwork,0x004ca9b8,EH_Unwind_ZoneSink_OnRoomSettingsB_1,"EH funclet: unwind action of handler 0x004ca9f0 (FuncInfo 0x004d6a58), pushed by member 0x00440a30 ZoneSink_OnRoomSettingsB at 0x00440a32"
znetwork,0x004ca9c0,EH_Unwind_ZoneSink_OnRoomSettingsB_2,"EH funclet: unwind action of handler 0x004ca9f0 (FuncInfo 0x004d6a58), pushed by member 0x00440a30 ZoneSink_OnRoomSettingsB at 0x00440a32"
znetwork,0x004ca9c8,EH_Unwind_ZoneSink_OnRoomSettingsB_3,"EH funclet: unwind action of handler 0x004ca9f0 (FuncInfo 0x004d6a58), pushed by member 0x00440a30 ZoneSink_OnRoomSettingsB at 0x00440a32"
znetwork,0x004ca9d0,EH_Unwind_ZoneSink_OnRoomSettingsB_4,"EH funclet: unwind action of handler 0x004ca9f0 (FuncInfo 0x004d6a58), pushed by member 0x00440a30 ZoneSink_OnRoomSettingsB at 0x00440a32"
znetwork,0x004ca9d8,EH_Unwind_ZoneSink_OnRoomSettingsB_5,"EH funclet: unwind action of handler 0x004ca9f0 (FuncInfo 0x004d6a58), pushed by member 0x00440a30 ZoneSink_OnRoomSettingsB at 0x00440a32"
znetwork,0x004ca9e0,EH_Unwind_ZoneSink_OnRoomSettingsB_6,"EH funclet: unwind action of handler 0x004ca9f0 (FuncInfo 0x004d6a58), pushed by member 0x00440a30 ZoneSink_OnRoomSettingsB at 0x00440a32"
znetwork,0x004ca9e8,EH_Unwind_ZoneSink_OnRoomSettingsB_7,"EH funclet: unwind action of handler 0x004ca9f0 (FuncInfo 0x004d6a58), pushed by member 0x00440a30 ZoneSink_OnRoomSettingsB at 0x00440a32"
znetwork,0x004ca9f0,EH_Handler_ZoneSink_OnRoomSettingsB,"EH handler pushed by member 0x00440a30 ZoneSink_OnRoomSettingsB (PUSH 0x004ca9f0 at 0x00440a32)"
znetwork,0x004caa00,EH_Unwind_ZoneSink_Dtor_0,"EH funclet: unwind action of handler 0x004caa08 (FuncInfo 0x004d6ab8), pushed by member 0x00441680 ZoneSink_Dtor at 0x00441682"
znetwork,0x004caa08,EH_Handler_ZoneSink_Dtor,"EH handler pushed by member 0x00441680 ZoneSink_Dtor (PUSH 0x004caa08 at 0x00441682)"
znetwork,0x004caa20,EH_Unwind_WolLoginDialog_Ctor_0,"EH funclet: unwind action of handler 0x004caabd (FuncInfo 0x004d6ae0), pushed by member 0x00441750 WolLoginDialog_Ctor at 0x00441752"
znetwork,0x004caa28,EH_Unwind_WolLoginDialog_Ctor_1,"EH funclet: unwind action of handler 0x004caabd (FuncInfo 0x004d6ae0), pushed by member 0x00441750 WolLoginDialog_Ctor at 0x00441752"
znetwork,0x004caa33,EH_Unwind_WolLoginDialog_Ctor_2,"EH funclet: unwind action of handler 0x004caabd (FuncInfo 0x004d6ae0), pushed by member 0x00441750 WolLoginDialog_Ctor at 0x00441752"
znetwork,0x004caa41,EH_Unwind_WolLoginDialog_Ctor_3,"EH funclet: unwind action of handler 0x004caabd (FuncInfo 0x004d6ae0), pushed by member 0x00441750 WolLoginDialog_Ctor at 0x00441752"
znetwork,0x004caa4f,EH_Unwind_WolLoginDialog_Ctor_4,"EH funclet: unwind action of handler 0x004caabd (FuncInfo 0x004d6ae0), pushed by member 0x00441750 WolLoginDialog_Ctor at 0x00441752"
znetwork,0x004caa5d,EH_Unwind_WolLoginDialog_Ctor_5,"EH funclet: unwind action of handler 0x004caabd (FuncInfo 0x004d6ae0), pushed by member 0x00441750 WolLoginDialog_Ctor at 0x00441752"
znetwork,0x004caa75,EH_Unwind_WolLoginDialog_Ctor_6,"EH funclet: unwind action of handler 0x004caabd (FuncInfo 0x004d6ae0), pushed by member 0x00441750 WolLoginDialog_Ctor at 0x00441752"
znetwork,0x004caa8d,EH_Unwind_WolLoginDialog_Ctor_7,"EH funclet: unwind action of handler 0x004caabd (FuncInfo 0x004d6ae0), pushed by member 0x00441750 WolLoginDialog_Ctor at 0x00441752"
znetwork,0x004caaa5,EH_Unwind_WolLoginDialog_Ctor_8,"EH funclet: unwind action of handler 0x004caabd (FuncInfo 0x004d6ae0), pushed by member 0x00441750 WolLoginDialog_Ctor at 0x00441752"
znetwork,0x004caabd,EH_Handler_WolLoginDialog_Ctor,"EH handler pushed by member 0x00441750 WolLoginDialog_Ctor (PUSH 0x004caabd at 0x00441752)"
znetwork,0x004caad0,EH_Unwind_ComboDialog_Dtor_0,"EH funclet: unwind action of handler 0x004cab55 (FuncInfo 0x004d6b48), pushed by member 0x004418b0 ComboDialog_Dtor at 0x004418b2"
znetwork,0x004caad8,EH_Unwind_ComboDialog_Dtor_1,"EH funclet: unwind action of handler 0x004cab55 (FuncInfo 0x004d6b48), pushed by member 0x004418b0 ComboDialog_Dtor at 0x004418b2"
znetwork,0x004caae3,EH_Unwind_ComboDialog_Dtor_2,"EH funclet: unwind action of handler 0x004cab55 (FuncInfo 0x004d6b48), pushed by member 0x004418b0 ComboDialog_Dtor at 0x004418b2"
znetwork,0x004caaf1,EH_Unwind_ComboDialog_Dtor_3,"EH funclet: unwind action of handler 0x004cab55 (FuncInfo 0x004d6b48), pushed by member 0x004418b0 ComboDialog_Dtor at 0x004418b2"
znetwork,0x004caaff,EH_Unwind_ComboDialog_Dtor_4,"EH funclet: unwind action of handler 0x004cab55 (FuncInfo 0x004d6b48), pushed by member 0x004418b0 ComboDialog_Dtor at 0x004418b2"
znetwork,0x004cab0d,EH_Unwind_ComboDialog_Dtor_5,"EH funclet: unwind action of handler 0x004cab55 (FuncInfo 0x004d6b48), pushed by member 0x004418b0 ComboDialog_Dtor at 0x004418b2"
znetwork,0x004cab25,EH_Unwind_ComboDialog_Dtor_6,"EH funclet: unwind action of handler 0x004cab55 (FuncInfo 0x004d6b48), pushed by member 0x004418b0 ComboDialog_Dtor at 0x004418b2"
znetwork,0x004cab3d,EH_Unwind_ComboDialog_Dtor_7,"EH funclet: unwind action of handler 0x004cab55 (FuncInfo 0x004d6b48), pushed by member 0x004418b0 ComboDialog_Dtor at 0x004418b2"
znetwork,0x004cab55,EH_Handler_ComboDialog_Dtor,"EH handler pushed by member 0x004418b0 ComboDialog_Dtor (PUSH 0x004cab55 at 0x004418b2)"
app,0x004cab60,EH_Unwind_ComboDialog_RunModal_0,"EH funclet: unwind action of handler 0x004cac3f (FuncInfo 0x004d6ba8), pushed by member 0x00441cb0 ComboDialog_RunModal at 0x00441cb2"
app,0x004cab6b,EH_Unwind_ComboDialog_RunModal_1,"EH funclet: unwind action of handler 0x004cac3f (FuncInfo 0x004d6ba8), pushed by member 0x00441cb0 ComboDialog_RunModal at 0x00441cb2"
app,0x004cab76,EH_Unwind_ComboDialog_RunModal_2,"EH funclet: unwind action of handler 0x004cac3f (FuncInfo 0x004d6ba8), pushed by member 0x00441cb0 ComboDialog_RunModal at 0x00441cb2"
app,0x004cab81,EH_Unwind_ComboDialog_RunModal_3,"EH funclet: unwind action of handler 0x004cac3f (FuncInfo 0x004d6ba8), pushed by member 0x00441cb0 ComboDialog_RunModal at 0x00441cb2"
app,0x004cab8c,EH_Unwind_ComboDialog_RunModal_4,"EH funclet: unwind action of handler 0x004cac3f (FuncInfo 0x004d6ba8), pushed by member 0x00441cb0 ComboDialog_RunModal at 0x00441cb2"
app,0x004cab94,EH_Unwind_ComboDialog_RunModal_5,"EH funclet: unwind action of handler 0x004cac3f (FuncInfo 0x004d6ba8), pushed by member 0x00441cb0 ComboDialog_RunModal at 0x00441cb2"
app,0x004cab9c,EH_Unwind_ComboDialog_RunModal_6,"EH funclet: unwind action of handler 0x004cac3f (FuncInfo 0x004d6ba8), pushed by member 0x00441cb0 ComboDialog_RunModal at 0x00441cb2"
app,0x004cabaf,EH_Unwind_ComboDialog_RunModal_7,"EH funclet: unwind action of handler 0x004cac3f (FuncInfo 0x004d6ba8), pushed by member 0x00441cb0 ComboDialog_RunModal at 0x00441cb2"
app,0x004cabc2,EH_Unwind_ComboDialog_RunModal_8,"EH funclet: unwind action of handler 0x004cac3f (FuncInfo 0x004d6ba8), pushed by member 0x00441cb0 ComboDialog_RunModal at 0x00441cb2"
app,0x004cabd5,EH_Unwind_ComboDialog_RunModal_9,"EH funclet: unwind action of handler 0x004cac3f (FuncInfo 0x004d6ba8), pushed by member 0x00441cb0 ComboDialog_RunModal at 0x00441cb2"
app,0x004cabe0,EH_Unwind_ComboDialog_RunModal_10,"EH funclet: unwind action of handler 0x004cac3f (FuncInfo 0x004d6ba8), pushed by member 0x00441cb0 ComboDialog_RunModal at 0x00441cb2"
app,0x004cabeb,EH_Unwind_ComboDialog_RunModal_11,"EH funclet: unwind action of handler 0x004cac3f (FuncInfo 0x004d6ba8), pushed by member 0x00441cb0 ComboDialog_RunModal at 0x00441cb2"
app,0x004cabf6,EH_Unwind_ComboDialog_RunModal_12,"EH funclet: unwind action of handler 0x004cac3f (FuncInfo 0x004d6ba8), pushed by member 0x00441cb0 ComboDialog_RunModal at 0x00441cb2"
app,0x004cabfe,EH_Unwind_ComboDialog_RunModal_13,"EH funclet: unwind action of handler 0x004cac3f (FuncInfo 0x004d6ba8), pushed by member 0x00441cb0 ComboDialog_RunModal at 0x00441cb2"
app,0x004cac06,EH_Unwind_ComboDialog_RunModal_14,"EH funclet: unwind action of handler 0x004cac3f (FuncInfo 0x004d6ba8), pushed by member 0x00441cb0 ComboDialog_RunModal at 0x00441cb2"
app,0x004cac19,EH_Unwind_ComboDialog_RunModal_15,"EH funclet: unwind action of handler 0x004cac3f (FuncInfo 0x004d6ba8), pushed by member 0x00441cb0 ComboDialog_RunModal at 0x00441cb2"
app,0x004cac2c,EH_Unwind_ComboDialog_RunModal_16,"EH funclet: unwind action of handler 0x004cac3f (FuncInfo 0x004d6ba8), pushed by member 0x00441cb0 ComboDialog_RunModal at 0x00441cb2"
app,0x004cac3f,EH_Handler_ComboDialog_RunModal,"EH handler pushed by member 0x00441cb0 ComboDialog_RunModal (PUSH 0x004cac3f at 0x00441cb2)"
app,0x004cac50,EH_Unwind_RecoilApp_SetString4b8_0,"EH funclet: unwind action of handler 0x004cac58 (FuncInfo 0x004d6c50), pushed by member 0x00442180 RecoilApp_SetString4b8 at 0x00442188"
app,0x004cac58,EH_Handler_RecoilApp_SetString4b8,"EH handler pushed by member 0x00442180 RecoilApp_SetString4b8 (PUSH 0x004cac58 at 0x00442188)"
app,0x004cac70,EH_Unwind_RecoilApp_SetString4bc_0,"EH funclet: unwind action of handler 0x004cac78 (FuncInfo 0x004d6c78), pushed by member 0x004421d0 RecoilApp_SetString4bc at 0x004421d8"
app,0x004cac78,EH_Handler_RecoilApp_SetString4bc,"EH handler pushed by member 0x004421d0 RecoilApp_SetString4bc (PUSH 0x004cac78 at 0x004421d8)"
app,0x004cacb0,EH_Unwind_RefCounted_Dtor_0,"EH funclet: unwind action of handler 0x004cacb8 (FuncInfo 0x004d6d10), pushed by member 0x004427f0 RefCounted_Dtor at 0x004427f2"
app,0x004cacb8,EH_Handler_RefCounted_Dtor,"EH handler pushed by member 0x004427f0 RefCounted_Dtor (PUSH 0x004cacb8 at 0x004427f2)"
app,0x004cace0,EH_Unwind_GameFrame_New_0,"EH funclet: unwind action of handler 0x004cacea (FuncInfo 0x004d6db0), pushed by member 0x00443730 GameFrame_New at 0x00443732"
app,0x004cacea,EH_Handler_GameFrame_New,"EH handler pushed by member 0x00443730 GameFrame_New (PUSH 0x004cacea at 0x00443732)"
app,0x004cad00,EH_Unwind_GameFrame_Dtor_0,"EH funclet: unwind action of handler 0x004cad10 (FuncInfo 0x004d6dd8), pushed by member 0x00443830 GameFrame_Dtor at 0x00443832"
app,0x004cad08,EH_Unwind_GameFrame_Dtor_1,"EH funclet: unwind action of handler 0x004cad10 (FuncInfo 0x004d6dd8), pushed by member 0x00443830 GameFrame_Dtor at 0x00443832"
app,0x004cad10,EH_Handler_GameFrame_Dtor,"EH handler pushed by member 0x00443830 GameFrame_Dtor (PUSH 0x004cad10 at 0x00443832)"
app,0x004cad20,EH_Unwind_GameFrame_OnPaint_0,"EH funclet: unwind action of handler 0x004cad28 (FuncInfo 0x004d6e08), pushed by member 0x00443900 GameFrame_OnPaint at 0x00443902"
app,0x004cad28,EH_Handler_GameFrame_OnPaint,"EH handler pushed by member 0x00443900 GameFrame_OnPaint (PUSH 0x004cad28 at 0x00443902)"
app,0x004cad40,EH_Unwind_GdiObjA_Dtor_0,"EH funclet: unwind action of handler 0x004cad48 (FuncInfo 0x004d6e30), pushed by member 0x00443b90 GdiObjA_Dtor at 0x00443b92"
app,0x004cad48,EH_Handler_GdiObjA_Dtor,"EH handler pushed by member 0x00443b90 GdiObjA_Dtor (PUSH 0x004cad48 at 0x00443b92)"
app,0x004cad60,EH_Unwind_GdiObjB_Dtor_0,"EH funclet: unwind action of handler 0x004cad68 (FuncInfo 0x004d6e58), pushed by member 0x00443c00 GdiObjB_Dtor at 0x00443c02"
app,0x004cad68,EH_Handler_GdiObjB_Dtor,"EH handler pushed by member 0x00443c00 GdiObjB_Dtor (PUSH 0x004cad68 at 0x00443c02)"
declient,0x004cad80,EH_Unwind_DEClient_Tree_Construct_0,"EH funclet: unwind action of handler 0x004cad89 (FuncInfo 0x004d6e80), pushed by member 0x00457cc0 DEClient_Tree_Construct at 0x00457cc8"
declient,0x004cad89,EH_Handler_DEClient_Tree_Construct,"EH handler pushed by member 0x00457cc0 DEClient_Tree_Construct (PUSH 0x004cad89 at 0x00457cc8)"
declient,0x004cada0,EH_Unwind_DEClient_Tree_EraseRange_0,"EH funclet: unwind action of handler 0x004cadb2 (FuncInfo 0x004d6ea8), pushed by member 0x00457e80 DEClient_Tree_EraseRange at 0x00457e82"
declient,0x004cada9,EH_Unwind_DEClient_Tree_EraseRange_1,"EH funclet: unwind action of handler 0x004cadb2 (FuncInfo 0x004d6ea8), pushed by member 0x00457e80 DEClient_Tree_EraseRange at 0x00457e82"
declient,0x004cadb2,EH_Handler_DEClient_Tree_EraseRange,"EH handler pushed by member 0x00457e80 DEClient_Tree_EraseRange (PUSH 0x004cadb2 at 0x00457e82)"
declient,0x004cadc0,EH_Unwind_DEClient_Tree_EraseNode_0,"EH funclet: unwind action of handler 0x004cadc9 (FuncInfo 0x004d6ed8), pushed by member 0x00457fe0 DEClient_Tree_EraseNode at 0x00457fe2"
declient,0x004cadc9,EH_Handler_DEClient_Tree_EraseNode,"EH handler pushed by member 0x00457fe0 DEClient_Tree_EraseNode (PUSH 0x004cadc9 at 0x00457fe2)"
declient,0x004cade0,EH_Unwind_DEClient_Tree_EraseSubtree_0,"EH funclet: unwind action of handler 0x004cade9 (FuncInfo 0x004d6f00), pushed by member 0x00458510 DEClient_Tree_EraseSubtree at 0x00458512"
declient,0x004cade9,EH_Handler_DEClient_Tree_EraseSubtree,"EH handler pushed by member 0x00458510 DEClient_Tree_EraseSubtree (PUSH 0x004cade9 at 0x00458512)"
declient,0x004cae00,EH_Unwind_DEClient_Tree_InsertNode_0,"EH funclet: unwind action of handler 0x004cae09 (FuncInfo 0x004d6f28), pushed by member 0x004585a0 DEClient_Tree_InsertNode at 0x004585a2"
declient,0x004cae09,EH_Handler_DEClient_Tree_InsertNode,"EH handler pushed by member 0x004585a0 DEClient_Tree_InsertNode (PUSH 0x004cae09 at 0x004585a2)"
declient,0x004cae20,EH_Unwind_DEClient_TreeIterator_Increment_0,"EH funclet: unwind action of handler 0x004cae29 (FuncInfo 0x004d6f50), pushed by member 0x004588c0 DEClient_TreeIterator_Increment at 0x004588c2"
declient,0x004cae29,EH_Handler_DEClient_TreeIterator_Increment,"EH handler pushed by member 0x004588c0 DEClient_TreeIterator_Increment (PUSH 0x004cae29 at 0x004588c2)"
declient,0x004cae40,EH_Unwind_DEClient_TreeIterator_Decrement_0,"EH funclet: unwind action of handler 0x004cae49 (FuncInfo 0x004d6f78), pushed by member 0x00458970 DEClient_TreeIterator_Decrement at 0x00458972"
declient,0x004cae49,EH_Handler_DEClient_TreeIterator_Decrement,"EH handler pushed by member 0x00458970 DEClient_TreeIterator_Decrement (PUSH 0x004cae49 at 0x00458972)"
avi,0x004cae60,EH_Unwind_Seq_Load_0,"EH funclet: unwind action of handler 0x004caeec (FuncInfo 0x004d6fa0), pushed by member 0x004626b0 Seq_Load at 0x004626b2"
avi,0x004cae6b,EH_Unwind_Seq_Load_1,"EH funclet: unwind action of handler 0x004caeec (FuncInfo 0x004d6fa0), pushed by member 0x004626b0 Seq_Load at 0x004626b2"
avi,0x004cae76,EH_Unwind_Seq_Load_2,"EH funclet: unwind action of handler 0x004caeec (FuncInfo 0x004d6fa0), pushed by member 0x004626b0 Seq_Load at 0x004626b2"
avi,0x004cae81,EH_Unwind_Seq_Load_3,"EH funclet: unwind action of handler 0x004caeec (FuncInfo 0x004d6fa0), pushed by member 0x004626b0 Seq_Load at 0x004626b2"
avi,0x004cae8c,EH_Unwind_Seq_Load_4,"EH funclet: unwind action of handler 0x004caeec (FuncInfo 0x004d6fa0), pushed by member 0x004626b0 Seq_Load at 0x004626b2"
avi,0x004cae97,EH_Unwind_Seq_Load_5,"EH funclet: unwind action of handler 0x004caeec (FuncInfo 0x004d6fa0), pushed by member 0x004626b0 Seq_Load at 0x004626b2"
avi,0x004caea2,EH_Unwind_Seq_Load_6,"EH funclet: unwind action of handler 0x004caeec (FuncInfo 0x004d6fa0), pushed by member 0x004626b0 Seq_Load at 0x004626b2"
avi,0x004caead,EH_Unwind_Seq_Load_7,"EH funclet: unwind action of handler 0x004caeec (FuncInfo 0x004d6fa0), pushed by member 0x004626b0 Seq_Load at 0x004626b2"
avi,0x004caeb8,EH_Unwind_Seq_Load_8,"EH funclet: unwind action of handler 0x004caeec (FuncInfo 0x004d6fa0), pushed by member 0x004626b0 Seq_Load at 0x004626b2"
avi,0x004caec3,EH_Unwind_Seq_Load_9,"EH funclet: unwind action of handler 0x004caeec (FuncInfo 0x004d6fa0), pushed by member 0x004626b0 Seq_Load at 0x004626b2"
avi,0x004caece,EH_Unwind_Seq_Load_10,"EH funclet: unwind action of handler 0x004caeec (FuncInfo 0x004d6fa0), pushed by member 0x004626b0 Seq_Load at 0x004626b2"
avi,0x004caed9,EH_Unwind_Seq_Load_11,"EH funclet: unwind action of handler 0x004caeec (FuncInfo 0x004d6fa0), pushed by member 0x004626b0 Seq_Load at 0x004626b2"
avi,0x004caee4,EH_Unwind_Seq_Load_12,"EH funclet: unwind action of handler 0x004caeec (FuncInfo 0x004d6fa0), pushed by member 0x004626b0 Seq_Load at 0x004626b2"
avi,0x004caeec,EH_Handler_Seq_Load,"EH handler pushed by member 0x004626b0 Seq_Load (PUSH 0x004caeec at 0x004626b2)"
avi,0x004caf00,EH_Unwind_SeqImage_Ctor_0,"EH funclet: unwind action of handler 0x004caf08 (FuncInfo 0x004d7028), pushed by member 0x00463130 SeqImage_Ctor at 0x00463132"
avi,0x004caf08,EH_Handler_SeqImage_Ctor,"EH handler pushed by member 0x00463130 SeqImage_Ctor (PUSH 0x004caf08 at 0x00463132)"
avi,0x004caf20,EH_Unwind_SeqImage_CtorCentered_0,"EH funclet: unwind action of handler 0x004caf28 (FuncInfo 0x004d7050), pushed by member 0x004631f0 SeqImage_CtorCentered at 0x004631f2"
avi,0x004caf28,EH_Handler_SeqImage_CtorCentered,"EH handler pushed by member 0x004631f0 SeqImage_CtorCentered (PUSH 0x004caf28 at 0x004631f2)"
avi,0x004caf40,EH_Unwind_SeqItemA_Dtor_0,"EH funclet: unwind action of handler 0x004caf48 (FuncInfo 0x004d7078), pushed by member 0x004632a0 SeqItemA_Dtor at 0x004632a2"
avi,0x004caf48,EH_Handler_SeqItemA_Dtor,"EH handler pushed by member 0x004632a0 SeqItemA_Dtor (PUSH 0x004caf48 at 0x004632a2)"
avi,0x004caf60,EH_Unwind_SeqAvi_Ctor_0,"EH funclet: unwind action of handler 0x004caf68 (FuncInfo 0x004d70a0), pushed by member 0x00463570 SeqAvi_Ctor at 0x00463572"
avi,0x004caf68,EH_Handler_SeqAvi_Ctor,"EH handler pushed by member 0x00463570 SeqAvi_Ctor (PUSH 0x004caf68 at 0x00463572)"
avi,0x004caf80,EH_Unwind_SeqItemB_Dtor_0,"EH funclet: unwind action of handler 0x004caf88 (FuncInfo 0x004d70c8), pushed by member 0x00463670 SeqItemB_Dtor at 0x00463672"
avi,0x004caf88,EH_Handler_SeqItemB_Dtor,"EH handler pushed by member 0x00463670 SeqItemB_Dtor (PUSH 0x004caf88 at 0x00463672)"
avi,0x004cafa0,EH_Unwind_SeqAvi_Begin_0,"EH funclet: unwind action of handler 0x004cafab (FuncInfo 0x004d70f0), pushed by member 0x00463790 SeqAvi_Begin at 0x00463792"
avi,0x004cafab,EH_Handler_SeqAvi_Begin,"EH handler pushed by member 0x00463790 SeqAvi_Begin (PUSH 0x004cafab at 0x00463792)"
avi,0x004cafc0,EH_Unwind_SeqMci_Ctor_0,"EH funclet: unwind action of handler 0x004cafd3 (FuncInfo 0x004d7118), pushed by member 0x00463b00 SeqMci_Ctor at 0x00463b02"
avi,0x004cafc8,EH_Unwind_SeqMci_Ctor_1,"EH funclet: unwind action of handler 0x004cafd3 (FuncInfo 0x004d7118), pushed by member 0x00463b00 SeqMci_Ctor at 0x00463b02"
avi,0x004cafd3,EH_Handler_SeqMci_Ctor,"EH handler pushed by member 0x00463b00 SeqMci_Ctor (PUSH 0x004cafd3 at 0x00463b02)"
avi,0x004cafe0,EH_Unwind_SeqItemC_Dtor_0,"EH funclet: unwind action of handler 0x004cafe8 (FuncInfo 0x004d7148), pushed by member 0x00463c10 SeqItemC_Dtor at 0x00463c12"
avi,0x004cafe8,EH_Handler_SeqItemC_Dtor,"EH handler pushed by member 0x00463c10 SeqItemC_Dtor (PUSH 0x004cafe8 at 0x00463c12)"
input,0x004cb000,EH_Unwind_Input_CreateBindings_0,"EH funclet: unwind action of handler 0x004cb00b (FuncInfo 0x004d7170), pushed by member 0x004710a0 Input_CreateBindings at 0x004710a2"
input,0x004cb00b,EH_Handler_Input_CreateBindings,"EH handler pushed by member 0x004710a0 Input_CreateBindings (PUSH 0x004cb00b at 0x004710a2)"
menus,0x004cb020,EH_Unwind_InputContext_Push_0,"EH funclet: unwind action of handler 0x004cb02b (FuncInfo 0x004d7198), pushed by member 0x00471860 InputContext_Push at 0x00471862"
menus,0x004cb02b,EH_Handler_InputContext_Push,"EH handler pushed by member 0x00471860 InputContext_Push (PUSH 0x004cb02b at 0x00471862)"
net,0x004cb040,EH_Unwind_DPlay_InitSession_0,"EH funclet: unwind action of handler 0x004cb04b (FuncInfo 0x004d71c0), pushed by member 0x00489d00 DPlay_InitSession at 0x00489d02"
net,0x004cb04b,EH_Handler_DPlay_InitSession,"EH handler pushed by member 0x00489d00 DPlay_InitSession (PUSH 0x004cb04b at 0x00489d02)"
znetwork,0x004cb060,EH_Unwind_DPlay_CreateLocalPlayerAndJoin_0,"EH funclet: unwind action of handler 0x004cb06b (FuncInfo 0x004d71e8), pushed by member 0x0048a9c0 DPlay_CreateLocalPlayerAndJoin at 0x0048a9c2"
znetwork,0x004cb06b,EH_Handler_DPlay_CreateLocalPlayerAndJoin,"EH handler pushed by member 0x0048a9c0 DPlay_CreateLocalPlayerAndJoin (PUSH 0x004cb06b at 0x0048a9c2)"
znetwork,0x004cb080,EH_Unwind_DPlay_HandleSystemMessage_0,"EH funclet: unwind action of handler 0x004cb08b (FuncInfo 0x004d7210), pushed by member 0x0048afe0 DPlay_HandleSystemMessage at 0x0048afe2"
znetwork,0x004cb08b,EH_Handler_DPlay_HandleSystemMessage,"EH handler pushed by member 0x0048afe0 DPlay_HandleSystemMessage (PUSH 0x004cb08b at 0x0048afe2)"
znetwork,0x004cb0a0,EH_Unwind_DPlay_OnEnumConnection_0,"EH funclet: unwind action of handler 0x004cb0ab (FuncInfo 0x004d7238), pushed by member 0x0048b3a0 DPlay_OnEnumConnection at 0x0048b3a2"
znetwork,0x004cb0ab,EH_Handler_DPlay_OnEnumConnection,"EH handler pushed by member 0x0048b3a0 DPlay_OnEnumConnection (PUSH 0x004cb0ab at 0x0048b3a2)"
znetwork,0x004cb0c0,EH_Unwind_ZNet_AddNamedEntry_0,"EH funclet: unwind action of handler 0x004cb0cb (FuncInfo 0x004d7260), pushed by member 0x0048b660 ZNet_AddNamedEntry_0048b660 at 0x0048b668"
znetwork,0x004cb0cb,EH_Handler_ZNet_AddNamedEntry,"EH handler pushed by member 0x0048b660 ZNet_AddNamedEntry_0048b660 (PUSH 0x004cb0cb at 0x0048b668)"
znetwork,0x004cb0e0,EH_Unwind_DPlay_ConnectForcedTcpIp_0,"EH funclet: unwind action of handler 0x004cb0e8 (FuncInfo 0x004d7288), pushed by member 0x0048bbe0 DPlay_ConnectForcedTcpIp at 0x0048bbe2"
znetwork,0x004cb0e8,EH_Handler_DPlay_ConnectForcedTcpIp,"EH handler pushed by member 0x0048bbe0 DPlay_ConnectForcedTcpIp (PUSH 0x004cb0e8 at 0x0048bbe2)"
sound,0x004cb120,EH_Unwind_Sound_BuildPlayingVoiceList_0,"EH funclet: unwind action of handler 0x004cb12b (FuncInfo 0x004d72d8), pushed by member 0x0049fff0 Sound_BuildPlayingVoiceList at 0x0049fff2"
sound,0x004cb12b,EH_Handler_Sound_BuildPlayingVoiceList,"EH handler pushed by member 0x0049fff0 Sound_BuildPlayingVoiceList (PUSH 0x004cb12b at 0x0049fff2)"
sound,0x004cb140,EH_Unwind_SoundBank_Load_0,"EH funclet: unwind action of handler 0x004cb153 (FuncInfo 0x004d7300), pushed by member 0x004a0c40 SoundBank_Load at 0x004a0c42"
sound,0x004cb148,EH_Unwind_SoundBank_Load_1,"EH funclet: unwind action of handler 0x004cb153 (FuncInfo 0x004d7300), pushed by member 0x004a0c40 SoundBank_Load at 0x004a0c42"
sound,0x004cb153,EH_Handler_SoundBank_Load,"EH handler pushed by member 0x004a0c40 SoundBank_Load (PUSH 0x004cb153 at 0x004a0c42)"
sound,0x004cb160,EH_Unwind_SoundBank_LoadBuffers_0,"EH funclet: unwind action of handler 0x004cb16b (FuncInfo 0x004d7330), pushed by member 0x004a0fb0 SoundBank_LoadBuffers at 0x004a0fb2"
sound,0x004cb16b,EH_Handler_SoundBank_LoadBuffers,"EH handler pushed by member 0x004a0fb0 SoundBank_LoadBuffers (PUSH 0x004cb16b at 0x004a0fb2)"
sound,0x004cb180,EH_Unwind_SoundConfig_ParseSyntax1_0,"EH funclet: unwind action of handler 0x004cb18b (FuncInfo 0x004d7358), pushed by member 0x004a1510 SoundConfig_ParseSyntax1 at 0x004a1512"
sound,0x004cb18b,EH_Handler_SoundConfig_ParseSyntax1,"EH handler pushed by member 0x004a1510 SoundConfig_ParseSyntax1 (PUSH 0x004cb18b at 0x004a1512)"
sound,0x004cb1a0,EH_Unwind_SoundConfig_ParseSyntax2_0,"EH funclet: unwind action of handler 0x004cb1ab (FuncInfo 0x004d7380), pushed by member 0x004a1870 SoundConfig_ParseSyntax2 at 0x004a1872"
sound,0x004cb1ab,EH_Handler_SoundConfig_ParseSyntax2,"EH handler pushed by member 0x004a1870 SoundConfig_ParseSyntax2 (PUSH 0x004cb1ab at 0x004a1872)"
sound,0x004cb1c0,EH_Unwind_SoundCD_OpenDevice_0,"EH funclet: unwind action of handler 0x004cb1cb (FuncInfo 0x004d73a8), pushed by member 0x004a20d0 SoundCD_OpenDevice at 0x004a20d2"
sound,0x004cb1cb,EH_Handler_SoundCD_OpenDevice,"EH handler pushed by member 0x004a20d0 SoundCD_OpenDevice (PUSH 0x004cb1cb at 0x004a20d2)"
sound,0x004cb1e0,EH_Unwind_SoundStream_CreateDefaultBuffer_0,"EH funclet: unwind action of handler 0x004cb1e8 (FuncInfo 0x004d73d0), pushed by member 0x004a3850 SoundStream_CreateDefaultBuffer at 0x004a3852"
sound,0x004cb1e8,EH_Handler_SoundStream_CreateDefaultBuffer,"EH handler pushed by member 0x004a3850 SoundStream_CreateDefaultBuffer (PUSH 0x004cb1e8 at 0x004a3852)"
ui_widgets,0x004cb200,EH_Unwind_ImageWidget_Dtor_0,"EH funclet: unwind action of handler 0x004cb208 (FuncInfo 0x004d73f8), pushed by member 0x004b3d50 ImageWidget_Dtor at 0x004b3d52"
ui_widgets,0x004cb208,EH_Handler_ImageWidget_Dtor,"EH handler pushed by member 0x004b3d50 ImageWidget_Dtor (PUSH 0x004cb208 at 0x004b3d52)"
ui_widgets,0x004cb220,EH_Unwind_Caret_Ctor_0,"EH funclet: unwind action of handler 0x004cb228 (FuncInfo 0x004d7420), pushed by member 0x004b4620 Caret_Ctor at 0x004b4622"
ui_widgets,0x004cb228,EH_Handler_Caret_Ctor,"EH handler pushed by member 0x004b4620 Caret_Ctor (PUSH 0x004cb228 at 0x004b4622)"
ui_widgets,0x004cb240,EH_Unwind_EditField_Ctor_0,"EH funclet: unwind action of handler 0x004cb264 (FuncInfo 0x004d7448), pushed by member 0x004b49e0 EditField_Ctor at 0x004b49e2"
ui_widgets,0x004cb248,EH_Unwind_EditField_Ctor_1,"EH funclet: unwind action of handler 0x004cb264 (FuncInfo 0x004d7448), pushed by member 0x004b49e0 EditField_Ctor at 0x004b49e2"
ui_widgets,0x004cb256,EH_Unwind_EditField_Ctor_2,"EH funclet: unwind action of handler 0x004cb264 (FuncInfo 0x004d7448), pushed by member 0x004b49e0 EditField_Ctor at 0x004b49e2"
ui_widgets,0x004cb264,EH_Handler_EditField_Ctor,"EH handler pushed by member 0x004b49e0 EditField_Ctor (PUSH 0x004cb264 at 0x004b49e2)"
ui_widgets,0x004cb270,EH_Unwind_EditField_Dtor_0,"EH funclet: unwind action of handler 0x004cb294 (FuncInfo 0x004d7480), pushed by member 0x004b4ac0 EditField_Dtor at 0x004b4ac2"
ui_widgets,0x004cb278,EH_Unwind_EditField_Dtor_1,"EH funclet: unwind action of handler 0x004cb294 (FuncInfo 0x004d7480), pushed by member 0x004b4ac0 EditField_Dtor at 0x004b4ac2"
ui_widgets,0x004cb286,EH_Unwind_EditField_Dtor_2,"EH funclet: unwind action of handler 0x004cb294 (FuncInfo 0x004d7480), pushed by member 0x004b4ac0 EditField_Dtor at 0x004b4ac2"
ui_widgets,0x004cb294,EH_Handler_EditField_Dtor,"EH handler pushed by member 0x004b4ac0 EditField_Dtor (PUSH 0x004cb294 at 0x004b4ac2)"
ui_widgets,0x004cb2a0,EH_Unwind_Button_Ctor_0,"EH funclet: unwind action of handler 0x004cb2e0 (FuncInfo 0x004d74b8), pushed by member 0x004b4ee0 Button_Ctor at 0x004b4ee2"
ui_widgets,0x004cb2a8,EH_Unwind_Button_Ctor_1,"EH funclet: unwind action of handler 0x004cb2e0 (FuncInfo 0x004d74b8), pushed by member 0x004b4ee0 Button_Ctor at 0x004b4ee2"
ui_widgets,0x004cb2b6,EH_Unwind_Button_Ctor_2,"EH funclet: unwind action of handler 0x004cb2e0 (FuncInfo 0x004d74b8), pushed by member 0x004b4ee0 Button_Ctor at 0x004b4ee2"
ui_widgets,0x004cb2c4,EH_Unwind_Button_Ctor_3,"EH funclet: unwind action of handler 0x004cb2e0 (FuncInfo 0x004d74b8), pushed by member 0x004b4ee0 Button_Ctor at 0x004b4ee2"
ui_widgets,0x004cb2d2,EH_Unwind_Button_Ctor_4,"EH funclet: unwind action of handler 0x004cb2e0 (FuncInfo 0x004d74b8), pushed by member 0x004b4ee0 Button_Ctor at 0x004b4ee2"
ui_widgets,0x004cb2e0,EH_Handler_Button_Ctor,"EH handler pushed by member 0x004b4ee0 Button_Ctor (PUSH 0x004cb2e0 at 0x004b4ee2)"
ui_widgets,0x004cb2f0,EH_Unwind_Button_Dtor_0,"EH funclet: unwind action of handler 0x004cb330 (FuncInfo 0x004d7500), pushed by member 0x004b50c0 Button_Dtor at 0x004b50c2"
ui_widgets,0x004cb2f8,EH_Unwind_Button_Dtor_1,"EH funclet: unwind action of handler 0x004cb330 (FuncInfo 0x004d7500), pushed by member 0x004b50c0 Button_Dtor at 0x004b50c2"
ui_widgets,0x004cb306,EH_Unwind_Button_Dtor_2,"EH funclet: unwind action of handler 0x004cb330 (FuncInfo 0x004d7500), pushed by member 0x004b50c0 Button_Dtor at 0x004b50c2"
ui_widgets,0x004cb314,EH_Unwind_Button_Dtor_3,"EH funclet: unwind action of handler 0x004cb330 (FuncInfo 0x004d7500), pushed by member 0x004b50c0 Button_Dtor at 0x004b50c2"
ui_widgets,0x004cb322,EH_Unwind_Button_Dtor_4,"EH funclet: unwind action of handler 0x004cb330 (FuncInfo 0x004d7500), pushed by member 0x004b50c0 Button_Dtor at 0x004b50c2"
ui_widgets,0x004cb330,EH_Handler_Button_Dtor,"EH handler pushed by member 0x004b50c0 Button_Dtor (PUSH 0x004cb330 at 0x004b50c2)"
ui_widgets,0x004cb340,EH_Unwind_Button_LoadFromConfig_0,"EH funclet: unwind action of handler 0x004cb398 (FuncInfo 0x004d7548), pushed by member 0x004b59f0 Button_LoadFromConfig at 0x004b59f8"
ui_widgets,0x004cb34b,EH_Unwind_Button_LoadFromConfig_1,"EH funclet: unwind action of handler 0x004cb398 (FuncInfo 0x004d7548), pushed by member 0x004b59f0 Button_LoadFromConfig at 0x004b59f8"
ui_widgets,0x004cb356,EH_Unwind_Button_LoadFromConfig_2,"EH funclet: unwind action of handler 0x004cb398 (FuncInfo 0x004d7548), pushed by member 0x004b59f0 Button_LoadFromConfig at 0x004b59f8"
ui_widgets,0x004cb361,EH_Unwind_Button_LoadFromConfig_3,"EH funclet: unwind action of handler 0x004cb398 (FuncInfo 0x004d7548), pushed by member 0x004b59f0 Button_LoadFromConfig at 0x004b59f8"
ui_widgets,0x004cb36c,EH_Unwind_Button_LoadFromConfig_4,"EH funclet: unwind action of handler 0x004cb398 (FuncInfo 0x004d7548), pushed by member 0x004b59f0 Button_LoadFromConfig at 0x004b59f8"
ui_widgets,0x004cb377,EH_Unwind_Button_LoadFromConfig_5,"EH funclet: unwind action of handler 0x004cb398 (FuncInfo 0x004d7548), pushed by member 0x004b59f0 Button_LoadFromConfig at 0x004b59f8"
ui_widgets,0x004cb382,EH_Unwind_Button_LoadFromConfig_6,"EH funclet: unwind action of handler 0x004cb398 (FuncInfo 0x004d7548), pushed by member 0x004b59f0 Button_LoadFromConfig at 0x004b59f8"
ui_widgets,0x004cb38d,EH_Unwind_Button_LoadFromConfig_7,"EH funclet: unwind action of handler 0x004cb398 (FuncInfo 0x004d7548), pushed by member 0x004b59f0 Button_LoadFromConfig at 0x004b59f8"
ui_widgets,0x004cb398,EH_Handler_Button_LoadFromConfig,"EH handler pushed by member 0x004b59f0 Button_LoadFromConfig (PUSH 0x004cb398 at 0x004b59f8)"
ui_widgets,0x004cb3b0,EH_Unwind_Toggle_Dtor_0,"EH funclet: unwind action of handler 0x004cb3b8 (FuncInfo 0x004d75a8), pushed by member 0x004b7020 Toggle_Dtor at 0x004b7022"
ui_widgets,0x004cb3b8,EH_Handler_Toggle_Dtor,"EH handler pushed by member 0x004b7020 Toggle_Dtor (PUSH 0x004cb3b8 at 0x004b7022)"
ui_widgets,0x004cb3d0,EH_Unwind_Button_LoadStatesFromConfig_0,"EH funclet: unwind action of handler 0x004cb407 (FuncInfo 0x004d75d0), pushed by member 0x004b7340 Button_LoadStatesFromConfig at 0x004b7348"
ui_widgets,0x004cb3db,EH_Unwind_Button_LoadStatesFromConfig_1,"EH funclet: unwind action of handler 0x004cb407 (FuncInfo 0x004d75d0), pushed by member 0x004b7340 Button_LoadStatesFromConfig at 0x004b7348"
ui_widgets,0x004cb3e6,EH_Unwind_Button_LoadStatesFromConfig_2,"EH funclet: unwind action of handler 0x004cb407 (FuncInfo 0x004d75d0), pushed by member 0x004b7340 Button_LoadStatesFromConfig at 0x004b7348"
ui_widgets,0x004cb3f1,EH_Unwind_Button_LoadStatesFromConfig_3,"EH funclet: unwind action of handler 0x004cb407 (FuncInfo 0x004d75d0), pushed by member 0x004b7340 Button_LoadStatesFromConfig at 0x004b7348"
ui_widgets,0x004cb3fc,EH_Unwind_Button_LoadStatesFromConfig_4,"EH funclet: unwind action of handler 0x004cb407 (FuncInfo 0x004d75d0), pushed by member 0x004b7340 Button_LoadStatesFromConfig at 0x004b7348"
ui_widgets,0x004cb407,EH_Handler_Button_LoadStatesFromConfig,"EH handler pushed by member 0x004b7340 Button_LoadStatesFromConfig (PUSH 0x004cb407 at 0x004b7348)"
ui_widgets,0x004cb420,EH_Unwind_RadioGroup_Dtor_0,"EH funclet: unwind action of handler 0x004cb428 (FuncInfo 0x004d7618), pushed by member 0x004b7de0 RadioGroup_Dtor at 0x004b7de2"
ui_widgets,0x004cb428,EH_Handler_RadioGroup_Dtor,"EH handler pushed by member 0x004b7de0 RadioGroup_Dtor (PUSH 0x004cb428 at 0x004b7de2)"
ui_widgets,0x004cb440,EH_Unwind_Cycler_SetItemImage_0,"EH funclet: unwind action of handler 0x004cb44b (FuncInfo 0x004d7640), pushed by member 0x004b7fd0 Cycler_SetItemImage at 0x004b7fd8"
ui_widgets,0x004cb44b,EH_Handler_Cycler_SetItemImage,"EH handler pushed by member 0x004b7fd0 Cycler_SetItemImage (PUSH 0x004cb44b at 0x004b7fd8)"
ui_widgets,0x004cb460,EH_Unwind_ImageList_SetItemImage_0,"EH funclet: unwind action of handler 0x004cb46b (FuncInfo 0x004d7668), pushed by member 0x004b8200 ImageList_SetItemImage at 0x004b8208"
ui_widgets,0x004cb46b,EH_Handler_ImageList_SetItemImage,"EH handler pushed by member 0x004b8200 ImageList_SetItemImage (PUSH 0x004cb46b at 0x004b8208)"
ui_widgets,0x004cb480,EH_Unwind_ScrollGroup_Dtor_0,"EH funclet: unwind action of handler 0x004cb488 (FuncInfo 0x004d7690), pushed by member 0x004b8b60 ScrollGroup_Dtor at 0x004b8b62"
ui_widgets,0x004cb488,EH_Handler_ScrollGroup_Dtor,"EH handler pushed by member 0x004b8b60 ScrollGroup_Dtor (PUSH 0x004cb488 at 0x004b8b62)"
ui_widgets,0x004cb4a0,EH_Unwind_ScrollGroup_LoadFromConfig_0,"EH funclet: unwind action of handler 0x004cb4ab (FuncInfo 0x004d76b8), pushed by member 0x004b8be0 ScrollGroup_LoadFromConfig at 0x004b8be2"
ui_widgets,0x004cb4ab,EH_Handler_ScrollGroup_LoadFromConfig,"EH handler pushed by member 0x004b8be0 ScrollGroup_LoadFromConfig (PUSH 0x004cb4ab at 0x004b8be2)"
ui_widgets,0x004cb4c0,EH_Unwind_OptionListScreen_Ctor_0,"EH funclet: unwind action of handler 0x004cb4c8 (FuncInfo 0x004d76e0), pushed by member 0x004b8d30 OptionListScreen_Ctor at 0x004b8d32"
ui_widgets,0x004cb4c8,EH_Handler_OptionListScreen_Ctor,"EH handler pushed by member 0x004b8d30 OptionListScreen_Ctor (PUSH 0x004cb4c8 at 0x004b8d32)"
ui_widgets,0x004cb4e0,EH_Unwind_ListScreen_CreateRows_0,"EH funclet: unwind action of handler 0x004cb4eb (FuncInfo 0x004d7708), pushed by member 0x004b90e0 ListScreen_CreateRows at 0x004b90e8"
ui_widgets,0x004cb4eb,EH_Handler_ListScreen_CreateRows,"EH handler pushed by member 0x004b90e0 ListScreen_CreateRows (PUSH 0x004cb4eb at 0x004b90e8)"
ui_widgets,0x004cb500,EH_Unwind_ScreenBase_Ctor_0,"EH funclet: unwind action of handler 0x004cb561 (FuncInfo 0x004d7730), pushed by member 0x004b9540 ScreenBase_Ctor at 0x004b9542"
ui_widgets,0x004cb508,EH_Unwind_ScreenBase_Ctor_1,"EH funclet: unwind action of handler 0x004cb561 (FuncInfo 0x004d7730), pushed by member 0x004b9540 ScreenBase_Ctor at 0x004b9542"
ui_widgets,0x004cb513,EH_Unwind_ScreenBase_Ctor_2,"EH funclet: unwind action of handler 0x004cb561 (FuncInfo 0x004d7730), pushed by member 0x004b9540 ScreenBase_Ctor at 0x004b9542"
ui_widgets,0x004cb52e,EH_Unwind_ScreenBase_Ctor_3,"EH funclet: unwind action of handler 0x004cb561 (FuncInfo 0x004d7730), pushed by member 0x004b9540 ScreenBase_Ctor at 0x004b9542"
ui_widgets,0x004cb549,EH_Unwind_ScreenBase_Ctor_4,"EH funclet: unwind action of handler 0x004cb561 (FuncInfo 0x004d7730), pushed by member 0x004b9540 ScreenBase_Ctor at 0x004b9542"
ui_widgets,0x004cb561,EH_Handler_ScreenBase_Ctor,"EH handler pushed by member 0x004b9540 ScreenBase_Ctor (PUSH 0x004cb561 at 0x004b9542)"
ui_widgets,0x004cb570,EH_Unwind_ScreenBase_Dtor_0,"EH funclet: unwind action of handler 0x004cb5d1 (FuncInfo 0x004d7778), pushed by member 0x004b9760 ScreenBase_Dtor at 0x004b9762"
ui_widgets,0x004cb578,EH_Unwind_ScreenBase_Dtor_1,"EH funclet: unwind action of handler 0x004cb5d1 (FuncInfo 0x004d7778), pushed by member 0x004b9760 ScreenBase_Dtor at 0x004b9762"
ui_widgets,0x004cb583,EH_Unwind_ScreenBase_Dtor_2,"EH funclet: unwind action of handler 0x004cb5d1 (FuncInfo 0x004d7778), pushed by member 0x004b9760 ScreenBase_Dtor at 0x004b9762"
ui_widgets,0x004cb59e,EH_Unwind_ScreenBase_Dtor_3,"EH funclet: unwind action of handler 0x004cb5d1 (FuncInfo 0x004d7778), pushed by member 0x004b9760 ScreenBase_Dtor at 0x004b9762"
ui_widgets,0x004cb5b9,EH_Unwind_ScreenBase_Dtor_4,"EH funclet: unwind action of handler 0x004cb5d1 (FuncInfo 0x004d7778), pushed by member 0x004b9760 ScreenBase_Dtor at 0x004b9762"
ui_widgets,0x004cb5d1,EH_Handler_ScreenBase_Dtor,"EH handler pushed by member 0x004b9760 ScreenBase_Dtor (PUSH 0x004cb5d1 at 0x004b9762)"
ui_widgets,0x004cb5e0,EH_Unwind_ListLabel_Ctor_0,"EH funclet: unwind action of handler 0x004cb5e8 (FuncInfo 0x004d77c0), pushed by member 0x004ba740 ListLabel_Ctor at 0x004ba742"
ui_widgets,0x004cb5e8,EH_Handler_ListLabel_Ctor,"EH handler pushed by member 0x004ba740 ListLabel_Ctor (PUSH 0x004cb5e8 at 0x004ba742)"
ui_widgets,0x004cb600,EH_Unwind_ListLabel_CopyCtor_0,"EH funclet: unwind action of handler 0x004cb608 (FuncInfo 0x004d77e8), pushed by member 0x004ba850 ListLabel_CopyCtor at 0x004ba852"
ui_widgets,0x004cb608,EH_Handler_ListLabel_CopyCtor,"EH handler pushed by member 0x004ba850 ListLabel_CopyCtor (PUSH 0x004cb608 at 0x004ba852)"
ui_widgets,0x004cb620,EH_Unwind_ListLabel_Dtor_0,"EH funclet: unwind action of handler 0x004cb628 (FuncInfo 0x004d7810), pushed by member 0x004bab40 ListLabel_Dtor at 0x004bab42"
ui_widgets,0x004cb628,EH_Handler_ListLabel_Dtor,"EH handler pushed by member 0x004bab40 ListLabel_Dtor (PUSH 0x004cb628 at 0x004bab42)"
ui_widgets,0x004cb640,EH_Unwind_ListWidget_Ctor_0,"EH funclet: unwind action of handler 0x004cb667 (FuncInfo 0x004d7838), pushed by member 0x004bb790 ListWidget_Ctor at 0x004bb792"
ui_widgets,0x004cb64b,EH_Unwind_ListWidget_Ctor_1,"EH funclet: unwind action of handler 0x004cb667 (FuncInfo 0x004d7838), pushed by member 0x004bb790 ListWidget_Ctor at 0x004bb792"
ui_widgets,0x004cb65c,EH_Unwind_ListWidget_Ctor_2,"EH funclet: unwind action of handler 0x004cb667 (FuncInfo 0x004d7838), pushed by member 0x004bb790 ListWidget_Ctor at 0x004bb792"
ui_widgets,0x004cb667,EH_Handler_ListWidget_Ctor,"EH handler pushed by member 0x004bb790 ListWidget_Ctor (PUSH 0x004cb667 at 0x004bb792)"
ui_widgets,0x004cb680,EH_Unwind_ListWidget_SetItemCount_0,"EH funclet: unwind action of handler 0x004cb68b (FuncInfo 0x004d7870), pushed by member 0x004bbca0 ListWidget_SetItemCount at 0x004bbca2"
ui_widgets,0x004cb68b,EH_Handler_ListWidget_SetItemCount,"EH handler pushed by member 0x004bbca0 ListWidget_SetItemCount (PUSH 0x004cb68b at 0x004bbca2)"
ui_widgets,0x004cb6a0,EH_Unwind_TextWidget_Ctor_0,"EH funclet: unwind action of handler 0x004cb6a8 (FuncInfo 0x004d7898), pushed by member 0x004bcb50 TextWidget_Ctor at 0x004bcb52"
ui_widgets,0x004cb6a8,EH_Handler_TextWidget_Ctor,"EH handler pushed by member 0x004bcb50 TextWidget_Ctor (PUSH 0x004cb6a8 at 0x004bcb52)"
ui_widgets,0x004cb6c0,EH_Unwind_TextWidget_CopyCtor_0,"EH funclet: unwind action of handler 0x004cb6c8 (FuncInfo 0x004d78c0), pushed by member 0x004bcbe0 TextWidget_CopyCtor at 0x004bcbe2"
ui_widgets,0x004cb6c8,EH_Handler_TextWidget_CopyCtor,"EH handler pushed by member 0x004bcbe0 TextWidget_CopyCtor (PUSH 0x004cb6c8 at 0x004bcbe2)"
ui_widgets,0x004cb6e0,EH_Unwind_TextField_Ctor_0,"EH funclet: unwind action of handler 0x004cb6e8 (FuncInfo 0x004d78e8), pushed by member 0x004bcf20 TextField_Ctor at 0x004bcf22"
ui_widgets,0x004cb6e8,EH_Handler_TextField_Ctor,"EH handler pushed by member 0x004bcf20 TextField_Ctor (PUSH 0x004cb6e8 at 0x004bcf22)"
ui_widgets,0x004cb700,EH_Unwind_ChatInputPanel_Ctor_0,"EH funclet: unwind action of handler 0x004cb721 (FuncInfo 0x004d7910), pushed by member 0x004bd020 ChatInputPanel_Ctor at 0x004bd022"
ui_widgets,0x004cb708,EH_Unwind_ChatInputPanel_Ctor_1,"EH funclet: unwind action of handler 0x004cb721 (FuncInfo 0x004d7910), pushed by member 0x004bd020 ChatInputPanel_Ctor at 0x004bd022"
ui_widgets,0x004cb721,EH_Handler_ChatInputPanel_Ctor,"EH handler pushed by member 0x004bd020 ChatInputPanel_Ctor (PUSH 0x004cb721 at 0x004bd022)"
ui_widgets,0x004cb730,EH_Unwind_MessageLinesPanel_Ctor_0,"EH funclet: unwind action of handler 0x004cb751 (FuncInfo 0x004d7940), pushed by member 0x004bd2d0 MessageLinesPanel_Ctor at 0x004bd2d2"
ui_widgets,0x004cb738,EH_Unwind_MessageLinesPanel_Ctor_1,"EH funclet: unwind action of handler 0x004cb751 (FuncInfo 0x004d7940), pushed by member 0x004bd2d0 MessageLinesPanel_Ctor at 0x004bd2d2"
ui_widgets,0x004cb751,EH_Handler_MessageLinesPanel_Ctor,"EH handler pushed by member 0x004bd2d0 MessageLinesPanel_Ctor (PUSH 0x004cb751 at 0x004bd2d2)"
ui_widgets,0x004cb760,EH_Unwind_SnowFX_Construct_0,"EH funclet: unwind action of handler 0x004cb768 (FuncInfo 0x004d7970), pushed by member 0x004bdc70 SnowFX_Construct at 0x004bdc72"
ui_widgets,0x004cb768,EH_Handler_SnowFX_Construct,"EH handler pushed by member 0x004bdc70 SnowFX_Construct (PUSH 0x004cb768 at 0x004bdc72)"
ui_widgets,0x004cb780,EH_Unwind_Overlay_Dtor_Base_0,"EH funclet: unwind action of handler 0x004cb788 (FuncInfo 0x004d7998), pushed by member 0x004bde40 Overlay_Dtor_Base at 0x004bde42"
ui_widgets,0x004cb788,EH_Handler_Overlay_Dtor_Base,"EH handler pushed by member 0x004bde40 Overlay_Dtor_Base (PUSH 0x004cb788 at 0x004bde42)"
ui_widgets,0x004cb7a0,EH_Unwind_StaticObj_Dtor_5Widgets_0,"EH funclet: unwind action of handler 0x004cb7b3 (FuncInfo 0x004d79c0), pushed by member 0x004bee80 StaticObj_Dtor_5Widgets_004bee80 at 0x004bee88"
ui_widgets,0x004cb7a8,EH_Unwind_StaticObj_Dtor_5Widgets_1,"EH funclet: unwind action of handler 0x004cb7b3 (FuncInfo 0x004d79c0), pushed by member 0x004bee80 StaticObj_Dtor_5Widgets_004bee80 at 0x004bee88"
ui_widgets,0x004cb7b3,EH_Handler_StaticObj_Dtor_5Widgets,"EH handler pushed by member 0x004bee80 StaticObj_Dtor_5Widgets_004bee80 (PUSH 0x004cb7b3 at 0x004bee88)"
ui_widgets,0x004cb7c0,EH_Unwind_CompositePanel_Ctor_0,"EH funclet: unwind action of handler 0x004cb7e9 (FuncInfo 0x004d79f0), pushed by member 0x004bef90 CompositePanel_Ctor at 0x004bef92"
ui_widgets,0x004cb7c8,EH_Unwind_CompositePanel_Ctor_1,"EH funclet: unwind action of handler 0x004cb7e9 (FuncInfo 0x004d79f0), pushed by member 0x004bef90 CompositePanel_Ctor at 0x004bef92"
ui_widgets,0x004cb7d3,EH_Unwind_CompositePanel_Ctor_2,"EH funclet: unwind action of handler 0x004cb7e9 (FuncInfo 0x004d79f0), pushed by member 0x004bef90 CompositePanel_Ctor at 0x004bef92"
ui_widgets,0x004cb7e9,EH_Handler_CompositePanel_Ctor,"EH handler pushed by member 0x004bef90 CompositePanel_Ctor (PUSH 0x004cb7e9 at 0x004bef92)"
ui_widgets,0x004cb800,EH_Unwind_MessageBoxScreen_Ctor_0,"EH funclet: unwind action of handler 0x004cb84e (FuncInfo 0x004d7a28), pushed by member 0x004bf060 MessageBoxScreen_Ctor at 0x004bf062"
ui_widgets,0x004cb808,EH_Unwind_MessageBoxScreen_Ctor_1,"EH funclet: unwind action of handler 0x004cb84e (FuncInfo 0x004d7a28), pushed by member 0x004bf060 MessageBoxScreen_Ctor at 0x004bf062"
ui_widgets,0x004cb816,EH_Unwind_MessageBoxScreen_Ctor_2,"EH funclet: unwind action of handler 0x004cb84e (FuncInfo 0x004d7a28), pushed by member 0x004bf060 MessageBoxScreen_Ctor at 0x004bf062"
ui_widgets,0x004cb824,EH_Unwind_MessageBoxScreen_Ctor_3,"EH funclet: unwind action of handler 0x004cb84e (FuncInfo 0x004d7a28), pushed by member 0x004bf060 MessageBoxScreen_Ctor at 0x004bf062"
ui_widgets,0x004cb832,EH_Unwind_MessageBoxScreen_Ctor_4,"EH funclet: unwind action of handler 0x004cb84e (FuncInfo 0x004d7a28), pushed by member 0x004bf060 MessageBoxScreen_Ctor at 0x004bf062"
ui_widgets,0x004cb840,EH_Unwind_MessageBoxScreen_Ctor_5,"EH funclet: unwind action of handler 0x004cb84e (FuncInfo 0x004d7a28), pushed by member 0x004bf060 MessageBoxScreen_Ctor at 0x004bf062"
ui_widgets,0x004cb84e,EH_Handler_MessageBoxScreen_Ctor,"EH handler pushed by member 0x004bf060 MessageBoxScreen_Ctor (PUSH 0x004cb84e at 0x004bf062)"
ui_widgets,0x004cb860,EH_Unwind_MessageBoxScreen_Dtor_0,"EH funclet: unwind action of handler 0x004cb8ae (FuncInfo 0x004d7a78), pushed by member 0x004bf560 MessageBoxScreen_Dtor at 0x004bf562"
ui_widgets,0x004cb868,EH_Unwind_MessageBoxScreen_Dtor_1,"EH funclet: unwind action of handler 0x004cb8ae (FuncInfo 0x004d7a78), pushed by member 0x004bf560 MessageBoxScreen_Dtor at 0x004bf562"
ui_widgets,0x004cb876,EH_Unwind_MessageBoxScreen_Dtor_2,"EH funclet: unwind action of handler 0x004cb8ae (FuncInfo 0x004d7a78), pushed by member 0x004bf560 MessageBoxScreen_Dtor at 0x004bf562"
ui_widgets,0x004cb884,EH_Unwind_MessageBoxScreen_Dtor_3,"EH funclet: unwind action of handler 0x004cb8ae (FuncInfo 0x004d7a78), pushed by member 0x004bf560 MessageBoxScreen_Dtor at 0x004bf562"
ui_widgets,0x004cb892,EH_Unwind_MessageBoxScreen_Dtor_4,"EH funclet: unwind action of handler 0x004cb8ae (FuncInfo 0x004d7a78), pushed by member 0x004bf560 MessageBoxScreen_Dtor at 0x004bf562"
ui_widgets,0x004cb8a0,EH_Unwind_MessageBoxScreen_Dtor_5,"EH funclet: unwind action of handler 0x004cb8ae (FuncInfo 0x004d7a78), pushed by member 0x004bf560 MessageBoxScreen_Dtor at 0x004bf562"
ui_widgets,0x004cb8ae,EH_Handler_MessageBoxScreen_Dtor,"EH handler pushed by member 0x004bf560 MessageBoxScreen_Dtor (PUSH 0x004cb8ae at 0x004bf562)"
ui_widgets,0x004cb8c0,EH_Unwind_LineWidget_Ctor_0,"EH funclet: unwind action of handler 0x004cb8c8 (FuncInfo 0x004d7ac8), pushed by member 0x004bf840 LineWidget_Ctor at 0x004bf842"
ui_widgets,0x004cb8c8,EH_Handler_LineWidget_Ctor,"EH handler pushed by member 0x004bf840 LineWidget_Ctor (PUSH 0x004cb8c8 at 0x004bf842)"
ui_widgets,0x004cb8e0,EH_Unwind_AnimImageWidget_Ctor_0,"EH funclet: unwind action of handler 0x004cb8e8 (FuncInfo 0x004d7af0), pushed by member 0x004bf980 AnimImageWidget_Ctor at 0x004bf982"
ui_widgets,0x004cb8e8,EH_Handler_AnimImageWidget_Ctor,"EH handler pushed by member 0x004bf980 AnimImageWidget_Ctor (PUSH 0x004cb8e8 at 0x004bf982)"
ui_widgets,0x004cb900,EH_Unwind_AviWidget_Dtor_0,"EH funclet: unwind action of handler 0x004cb908 (FuncInfo 0x004d7b18), pushed by member 0x004bfcd0 AviWidget_Dtor at 0x004bfcd2"
ui_widgets,0x004cb908,EH_Handler_AviWidget_Dtor,"EH handler pushed by member 0x004bfcd0 AviWidget_Dtor (PUSH 0x004cb908 at 0x004bfcd2)"
ui_widgets,0x004cb920,EH_Unwind_AviWidget_Open_0,"EH funclet: unwind action of handler 0x004cb92b (FuncInfo 0x004d7b40), pushed by member 0x004bfd40 AviWidget_Open at 0x004bfd48"
ui_widgets,0x004cb92b,EH_Handler_AviWidget_Open,"EH handler pushed by member 0x004bfd40 AviWidget_Open (PUSH 0x004cb92b at 0x004bfd48)"
savegame,0x004cb940,EH_Unwind_SaveSystem_Create_0,"EH funclet: unwind action of handler 0x004cb953 (FuncInfo 0x004d7b68), pushed by member 0x004c0100 SaveSystem_Create at 0x004c0102"
savegame,0x004cb94b,EH_Unwind_SaveSystem_Create_1,"EH funclet: unwind action of handler 0x004cb953 (FuncInfo 0x004d7b68), pushed by member 0x004c0100 SaveSystem_Create at 0x004c0102"
savegame,0x004cb953,EH_Handler_SaveSystem_Create,"EH handler pushed by member 0x004c0100 SaveSystem_Create (PUSH 0x004cb953 at 0x004c0102)"
savegame,0x004cb960,EH_Unwind_SaveSystem_Dtor_0,"EH funclet: unwind action of handler 0x004cb968 (FuncInfo 0x004d7b98), pushed by member 0x004c01b0 SaveSystem_Dtor at 0x004c01b8"
savegame,0x004cb968,EH_Handler_SaveSystem_Dtor,"EH handler pushed by member 0x004c01b0 SaveSystem_Dtor (PUSH 0x004cb968 at 0x004c01b8)"
savegame,0x004cb980,EH_Unwind_SaveHandlerList_Sort_0,"EH funclet: unwind action of handler 0x004cb9a1 (FuncInfo 0x004d7bc0), pushed by member 0x004c07d0 SaveHandlerList_Sort at 0x004c07d2"
savegame,0x004cb98b,EH_Unwind_SaveHandlerList_Sort_1,"EH funclet: unwind action of handler 0x004cb9a1 (FuncInfo 0x004d7bc0), pushed by member 0x004c07d0 SaveHandlerList_Sort at 0x004c07d2"
savegame,0x004cb9a1,EH_Handler_SaveHandlerList_Sort,"EH handler pushed by member 0x004c07d0 SaveHandlerList_Sort (PUSH 0x004cb9a1 at 0x004c07d2)"
script,0x004cb9d0,EH_Unwind_Script_Dtor_0,"EH funclet: unwind action of handler 0x004cb9de (FuncInfo 0x004d7c18), pushed by member 0x004c0e50 Script_Dtor at 0x004c0e52"
script,0x004cb9de,EH_Handler_Script_Dtor,"EH handler pushed by member 0x004c0e50 Script_Dtor (PUSH 0x004cb9de at 0x004c0e52)"
znetwork,0x0043f682,EH_Catch_ZoneSink_Create_0,"EH funclet: unwind action of handler 0x004ca923 (FuncInfo 0x004d6950), pushed by member 0x0043f610 ZoneSink_Create at 0x0043f615"
znetwork,0x0043f688,EH_Cont_ZoneSink_Create_0,"EH funclet: unwind action of handler 0x004ca923 (FuncInfo 0x004d6950), pushed by member 0x0043f610 ZoneSink_Create at 0x0043f615"
znetwork,0x004ca910,EH_Unwind_ZoneSink_Create_0,"EH funclet: unwind action of handler 0x004ca923 (FuncInfo 0x004d6950), pushed by member 0x0043f610 ZoneSink_Create at 0x0043f615"
znetwork,0x004ca91b,EH_Unwind_ZoneSink_Create_1,"EH funclet: unwind action of handler 0x004ca923 (FuncInfo 0x004d6950), pushed by member 0x0043f610 ZoneSink_Create at 0x0043f615"
znetwork,0x004ca923,EH_Handler_ZoneSink_Create,"EH handler pushed by member 0x0043f610 ZoneSink_Create (PUSH 0x004ca923 at 0x0043f615)"
app,0x00442632,EH_Catch_RefCounted_Create_0,"EH funclet: unwind action of handler 0x004caca3 (FuncInfo 0x004d6ca0), pushed by member 0x004425c0 RefCounted_Create at 0x004425c5"
app,0x00442638,EH_Cont_RefCounted_Create_0,"EH funclet: unwind action of handler 0x004caca3 (FuncInfo 0x004d6ca0), pushed by member 0x004425c0 RefCounted_Create at 0x004425c5"
app,0x004cac90,EH_Unwind_RefCounted_Create_0,"EH funclet: unwind action of handler 0x004caca3 (FuncInfo 0x004d6ca0), pushed by member 0x004425c0 RefCounted_Create at 0x004425c5"
app,0x004cac9b,EH_Unwind_RefCounted_Create_1,"EH funclet: unwind action of handler 0x004caca3 (FuncInfo 0x004d6ca0), pushed by member 0x004425c0 RefCounted_Create at 0x004425c5"
app,0x004caca3,EH_Handler_RefCounted_Create,"EH handler pushed by member 0x004425c0 RefCounted_Create (PUSH 0x004caca3 at 0x004425c5)"
app,0x0044300b,AppRun_CatchMemoryException,"EH funclet: unwind action of handler 0x004cacd0 (FuncInfo 0x004d6d38), pushed by member 0x00442d00 RecoilApp_Run at 0x00442d05"
app,0x00443032,AppRun_CatchFileException,"EH funclet: unwind action of handler 0x004cacd0 (FuncInfo 0x004d6d38), pushed by member 0x00442d00 RecoilApp_Run at 0x00442d05"
app,0x004430cc,AppRun_CatchGeneralException,"EH funclet: unwind action of handler 0x004cacd0 (FuncInfo 0x004d6d38), pushed by member 0x00442d00 RecoilApp_Run at 0x00442d05"
app,0x004430f3,EH_Cont_RecoilApp_Run_0,"EH funclet: unwind action of handler 0x004cacd0 (FuncInfo 0x004d6d38), pushed by member 0x00442d00 RecoilApp_Run at 0x00442d05"
app,0x004cacd0,EH_Handler_RecoilApp_Run,"EH handler pushed by member 0x00442d00 RecoilApp_Run (PUSH 0x004cacd0 at 0x00442d05)"
menus,0x0041cc20,StaticInit_ZeroList_004f3318,"GAP MEMBER (the boot probe (05_remake/boot: the CRT _initterm table reached an unported static initialiser): referenced by a menus member by call or address-taken; no Ghidra function existed: read via Ghidra create_function + listing, 2026-09-30 opus)"
menus,0x0041cc50,StaticInit_ZeroList_004f32f8,"GAP MEMBER (the boot probe (05_remake/boot: the CRT _initterm table reached an unported static initialiser): referenced by a menus member by call or address-taken; no Ghidra function existed: read via Ghidra create_function + listing, 2026-09-30 opus)"
menus,0x0041cc80,StaticInit_ZeroList_004f3308,"GAP MEMBER (the boot probe (05_remake/boot: the CRT _initterm table reached an unported static initialiser): referenced by a menus member by call or address-taken; no Ghidra function existed: read via Ghidra create_function + listing, 2026-09-30 opus)"
pickup,0x0041eaa0,StaticInit_ZeroList_004f3a68,"GAP MEMBER (the boot probe (05_remake/boot: the CRT _initterm table reached an unported static initialiser): referenced by a pickup member by call or address-taken; no Ghidra function existed: read via Ghidra create_function + listing, 2026-09-30 opus)"
pickup,0x0041ead0,StaticInit_ZeroList_004f3688,"GAP MEMBER (the boot probe (05_remake/boot: the CRT _initterm table reached an unported static initialiser): referenced by a pickup member by call or address-taken; no Ghidra function existed: read via Ghidra create_function + listing, 2026-09-30 opus)"
ui_widgets,0x0041ebe0,StaticInit_ZeroList_004f3340,"GAP MEMBER (the boot probe (05_remake/boot: the CRT _initterm table reached an unported static initialiser): referenced by a ui_widgets member by call or address-taken; no Ghidra function existed: read via Ghidra create_function + listing, 2026-09-30 opus)"
ui_widgets,0x0041ec10,StaticInit_ZeroList_004f3a78,"GAP MEMBER (the boot probe (05_remake/boot: the CRT _initterm table reached an unported static initialiser): referenced by a ui_widgets member by call or address-taken; no Ghidra function existed: read via Ghidra create_function + listing, 2026-09-30 opus)"
player,0x0041ec80,StaticInit_Player_004f33a8,"GAP MEMBER (the boot probe (05_remake/boot: the CRT _initterm table reached an unported static initialiser): referenced by a player member by call or address-taken; no Ghidra function existed: read via Ghidra create_function + listing, 2026-09-30 opus)"
menus,0x00431c00,StaticInit_ZeroList_004f3f78,"GAP MEMBER (the boot probe (05_remake/boot: the CRT _initterm table reached an unported static initialiser): referenced by a menus member by call or address-taken; no Ghidra function existed: read via Ghidra create_function + listing, 2026-09-30 opus)"
menus,0x00431c30,StaticInit_ZeroList_004f3f10,"GAP MEMBER (the boot probe (05_remake/boot: the CRT _initterm table reached an unported static initialiser): referenced by a menus member by call or address-taken; no Ghidra function existed: read via Ghidra create_function + listing, 2026-09-30 opus)"
turret,0x00437ff0,Thunk_00438000_00437ff0,"GAP MEMBER (the boot probe (05_remake/boot: the CRT _initterm table reached an unported static initialiser): referenced by a turret member by call or address-taken; no Ghidra function existed: read via Ghidra create_function + listing, 2026-09-30 opus)"
turret,0x00438000,StaticInit_ZeroList_004f41f0,"GAP MEMBER (the boot probe (05_remake/boot: the CRT _initterm table reached an unported static initialiser): referenced by a turret member by call or address-taken; no Ghidra function existed: read via Ghidra create_function + listing, 2026-09-30 opus)"
weapon,0x0043cf30,StaticInit_Empty_0043cf30,"GAP MEMBER (the boot probe (05_remake/boot: the CRT _initterm table reached an unported static initialiser): referenced by a weapon member by call or address-taken; no Ghidra function existed: read via Ghidra create_function + listing, 2026-09-30 opus)"
app,0x004c8201,AfxInitAppState_Ctor,"GAP MEMBER (the boot probe (05_remake/boot: the CRT _initterm table reached an unported static initialiser): referenced by a app member by call or address-taken; no Ghidra function existed: read via Ghidra create_function + listing, 2026-09-30 opus)"
app,0x004c8214,Thunk_004c8219_004c8214,"GAP MEMBER (the boot probe (05_remake/boot: the CRT _initterm table reached an unported static initialiser): referenced by a app member by call or address-taken; no Ghidra function existed: read via Ghidra create_function + listing, 2026-09-30 opus)"
app,0x004c8219,StaticInit_AfxInitAppState_0056cc28,"GAP MEMBER (the boot probe (05_remake/boot: the CRT _initterm table reached an unported static initialiser): referenced by a app member by call or address-taken; no Ghidra function existed: read via Ghidra create_function + listing, 2026-09-30 opus)"
app,0x00442a10,RecoilApp_TakeFieldD0,"GAP MEMBER (the boot probe (a RecoilApp vtable slot pointed at code with no ledger row): referenced by a app member by call or address-taken; no Ghidra function existed: read via Ghidra create_function + listing, 2026-09-30 opus)"
camera,0x00406960,DataTarget_00406960,"GAP MEMBER (the boot probe (code reached only through data: vtable / message-map / callback words): referenced by a camera member by call or address-taken; no Ghidra function existed: read via Ghidra create_function + listing, 2026-09-30 opus)"
camera,0x004069a0,DataTarget_004069a0,"GAP MEMBER (the boot probe (code reached only through data: vtable / message-map / callback words): referenced by a camera member by call or address-taken; no Ghidra function existed: read via Ghidra create_function + listing, 2026-09-30 opus)"
camera,0x004069e0,DataTarget_004069e0,"GAP MEMBER (the boot probe (code reached only through data: vtable / message-map / callback words): referenced by a camera member by call or address-taken; no Ghidra function existed: read via Ghidra create_function + listing, 2026-09-30 opus)"
hud,0x00414548,DataTarget_00414548,"GAP MEMBER (the boot probe (code reached only through data: vtable / message-map / callback words): referenced by a hud member by call or address-taken; no Ghidra function existed: read via Ghidra create_function + listing, 2026-09-30 opus)"
app,0x0042f8a0,DataTarget_0042f8a0,"GAP MEMBER (the boot probe (code reached only through data: vtable / message-map / callback words): referenced by a app member by call or address-taken; no Ghidra function existed: read via Ghidra create_function + listing, 2026-09-30 opus)"
app,0x004306e0,DataTarget_004306e0,"GAP MEMBER (the boot probe (code reached only through data: vtable / message-map / callback words): referenced by a app member by call or address-taken; no Ghidra function existed: read via Ghidra create_function + listing, 2026-09-30 opus)"
app,0x00430760,DataTarget_00430760,"GAP MEMBER (the boot probe (code reached only through data: vtable / message-map / callback words): referenced by a app member by call or address-taken; no Ghidra function existed: read via Ghidra create_function + listing, 2026-09-30 opus)"
app,0x00430770,DataTarget_00430770,"GAP MEMBER (the boot probe (code reached only through data: vtable / message-map / callback words): referenced by a app member by call or address-taken; no Ghidra function existed: read via Ghidra create_function + listing, 2026-09-30 opus)"
app,0x00430a90,DataTarget_00430a90,"GAP MEMBER (the boot probe (code reached only through data: vtable / message-map / callback words): referenced by a app member by call or address-taken; no Ghidra function existed: read via Ghidra create_function + listing, 2026-09-30 opus)"
app,0x00430ab0,DataTarget_00430ab0,"GAP MEMBER (the boot probe (code reached only through data: vtable / message-map / callback words): referenced by a app member by call or address-taken; no Ghidra function existed: read via Ghidra create_function + listing, 2026-09-30 opus)"
app,0x00430ad0,DataTarget_00430ad0,"GAP MEMBER (the boot probe (code reached only through data: vtable / message-map / callback words): referenced by a app member by call or address-taken; no Ghidra function existed: read via Ghidra create_function + listing, 2026-09-30 opus)"
app,0x00431920,DataTarget_00431920,"GAP MEMBER (the boot probe (code reached only through data: vtable / message-map / callback words): referenced by a app member by call or address-taken; no Ghidra function existed: read via Ghidra create_function + listing, 2026-09-30 opus)"
app,0x00431970,DataTarget_00431970,"GAP MEMBER (the boot probe (code reached only through data: vtable / message-map / callback words): referenced by a app member by call or address-taken; no Ghidra function existed: read via Ghidra create_function + listing, 2026-09-30 opus)"
app,0x00431aa0,DataTarget_00431aa0,"GAP MEMBER (the boot probe (code reached only through data: vtable / message-map / callback words): referenced by a app member by call or address-taken; no Ghidra function existed: read via Ghidra create_function + listing, 2026-09-30 opus)"
app,0x00431ae0,DataTarget_00431ae0,"GAP MEMBER (the boot probe (code reached only through data: vtable / message-map / callback words): referenced by a app member by call or address-taken; no Ghidra function existed: read via Ghidra create_function + listing, 2026-09-30 opus)"
znetwork,0x0043ef10,DataTarget_0043ef10,"GAP MEMBER (the boot probe (code reached only through data: vtable / message-map / callback words): referenced by a znetwork member by call or address-taken; no Ghidra function existed: read via Ghidra create_function + listing, 2026-09-30 opus)"
znetwork,0x0043efc0,DataTarget_0043efc0,"GAP MEMBER (the boot probe (code reached only through data: vtable / message-map / callback words): referenced by a znetwork member by call or address-taken; no Ghidra function existed: read via Ghidra create_function + listing, 2026-09-30 opus)"
znetwork,0x0043efd0,DataTarget_0043efd0,"GAP MEMBER (the boot probe (code reached only through data: vtable / message-map / callback words): referenced by a znetwork member by call or address-taken; no Ghidra function existed: read via Ghidra create_function + listing, 2026-09-30 opus)"
znetwork,0x0043f450,DataTarget_0043f450,"GAP MEMBER (the boot probe (code reached only through data: vtable / message-map / callback words): referenced by a znetwork member by call or address-taken; no Ghidra function existed: read via Ghidra create_function + listing, 2026-09-30 opus)"
app,0x004420e0,DataTarget_004420e0,"GAP MEMBER (the boot probe (code reached only through data: vtable / message-map / callback words): referenced by a app member by call or address-taken; no Ghidra function existed: read via Ghidra create_function + listing, 2026-09-30 opus)"
app,0x00443a20,DataTarget_00443a20,"GAP MEMBER (the boot probe (code reached only through data: vtable / message-map / callback words): referenced by a app member by call or address-taken; no Ghidra function existed: read via Ghidra create_function + listing, 2026-09-30 opus)"
collision,0x00444441,DataTarget_00444441,"GAP MEMBER (the boot probe (code reached only through data: vtable / message-map / callback words): referenced by a collision member by call or address-taken; no Ghidra function existed: read via Ghidra create_function + listing, 2026-09-30 opus)"
collision,0x00444e45,DataTarget_00444e45,"GAP MEMBER (the boot probe (code reached only through data: vtable / message-map / callback words): referenced by a collision member by call or address-taken; no Ghidra function existed: read via Ghidra create_function + listing, 2026-09-30 opus)"
ui_widgets,0x004c5f33,DataTarget_004c5f33,"GAP MEMBER (the boot probe (code reached only through data: vtable / message-map / callback words): referenced by a ui_widgets member by call or address-taken; no Ghidra function existed: read via Ghidra create_function + listing, 2026-09-30 opus)"
ui_widgets,0x004c5fb0,DataTarget_004c5fb0,"GAP MEMBER (the boot probe (code reached only through data: vtable / message-map / callback words): referenced by a ui_widgets member by call or address-taken; no Ghidra function existed: read via Ghidra create_function + listing, 2026-09-30 opus)"
ui_widgets,0x004c5fbd,DataTarget_004c5fbd,"GAP MEMBER (the boot probe (code reached only through data: vtable / message-map / callback words): referenced by a ui_widgets member by call or address-taken; no Ghidra function existed: read via Ghidra create_function + listing, 2026-09-30 opus)"
ui_widgets,0x004c606f,DataTarget_004c606f,"GAP MEMBER (the boot probe (code reached only through data: vtable / message-map / callback words): referenced by a ui_widgets member by call or address-taken; no Ghidra function existed: read via Ghidra create_function + listing, 2026-09-30 opus)"
app,0x004c62a2,DataTarget_004c62a2,"GAP MEMBER (the boot probe (code reached only through data: vtable / message-map / callback words): referenced by a app member by call or address-taken; no Ghidra function existed: read via Ghidra create_function + listing, 2026-09-30 opus)"
app,0x004c62b7,DataTarget_004c62b7,"GAP MEMBER (the boot probe (code reached only through data: vtable / message-map / callback words): referenced by a app member by call or address-taken; no Ghidra function existed: read via Ghidra create_function + listing, 2026-09-30 opus)"
input,0x00471b20,Input_ResumeOnActivate,"GAP MEMBER (the boot probe (callee of MainWnd_OnActivate with no ledger row): referenced by a input member by call or address-taken; no Ghidra function existed: read via Ghidra create_function + listing, 2026-09-30 opus)"
zvideo,0x004a6750,zVideo_CallDispatch_006333d0,"GAP MEMBER (reclassified from THUNK: JMP dword ptr [0x006333d0], a zvideo dispatch-table call; boot probe 2026-09-30 opus)"
zvideo,0x004a6760,zVideo_CallDispatch_006333cc,"GAP MEMBER (reclassified from THUNK: JMP dword ptr [0x006333cc], a zvideo dispatch-table call; boot probe 2026-09-30 opus)"
input,0x00426150,Game_DispatchCommand_00426150,"GAP MEMBER (the boot probe (callees of blocked data targets with no ledger row): referenced by a input member by call or address-taken; no Ghidra function existed: read via Ghidra create_function + listing, 2026-09-30 opus)"
znetwork,0x0043e3a0,GlobalObj_Call_004c5b88_0053855c,"GAP MEMBER (the boot probe (callees of blocked data targets with no ledger row): referenced by a znetwork member by call or address-taken; no Ghidra function existed: read via Ghidra create_function + listing, 2026-09-30 opus)"
app,0x0048ea20,Unnamed_0048ea20,"GAP MEMBER (the boot probe (callees of blocked data targets with no ledger row): referenced by a app member by call or address-taken; no Ghidra function existed: read via Ghidra create_function + listing, 2026-09-30 opus)"
